Age,English,Experience,Projects,Education,Python,Docker,Redis,RabbitMQ,AI,Hired
29,836,2,5,1,69,0,0,0,0,0
25,694,10,11,1,86,1,0,0,1,1
36,827,14,15,1,89,0,1,0,1,1
39,776,14,10,1,66,0,0,1,0,0
45,677,13,13,1,73,0,0,0,0,0
38,703,2,3,1,73,0,0,0,0,0
29,661,3,3,1,73,0,0,1,0,0
26,679,8,10,1,72,0,1,0,0,0
38,593,13,13,0,62,0,0,0,0,0
43,635,2,4,0,61,0,0,1,0,0
35,893,4,4,0,74,0,1,0,0,0
40,758,12,15,1,66,0,0,0,0,0
38,797,14,11,1,74,0,0,1,0,0
32,717,2,4,1,97,0,0,0,0,0
31,887,12,13,1,86,0,0,0,0,1
23,724,3,4,1,86,0,0,0,1,0
31,670,13,14,1,83,0,0,0,1,1
25,678,1,6,1,56,1,0,0,0,0
31,808,3,2,1,84,0,0,0,0,0
36,722,2,4,0,68,0,0,1,0,0
26,666,10,12,1,67,0,0,1,0,0
38,749,4,5,1,73,0,0,0,0,0
24,502,1,4,1,78,1,0,1,0,0
44,598,4,2,1,72,1,0,0,0,0
45,763,2,2,1,80,0,0,0,0,0
38,767,13,11,1,61,1,0,0,0,0
31,724,2,5,1,67,1,1,1,0,0
23,835,1,3,1,66,1,0,1,0,0
24,744,2,2,1,62,1,0,0,0,0
44,629,3,2,1,70,0,0,0,0,0
32,807,4,5,1,85,0,0,0,0,0
34,698,4,3,1,87,0,0,0,1,0
31,503,2,3,0,85,1,0,0,0,0
44,535,3,3,1,55,0,0,0,0,0
39,820,2,3,1,74,0,0,0,0,0
30,577,2,6,1,74,0,0,0,0,0
39,620,12,15,1,100,0,0,0,0,1
25,550,2,2,1,90,0,1,0,1,0
32,849,3,2,1,69,0,0,0,0,0
42,771,11,14,1,85,1,0,0,0,1
36,495,3,4,1,64,0,0,0,0,0
28,742,10,11,1,80,0,1,1,0,0
36,652,13,15,1,80,1,0,0,0,0
29,441,7,12,1,68,0,0,1,0,0
27,687,9,9,0,79,0,0,1,0,0
26,776,3,6,1,74,0,0,0,0,0
39,832,4,4,1,80,0,0,1,0,0
41,580,13,14,1,84,0,0,1,0,0
41,789,4,3,1,78,0,0,0,0,0
27,785,2,3,1,73,0,0,1,0,0
26,724,6,9,1,83,1,0,0,0,0
42,696,12,14,0,80,0,0,0,0,0
29,665,3,2,0,80,1,0,0,0,0
43,875,13,15,1,80,0,0,0,0,0
44,746,3,2,1,60,0,1,0,0,0
30,708,4,2,1,65,0,0,0,0,0
26,754,6,9,0,65,1,0,1,0,0
37,816,13,10,1,77,0,1,0,0,0
35,632,12,11,1,66,0,1,0,0,0
23,805,1,3,1,60,0,0,0,0,0
39,638,11,10,0,84,1,1,0,1,1
23,773,2,3,1,74,1,0,1,0,0
45,579,11,14,0,59,0,0,0,0,0
41,661,11,12,0,54,0,0,1,0,0
28,733,3,6,1,83,0,0,0,0,0
40,672,14,13,1,68,0,0,0,0,0
36,457,13,10,1,72,0,0,0,0,0
42,657,12,11,0,71,0,0,0,0,0
24,677,2,5,1,75,0,1,1,0,0
37,723,4,6,0,66,0,0,0,0,0
25,709,1,2,1,77,0,0,0,0,0
25,710,9,12,1,78,1,1,1,0,0
25,752,10,12,1,75,0,0,0,0,0
25,820,7,11,1,90,0,0,0,0,0
31,574,2,4,1,65,0,0,0,0,0
36,675,3,3,1,79,0,0,1,0,0
32,550,12,14,1,75,0,0,0,0,0
37,589,11,15,1,67,0,1,0,0,0
24,688,4,2,1,72,1,0,1,0,0
27,850,2,2,0,61,1,0,0,0,0
45,738,3,4,1,81,1,0,0,1,0
24,745,1,4,1,71,1,0,0,0,0
42,785,3,2,1,66,0,0,0,0,0
24,614,1,5,1,77,0,1,0,0,0
42,521,4,6,0,75,0,0,0,0,0
42,772,2,5,1,82,0,1,0,1,0
31,737,14,13,1,72,0,0,0,0,0
33,657,3,4,1,89,0,0,0,0,0
22,670,1,5,1,60,1,0,0,0,0
32,650,3,5,1,78,0,0,0,0,0
29,950,2,5,1,100,0,1,0,0,0
34,617,4,4,1,59,0,0,0,0,0
44,797,14,10,1,81,0,0,0,1,0
42,744,13,15,1,71,1,0,0,0,0
44,673,3,3,1,63,0,0,0,0,0
36,661,3,2,1,82,0,0,0,1,0
39,626,12,12,1,67,0,1,0,0,0
35,576,3,3,0,68,0,0,0,0,0
40,747,11,14,0,91,0,0,0,0,1
43,764,3,6,1,86,0,0,1,0,0
42,705,12,15,1,57,0,1,0,0,0
37,826,13,11,0,59,1,0,0,0,0
41,804,13,13,1,64,1,0,0,0,0
39,590,11,14,1,77,1,0,0,0,0
40,783,4,5,1,78,0,0,1,0,0
26,681,3,6,1,70,0,0,0,0,0
40,719,2,4,1,59,1,0,0,0,0
23,558,2,3,1,72,0,0,0,0,0
35,740,11,11,1,90,0,0,0,0,0
42,819,3,3,1,76,0,0,1,0,0
43,747,12,12,1,81,0,1,0,1,1
29,713,2,6,1,88,0,0,0,1,0
30,749,12,12,1,72,0,1,0,0,0
27,704,1,6,1,68,0,0,0,0,0
30,670,4,3,1,71,0,1,0,0,0
33,772,14,15,0,79,0,0,0,0,0
41,635,13,13,1,67,0,1,0,0,0
35,487,4,6,1,62,0,0,1,0,0
45,715,14,11,0,61,0,0,1,0,0
44,847,11,10,1,69,0,0,0,0,0
24,709,1,2,1,59,0,0,0,0,0
37,803,12,11,0,92,0,0,0,0,0
43,723,12,13,1,79,1,0,0,0,0
22,675,2,2,1,68,0,0,0,0,0
23,639,5,3,1,94,0,0,0,1,0
26,701,10,13,1,74,0,0,0,0,0
31,565,4,4,1,64,0,0,0,0,0
34,633,3,5,0,78,0,0,0,0,0
28,554,2,6,1,76,0,1,0,0,0
37,615,2,5,1,69,0,1,0,0,0
27,887,1,4,1,81,1,1,0,1,0
27,725,10,13,1,81,1,0,0,1,1
44,704,3,3,1,69,0,0,0,0,0
31,838,11,13,1,83,0,0,1,1,1
40,713,12,10,0,73,0,0,1,0,0
42,742,4,4,1,71,0,0,0,0,0
27,736,2,2,1,68,0,1,0,0,0
45,848,12,11,1,65,0,0,0,0,0
38,745,11,13,1,58,0,0,0,0,0
41,617,14,10,1,80,0,0,0,0,0
27,730,3,6,1,57,1,0,1,0,0
26,560,3,6,1,73,0,0,0,0,0
24,692,2,4,1,70,0,0,0,0,0
27,370,8,12,1,69,0,0,1,0,0
37,571,4,5,1,74,1,0,0,0,0
35,804,14,11,1,73,0,1,0,0,0
33,792,4,3,1,86,0,1,0,1,0
38,766,3,6,1,73,0,0,0,0,0
28,744,9,11,1,79,0,0,0,0,0
23,827,2,4,1,86,1,0,1,0,0
35,590,13,13,1,80,0,0,0,0,0
45,753,4,3,1,57,0,0,0,0,0
33,682,14,10,1,74,0,0,0,0,0
41,692,2,3,0,59,0,0,0,0,0
27,823,8,9,1,75,0,0,0,0,0
43,690,2,6,1,82,1,0,0,0,0
40,662,13,15,0,66,0,0,0,0,0
23,811,1,2,1,81,0,0,1,1,0
38,558,3,4,0,74,0,0,0,0,0
40,546,3,4,0,69,1,1,0,0,0
34,828,12,15,1,67,0,0,0,0,0
45,688,4,6,1,69,0,0,0,0,0
35,703,13,15,0,72,0,1,1,0,1
40,738,3,6,1,65,0,0,0,0,0
31,839,13,12,0,91,0,0,1,0,1
29,759,2,5,0,85,0,0,1,1,0
34,865,14,13,1,92,0,1,0,0,1
42,689,12,12,1,82,0,0,0,1,1
45,722,4,3,1,60,0,0,0,0,0
32,676,3,2,1,66,1,0,1,0,0
27,608,2,4,0,68,0,0,0,0,0
44,510,2,6,1,71,0,0,0,0,0
40,668,12,14,1,87,0,0,1,1,1
31,686,14,15,0,63,0,0,0,0,0
25,732,1,6,1,64,0,0,0,0,0
32,688,2,3,1,84,0,1,0,0,0
34,714,2,3,1,74,0,0,1,0,0
24,758,1,5,1,68,0,0,0,0,0
32,873,3,4,1,86,1,0,0,0,0
30,652,13,15,1,88,1,0,0,0,1
25,822,9,7,1,66,1,1,0,0,0
42,712,2,6,1,86,1,0,0,0,0
40,731,4,5,1,74,0,0,1,0,0
43,466,4,5,1,92,0,0,0,1,0
28,764,3,2,1,78,0,0,0,0,0
22,598,3,5,0,72,0,0,0,0,0
44,625,12,15,1,55,0,0,0,0,0
44,575,14,15,1,87,0,1,0,1,1
32,802,11,10,1,83,1,0,1,1,1
42,648,11,14,1,74,0,0,0,0,0
23,733,4,4,1,74,0,0,1,0,0
43,738,11,10,0,91,0,0,0,1,1
28,592,6,11,0,67,0,0,0,0,0
25,826,2,2,1,84,0,0,0,1,0
42,631,4,4,0,69,1,0,0,0,0
37,520,13,14,1,83,0,0,0,1,0
36,539,4,5,1,74,1,0,0,0,0
34,647,3,3,1,70,0,1,0,0,0
25,577,8,9,1,68,0,1,0,0,0
34,671,13,12,1,76,0,0,0,0,0
27,862,3,2,0,78,0,0,0,0,0
24,723,4,2,0,86,1,1,1,1,0
45,905,14,10,1,63,1,0,0,0,0
30,575,3,6,1,61,0,0,0,0,0
38,898,11,10,1,70,0,0,0,0,0
26,758,2,2,1,70,0,0,1,0,0
44,554,12,13,1,77,0,0,0,0,0
23,546,1,2,1,67,0,0,1,0,0
40,668,14,11,1,76,0,0,0,0,0
40,813,14,12,0,83,0,0,1,0,1
27,706,9,7,0,70,0,0,0,0,0
31,693,14,14,0,88,0,1,0,0,1
31,584,14,11,1,79,1,0,0,0,0
31,700,13,12,1,71,0,0,0,0,0
26,764,2,2,1,71,0,0,1,0,0
24,718,2,3,1,60,1,0,0,0,0
34,780,12,12,1,53,0,0,1,0,0
44,746,4,4,0,68,0,0,1,0,0
29,566,7,8,1,76,1,0,1,0,0
35,799,2,5,0,70,1,0,0,0,0
23,950,3,3,0,68,0,1,0,0,0
44,818,2,2,1,69,0,0,1,0,0
28,612,1,6,0,85,0,0,0,1,0
39,666,14,13,1,87,0,0,0,1,1
42,656,3,2,1,87,0,0,1,0,0
42,567,3,3,1,75,0,0,0,0,0
43,519,4,6,1,87,0,0,0,1,0
31,499,3,2,1,84,0,0,0,1,0
26,765,3,6,1,59,0,0,0,0,0
28,721,10,15,1,75,0,1,0,0,0
43,765,11,10,1,77,0,0,0,0,0
27,835,1,5,1,79,0,0,0,0,0
36,567,14,10,1,67,0,0,1,0,0
43,770,3,5,1,57,0,0,0,0,0
32,724,12,12,1,84,1,1,0,1,1
38,551,12,12,1,70,0,0,1,0,0
23,553,2,5,1,86,0,0,0,0,0
35,677,4,6,1,69,1,1,0,0,0
45,759,11,14,0,65,0,1,0,0,0
34,524,14,14,1,87,0,0,0,1,1
27,657,2,4,1,86,0,0,0,1,0
23,679,5,4,1,81,0,0,0,1,0
40,721,3,5,1,62,0,1,1,0,0
37,787,14,13,1,85,0,0,0,1,1
29,749,6,12,1,70,0,0,0,0,0
31,821,13,12,1,76,0,0,0,0,0
35,554,13,12,1,76,1,0,0,0,0
27,722,1,4,1,77,0,0,0,0,0
44,685,11,12,1,62,0,0,0,0,0
25,793,3,5,0,59,0,0,0,0,0
22,805,4,3,1,80,0,0,0,0,0
37,619,3,6,0,70,0,0,1,0,0
24,810,1,2,1,64,0,0,0,0,0
28,590,3,4,1,79,0,0,0,0,0
41,694,13,10,1,51,0,0,0,0,0
41,750,4,2,1,84,0,0,0,0,0
41,579,2,3,1,81,0,0,0,0,0
35,762,11,14,1,64,0,0,0,0,0
25,605,6,8,1,83,0,1,0,0,0
39,569,12,12,1,83,0,0,1,0,0
23,627,1,3,0,65,1,0,0,0,0
30,693,4,5,1,62,0,0,1,0,0
26,743,1,5,0,78,0,0,0,0,0
24,778,2,5,1,87,0,0,1,0,0
43,702,2,6,1,70,1,0,0,0,0
41,837,11,10,0,75,0,0,0,0,0
24,537,3,2,0,85,0,0,0,1,0
28,792,2,3,1,76,0,0,0,0,0
27,624,3,6,1,73,0,0,0,0,0
26,777,1,6,0,83,0,0,0,0,0
27,685,9,11,1,93,0,1,0,1,0
26,696,10,13,1,93,0,0,1,1,1
45,803,13,10,0,71,0,1,0,0,0
31,793,13,12,1,89,0,0,0,0,1
34,722,2,4,1,75,0,0,0,0,0
37,942,3,4,1,74,0,1,0,0,0
40,769,4,5,1,58,0,1,0,0,0
34,459,11,10,1,75,0,0,1,0,0
30,738,3,4,1,82,1,0,0,0,0
34,827,3,2,1,70,0,1,0,0,0
43,640,2,4,1,65,0,0,1,0,0
42,788,4,4,0,61,0,0,0,0,0
44,838,12,15,1,64,1,0,0,0,0
38,634,2,3,1,79,0,1,0,0,0
24,685,1,6,1,60,0,0,0,0,0
44,733,13,10,1,72,0,0,0,0,0
41,653,11,11,1,80,0,0,0,0,0
32,663,3,5,1,85,0,1,1,0,0
23,772,2,3,1,81,0,1,0,1,0
28,829,8,9,0,70,1,0,1,0,0
26,836,7,10,1,90,0,0,0,0,0
44,639,13,15,0,89,0,0,0,1,1
45,721,11,14,1,70,0,1,0,0,0
28,712,2,5,1,46,0,0,0,0,0
44,842,4,5,1,63,0,0,0,0,0
24,705,1,2,0,73,1,0,0,0,0
23,555,5,2,1,77,0,1,0,0,0
36,642,13,14,1,83,0,0,0,0,0
34,908,13,13,0,69,0,1,0,0,0
33,527,3,6,0,63,0,0,0,0,0
41,679,12,10,1,88,0,0,0,0,0
24,792,1,6,1,74,0,1,0,0,0
23,738,3,2,1,78,0,0,0,0,0
22,697,3,2,1,73,1,0,0,0,0
41,583,14,11,1,72,0,0,0,0,0
41,617,2,3,1,79,0,0,0,0,0
42,741,2,4,1,59,0,0,0,0,0
38,755,14,14,1,72,0,0,0,0,0
44,950,4,4,1,94,0,0,0,0,0
34,711,3,3,0,94,0,0,0,0,0
30,794,3,3,0,57,0,0,0,0,0
33,664,11,14,1,83,1,0,0,0,0
34,685,3,5,0,88,0,0,0,0,0
40,720,13,11,0,75,0,0,0,0,0
25,755,3,2,1,85,0,0,0,1,0
27,723,7,9,1,72,0,0,1,0,0
22,675,3,6,1,65,0,1,0,0,0
28,659,7,8,1,68,0,0,1,0,0
31,793,3,4,1,83,0,0,0,1,0
44,694,14,15,1,68,0,0,1,0,0
41,831,14,15,0,65,0,0,1,0,0
37,722,2,2,1,71,0,0,0,0,0
29,889,3,3,1,63,0,0,0,0,0
31,620,4,6,0,91,0,0,0,1,0
35,569,11,11,1,72,0,0,0,0,0
41,620,2,2,1,68,0,0,0,0,0
34,744,3,4,1,86,1,0,0,1,0
34,662,12,15,0,71,0,0,0,0,0
22,742,3,6,1,60,1,0,1,0,0
39,683,14,11,1,80,0,0,0,0,0
23,506,1,5,1,97,0,0,0,1,0
43,619,4,5,1,83,0,1,1,0,0
41,829,14,15,1,80,0,0,1,0,1
27,731,7,8,0,70,0,0,0,0,0
26,800,9,8,1,95,0,0,0,0,0
29,551,10,10,1,76,0,1,0,0,0
44,645,13,11,1,84,0,0,1,1,0
25,830,10,14,1,68,1,1,0,0,1
22,740,3,5,1,68,1,0,0,0,0
40,697,13,14,0,53,0,0,0,0,0
41,577,3,5,1,81,0,0,0,0,0
41,742,13,15,1,83,1,0,0,1,1
41,710,4,2,1,93,1,0,0,0,0
36,628,14,12,1,91,0,0,1,1,1
26,599,2,4,1,72,1,0,0,0,0
37,677,11,14,1,69,0,0,0,0,0
39,748,13,13,1,80,0,0,0,0,0
37,636,3,4,0,78,1,0,0,0,0
23,525,4,5,1,68,0,0,0,0,0
44,803,2,5,1,69,0,0,0,0,0
27,553,2,4,0,73,0,1,1,0,0
36,661,3,3,1,85,1,0,0,1,0
26,723,2,2,1,50,0,0,0,0,0
33,631,3,4,1,76,1,1,0,0,0
39,823,2,6,1,61,0,0,0,0,0
28,520,2,3,1,79,0,0,0,0,0
39,620,11,12,1,70,1,0,1,0,1
28,580,7,8,1,80,1,0,1,0,0
22,648,3,5,1,63,1,0,1,0,0
25,770,2,3,1,100,0,0,0,1,0
22,809,1,4,1,76,0,0,0,0,0
22,809,3,6,1,79,1,0,0,0,0
25,606,7,11,0,81,0,1,0,0,0
42,671,3,6,1,84,0,0,0,0,0
41,719,3,2,1,85,1,1,0,1,0
45,807,4,3,1,82,1,1,0,1,0
30,765,4,3,1,64,0,1,0,0,0
35,721,12,12,1,61,0,0,0,0,0
29,540,2,5,0,83,0,0,0,0,0
38,723,4,6,1,89,0,1,0,1,0
26,828,8,9,1,79,1,0,1,0,0
33,769,12,15,1,69,0,0,0,0,0
22,787,1,4,1,62,0,0,0,0,0
23,870,4,2,1,87,0,0,0,1,0
34,543,14,12,1,81,0,1,0,1,1
38,910,3,5,1,71,0,1,0,0,0
22,720,2,5,0,61,1,0,0,0,0
42,809,2,3,1,79,0,0,0,0,0
37,877,12,15,1,87,1,1,0,1,1
24,563,3,4,1,76,1,0,0,0,0
44,625,2,6,1,79,0,0,0,0,0
23,449,1,3,1,76,0,0,0,0,0
40,786,14,13,1,64,0,0,0,0,0
30,680,3,5,1,79,0,0,0,0,0
29,661,1,2,1,80,0,0,0,0,0
39,735,2,5,1,74,1,0,1,0,0
31,729,13,11,1,69,0,0,0,0,0
43,843,4,4,1,85,0,0,0,0,0
42,726,11,12,0,77,0,1,0,0,0
31,610,4,3,0,85,0,0,0,0,0
37,727,3,4,1,64,0,0,0,0,0
42,764,3,2,1,55,0,0,0,0,0
29,661,2,5,1,75,0,0,0,0,0
31,547,13,13,1,59,0,0,0,0,0
30,784,11,11,1,78,0,0,0,0,0
22,748,3,3,1,91,0,0,1,0,0
38,789,14,13,1,84,0,0,0,0,0
22,706,4,3,1,82,0,0,1,1,0
43,720,14,11,1,72,0,0,0,0,0
24,682,5,3,1,87,0,0,0,0,0
26,697,1,3,1,90,0,0,0,1,0
22,875,2,6,1,66,0,0,0,0,0
26,350,2,5,1,61,0,0,0,0,0
32,599,11,12,1,78,0,0,0,0,0
43,653,13,10,0,74,0,0,0,0,0
44,794,14,11,0,68,1,0,0,0,0
24,817,2,4,0,69,0,1,0,0,0
28,758,6,10,0,65,0,0,0,0,0
36,740,3,5,1,65,0,0,0,0,0
33,789,13,14,1,75,0,0,1,0,0
44,930,13,11,1,83,0,0,1,1,1
43,593,13,12,1,73,0,0,0,0,0
42,613,11,15,1,89,0,0,1,1,1
23,704,3,3,1,76,1,0,1,0,0
41,706,3,6,0,58,1,0,1,0,0
40,675,4,4,1,69,0,0,0,0,0
45,703,12,14,1,75,0,0,0,0,0
22,745,3,3,0,81,1,0,0,1,0
44,653,14,15,1,77,1,0,0,0,0
37,744,4,3,0,75,0,0,0,0,0
43,546,11,14,1,75,0,0,0,0,0
43,536,2,4,1,61,0,0,1,0,0
25,700,9,11,1,64,0,0,0,0,0
41,711,3,4,1,67,0,0,0,0,0
34,707,13,10,1,70,0,0,0,0,0
40,514,3,5,0,78,1,0,0,0,0
40,692,4,3,1,97,0,0,0,1,0
35,540,2,4,0,77,0,0,0,0,0
32,629,4,4,1,73,0,0,0,0,0
24,841,4,3,1,70,0,0,0,0,0
26,657,10,11,1,83,0,0,0,0,0
27,795,9,12,0,75,0,0,1,0,0
36,728,3,5,0,81,0,0,0,1,0
34,680,12,14,1,83,0,1,0,0,0
41,813,2,4,1,81,1,0,0,1,0
35,722,14,13,1,90,0,0,0,1,1
37,421,12,15,1,74,1,0,1,0,0
40,894,14,15,1,67,1,0,1,0,1
22,695,2,3,1,80,1,0,0,0,0
44,820,3,5,1,83,0,1,0,1,0
34,599,3,3,1,87,0,0,0,0,0
22,800,3,2,1,83,1,0,0,0,0
37,777,4,2,1,59,0,0,0,0,0
37,622,3,5,0,69,0,0,0,0,0
40,662,3,6,1,75,0,0,0,0,0
44,730,14,15,1,89,0,0,0,1,1
35,616,14,10,1,76,0,0,0,0,0
26,638,6,9,1,73,1,0,1,0,0
34,846,3,5,1,62,0,0,1,0,0
23,636,1,6,1,91,0,1,0,0,0
26,697,7,12,1,68,1,1,0,0,0
44,691,14,10,1,72,0,1,0,0,0
39,726,14,11,1,80,0,0,1,0,0
22,816,3,2,1,70,0,0,1,0,0
29,759,7,8,1,59,0,0,0,0,0
45,837,3,3,0,42,0,0,0,0,0
37,696,14,13,1,88,1,0,0,0,1
45,725,3,4,1,78,0,0,0,0,0
37,694,11,10,1,45,0,1,0,0,0
26,783,6,8,1,83,1,0,1,1,0
36,676,4,6,1,82,1,0,0,0,0
27,950,2,3,1,66,0,0,0,0,0
23,781,3,6,1,78,0,1,1,0,0
36,592,4,5,1,90,0,0,0,0,0
36,712,4,5,1,78,0,0,0,0,0
42,921,4,6,1,57,0,0,0,0,0
39,742,2,5,1,96,0,0,0,1,0
42,725,11,14,1,74,0,0,0,0,0
36,654,3,3,1,73,1,0,1,0,0
32,696,3,3,1,84,0,1,0,0,0
25,741,1,3,0,72,0,0,1,0,0
26,733,3,4,1,73,0,0,0,0,0
34,601,14,12,0,87,0,0,0,1,1
38,638,12,12,1,66,0,0,0,0,0
42,802,3,4,0,71,0,0,1,0,0
33,568,3,4,1,78,1,0,0,0,0
44,696,2,4,1,76,1,0,0,0,0
24,711,1,3,0,83,0,0,0,1,0
33,753,4,4,1,59,0,0,0,0,0
38,677,14,10,1,62,0,0,0,0,0
31,790,12,10,1,68,1,0,1,0,0
27,580,3,2,1,72,0,1,1,0,0
31,739,2,6,1,61,0,0,0,0,0
27,609,8,10,1,67,0,1,0,0,0
27,547,1,3,1,93,0,0,0,1,0
27,754,1,2,1,62,0,1,0,0,0
39,690,4,4,1,60,0,0,0,0,0
35,918,2,2,1,80,0,0,0,0,0
27,625,9,11,1,93,0,0,0,1,0
41,950,2,4,0,67,0,0,0,0,0
36,680,14,11,1,75,0,0,0,0,0
43,853,3,4,1,56,0,1,0,0,0
29,620,3,3,0,74,1,0,0,0,0
44,594,4,6,1,75,0,0,0,0,0
23,657,1,6,1,70,0,0,1,0,0
30,596,2,4,1,77,0,0,0,0,0
43,704,3,2,1,90,1,0,0,1,0
40,897,11,10,1,71,0,0,0,0,0
23,684,3,6,1,71,1,0,0,0,0
40,774,14,15,1,64,0,0,0,0,0
35,792,11,11,0,84,1,1,0,1,1
36,620,2,3,0,58,0,0,0,0,0
31,549,4,4,1,68,0,0,0,0,0
38,591,12,10,1,73,0,0,0,0,0
38,863,2,2,1,79,0,1,0,0,0
41,765,13,11,1,76,0,1,0,0,0
45,619,12,11,1,88,0,0,0,1,1
23,766,2,6,1,72,0,1,1,0,0
44,614,3,3,1,62,0,1,0,0,0
22,636,3,2,1,73,0,0,0,0,0
38,572,11,15,1,66,0,0,0,0,0
27,809,3,6,1,78,0,1,0,0,0
44,744,11,13,1,77,0,0,0,0,0
39,669,14,12,1,66,0,0,0,0,0
27,730,1,4,0,63,0,0,0,0,0
41,573,13,11,0,78,1,0,0,0,0
24,718,3,2,1,92,0,0,1,1,0
44,719,3,5,1,84,0,1,0,0,0
43,544,2,4,0,68,1,0,0,0,0
27,590,6,10,1,55,1,1,1,0,0
26,773,1,4,1,79,1,0,0,0,0
33,627,14,13,1,80,0,0,0,0,0
44,818,4,3,0,74,0,0,0,0,0
28,572,3,2,0,87,0,0,1,1,0
32,555,13,12,1,91,0,0,0,1,1
28,632,7,11,1,69,1,0,0,0,0
30,742,4,5,1,48,0,1,1,0,0
25,602,6,10,1,71,0,0,1,0,0
33,662,4,3,1,87,0,0,0,1,0
36,695,3,2,1,72,1,0,0,0,0
35,565,14,13,1,70,0,0,0,0,0
33,815,3,5,1,76,0,1,0,0,0
22,636,1,4,0,74,1,0,0,0,0
28,785,10,10,0,72,0,0,0,0,0
28,837,8,9,1,87,0,0,0,1,0
44,803,13,13,1,80,0,0,0,0,0
44,615,3,4,0,80,0,0,0,0,0
39,562,13,15,1,65,0,0,0,0,0
31,544,12,11,1,87,0,0,0,0,0
37,701,2,2,1,87,0,0,0,1,0
39,808,13,10,1,71,0,0,0,0,0
37,628,12,14,1,89,0,0,0,0,1
32,743,2,2,1,85,0,0,0,0,0
42,705,2,4,1,73,0,0,0,0,0
42,780,2,3,1,90,0,1,0,1,0
42,596,13,12,1,74,0,0,0,0,0
31,721,12,14,1,76,0,0,0,0,0
31,647,12,11,0,65,0,0,0,0,0
32,654,12,15,1,55,0,1,1,0,0
22,828,2,3,1,59,0,0,0,0,0
44,603,14,13,1,84,1,0,0,1,1
42,774,2,5,1,74,0,0,1,0,0
42,787,4,3,1,77,0,1,0,0,0
24,839,1,4,1,68,0,0,0,0,0
40,612,4,5,1,80,1,0,0,0,0
29,653,7,10,1,88,1,1,0,1,1
42,587,11,14,1,77,0,1,1,0,0
37,684,3,6,0,74,0,1,0,0,0
35,823,4,6,1,62,0,0,0,0,0
26,872,6,9,1,74,1,0,1,0,0
30,613,3,5,0,76,0,1,0,0,0
34,909,4,4,1,78,0,0,0,0,0
26,706,7,10,1,63,0,0,0,0,0
27,789,7,7,1,69,0,0,0,0,0
38,721,13,10,1,82,0,0,0,1,0
22,784,2,6,1,71,0,0,0,0,0
38,750,3,5,1,84,0,0,0,0,0
40,767,4,5,1,79,0,0,0,0,0
43,890,13,11,1,81,0,1,1,0,0
45,721,3,4,1,53,1,0,0,0,0
40,687,13,13,1,66,0,0,0,0,0
41,745,2,3,0,65,0,0,0,0,0
38,847,11,15,0,76,0,0,0,0,0
44,621,3,5,1,69,1,1,0,0,0
27,797,7,8,1,61,1,0,0,0,0
25,723,2,5,1,76,0,0,0,0,0
30,733,11,11,1,71,0,0,0,0,0
43,603,14,14,1,60,0,0,0,0,0
28,730,2,4,0,89,1,0,0,0,0
35,729,2,3,0,75,0,0,0,0,0
33,500,2,4,1,71,0,1,0,0,0
31,758,11,13,1,76,0,1,0,0,0
26,744,3,4,1,70,0,1,0,0,0
37,674,2,4,1,74,1,0,0,0,0
43,564,3,4,1,76,0,0,1,0,0
24,692,3,3,1,66,0,0,0,0,0
41,728,4,5,1,83,0,0,0,1,0
25,778,3,6,1,75,0,0,1,0,0
43,614,11,12,1,82,0,0,0,0,0
43,721,2,3,1,70,1,0,1,0,0
44,659,13,15,0,71,1,0,0,0,0
27,777,6,11,1,52,0,0,0,0,0
27,689,2,5,1,62,0,0,0,0,0
37,817,12,13,1,76,1,1,0,0,1
35,602,13,15,1,84,0,0,0,1,1
37,744,13,12,1,66,1,1,0,0,0
34,798,3,4,0,69,1,0,0,0,0
29,350,9,11,1,71,0,0,0,0,0
42,681,4,4,1,71,1,0,0,0,0
27,589,2,3,1,79,0,0,0,0,0
43,740,2,3,1,70,0,0,1,0,0
23,740,3,6,1,75,0,0,0,0,0
26,829,8,8,1,71,1,1,0,0,0
38,739,12,13,1,65,0,0,0,0,0
34,641,2,3,1,56,0,1,1,0,0
27,706,3,5,0,72,1,0,0,0,0
27,523,8,7,1,70,1,0,0,0,0
32,557,13,11,1,68,1,0,0,0,0
26,800,2,5,1,76,0,0,0,0,0
26,605,8,10,0,72,0,0,0,0,0
35,892,4,4,1,67,0,1,0,0,0
23,664,2,3,1,75,1,0,0,0,0
30,849,11,12,1,70,1,1,1,0,1
45,661,2,2,0,87,0,1,0,0,0
28,628,9,10,1,51,1,0,0,0,0
35,712,11,15,1,87,0,0,1,0,1
32,712,13,14,1,87,0,0,0,0,1
32,734,3,6,0,67,0,0,1,0,0
26,736,10,11,1,89,0,0,1,0,0
28,728,6,9,0,92,0,0,1,0,0
45,790,4,4,1,84,0,0,0,1,0
33,865,14,12,1,68,0,0,0,0,0
31,722,12,15,0,76,1,0,0,0,0
22,808,5,2,1,79,0,0,0,0,0
41,800,11,14,0,87,1,0,1,1,1
37,700,13,13,1,65,1,0,0,0,0
42,665,13,11,1,83,0,0,0,1,0
33,882,4,3,1,77,1,0,0,0,0
34,778,11,15,1,74,0,1,1,0,1
33,816,11,14,1,86,0,0,0,0,1
26,773,6,7,1,71,0,1,1,0,0
25,657,9,8,0,87,0,0,1,1,0
27,718,3,5,0,65,0,1,0,0,0
35,647,2,3,1,71,1,0,0,0,0
27,574,1,5,0,80,1,0,0,0,0
31,727,3,6,1,78,0,0,1,0,0
33,592,12,11,1,80,0,0,1,0,0
27,613,1,4,1,86,1,1,0,1,0
29,743,7,8,1,71,1,0,0,0,0
27,737,7,7,1,75,0,0,1,0,0
41,649,2,5,1,91,0,0,0,0,0
30,686,3,5,1,73,0,0,0,0,0
29,484,8,12,1,76,0,0,0,0,0
43,625,14,13,1,68,0,0,1,0,0
34,697,11,15,1,78,1,0,0,0,0
29,655,8,12,1,80,0,0,0,0,0
34,790,4,3,1,76,0,0,1,0,0
45,863,11,12,1,88,0,0,0,1,1
26,629,2,5,1,59,0,0,0,0,0
29,797,3,3,0,94,0,1,0,1,0
25,647,3,6,1,86,0,0,0,0,0
44,655,12,13,0,84,0,0,1,0,0
27,641,9,9,1,81,0,0,0,0,0
44,549,3,4,1,65,0,0,0,0,0
22,717,2,2,0,72,0,0,0,0,0
44,768,11,12,1,75,0,1,1,0,1
25,735,6,9,1,73,0,0,0,0,0
28,627,7,8,1,90,0,0,0,1,0
37,597,3,6,1,78,0,0,1,0,0
41,713,3,3,1,62,0,1,1,0,0
34,848,4,4,1,74,0,0,0,0,0
25,643,8,7,0,76,0,1,0,0,0
42,630,3,4,1,80,0,0,0,0,0
33,770,13,10,1,94,0,1,0,1,1
25,653,2,6,1,71,0,0,0,0,0
33,699,4,4,1,84,0,1,0,1,0
37,776,4,5,1,58,0,0,0,0,0
29,742,10,15,1,71,0,1,0,0,0
25,472,7,11,1,73,1,0,0,0,0
35,801,14,15,1,80,0,0,0,0,0
43,653,12,14,1,73,1,1,1,0,1
22,618,1,3,1,76,1,0,0,0,0
26,818,10,10,1,75,1,0,0,0,0
37,560,14,14,0,57,0,0,0,0,0
35,747,3,4,1,84,0,0,0,1,0
35,475,2,3,1,74,0,0,0,0,0
33,636,4,4,0,77,0,1,0,0,0
44,478,11,11,1,84,1,0,0,1,0
22,709,4,6,1,84,0,0,0,0,0
45,880,12,13,0,85,0,1,0,1,1
43,489,2,6,1,85,0,0,0,0,0
44,595,3,2,1,87,1,0,0,0,0
22,719,4,3,0,86,0,1,1,0,0
25,693,1,6,0,71,0,0,0,0,0
29,797,7,10,0,71,1,0,0,0,0
30,915,2,3,1,50,0,0,1,0,0
23,789,2,4,1,89,0,0,0,0,0
38,627,2,4,1,78,0,0,1,0,0
44,814,12,14,1,76,0,0,0,0,0
44,668,2,2,1,59,0,0,0,0,0
38,647,3,4,1,86,1,0,0,1,0
44,897,2,2,1,85,0,0,0,0,0
30,669,13,12,1,93,0,0,0,1,1
25,632,2,6,0,81,0,0,1,0,0
26,658,2,2,1,64,0,0,0,0,0
36,736,3,6,1,73,0,0,1,0,0
37,735,12,15,1,76,0,0,0,0,0
30,603,4,3,1,88,1,0,0,1,0
30,611,3,6,1,75,1,1,0,0,0
24,736,2,2,1,84,1,1,0,0,0
36,861,14,10,1,76,0,0,0,0,0
43,634,14,11,0,83,0,0,0,0,0
22,777,3,6,1,70,0,1,0,0,0
29,585,2,6,1,68,1,0,0,0,0
30,748,12,11,0,72,0,0,0,0,0
22,550,1,5,1,93,0,0,0,0,0
25,820,2,2,1,74,0,0,0,0,0
37,691,13,10,1,58,0,0,0,0,0
22,702,3,5,0,88,0,0,0,0,0
33,565,4,4,1,61,0,0,0,0,0
35,668,12,14,0,61,0,0,0,0,0
22,772,2,2,1,88,1,0,0,0,0
39,671,14,15,1,92,0,1,0,1,1
40,644,2,2,1,93,0,0,0,0,0
31,780,12,11,1,83,1,0,0,0,0
33,600,3,6,1,76,1,1,0,0,0
32,613,14,15,1,60,0,0,0,0,0
32,714,4,4,0,85,0,0,0,1,0
29,687,2,6,1,80,1,1,0,0,0
36,801,4,2,0,73,0,0,0,0,0
23,789,4,2,1,75,0,0,0,0,0
23,720,1,2,1,86,0,1,1,1,0
27,813,10,11,1,72,1,0,0,0,0
35,548,11,10,1,86,0,0,0,0,0
37,602,14,13,1,93,0,0,0,0,1
40,720,11,12,1,78,0,1,0,0,0
23,641,1,4,0,62,1,1,1,0,0
36,697,3,3,1,80,1,0,0,0,0
26,785,2,6,1,66,0,0,0,0,0
28,702,1,4,1,82,0,0,0,0,0
33,568,14,12,0,71,0,0,0,0,0
28,560,7,8,1,80,0,0,0,0,0
43,680,13,14,0,90,0,0,0,1,1
41,663,12,10,1,67,0,0,0,0,0
41,831,4,6,1,68,0,0,0,0,0
24,665,1,2,1,62,0,0,0,0,0
37,762,13,12,1,73,0,0,1,0,0
36,844,12,13,1,75,0,0,0,0,0
31,796,13,11,0,63,0,0,0,0,0
43,668,13,10,1,76,0,0,1,0,0
22,771,3,4,1,68,0,0,0,0,0
28,819,9,10,1,72,0,0,0,0,0
35,734,4,3,0,79,0,0,0,0,0
36,758,13,13,1,72,0,1,0,0,0
38,547,11,11,1,75,0,1,0,0,0
40,693,14,12,1,64,0,0,0,0,0
34,633,4,4,1,85,0,0,0,0,0
37,713,12,15,1,68,0,0,1,0,0
30,679,13,12,1,85,0,0,1,0,1
23,668,3,4,1,74,1,0,0,0,0
38,653,12,13,0,68,1,0,0,0,0
33,601,11,11,0,91,0,1,1,1,1
22,607,1,5,1,91,0,1,1,0,0
45,703,4,3,1,82,1,0,1,0,0
31,589,4,5,1,67,0,0,0,0,0
39,850,11,13,1,61,0,0,0,0,0
43,661,13,10,1,59,0,0,0,0,0
42,686,12,11,0,76,1,0,0,0,0
44,624,3,4,1,80,0,0,0,0,0
45,576,4,5,1,55,1,1,0,0,0
25,554,2,4,1,86,0,0,1,0,0
29,423,1,5,1,71,0,1,0,0,0
23,527,2,5,0,69,0,0,0,0,0
27,673,9,9,1,79,0,1,0,0,0
23,731,1,2,1,72,0,0,0,0,0
30,763,14,15,1,43,1,0,0,0,0
29,624,8,11,1,69,0,0,0,0,0
22,638,1,2,0,72,0,1,0,0,0
39,615,14,15,1,60,1,0,0,0,0
31,814,13,15,0,91,0,0,1,1,1
24,635,3,2,1,72,0,1,0,0,0
45,879,14,11,1,66,0,0,0,0,0
37,675,14,10,1,65,0,0,0,0,0
34,669,11,15,1,69,0,0,0,0,0
32,506,14,14,0,60,0,0,0,0,0
28,748,8,12,1,73,0,0,0,0,0
38,456,4,3,1,64,0,0,0,0,0
44,699,2,4,1,57,0,0,1,0,0
31,732,11,11,1,68,0,0,0,0,0
30,534,14,12,1,74,0,0,1,0,0
27,737,10,10,1,87,0,1,0,1,1
22,802,5,5,1,92,0,0,1,1,1
34,679,11,15,0,79,0,1,1,0,1
39,526,4,2,1,79,0,0,0,0,0
26,716,1,6,1,74,1,0,0,0,0
37,581,2,4,1,67,0,0,0,0,0
32,575,4,6,1,75,0,1,0,0,0
32,753,3,4,1,76,1,0,0,0,0
29,680,2,3,0,67,0,0,0,0,0
43,743,13,15,0,74,0,0,0,0,0
23,782,1,4,0,75,0,0,0,0,0
30,612,13,13,1,69,0,1,0,0,0
30,477,13,13,1,81,1,0,0,0,0
44,812,3,3,1,82,0,0,0,0,0
35,670,14,13,1,88,0,0,0,1,1
24,576,1,4,1,74,0,1,0,0,0
43,763,4,3,1,71,1,0,0,0,0
28,617,3,6,0,72,0,0,0,0,0
24,846,1,2,0,59,0,0,0,0,0
23,546,2,2,1,81,0,0,0,0,0
27,601,2,6,1,73,1,1,0,0,0
25,762,7,10,1,61,0,0,0,0,0
35,854,2,5,1,83,0,0,1,0,0
43,942,2,5,0,84,0,1,0,1,0
43,870,13,13,1,78,0,0,1,0,1
42,898,12,11,1,79,0,0,0,0,0
43,850,13,10,1,86,0,0,0,1,1
32,585,14,15,1,81,1,0,0,1,1
33,695,12,12,1,74,0,1,0,0,0
41,628,13,12,1,77,0,0,0,0,0
24,795,4,3,0,77,0,0,0,0,0
39,661,12,11,1,81,1,1,0,1,1
23,747,2,3,0,86,0,1,0,0,0
23,465,2,2,0,84,1,0,0,0,0
32,776,3,6,1,91,1,0,0,0,0
24,494,1,2,0,94,0,0,0,0,0
24,722,3,3,1,80,0,0,0,0,0
24,560,1,2,1,85,0,0,0,1,0
33,823,11,11,1,82,1,1,0,0,0
44,568,11,10,1,67,0,0,0,0,0
36,747,4,3,1,80,0,0,0,0,0
24,676,3,6,1,82,0,0,0,1,0
31,693,14,11,1,74,0,0,0,0,0
45,718,3,3,1,57,0,1,1,0,0
44,835,13,14,1,61,0,1,1,0,1
36,710,13,13,1,78,0,0,0,0,0
40,846,2,2,1,81,0,0,1,1,0
44,699,2,6,1,82,0,0,0,0,0
43,682,4,6,1,76,1,0,0,0,0
32,656,4,6,0,86,0,1,0,0,0
39,577,3,3,1,87,0,0,0,0,0
44,699,3,4,1,69,0,0,0,0,0
43,821,12,13,1,57,0,0,1,0,0
40,772,11,10,1,70,0,1,1,0,0
42,797,4,5,0,91,1,0,0,0,0
33,784,14,13,1,64,0,0,0,0,0
34,661,13,11,1,62,1,0,0,0,0
24,673,3,4,1,77,1,0,0,0,0
44,807,11,10,1,70,0,1,0,0,0
29,889,2,6,1,71,0,0,1,0,0
24,697,5,5,1,69,0,1,0,0,0
31,745,4,5,1,78,0,0,1,0,0
41,742,12,14,0,62,1,0,0,0,0
24,583,3,3,1,62,0,0,0,0,0
27,760,10,14,1,85,1,0,0,0,1
40,679,4,5,1,66,1,0,1,0,0
32,700,3,2,1,74,0,0,1,0,0
41,714,14,12,1,69,0,0,0,0,0
41,832,3,2,1,63,0,0,0,0,0
35,720,12,11,1,76,0,0,0,0,0
25,833,8,10,1,78,0,0,0,0,0
28,591,6,7,0,72,0,0,1,0,0
36,603,11,14,1,87,0,0,0,1,1
43,694,2,3,0,91,0,1,0,1,0
23,853,2,2,1,85,0,0,1,0,0
37,802,4,2,1,81,0,0,0,0,0
32,669,12,14,1,76,1,1,0,0,1
40,779,11,13,1,77,0,0,1,0,0
40,679,3,4,1,92,0,0,0,0,0
29,731,8,9,0,73,0,0,0,0,0
35,684,3,6,1,76,1,0,1,0,0
45,745,11,13,0,62,0,0,0,0,0
26,703,2,4,1,77,0,0,0,0,0
40,756,14,12,1,78,0,0,1,0,0
39,578,11,14,1,81,1,1,0,0,0
30,767,2,6,1,79,0,1,1,0,0
29,715,3,4,0,71,0,0,0,0,0
35,703,4,2,0,86,0,0,0,0,0
44,741,2,5,1,91,0,0,0,1,0
40,651,14,11,1,80,1,0,0,0,0
38,637,12,10,1,69,0,1,0,0,0
36,593,4,6,1,60,0,1,1,0,0
23,625,2,2,1,78,0,0,1,0,0
38,750,11,13,1,78,0,0,0,0,0
37,698,12,10,1,86,0,0,0,1,1
41,669,14,14,1,73,0,0,0,0,0
24,740,1,3,1,83,0,0,0,0,0
24,588,3,2,1,76,0,0,0,0,0
28,720,7,12,1,79,0,0,0,0,0
35,612,11,14,0,83,0,0,0,1,1
24,613,1,5,1,60,1,0,0,0,0
41,619,13,15,1,78,0,0,0,0,0
25,843,9,11,1,75,0,0,0,0,0
30,628,11,13,1,64,0,0,0,0,0
27,713,7,9,1,89,1,0,0,1,0
44,789,11,13,1,52,0,0,0,0,0
42,671,2,5,1,68,0,0,1,0,0
25,726,3,2,1,77,0,0,0,0,0
38,609,13,15,1,67,0,0,0,0,0
22,706,5,2,0,78,0,1,1,0,0
42,688,3,2,0,86,0,0,0,1,0
27,606,8,9,1,95,0,1,0,0,0
45,896,4,4,1,80,0,0,0,0,0
27,732,8,7,1,73,0,1,0,0,0
45,708,3,6,1,81,0,0,0,1,0
37,746,3,2,1,74,0,1,0,0,0
38,664,13,12,1,77,1,1,0,0,1
22,715,5,6,1,60,1,0,0,0,0
39,663,2,6,1,73,0,0,0,0,0
22,819,1,3,1,83,0,0,0,0,0
39,850,12,15,1,59,0,0,0,0,0
22,853,4,3,1,67,0,0,1,0,0
22,647,1,3,0,71,1,0,0,0,0
38,640,14,15,1,76,0,0,0,0,0
39,622,3,4,1,59,0,0,0,0,0
35,823,14,12,1,88,0,0,0,0,1
42,822,11,11,1,84,0,1,0,0,0
39,707,11,12,1,60,1,0,0,0,0
34,756,11,13,1,75,0,0,0,0,0
30,728,2,3,1,69,1,0,0,0,0
36,514,14,10,1,88,0,0,0,0,0
22,724,5,3,1,88,0,0,0,0,0
43,776,14,14,1,74,0,0,0,0,0
33,715,11,10,1,57,1,0,0,0,0
26,471,10,14,1,88,0,0,0,1,1
28,726,7,7,0,81,0,1,0,0,0
33,776,2,2,1,96,1,0,0,1,0
36,682,4,6,1,93,0,1,1,1,0
42,774,3,5,1,67,0,1,0,0,0
39,708,11,10,1,69,1,1,0,0,0
37,827,4,4,1,67,0,0,1,0,0
38,375,3,5,0,71,0,0,0,0,0
37,695,12,10,1,65,0,0,0,0,0
38,738,11,15,1,97,0,1,0,0,1
23,825,5,5,1,65,0,0,1,0,0
30,680,12,13,1,75,1,0,0,0,0
35,621,11,13,1,58,0,0,1,0,0
28,724,10,10,1,73,0,0,0,0,0
36,350,4,4,1,90,0,0,0,1,0
29,848,1,3,1,75,0,1,1,0,0
39,705,2,4,1,71,1,0,1,0,0
45,724,13,11,1,88,0,0,1,0,0
37,601,3,6,1,60,0,0,0,0,0
33,718,4,2,1,68,0,0,0,0,0
32,841,2,4,0,74,0,0,0,0,0
26,756,3,5,1,69,1,1,0,0,0
30,600,11,15,1,89,0,0,1,0,1
23,765,3,3,1,78,0,0,1,0,0
35,651,4,2,0,69,0,1,1,0,0
43,739,4,2,1,90,1,1,1,0,0
25,534,2,5,1,68,0,1,1,0,0
32,585,4,3,1,86,1,1,0,0,0
32,696,2,2,1,73,0,1,0,0,0
43,721,12,11,1,68,1,0,0,0,0
26,754,3,3,1,62,1,0,0,0,0
38,680,2,5,1,69,1,0,0,0,0
33,680,11,15,1,85,0,0,0,0,1
40,776,13,14,1,72,0,0,1,0,0
38,509,3,5,1,61,0,0,1,0,0
25,645,1,2,1,55,0,1,0,0,0
37,656,4,4,1,82,1,0,0,0,0
40,585,4,6,0,55,1,0,0,0,0
37,614,11,15,1,79,0,1,1,0,1
36,576,2,3,1,80,0,1,0,0,0
24,541,2,3,1,76,0,0,1,0,0
44,903,12,15,1,58,0,1,1,0,1
26,746,10,13,1,78,1,1,0,0,1
25,694,2,4,1,78,0,0,0,0,0
23,841,1,3,1,65,0,0,0,0,0
41,729,4,4,1,91,0,0,0,0,0
39,669,11,12,1,76,0,0,0,0,0
22,660,3,3,1,54,0,0,0,0,0
39,646,4,6,1,63,0,0,1,0,0
24,749,2,4,1,86,1,0,0,1,0
36,713,2,3,1,71,0,0,0,0,0
43,718,2,4,1,64,0,0,1,0,0
28,728,3,4,1,71,0,0,0,0,0
44,907,4,6,1,63,1,1,0,0,0
33,807,12,13,1,74,0,0,0,0,0
25,722,10,13,1,61,0,0,0,0,0
42,565,12,15,1,64,0,0,1,0,0
37,648,14,10,1,70,0,1,0,0,0
25,760,7,7,1,81,0,0,0,0,0
23,657,1,4,1,58,0,0,0,0,0
42,727,4,5,0,89,0,0,0,0,0
24,660,3,5,1,66,0,1,0,0,0
28,625,2,4,1,71,1,0,0,0,0
45,615,2,3,0,61,0,0,1,0,0
35,825,2,3,1,79,0,0,1,0,0
44,667,3,2,1,66,0,0,0,0,0
44,573,2,6,1,72,1,1,0,0,0
29,676,10,12,1,70,0,0,0,0,0
25,463,7,9,0,80,0,0,1,0,0
31,704,11,12,1,55,0,0,0,0,0
30,733,14,14,1,81,0,1,0,1,1
30,860,14,15,1,53,0,0,0,0,0
39,706,13,10,1,71,0,0,1,0,0
35,818,11,11,1,69,1,0,1,0,0
33,828,3,6,1,78,1,0,0,0,0
27,835,3,6,1,80,0,0,1,0,0
42,788,13,11,0,74,0,0,0,0,0
28,680,8,8,1,60,1,0,1,0,0
35,622,12,12,1,65,0,1,0,0,0
24,888,2,6,0,100,1,1,0,1,1
40,844,14,15,1,62,1,1,0,0,1
38,754,4,4,0,71,1,0,0,0,0
37,709,14,14,1,78,0,0,1,0,0
43,842,13,11,1,63,1,0,0,0,0
42,758,4,4,1,81,0,1,1,0,0
32,555,4,4,1,59,0,0,0,0,0
25,703,9,10,1,99,0,0,1,1,1
42,706,14,14,0,81,0,1,0,1,1
22,770,5,4,0,73,0,0,0,0,0
25,791,7,7,1,83,0,0,0,0,0
43,559,4,5,0,69,0,0,1,0,0
22,475,3,3,1,81,0,0,0,1,0
23,640,2,2,1,80,0,0,0,0,0
25,698,8,10,1,62,0,0,0,0,0
25,502,9,10,1,71,1,1,0,0,0
45,761,12,10,0,72,0,0,0,0,0
42,664,11,13,1,99,1,0,0,0,1
38,659,3,3,1,79,1,0,0,0,0
25,543,9,12,0,72,1,0,0,0,0
33,623,2,6,1,78,0,0,0,0,0
42,721,13,10,1,82,0,0,1,0,0
24,705,3,5,1,86,0,0,0,1,0
41,638,13,14,1,74,0,0,0,0,0
32,701,14,14,1,80,1,0,0,0,0
39,657,3,6,0,74,1,1,0,0,0
42,708,14,14,0,78,0,0,1,0,0
42,683,4,2,1,80,0,0,0,0,0
30,727,3,3,1,75,1,0,0,0,0
40,653,4,2,1,77,1,0,0,0,0
28,669,6,7,1,60,0,0,0,0,0
24,827,3,2,1,80,0,0,0,0,0
43,814,11,15,1,89,0,0,0,1,1
39,854,12,11,1,78,0,1,0,0,0
22,674,2,5,1,89,0,0,0,1,0
39,690,2,3,1,67,0,0,0,0,0
43,654,14,15,1,80,0,0,0,0,0
35,753,3,5,1,75,0,0,1,0,0
41,606,3,4,1,70,0,0,0,0,0
36,911,12,12,0,73,1,0,0,0,1
30,671,13,11,1,81,0,1,0,0,0
36,701,13,13,0,80,0,0,0,0,0
43,720,3,2,0,67,0,0,1,0,0
36,702,2,4,1,74,0,0,1,0,0
25,806,9,10,0,63,0,1,1,0,0
36,714,3,5,1,62,1,0,0,0,0
37,799,2,5,0,65,1,1,0,0,0
37,708,12,14,1,81,0,0,0,0,0
26,706,9,7,1,73,0,0,1,0,0
45,764,12,15,0,73,1,0,0,0,0
32,884,2,6,1,62,0,0,1,0,0
42,674,3,6,1,90,0,0,1,0,0
25,719,2,2,1,84,0,1,0,0,0
22,756,4,2,1,68,0,1,0,0,0
34,767,4,3,0,80,0,0,0,0,0
36,677,13,14,0,65,0,0,0,0,0
45,633,14,11,0,58,0,0,0,0,0
38,846,3,3,1,76,0,0,1,0,0
34,613,4,5,1,76,0,0,0,0,0
34,732,2,4,1,79,0,0,0,0,0
42,855,4,6,1,59,0,0,0,0,0
44,811,11,12,1,72,0,1,0,0,1
40,678,3,5,1,64,0,0,1,0,0
26,630,1,4,1,66,0,1,0,0,0
34,655,4,6,1,77,1,1,0,0,0
22,821,1,4,1,83,0,0,0,1,0
43,573,11,11,1,73,0,0,1,0,0
37,859,2,3,1,76,1,0,0,0,0
37,609,14,13,1,82,0,1,1,0,1
34,660,4,2,1,89,0,0,0,0,0
27,432,7,12,1,77,0,0,0,0,0
34,718,3,2,0,78,0,0,0,0,0
24,810,4,4,1,78,1,0,0,0,0
32,611,4,5,1,72,0,0,1,0,0
25,600,9,7,0,63,0,1,1,0,0
45,850,4,6,0,81,0,0,0,0,0
45,691,3,5,0,86,0,0,1,1,0
45,498,12,10,1,66,0,0,0,0,0
30,465,3,4,0,64,0,0,0,0,0
23,814,2,4,0,69,0,0,0,0,0
42,671,13,15,1,83,0,0,0,0,0
30,718,14,13,1,66,0,0,0,0,0
37,730,2,2,0,82,0,0,0,1,0
44,815,12,14,1,68,1,1,0,0,1
28,583,7,8,1,78,0,0,0,0,0
32,796,13,15,0,87,0,0,0,0,1
31,706,12,14,1,96,1,0,0,1,1
41,799,3,6,1,71,0,0,0,0,0
32,675,11,12,1,91,0,0,0,0,1
38,551,13,12,1,72,1,1,0,0,0
23,684,4,4,0,65,0,0,0,0,0
25,845,8,8,1,64,0,0,0,0,0
43,681,2,2,1,86,0,1,0,0,0
28,821,10,15,0,70,0,0,0,0,0
41,704,13,12,1,89,0,0,0,1,1
40,783,4,3,1,95,0,0,1,0,0
38,845,3,6,1,68,0,0,0,0,0
37,630,4,3,0,64,1,0,1,0,0
45,837,11,13,1,82,0,1,0,0,1
26,851,3,2,1,74,0,0,0,0,0
32,722,3,3,1,68,0,0,0,0,0
42,886,4,5,1,82,0,0,0,0,0
23,721,5,2,1,73,0,0,0,0,0
41,789,14,14,1,77,0,0,0,0,0
42,499,11,15,1,72,0,0,0,0,0
43,556,3,2,0,77,1,1,0,0,0
35,795,3,5,1,59,0,0,0,0,0
39,667,2,5,1,94,0,1,0,0,0
22,614,2,3,1,73,0,0,0,0,0
33,649,13,13,1,75,0,0,0,0,0
42,695,13,14,0,72,0,0,0,0,0
45,671,13,11,1,77,0,0,0,0,0
26,665,10,14,1,45,1,0,1,0,0
33,765,13,12,1,75,0,0,0,0,0
42,863,2,3,1,76,1,0,1,0,0
36,671,3,4,1,73,0,0,1,0,0
33,642,3,5,1,74,0,0,0,0,0
30,756,13,10,0,89,0,0,0,0,0
37,618,14,11,1,75,0,0,0,0,0
29,651,2,6,1,85,0,0,0,1,0
30,782,12,13,0,77,1,0,0,0,0
45,594,2,5,1,77,0,0,1,0,0
43,637,11,12,0,75,0,0,1,0,0
27,557,8,8,0,55,0,0,0,0,0
43,768,11,10,1,57,1,0,0,0,0
42,694,2,2,1,90,1,0,0,1,0
42,709,2,6,1,62,0,0,0,0,0
43,692,3,5,1,74,0,0,0,0,0
31,804,4,5,0,99,0,0,0,0,0
28,779,7,9,1,71,0,1,0,0,0
42,755,11,15,1,61,0,0,1,0,0
32,815,4,6,1,71,0,0,0,0,0
24,821,1,4,0,73,0,0,0,0,0
38,784,2,5,1,91,0,0,0,0,0
45,823,3,2,0,68,1,1,0,0,0
36,522,3,6,1,70,1,1,0,0,0
40,871,11,11,1,90,0,0,1,0,1
43,512,11,11,0,61,0,0,0,0,0
32,799,13,11,0,73,0,0,0,0,0
42,722,14,14,1,80,0,0,0,0,0
32,638,4,3,0,66,1,0,0,0,0
41,748,11,13,1,78,0,1,1,0,1
37,739,3,4,1,77,0,0,1,0,0
23,696,1,6,1,91,0,0,0,1,0
29,608,1,4,0,83,0,1,0,1,0
44,730,2,6,1,72,0,0,1,0,0
36,777,14,10,0,84,0,0,0,0,0
27,697,2,2,1,85,0,0,1,0,0
38,757,13,13,1,72,0,0,0,0,0
45,591,13,11,1,56,0,0,0,0,0
36,730,4,5,1,76,0,0,0,0,0
34,864,11,13,1,100,0,1,0,1,1
38,625,13,12,1,77,0,0,0,0,0
35,609,14,10,1,67,0,0,0,0,0
36,633,3,6,1,76,0,0,1,0,0
25,600,8,7,1,57,0,0,1,0,0
38,685,12,11,0,66,0,0,0,0,0
40,829,4,4,1,63,0,1,0,0,0
37,742,4,2,1,69,0,1,0,0,0
42,729,14,14,1,81,1,0,0,0,0
39,567,13,12,0,76,1,0,1,0,0
38,788,2,5,1,65,1,0,0,0,0
25,787,7,12,1,77,0,0,0,0,0
29,667,2,5,1,56,0,0,0,0,0
41,545,11,15,0,76,0,1,0,0,0
33,605,13,15,1,72,0,0,0,0,0
36,704,3,5,1,81,0,1,0,0,0
25,729,6,9,1,86,0,1,1,1,1
40,625,13,11,1,76,0,0,1,0,0
44,797,12,10,1,99,0,0,0,1,1
28,697,8,9,1,73,1,0,0,0,0
35,846,4,2,1,64,0,0,0,0,0
27,811,2,6,1,76,0,0,1,0,0
27,659,2,5,1,65,0,0,0,0,0
25,751,2,2,1,71,0,0,0,0,0
32,697,14,11,1,71,0,0,0,0,0
38,840,4,4,0,74,0,0,1,0,0
22,875,3,5,1,69,0,1,0,0,0
44,531,12,13,1,89,0,0,1,0,1
43,758,12,15,1,70,0,0,0,0,0
29,710,8,8,1,71,0,0,0,0,0
34,633,14,13,1,74,0,1,0,0,0
36,813,12,13,1,76,0,0,0,0,0
31,690,4,2,1,80,0,0,0,0,0
24,558,2,6,1,58,0,0,0,0,0
34,950,4,2,1,81,0,0,0,1,0
22,747,3,6,1,83,0,0,0,1,0
38,567,2,2,0,69,0,0,0,0,0
38,565,3,4,0,72,0,0,0,0,0
39,634,4,6,1,59,1,0,0,0,0
34,539,3,4,1,81,1,0,0,0,0
42,847,4,5,0,84,0,0,0,1,0
37,613,14,15,0,75,0,0,0,0,0
40,731,3,3,0,88,0,0,0,0,0
24,633,2,5,1,79,1,0,0,0,0
36,888,2,2,1,74,0,0,0,0,0
44,654,3,6,0,69,1,0,0,0,0
28,892,9,12,0,69,0,1,0,0,0
29,654,1,5,1,90,0,0,1,0,0
34,698,4,2,1,68,0,1,1,0,0
41,554,4,2,1,79,0,0,0,0,0
30,490,14,12,0,100,0,1,1,0,1
28,671,1,5,1,80,1,0,0,0,0
39,777,3,2,1,71,0,0,0,0,0
24,826,2,3,1,77,0,1,1,0,0
42,376,12,11,1,57,0,1,0,0,0
30,684,3,6,1,79,0,0,0,0,0
34,697,3,3,1,65,1,0,1,0,0
22,751,3,2,1,79,0,0,0,0,0
31,861,14,14,1,61,0,0,0,0,0
26,539,7,10,1,89,0,0,0,1,0
45,612,14,10,1,89,0,1,0,1,1
32,726,11,10,1,79,0,0,0,0,0
39,568,2,6,0,64,0,0,0,0,0
40,768,13,10,0,68,0,0,0,0,0
26,731,2,2,1,74,1,0,0,0,0
29,719,7,12,1,70,0,1,1,0,0
29,667,9,12,1,80,0,0,0,0,0
41,689,11,11,1,63,0,0,0,0,0
27,487,3,6,1,71,0,0,0,0,0
34,601,2,5,0,76,0,0,0,0,0
22,684,1,6,1,70,0,1,1,0,0
41,653,12,14,1,81,0,1,1,1,1
28,843,1,3,1,88,0,0,1,1,0
27,790,7,8,1,81,0,0,0,1,0
28,595,2,6,1,84,0,0,1,0,0
22,697,2,4,0,70,0,0,0,0,0
38,758,11,12,1,61,0,0,0,0,0
27,855,9,10,1,78,0,0,0,0,0
36,689,14,10,0,70,0,0,0,0,0
26,799,2,6,1,89,0,0,0,1,0
36,873,11,13,1,62,0,0,0,0,0
36,611,4,3,1,70,0,0,0,0,0
23,650,3,2,1,83,0,0,0,1,0
24,610,4,6,1,61,0,0,1,0,0
41,947,3,3,1,51,1,0,0,0,0
28,638,8,8,1,72,0,0,0,0,0
36,766,11,12,1,76,0,0,0,0,0
36,732,2,3,1,82,1,0,0,0,0
24,627,2,5,1,87,0,0,0,1,0
23,516,3,5,1,72,0,0,0,0,0
28,737,7,8,1,71,1,0,1,0,0
34,652,2,5,0,66,0,0,1,0,0
33,614,12,13,1,59,1,0,0,0,0
38,813,4,6,1,74,0,0,0,0,0
23,783,3,5,1,79,0,0,0,0,0
28,699,10,15,1,63,0,0,1,0,0
41,586,12,10,1,87,0,1,0,0,0
33,717,4,3,1,64,0,0,0,0,0
45,574,4,3,1,73,0,1,0,0,0
41,895,4,5,1,84,0,0,0,0,0
27,670,1,6,1,88,0,0,0,1,0
29,688,9,10,1,75,0,1,1,0,0
34,706,2,6,0,84,0,0,0,1,0
33,725,2,6,1,59,0,1,0,0,0
44,592,3,5,1,75,0,0,0,0,0
31,687,12,11,0,72,0,0,0,0,0
37,736,12,11,1,80,1,1,0,0,0
27,772,2,3,1,65,0,0,0,0,0
31,566,14,11,1,65,0,0,0,0,0
28,722,8,9,1,72,0,0,0,0,0
23,838,4,6,1,49,0,0,0,0,0
26,523,7,10,1,79,0,0,0,0,0
27,601,6,9,0,69,0,0,0,0,0
26,560,1,6,1,75,0,1,0,0,0
23,598,5,6,1,80,0,1,1,0,0
23,740,5,3,1,74,0,0,1,0,0
22,769,1,4,1,69,0,0,0,0,0
24,654,3,3,1,70,0,0,0,0,0
25,694,9,12,1,70,0,0,0,0,0
41,851,2,4,1,64,0,0,0,0,0
27,646,2,2,1,76,0,0,0,0,0
25,636,1,3,1,61,0,0,0,0,0
40,468,14,10,1,74,0,1,1,0,0
44,626,3,2,1,73,0,0,1,0,0
40,787,2,3,1,69,0,0,1,0,0
29,815,10,11,1,67,0,0,1,0,0
31,594,12,14,1,67,0,0,1,0,0
42,613,12,13,1,76,0,0,0,0,0
26,555,8,10,1,85,0,0,0,1,0
29,734,9,11,0,69,0,0,1,0,0
24,807,4,3,1,73,0,0,0,0,0
37,564,14,14,1,80,0,1,0,0,0
44,678,3,5,1,80,0,0,0,0,0
44,831,14,13,0,65,1,0,0,0,0
44,650,3,5,0,53,1,0,0,0,0
30,768,12,11,1,67,0,0,0,0,0
32,557,14,15,1,71,0,0,0,0,0
39,703,2,3,0,72,0,0,1,0,0
28,828,1,5,1,73,0,1,0,0,0
27,586,8,11,1,69,0,0,0,0,0
30,778,4,5,1,58,0,1,0,0,0
32,452,12,13,1,73,0,0,0,0,0
38,609,3,4,1,65,0,0,0,0,0
32,934,12,13,0,73,0,0,0,0,0
38,756,3,3,1,83,1,0,1,0,0
27,843,3,3,1,100,0,0,1,1,0
30,950,11,12,1,85,0,0,0,0,1
34,462,14,15,1,87,0,0,1,1,1
35,806,13,12,1,58,0,0,0,0,0
25,763,1,4,1,75,0,0,0,0,0
24,770,2,4,1,70,0,1,1,0,0
42,734,2,6,1,68,0,0,1,0,0
38,844,4,5,0,84,0,0,0,0,0
28,764,1,4,1,89,0,0,0,1,0
37,841,14,13,1,65,1,0,1,0,1
33,607,12,13,1,80,1,0,0,0,0
44,818,13,10,0,96,0,0,1,1,1
40,599,3,4,1,91,0,0,1,0,0
45,685,12,14,1,81,0,0,0,0,0
31,650,14,15,1,65,0,0,1,0,0
28,710,3,2,1,84,0,0,0,0,0
23,797,2,4,1,59,0,0,0,0,0
42,680,14,14,1,88,0,0,0,0,1
40,794,12,14,1,65,0,0,0,0,0
40,567,14,15,1,54,0,0,0,0,0
26,715,6,11,1,92,0,0,1,1,0
41,624,11,13,0,75,0,0,0,0,0
43,685,3,2,0,65,0,0,1,0,0
27,678,3,6,1,78,0,0,0,0,0
37,876,2,5,1,89,0,0,0,1,0
45,763,4,5,1,72,0,0,0,0,0
24,822,1,6,1,77,0,0,1,0,0
26,743,1,5,1,64,0,0,0,0,0
39,806,11,10,1,69,0,1,0,0,0
25,789,8,8,1,76,0,1,0,0,0
24,753,3,4,1,69,0,0,0,0,0
45,801,2,3,0,97,0,1,0,0,0
39,736,11,14,1,75,0,0,0,0,0
25,910,1,4,1,70,0,0,0,0,0
45,667,12,12,1,77,1,0,1,0,1
41,653,2,5,1,82,0,0,0,1,0
37,561,4,3,0,74,0,1,0,0,0
33,590,13,10,1,60,0,0,0,0,0
40,769,13,13,1,89,0,0,0,0,1
43,574,13,15,0,60,0,1,0,0,0
36,775,14,10,0,76,0,1,0,0,0
43,451,11,15,1,74,0,1,0,0,0
27,697,3,3,1,70,0,1,1,0,0
34,647,13,11,1,82,0,0,0,0,0
45,730,3,2,0,75,0,0,0,0,0
34,819,11,12,1,67,1,1,0,0,1
38,713,2,6,1,73,0,0,0,0,0
39,675,3,6,1,71,0,0,0,0,0
31,693,14,12,1,73,0,0,0,0,0
22,473,3,6,1,73,0,0,1,0,0
43,731,4,2,1,56,0,0,1,0,0
33,696,14,14,0,82,1,0,0,0,0
44,776,3,5,1,81,0,0,0,1,0
30,912,2,6,1,96,0,0,1,0,0
22,706,2,6,1,84,1,0,0,0,0
28,701,2,3,1,65,0,0,0,0,0
23,686,1,2,0,64,0,0,0,0,0
27,656,9,9,1,90,0,0,0,1,0
41,801,11,15,1,71,0,1,0,0,1
33,838,11,15,1,70,0,0,0,0,0
23,655,4,5,1,66,0,1,1,0,0
43,627,4,3,1,74,0,0,1,0,0
22,692,1,6,1,66,1,0,0,0,0
41,720,2,6,1,68,0,0,0,0,0
37,819,13,11,1,92,0,0,0,1,1
27,774,6,8,1,91,0,0,0,0,0
24,606,3,4,1,55,0,0,0,0,0
35,636,4,2,0,70,0,1,0,0,0
38,662,3,2,1,61,0,0,1,0,0
44,842,12,14,1,81,0,0,0,0,0
22,783,1,3,1,76,0,0,0,0,0
23,621,2,4,1,80,1,0,0,0,0
33,849,3,3,1,73,0,0,0,0,0
33,639,3,5,1,83,1,1,0,1,0
41,668,13,10,1,72,0,0,1,0,0
43,655,12,15,1,77,0,0,0,0,0
44,678,11,12,1,73,0,0,0,0,0
29,608,1,6,1,64,0,0,0,0,0
33,806,2,4,1,65,0,0,0,0,0
43,637,13,11,1,69,0,0,0,0,0
45,746,14,13,0,71,0,1,0,0,0
36,585,2,5,1,80,0,0,0,0,0
36,803,11,10,1,80,0,1,0,0,0
23,582,1,5,1,75,0,1,0,0,0
41,609,2,3,0,86,0,0,1,0,0
39,411,3,4,1,69,0,0,1,0,0
26,849,8,7,1,79,1,0,0,0,0
39,823,4,2,1,53,0,0,0,0,0
25,545,1,3,1,76,0,0,0,0,0
39,885,14,15,1,70,0,1,0,0,1
28,705,3,3,1,77,0,0,0,0,0
33,613,2,3,1,73,0,1,0,0,0
29,685,2,5,1,66,0,0,0,0,0
43,703,2,6,1,67,0,0,0,0,0
28,909,1,5,0,75,0,0,0,0,0
28,804,10,15,1,77,1,0,0,0,1
36,667,12,11,1,90,0,0,0,1,1
30,559,2,3,1,75,1,0,0,0,0
43,877,4,2,1,62,0,0,0,0,0
26,835,3,2,1,73,0,0,0,0,0
41,741,14,11,1,65,0,0,0,0,0
31,693,4,4,1,54,0,0,0,0,0
30,728,3,3,1,80,0,0,0,0,0
27,759,6,12,0,67,0,0,0,0,0
31,697,3,6,1,70,0,0,1,0,0
24,576,1,5,1,85,0,0,1,0,0
43,787,2,2,1,55,0,0,1,0,0
35,545,14,11,1,100,0,0,0,1,1
42,655,11,14,1,67,1,0,0,0,0
23,644,2,4,1,68,0,0,0,0,0
40,616,3,5,0,70,0,0,0,0,0
23,767,5,6,1,57,0,0,0,0,0
43,632,2,5,0,75,0,0,0,0,0
42,676,2,2,1,77,1,0,0,0,0
41,665,14,11,1,77,0,0,0,0,0
32,855,4,6,1,76,0,0,0,0,0
36,539,14,10,1,77,0,0,0,0,0
30,464,14,14,1,95,0,0,0,1,1
24,593,2,2,1,75,0,0,0,0,0
22,737,5,6,0,67,0,1,0,0,0
24,668,4,4,0,62,0,0,0,0,0
40,745,12,13,1,84,0,0,0,1,1
39,636,3,2,1,74,0,0,0,0,0
29,684,8,12,1,83,1,0,0,0,0
34,597,3,4,1,74,0,1,0,0,0
32,777,4,5,0,77,0,0,0,0,0
26,709,9,9,0,60,1,1,0,0,0
30,630,4,3,1,83,1,0,1,1,0
42,641,2,5,0,88,0,0,0,1,0
35,750,4,5,1,64,0,1,0,0,0
32,736,13,15,0,65,0,1,0,0,0
36,787,3,2,1,70,0,0,1,0,0
28,716,2,6,1,73,0,0,0,0,0
45,525,2,2,1,80,0,0,0,0,0
31,655,2,4,1,63,0,0,1,0,0
45,884,14,13,1,56,0,0,0,0,0
45,879,4,6,1,64,0,0,1,0,0
29,532,7,7,1,65,0,0,0,0,0
23,647,4,5,1,79,0,0,0,0,0
28,543,3,6,0,63,0,0,0,0,0
34,646,4,2,1,88,0,0,0,0,0
40,770,4,5,0,100,0,0,0,1,0
28,559,9,7,1,91,1,0,0,1,0
22,615,4,3,1,92,1,0,0,0,0
31,721,2,6,0,60,0,1,0,0,0
39,687,3,3,1,71,0,0,0,0,0
39,705,3,4,1,77,0,0,0,0,0
44,629,4,5,1,59,0,0,0,0,0
33,698,11,12,1,73,0,0,0,0,0
42,645,3,3,1,86,0,0,1,1,0
44,639,14,11,1,67,0,0,0,0,0
31,669,14,13,0,76,0,0,0,0,0
28,810,3,3,1,58,1,1,0,0,0
33,803,3,4,1,82,0,1,1,0,0
45,786,2,2,1,71,0,0,0,0,0
39,662,2,4,1,86,1,0,0,0,0
39,592,4,6,0,98,0,1,0,1,0
37,690,13,15,0,63,0,0,0,0,0
37,793,2,6,1,64,0,0,1,0,0
34,549,3,2,1,87,0,0,0,0,0
34,660,3,3,1,71,0,0,0,0,0
38,743,4,3,1,72,0,1,0,0,0
22,654,1,4,1,80,0,0,1,0,0
32,846,11,14,1,75,1,0,1,0,1
38,836,2,4,1,70,0,0,0,0,0
31,866,11,10,1,64,0,1,0,0,0
39,806,4,3,1,48,1,0,0,0,0
23,598,1,3,1,63,0,1,1,0,0
35,580,14,13,1,90,0,0,1,0,1
28,678,6,10,0,76,1,0,1,0,0
40,580,2,5,1,91,0,0,0,0,0
30,854,12,14,1,60,0,0,0,0,0
33,718,13,13,0,75,0,0,0,0,0
43,709,13,14,1,87,0,0,0,1,1
30,745,3,2,1,63,0,0,0,0,0
30,674,14,10,1,70,0,0,0,0,0
28,610,6,10,1,58,0,0,1,0,0
24,717,4,5,0,73,0,0,0,0,0
41,641,13,14,1,67,1,1,0,0,0
39,758,4,5,1,72,0,0,0,0,0
35,732,13,14,1,75,0,0,0,0,0
34,700,4,4,1,75,0,0,0,0,0
27,786,1,5,0,60,0,0,1,0,0
43,867,14,12,1,80,0,0,0,0,0
45,802,4,6,1,71,0,1,0,0,0
41,766,2,5,1,74,0,0,0,0,0
30,688,3,4,1,75,0,0,0,0,0
23,634,2,4,0,73,0,0,0,0,0
35,704,4,3,0,70,0,0,0,0,0
33,630,12,12,1,79,0,0,1,0,0
30,677,2,6,0,81,0,0,0,0,0
40,685,3,5,1,67,0,0,0,0,0
30,471,14,15,0,77,0,0,0,0,0
44,765,11,11,1,88,1,1,0,1,1
35,730,12,14,1,59,0,1,0,0,0
43,613,3,6,0,57,1,0,0,0,0
41,596,3,6,1,53,0,0,1,0,0
32,734,11,13,1,89,0,0,0,1,1
29,769,2,4,0,74,1,0,1,0,0
34,708,3,5,0,83,0,0,0,0,0
35,837,14,10,1,97,1,0,0,0,1
23,718,1,2,1,76,0,1,0,0,0
36,704,12,11,1,63,0,0,0,0,0
26,692,2,5,0,62,0,0,0,0,0
23,565,2,2,0,76,1,0,0,0,0
25,818,1,3,0,71,0,1,0,0,0
25,802,1,5,0,76,1,0,0,0,0
36,661,4,5,1,78,1,0,1,0,0
31,680,13,15,1,78,0,1,0,0,0
32,660,4,6,0,78,0,0,0,0,0
22,635,1,2,1,77,1,0,0,0,0
35,595,14,10,1,68,1,0,0,0,0
42,786,14,10,1,68,0,0,0,0,0
22,837,2,6,1,67,0,0,0,0,0
28,741,1,3,1,80,0,0,1,0,0
27,848,9,8,1,63,1,1,1,0,0
42,882,11,15,1,66,0,0,0,0,0
35,815,14,14,1,91,1,0,1,0,1
30,816,12,13,1,55,0,0,0,0,0
41,883,12,12,1,68,1,0,0,0,0
41,625,14,12,1,86,0,0,0,1,1
36,623,2,3,1,67,0,0,0,0,0
42,760,3,2,1,59,0,1,1,0,0
41,855,12,12,1,72,0,0,0,0,0
23,776,2,5,1,79,0,1,1,0,0
45,798,4,5,0,71,1,0,0,0,0
33,692,14,14,1,71,1,1,1,0,1
23,718,1,6,0,94,0,0,0,1,0
34,722,2,5,0,69,0,1,0,0,0
31,749,14,11,1,89,1,0,1,0,1
24,759,2,2,1,70,0,0,0,0,0
45,881,4,3,1,70,0,1,1,0,0
41,712,14,15,1,73,0,0,0,0,0
30,664,12,10,1,68,0,0,0,0,0
36,596,2,6,0,74,1,0,0,0,0
25,680,7,7,0,73,0,1,0,0,0
39,889,12,15,1,70,0,1,0,0,1
28,634,2,3,1,58,0,0,0,0,0
34,725,13,15,1,73,1,0,0,0,0
26,708,7,7,1,67,0,1,0,0,0
42,740,12,11,1,60,0,0,0,0,0
23,793,1,2,1,92,0,0,1,0,0
40,719,3,2,1,71,1,1,0,0,0
27,850,7,10,1,63,0,1,0,0,0
35,828,14,14,1,62,0,0,0,0,0
28,652,3,6,1,87,0,0,1,0,0
37,500,11,11,1,67,0,0,0,0,0
33,670,11,13,1,92,0,1,0,1,1
28,658,6,8,0,66,0,0,0,0,0
44,722,12,11,0,88,0,0,0,1,1
43,685,14,14,1,85,1,0,0,0,1
33,828,3,3,0,69,0,0,0,0,0
32,630,4,5,1,70,0,0,0,0,0
41,688,4,3,1,72,0,1,0,0,0
42,667,11,14,0,90,0,1,0,0,1
40,844,14,14,1,93,1,0,0,1,1
45,867,12,14,1,98,0,0,0,1,1
32,746,4,5,0,42,1,0,0,0,0
27,703,7,10,1,72,0,0,1,0,0
33,689,2,4,1,66,0,1,1,0,0
40,559,3,3,1,98,0,1,0,0,0
33,774,2,4,1,82,0,0,0,0,0
28,817,1,5,0,79,1,0,0,0,0
44,581,3,5,1,85,1,0,1,0,0
36,542,3,2,0,66,1,0,0,0,0
29,509,2,3,1,67,0,0,0,0,0
25,661,6,9,1,80,1,0,0,0,0
29,750,2,5,1,61,0,1,0,0,0
35,530,2,2,1,74,0,0,0,0,0
31,684,13,10,1,70,1,1,0,0,0
30,569,2,5,0,73,0,0,0,0,0
34,665,13,11,1,67,0,0,1,0,0
34,608,13,14,1,63,1,0,0,0,0
39,617,13,10,1,73,0,0,0,0,0
23,882,3,4,1,81,0,1,0,0,0
34,778,2,6,0,72,0,0,0,0,0
45,713,2,4,1,40,0,1,0,0,0
30,586,2,3,0,97,0,0,0,1,0
38,598,2,2,1,81,0,0,0,0,0
33,646,3,3,1,75,0,0,0,0,0
30,831,13,10,1,80,0,0,0,0,0
35,765,4,3,1,61,0,0,0,0,0
43,723,2,6,1,67,1,0,0,0,0
37,924,13,15,1,99,1,0,0,1,1
38,536,11,14,1,66,0,0,0,0,0
34,673,3,4,1,74,0,0,0,0,0
33,816,11,14,1,71,0,0,1,0,1
36,651,3,5,1,80,0,0,0,0,0
37,722,12,10,1,79,1,0,0,0,0
24,717,2,4,1,100,1,0,0,1,0
30,726,2,5,1,84,0,0,0,0,0
32,788,14,14,1,74,0,0,0,0,0
40,758,3,6,1,84,0,0,0,1,0
30,572,2,5,1,62,0,0,0,0,0
41,854,3,6,1,64,0,0,0,0,0
43,542,4,4,1,58,1,0,1,0,0
36,540,14,13,1,67,0,0,0,0,0
27,652,1,6,1,83,0,0,0,1,0
31,801,12,13,1,55,1,0,1,0,1
43,728,13,13,1,73,0,0,0,0,0
42,654,13,14,1,77,1,0,0,0,0
45,736,4,3,0,75,0,0,0,0,0
35,763,4,5,0,68,0,0,1,0,0
34,557,14,12,1,74,0,1,0,0,0
43,834,2,6,1,62,0,0,0,0,0
45,714,3,6,1,66,0,0,0,0,0
36,717,14,14,1,68,0,1,0,0,0
38,607,2,6,1,95,0,0,0,0,0
41,699,4,3,0,55,0,0,0,0,0
24,828,2,5,0,88,1,0,1,0,0
23,779,1,2,1,86,0,0,1,0,0
25,760,10,13,1,53,0,1,0,0,0
31,840,4,2,1,67,0,0,0,0,0
23,711,3,5,1,78,0,0,1,0,0
37,711,3,4,1,70,0,0,1,0,0
30,839,2,5,1,95,0,0,0,0,0
27,481,9,9,1,81,0,0,0,1,0
24,723,3,4,0,61,0,0,0,0,0
38,695,3,6,0,72,0,0,0,0,0
27,672,2,6,1,71,0,0,0,0,0
41,673,2,6,1,81,0,0,0,1,0
38,746,12,13,1,94,0,0,0,0,1
24,869,3,2,1,84,0,0,0,1,0
26,726,7,7,1,75,0,0,0,0,0
25,639,1,3,1,86,0,0,0,1,0
22,684,3,6,1,75,1,0,0,0,0
36,789,4,5,1,67,0,1,0,0,0
44,696,3,4,1,75,0,0,0,0,0
24,821,2,6,1,68,0,1,0,0,0
44,515,14,12,0,92,0,0,0,0,0
39,689,12,11,1,61,1,1,0,0,0
37,756,12,12,1,70,1,0,0,0,0
26,631,7,11,1,82,0,0,0,0,0
23,607,2,6,1,71,0,1,0,0,0
31,755,14,10,0,80,0,1,0,0,0
38,658,11,11,0,71,0,1,0,0,0
32,749,14,15,0,78,0,1,0,0,0
45,658,2,2,1,71,0,0,0,0,0
37,790,13,12,1,67,0,0,1,0,0
39,722,12,11,1,82,0,0,0,1,0
31,517,14,14,1,87,1,0,0,1,1
44,702,14,15,1,79,0,0,0,0,0
45,711,11,11,1,84,0,0,0,0,0
41,742,14,12,1,77,0,0,0,0,0
29,638,1,2,1,82,0,1,0,0,0
42,566,4,4,1,79,0,0,0,0,0
23,615,1,6,1,77,0,0,0,0,0
34,628,14,14,1,78,0,0,0,0,0
30,726,12,13,1,58,0,1,0,0,0
30,733,12,10,1,73,0,0,0,0,0
26,788,7,12,1,78,0,0,1,0,0
32,623,3,2,1,59,0,0,0,0,0
29,805,1,4,1,75,0,0,0,0,0
34,580,2,5,1,76,0,0,0,0,0
35,582,12,12,1,89,0,1,0,1,1
27,743,2,6,0,79,0,0,0,0,0
28,717,3,3,1,60,0,0,0,0,0
40,648,4,5,1,85,0,0,0,0,0
28,778,1,4,1,72,0,0,0,0,0
44,620,4,5,1,78,0,0,0,0,0
35,586,14,10,1,62,0,0,1,0,0
30,950,12,11,1,66,0,0,0,0,0
29,631,2,6,1,78,1,0,0,0,0
34,780,12,10,1,70,0,1,0,0,0
36,498,2,4,1,90,0,1,0,0,0
28,611,6,12,1,65,0,0,0,0,0
39,718,14,11,1,68,0,0,0,0,0
41,831,4,3,0,82,1,1,0,1,0
37,472,4,5,1,71,0,0,0,0,0
22,471,2,3,1,82,0,0,0,1,0
26,696,3,4,0,78,0,0,1,0,0
25,753,1,5,0,95,0,0,0,1,0
32,525,11,14,1,79,0,0,0,0,0
25,623,3,6,1,74,0,0,1,0,0
26,599,7,7,0,55,0,0,0,0,0
32,836,14,13,1,74,0,0,0,0,0
26,694,2,5,1,75,0,0,0,0,0
42,721,3,6,1,75,0,0,0,0,0
39,753,3,4,1,81,0,0,0,1,0
40,727,11,10,1,85,0,0,0,1,1
39,650,4,6,0,74,0,1,0,0,0
24,792,3,3,1,73,0,0,0,0,0
30,663,3,6,1,56,0,0,0,0,0
28,902,1,5,0,82,0,0,0,1,0
37,592,3,3,1,81,0,0,0,0,0
27,642,7,10,1,65,0,0,1,0,0
26,783,7,8,0,87,0,0,0,1,0
45,718,14,14,1,66,0,0,0,0,0
37,789,4,2,1,81,1,0,0,0,0
44,622,14,11,0,72,0,0,0,0,0
42,859,3,4,1,69,1,0,1,0,0
42,636,4,2,1,64,0,1,0,0,0
39,710,12,12,1,81,0,0,1,1,1
26,608,2,6,0,67,1,1,0,0,0
31,778,2,2,1,81,0,0,1,1,0
31,629,2,2,0,76,0,0,0,0,0
42,709,4,3,1,75,0,0,0,0,0
27,764,9,7,1,70,0,1,1,0,0
24,770,2,6,1,77,1,0,0,0,0
34,592,13,15,0,91,0,0,1,1,1
38,754,3,3,1,79,0,0,0,0,0
40,700,2,3,1,73,0,0,0,0,0
35,780,3,5,0,78,0,1,0,0,0
26,613,10,10,0,52,1,0,0,0,0
22,738,1,6,1,68,0,0,0,0,0
30,767,4,3,0,67,0,0,0,0,0
24,855,1,6,1,68,0,0,0,0,0
29,753,2,5,1,77,1,1,0,0,0
30,708,14,10,1,85,0,1,0,0,0
23,583,4,3,1,74,1,1,0,0,0
28,763,1,4,1,72,0,1,0,0,0
23,812,3,5,1,78,0,0,1,0,0
23,693,5,2,0,94,0,0,0,1,0
23,649,2,3,1,73,0,0,0,0,0
24,790,3,2,1,83,0,0,1,1,0
38,815,11,11,1,95,0,0,0,1,1
37,575,12,10,1,79,0,0,0,0,0
45,843,14,13,1,59,0,0,0,0,0
31,672,4,4,0,56,0,0,0,0,0
28,559,2,4,1,79,0,0,0,0,0
23,700,1,2,1,70,0,0,0,0,0
28,672,1,5,1,72,1,0,0,0,0
38,884,13,11,1,66,0,0,0,0,0
25,608,9,9,1,74,0,1,0,0,0
31,700,3,4,1,79,0,0,1,0,0
44,640,13,11,1,55,0,1,1,0,0
45,660,4,6,1,73,0,0,0,0,0
22,617,3,2,1,96,0,0,0,1,0
37,771,3,6,1,55,0,0,0,0,0
31,807,14,14,1,82,0,0,0,1,1
29,787,6,10,0,80,0,1,1,0,0
34,624,11,15,1,77,1,0,1,0,1
32,641,12,12,0,84,0,1,0,1,1
38,603,12,15,1,92,1,0,0,0,1
22,755,1,5,1,87,0,1,0,0,0
34,674,14,10,1,69,0,1,0,0,0
26,915,8,8,0,76,0,0,0,0,0
31,700,3,5,1,81,0,0,0,1,0
26,662,3,2,1,83,0,0,1,1,0
28,623,3,5,0,84,0,0,1,0,0
26,643,3,6,0,56,0,0,0,0,0
22,715,1,3,1,67,1,0,0,0,0
23,649,5,3,1,44,0,0,0,0,0
45,728,2,4,1,78,0,1,1,0,0
27,782,6,7,0,74,0,0,0,0,0
44,737,12,15,1,63,1,1,0,0,0
25,805,1,5,1,78,0,0,0,0,0
37,676,4,5,1,66,1,0,0,0,0
43,739,14,11,1,92,0,0,0,1,1
28,531,3,5,1,76,0,0,0,0,0
43,635,4,6,1,70,1,0,0,0,0
33,830,4,3,0,81,0,0,0,0,0
39,772,12,13,1,85,0,0,1,1,1
24,709,3,4,1,79,1,0,0,0,0
36,628,14,12,1,71,0,1,1,0,1
29,720,8,7,1,64,0,0,0,0,0
43,870,4,6,1,92,0,0,0,1,0
40,756,13,15,1,72,0,0,1,0,0
35,677,14,15,1,80,0,0,0,0,0
30,546,11,14,0,83,0,0,1,1,1
34,540,3,5,1,75,0,1,0,0,0
36,566,4,4,1,81,0,0,0,0,0
35,763,11,10,1,91,1,0,0,0,0
44,669,4,4,1,84,0,0,0,1,0
27,733,8,9,0,73,0,0,0,0,0
23,727,3,4,1,77,0,0,0,0,0
34,677,11,14,1,65,0,0,0,0,0
32,437,2,5,1,77,0,0,0,0,0
44,905,13,15,1,69,0,0,1,0,0
32,744,12,11,1,58,0,0,0,0,0
29,845,3,5,1,76,0,1,0,0,0
35,655,13,13,1,61,0,0,0,0,0
24,744,2,4,1,67,0,0,0,0,0
33,512,12,11,1,86,0,0,1,0,0
44,749,11,14,1,81,0,0,0,1,1
41,682,11,15,1,70,0,0,1,0,0
44,740,13,14,0,90,0,0,0,1,1
27,716,9,8,1,89,1,1,0,1,1
32,764,3,4,1,69,1,0,0,0,0
27,798,7,10,1,84,1,1,1,0,0
27,764,3,5,0,76,0,0,0,0,0
43,780,4,3,1,84,0,0,0,0,0
30,779,13,15,1,83,0,0,0,1,1
29,783,9,11,0,74,0,1,0,0,0
38,713,14,10,1,82,0,0,0,0,0
32,756,4,3,0,74,0,1,0,0,0
36,734,3,3,1,76,0,0,0,0,0
37,645,11,10,0,72,0,0,0,0,0
41,608,2,4,1,69,0,1,0,0,0
45,779,4,6,1,57,0,1,0,0,0
36,683,4,4,1,77,0,0,0,0,0
40,626,4,4,1,59,0,0,1,0,0
45,852,11,15,1,67,0,0,0,0,0
38,705,13,10,1,83,0,0,1,1,0
27,582,9,7,1,63,1,0,0,0,0
25,615,3,6,0,75,1,1,0,0,0
41,861,4,2,0,71,1,0,0,0,0
42,780,2,6,1,56,0,0,0,0,0
31,950,14,10,1,59,0,0,0,0,0
38,905,12,13,1,67,0,1,0,0,0
26,586,6,12,1,81,0,0,1,0,0
45,823,3,4,1,100,0,0,0,1,0
23,682,3,2,1,77,0,0,0,0,0
29,773,10,11,1,92,1,0,0,0,0
31,682,3,5,0,74,0,0,0,0,0
36,713,11,14,0,75,0,0,0,0,0
32,595,4,5,0,70,0,0,1,0,0
27,439,2,6,0,62,1,0,0,0,0
29,755,9,9,1,86,1,1,0,1,1
45,503,3,2,1,91,0,0,0,0,0
29,750,7,8,1,78,0,1,0,0,0
42,762,14,15,0,84,0,1,0,1,1
22,799,3,3,1,75,0,1,0,0,0
31,652,11,12,0,71,1,0,0,0,0
40,651,13,12,1,62,0,0,0,0,0
42,695,2,3,1,81,0,0,0,0,0
33,661,4,4,0,66,1,0,0,0,0
38,677,2,4,1,68,0,0,1,0,0
30,645,14,12,0,73,0,0,0,0,0
45,590,3,3,1,67,1,0,0,0,0
37,696,2,6,1,79,1,0,1,0,0
34,690,3,2,1,76,0,0,0,0,0
26,519,7,12,1,94,1,0,0,1,1
39,836,11,15,1,95,0,0,1,0,1
27,724,8,8,1,59,1,0,1,0,0
37,737,2,3,1,79,0,0,0,0,0
37,864,13,13,1,70,0,0,0,0,0
43,685,14,15,1,74,0,0,0,0,0
43,716,3,4,1,80,0,0,0,0,0
40,716,2,2,1,52,1,0,0,0,0
34,721,14,11,1,93,0,0,0,1,1
38,780,14,12,1,65,0,0,0,0,0
29,489,2,5,1,70,0,0,0,0,0
38,853,13,12,1,74,0,0,0,0,0
35,673,13,14,0,65,0,1,0,0,0
45,547,13,10,1,70,0,0,0,0,0
26,778,7,8,1,83,0,0,1,0,0
37,733,12,15,1,85,1,1,0,0,1
25,845,2,2,1,82,0,0,1,0,0
29,734,3,5,1,91,1,1,1,0,0
37,745,2,5,1,74,0,1,0,0,0
35,754,11,12,1,87,0,0,0,1,1
44,755,2,3,1,80,0,1,0,0,0
28,854,9,11,1,73,0,1,0,0,0
31,857,2,2,0,69,0,0,1,0,0
23,701,5,5,1,74,0,0,1,0,0
37,775,2,4,1,85,1,0,1,0,0
25,607,3,6,1,100,0,0,1,0,0
43,648,11,14,1,76,0,0,0,0,0
38,790,3,5,0,76,1,1,0,0,0
24,751,3,5,1,81,1,0,0,1,0
36,848,13,11,0,66,0,0,0,0,0
45,744,2,6,1,75,0,0,1,0,0
41,786,14,11,1,82,1,0,0,0,0
38,774,2,3,1,64,0,0,0,0,0
37,689,2,5,1,85,0,0,1,1,0
31,589,3,6,1,66,0,1,0,0,0
27,571,10,13,0,72,0,0,0,0,0
27,765,3,3,1,67,0,0,0,0,0
34,865,2,3,0,59,0,0,0,0,0
43,785,4,4,1,68,0,0,1,0,0
41,651,12,15,0,79,0,0,0,0,0
43,808,12,13,1,81,0,0,0,0,0
28,765,3,5,1,96,0,0,1,0,0
40,846,3,3,1,87,0,0,1,0,0
25,818,1,2,1,72,1,0,0,0,0
38,707,14,11,1,65,1,1,1,0,0
22,809,3,6,1,62,0,1,0,0,0
29,692,10,15,0,75,0,1,0,0,0
35,865,2,6,1,78,0,1,1,0,0
28,663,9,12,1,71,0,0,0,0,0
25,759,7,11,1,70,0,0,0,0,0
25,843,9,11,1,78,0,0,0,0,0
36,710,4,3,1,70,0,1,0,0,0
23,872,2,2,1,68,0,0,0,0,0
34,625,2,2,1,62,0,0,0,0,0
36,664,2,3,0,76,0,0,1,0,0
40,679,3,2,1,73,0,0,1,0,0
43,820,2,6,1,79,0,0,0,0,0
31,657,13,14,1,88,0,0,0,1,1
36,749,4,3,1,91,0,0,0,0,0
28,723,3,2,0,67,1,0,0,0,0
43,650,13,15,1,64,0,1,1,0,0
33,725,3,3,0,80,0,1,0,0,0
25,736,2,5,0,83,0,0,0,1,0
32,773,3,6,1,83,0,0,0,1,0
36,523,2,5,1,81,0,0,1,0,0
23,767,2,5,0,78,0,0,1,0,0
36,950,12,15,1,76,0,0,0,0,0
27,566,8,10,1,80,0,0,1,0,0
29,771,8,11,1,73,0,1,1,0,0
43,749,12,11,1,76,0,0,0,0,0
37,652,13,11,1,70,0,0,0,0,0
31,727,2,5,1,65,0,1,0,0,0
33,885,14,11,1,63,0,0,0,0,0
40,701,13,12,1,76,1,0,0,0,0
39,570,14,10,1,73,0,0,0,0,0
27,861,2,3,1,67,0,1,0,0,0
31,539,13,15,1,66,0,0,0,0,0
33,738,12,11,1,72,0,1,0,0,0
33,732,3,4,1,68,0,0,0,0,0
26,648,9,11,1,72,0,1,0,0,0
44,632,13,14,0,92,0,0,0,0,1
32,569,13,15,0,89,1,0,0,0,1
29,678,10,12,0,67,0,0,0,0,0
39,802,4,5,1,65,0,0,1,0,0
23,700,3,6,1,81,1,0,0,1,0
28,715,6,10,1,84,0,0,0,0,0
30,875,4,2,1,80,0,0,0,0,0
32,641,12,11,1,96,1,0,1,0,1
39,757,13,11,1,73,0,0,0,0,0
44,598,14,12,1,69,1,0,0,0,0
22,849,1,4,1,76,0,0,0,0,0
25,719,3,2,1,61,1,0,1,0,0
30,702,12,13,1,59,0,0,0,0,0
33,682,14,11,1,91,0,0,0,0,0
30,731,12,14,1,56,0,1,0,0,0
22,712,1,6,1,66,1,0,0,0,0
36,913,3,6,1,64,0,1,1,0,0
22,681,2,4,1,89,0,0,1,1,0
33,840,12,10,1,72,0,0,0,0,0
34,737,13,15,0,74,0,0,0,0,0
31,685,2,2,1,71,0,0,0,0,0
35,822,2,3,1,65,0,0,0,0,0
30,716,12,10,1,87,0,0,1,0,0
25,546,3,6,0,73,0,0,0,0,0
36,796,12,10,1,73,0,0,0,0,0
34,635,4,6,1,86,0,0,0,0,0
44,716,2,3,1,81,0,0,0,0,0
36,939,4,6,1,63,0,1,0,0,0
41,716,2,6,1,74,1,0,1,0,0
40,515,4,2,1,72,0,0,0,0,0
39,641,3,4,1,81,0,0,0,1,0
26,707,1,4,1,68,1,0,0,0,0
40,584,3,2,1,59,0,1,1,0,0
23,804,5,3,1,58,0,0,1,0,0
27,641,8,8,0,69,1,0,0,0,0
37,589,11,14,1,75,0,0,0,0,0
22,600,5,6,1,77,0,0,0,0,0
29,617,6,10,0,81,0,0,1,1,0
23,749,2,5,1,78,1,0,0,0,0
42,750,14,15,1,64,0,0,0,0,0
28,759,3,5,1,80,0,1,0,0,0
36,819,11,15,1,67,1,0,0,0,0
36,716,3,2,1,67,0,0,1,0,0
37,709,2,5,0,82,0,0,0,0,0
37,720,2,6,1,67,0,1,0,0,0
39,853,4,2,0,81,0,0,0,0,0
30,712,3,4,0,67,1,1,0,0,0
37,678,2,3,1,88,0,0,0,1,0
43,683,2,4,0,74,0,0,0,0,0
39,796,12,12,1,87,0,0,0,0,1
30,643,13,14,1,68,0,1,1,0,0
30,786,4,4,1,86,0,0,0,1,0
41,769,2,5,1,79,0,0,0,0,0
38,460,12,14,1,74,0,0,0,0,0
38,664,14,12,0,77,0,0,0,0,0
23,694,4,2,0,67,0,0,0,0,0
44,875,2,3,0,69,0,1,0,0,0
41,603,2,5,1,68,0,0,0,0,0
28,678,3,4,1,86,0,0,0,1,0
22,903,1,2,1,86,0,0,0,0,0
43,751,13,11,0,67,0,1,0,0,0
29,753,2,2,1,70,0,0,1,0,0
40,537,13,14,1,68,1,0,0,0,0
35,811,3,2,1,92,0,0,0,1,0
39,792,14,12,1,83,0,0,1,1,1
30,823,4,5,1,88,0,0,0,1,0
23,765,2,5,1,68,0,1,0,0,0
41,727,13,13,1,79,0,0,0,0,0
26,665,8,8,0,89,0,1,0,1,0
28,507,10,10,1,76,0,0,0,0,0
24,741,1,5,1,86,0,0,1,1,0
27,748,1,6,1,70,0,1,0,0,0
41,755,12,11,1,65,0,0,0,0,0
42,747,3,5,1,73,0,0,0,0,0
39,701,4,2,1,76,0,0,0,0,0
31,735,4,3,1,71,1,0,0,0,0
39,652,2,4,1,79,0,1,0,0,0
22,675,2,5,1,80,0,0,0,0,0
22,678,3,5,1,83,1,0,1,0,0
30,644,13,11,1,72,0,0,1,0,0
40,813,14,10,1,75,0,0,0,0,0
33,802,13,14,0,81,1,0,0,0,1
37,720,12,14,1,73,1,0,0,0,0
35,623,13,13,0,75,0,1,1,0,1
23,711,3,5,1,74,0,0,1,0,0
37,741,11,11,1,72,0,0,0,0,0
41,625,14,13,0,79,0,0,0,0,0
45,634,4,2,1,68,0,1,0,0,0
37,659,11,10,1,77,0,0,0,0,0
32,659,3,3,0,66,0,0,0,0,0
36,610,12,11,1,76,0,0,1,0,0
26,755,1,4,1,83,0,1,0,0,0
45,606,4,5,0,73,1,1,1,0,0
44,788,2,5,1,78,0,1,0,0,0
25,606,2,2,0,85,0,1,0,0,0
42,677,4,6,1,68,1,0,1,0,0
41,767,13,12,1,74,0,1,1,0,1
25,818,1,5,1,95,0,1,0,0,0
32,822,2,5,1,80,0,0,0,0,0
34,710,4,4,0,62,0,0,0,0,0
45,740,11,12,1,80,0,1,0,0,0
41,617,12,12,0,84,0,0,0,1,1
41,609,12,13,1,89,1,0,1,1,1
40,774,14,11,1,71,0,0,1,0,0
30,741,12,11,1,91,0,0,0,1,1
45,666,11,15,1,79,0,0,0,0,0
29,697,1,3,1,70,0,0,0,0,0
33,659,3,2,1,71,0,0,0,0,0
33,740,2,2,1,80,0,0,0,0,0
30,635,12,10,1,92,0,0,0,0,0
23,751,3,4,1,75,0,0,0,0,0
31,789,3,5,0,57,1,0,0,0,0
34,746,3,2,1,69,0,0,0,0,0
28,653,10,12,0,77,0,1,0,0,0
39,654,14,15,1,65,0,1,0,0,0
38,718,3,4,1,100,0,0,1,1,0
29,695,1,2,1,76,0,0,0,0,0
28,736,6,9,1,58,0,0,1,0,0
35,596,13,11,1,69,0,0,0,0,0
24,752,2,3,0,65,0,0,0,0,0
30,873,12,15,0,79,0,1,0,0,1
33,666,4,4,1,83,0,0,0,0,0
28,596,1,6,1,79,1,0,0,0,0
36,513,2,6,1,79,0,0,0,0,0
26,893,2,2,0,71,0,0,0,0,0
32,661,13,15,0,98,0,0,1,0,1
38,677,2,6,0,56,1,0,0,0,0
27,760,8,12,1,92,0,0,0,1,1
37,724,14,14,1,66,1,0,1,0,0
29,648,1,2,1,75,0,0,1,0,0
28,521,6,10,1,75,0,0,0,0,0
22,575,2,4,1,60,0,0,0,0,0
26,726,10,15,1,75,0,0,0,0,0
40,707,3,2,1,61,1,1,1,0,0
25,644,7,11,1,100,0,0,0,0,0
24,737,2,2,1,85,1,0,0,1,0
22,723,1,6,1,69,0,0,0,0,0
24,701,4,5,1,67,1,0,0,0,0
38,710,2,6,0,74,0,0,0,0,0
43,652,12,14,1,60,0,1,0,0,0
39,694,11,12,1,79,1,0,0,0,0
42,840,11,10,1,83,0,0,0,1,0
40,711,11,11,0,70,0,0,0,0,0
36,673,4,3,1,70,0,0,0,0,0
38,681,14,11,1,76,0,1,0,0,0
38,712,14,11,1,79,1,1,0,0,0
28,777,10,13,0,71,0,0,0,0,0
37,767,11,14,1,85,0,0,0,1,1
23,762,3,4,1,84,0,0,1,1,0
43,626,2,5,1,55,1,0,0,0,0
25,726,3,6,1,73,1,0,0,0,0
23,815,2,2,1,85,0,0,0,0,0
26,728,10,12,1,82,0,0,0,0,0
45,780,13,15,0,52,0,0,0,0,0
45,778,2,3,1,84,0,0,0,0,0
36,824,3,4,1,80,0,1,1,0,0
35,723,2,5,1,93,0,0,0,1,0
25,683,10,11,1,78,0,0,0,0,0
24,706,1,5,1,75,0,0,0,0,0
45,710,4,5,0,68,0,0,0,0,0
42,719,4,3,1,77,0,1,1,0,0
37,641,2,6,1,86,1,0,0,0,0
29,501,2,5,0,79,0,0,0,0,0
28,762,3,3,1,79,0,0,0,0,0
25,744,8,7,1,80,1,0,1,0,0
42,693,3,5,1,82,0,0,0,0,0
38,612,11,14,1,56,0,0,0,0,0
22,748,5,4,1,56,1,0,0,0,0
41,676,13,13,1,69,0,0,0,0,0
27,741,6,8,1,67,0,1,0,0,0
45,658,2,5,1,66,0,0,0,0,0
33,629,3,4,1,77,0,0,1,0,0
34,506,2,3,1,98,0,1,0,0,0
44,926,13,14,1,64,1,0,0,0,0
25,680,8,12,1,85,0,1,0,1,1
43,703,3,5,1,56,0,0,0,0,0
22,694,2,4,1,93,0,0,0,0,0
29,784,6,10,1,71,0,1,0,0,0
26,662,1,5,1,78,0,0,0,0,0
40,641,11,10,1,77,0,0,0,0,0
44,666,13,14,1,82,1,0,0,1,1
41,579,11,14,1,88,1,1,0,0,1
34,634,11,11,1,81,1,0,0,1,0
32,769,3,3,1,78,0,0,0,0,0
36,732,12,12,1,72,0,0,0,0,0
34,743,4,6,1,100,0,1,0,1,0
32,791,4,6,1,80,0,0,0,0,0
37,803,13,14,1,76,0,1,1,0,1
40,885,11,15,1,78,1,0,0,0,1
24,701,2,5,1,92,0,0,1,1,0
29,716,6,7,1,62,0,0,0,0,0
43,667,2,4,1,61,0,0,1,0,0
28,690,2,2,1,80,0,1,0,0,0
38,561,13,15,1,84,0,1,0,0,0
23,641,5,2,0,85,0,0,0,1,0
35,778,4,5,0,63,0,0,0,0,0
35,685,11,10,1,74,1,0,0,0,0
25,612,6,8,1,60,0,0,0,0,0
24,737,3,3,1,69,0,0,1,0,0
39,547,3,6,1,85,0,0,0,1,0
31,628,2,3,1,94,1,0,0,0,0
34,697,12,10,1,66,0,1,0,0,0
41,726,14,14,1,61,0,0,0,0,0
28,688,1,3,1,71,1,0,0,0,0
29,759,8,11,0,71,0,0,0,0,0
31,689,12,15,0,74,0,0,0,0,0
41,649,12,13,1,84,0,0,0,1,1
25,742,6,12,1,78,0,0,1,0,0
30,718,13,12,0,73,0,0,0,0,0
29,749,2,5,1,70,0,0,0,0,0
28,772,2,5,1,62,0,0,0,0,0
28,690,9,8,0,73,1,0,1,0,0
24,668,1,6,1,77,0,0,0,0,0
37,665,3,3,0,82,0,0,1,1,0
38,790,2,3,1,86,0,1,0,0,0
38,677,3,4,1,62,0,0,0,0,0
31,734,12,14,1,91,0,0,1,1,1
35,796,14,11,1,93,0,0,0,0,0
23,639,2,2,0,81,0,0,1,0,0
32,671,13,15,1,85,0,0,0,0,1
31,670,13,15,1,82,0,0,0,1,1
31,748,14,15,1,85,0,0,0,1,1
39,813,12,14,1,88,0,0,1,0,1
33,595,12,13,1,58,0,0,0,0,0
27,741,1,3,1,76,0,0,0,0,0
36,918,11,13,1,74,0,0,0,0,0
34,680,14,14,0,72,1,0,0,0,0
42,706,11,12,1,78,1,0,1,0,1
26,691,1,5,1,56,0,0,0,0,0
38,798,2,5,0,79,1,0,0,0,0
39,658,12,10,1,78,0,0,0,0,0
35,711,11,11,1,53,0,0,0,0,0
33,620,3,2,1,70,1,0,0,0,0
42,729,3,3,1,71,0,0,0,0,0
34,579,3,6,1,86,0,1,0,0,0
35,761,14,10,1,71,0,1,0,0,0
35,471,12,12,1,81,0,0,0,0,0
34,639,4,3,1,84,0,0,1,1,0
39,626,14,13,1,81,0,0,1,0,0
27,770,8,9,1,87,0,0,1,1,0
29,758,1,2,1,100,0,0,0,0,0
28,745,3,2,1,79,0,0,1,0,0
28,718,1,2,1,80,0,0,0,0,0
32,480,11,15,1,70,0,1,0,0,0
45,657,14,14,1,81,0,0,0,1,1
43,756,4,3,1,76,0,0,0,0,0
26,729,1,3,1,75,0,0,0,0,0
26,717,9,7,1,91,1,0,0,1,0
39,675,2,5,1,80,0,0,0,0,0
41,838,3,6,1,77,1,0,0,0,0
27,759,8,12,1,69,0,0,0,0,0
39,741,4,6,1,80,1,1,0,0,0
24,711,2,3,1,70,0,0,0,0,0
25,664,9,10,1,85,0,0,0,0,0
31,808,4,2,1,70,0,0,0,0,0
42,764,2,5,1,76,0,1,0,0,0
29,549,9,11,1,78,1,0,0,0,0
31,785,12,10,1,68,0,0,0,0,0
41,597,14,14,1,81,0,0,0,0,0
26,648,6,8,1,55,0,0,1,0,0
39,558,13,12,1,79,0,0,0,0,0
30,613,12,11,1,87,0,0,0,1,1
44,639,4,4,1,72,0,0,0,0,0
43,725,13,14,1,83,1,1,0,1,1
36,739,2,6,0,66,0,1,1,0,0
39,689,13,14,1,78,0,0,0,0,0
34,734,2,3,1,84,1,0,0,0,0
35,619,14,15,1,70,0,1,0,0,0
37,697,14,11,1,80,0,0,0,0,0
26,793,9,11,1,72,0,1,1,0,0
41,644,4,4,1,72,1,0,0,0,0
33,636,13,12,1,61,0,0,1,0,0
37,809,2,2,0,79,0,0,0,0,0
39,715,11,11,1,71,1,0,0,0,0
22,717,1,4,1,80,0,0,0,0,0
30,765,4,2,0,100,0,0,0,0,0
23,516,2,2,1,75,0,0,0,0,0
43,748,4,6,1,66,0,1,0,0,0
43,527,3,3,1,66,0,0,0,0,0
27,800,2,3,1,74,0,0,0,0,0
38,676,2,6,0,90,0,0,0,1,0
40,835,12,13,0,78,0,0,1,0,1
39,702,3,2,1,80,0,0,0,0,0
44,774,11,15,1,70,1,0,0,0,0
29,735,6,12,1,73,0,1,0,0,0
27,686,7,11,1,82,0,0,0,0,0
28,680,8,12,1,79,0,0,0,0,0
32,806,3,5,1,85,0,0,1,0,0
37,831,12,11,1,64,0,0,1,0,0
33,607,4,3,1,73,1,0,1,0,0
37,763,2,6,1,56,0,0,0,0,0
39,842,2,2,1,71,1,0,0,0,0
34,750,13,12,1,84,0,0,0,0,0
38,718,2,6,1,67,0,1,1,0,0
43,603,14,14,0,74,0,0,0,0,0
37,589,13,15,0,72,0,0,0,0,0
44,679,3,3,1,74,1,1,0,0,0
41,819,13,11,0,67,0,0,0,0,0
27,824,1,4,1,92,0,0,1,1,0
33,656,11,10,1,74,0,0,0,0,0
39,854,11,14,1,81,0,0,0,1,1
24,647,5,6,1,80,0,0,0,0,0
44,661,4,6,1,63,0,0,0,0,0
26,746,7,12,0,75,0,0,1,0,0
30,528,13,11,0,68,0,1,0,0,0
25,792,10,10,1,88,0,0,0,1,1
43,746,13,12,1,78,0,1,0,0,0
32,775,13,15,1,57,0,1,0,0,0
43,649,11,11,0,69,0,0,0,0,0
44,778,4,5,0,72,0,0,0,0,0
37,653,3,6,0,57,0,1,0,0,0
38,533,11,14,1,74,0,0,0,0,0
43,528,4,5,1,85,0,0,0,1,0
37,761,14,10,1,73,0,1,1,0,0
34,741,12,10,1,74,0,0,1,0,0
35,530,12,14,1,100,0,0,0,1,1
32,661,13,15,1,63,0,0,1,0,0
32,638,12,15,1,68,0,1,0,0,0
33,667,2,3,1,94,0,0,1,1,0
33,743,14,15,1,64,0,0,0,0,0
36,583,14,11,1,82,0,1,1,1,0
39,736,4,4,0,78,0,0,0,0,0
43,808,3,2,0,91,0,1,0,0,0
32,693,14,14,1,69,0,1,0,0,0
22,588,3,2,1,84,0,0,0,0,0
22,657,2,4,1,78,1,0,0,0,0
37,575,4,5,0,80,0,1,0,0,0
42,766,13,15,0,69,0,0,0,0,0
31,598,3,6,0,65,0,0,0,0,0
45,817,3,5,1,85,0,0,0,1,0
42,516,12,13,0,92,1,0,1,1,1
28,543,6,8,1,70,0,0,0,0,0
36,688,14,14,1,68,0,0,0,0,0
25,710,10,14,1,64,0,1,0,0,0
27,791,1,6,1,61,0,1,0,0,0
26,796,10,12,0,61,0,0,0,0,0
40,698,14,11,0,69,0,0,1,0,0
31,847,13,13,1,80,0,0,0,0,0
42,898,11,15,0,69,0,0,0,0,0
36,874,2,3,0,70,0,0,0,0,0
22,730,1,5,1,77,0,0,0,0,0
29,716,1,6,1,83,0,0,0,1,0
25,572,6,9,1,81,0,0,0,1,0
25,769,9,11,0,69,0,1,1,0,0
34,727,4,6,1,72,0,0,0,0,0
38,526,11,11,1,78,0,0,0,0,0
26,794,3,4,1,74,0,0,0,0,0
24,812,3,4,0,86,0,0,0,0,0
42,591,2,6,1,83,0,0,0,0,0
29,715,2,5,1,60,1,0,1,0,0
27,759,1,5,1,73,0,0,0,0,0
38,863,11,11,1,69,0,0,0,0,0
26,497,1,6,1,60,0,0,1,0,0
32,678,11,11,1,82,0,0,0,1,0
42,811,4,3,1,95,1,0,0,1,0
29,858,2,4,1,74,0,0,0,0,0
34,801,12,12,1,85,1,0,0,1,1
32,501,12,13,1,71,1,0,1,0,0
29,691,1,2,1,76,0,0,0,0,0
24,669,4,6,1,76,0,0,0,0,0
43,702,11,10,1,89,0,0,1,0,0
42,716,14,14,1,76,0,1,0,0,0
35,662,14,15,1,72,0,0,0,0,0
45,689,14,15,0,69,1,0,0,0,0
41,649,13,12,0,71,0,0,0,0,0
30,704,14,12,1,89,0,0,1,1,1
39,641,4,5,1,62,0,0,0,0,0
45,749,14,15,1,72,1,0,1,0,1
33,589,4,4,1,81,0,1,0,1,0
42,724,13,13,1,74,0,0,0,0,0
43,578,3,3,0,51,0,1,0,0,0
43,673,3,3,1,75,0,0,0,0,0
28,802,2,4,0,89,1,0,0,0,0
29,676,10,11,1,72,0,0,0,0,0
32,713,2,3,1,82,0,0,0,0,0
33,506,12,11,1,63,0,0,1,0,0
36,523,3,3,0,70,0,0,0,0,0
35,795,14,11,0,78,0,0,0,0,0
23,690,4,3,1,71,1,0,0,0,0
40,542,12,15,1,70,0,1,0,0,0
38,621,12,15,1,89,0,0,0,1,1
28,947,7,10,1,76,0,0,0,0,0
40,554,13,13,1,56,0,1,0,0,0
36,621,12,14,1,86,0,0,0,0,1
34,734,3,6,0,66,0,0,0,0,0
31,799,11,11,1,70,0,0,0,0,0
41,736,2,4,1,84,0,1,0,1,0
29,727,2,3,1,71,0,0,0,0,0
44,702,2,4,1,91,0,0,0,1,0
42,658,4,4,1,63,0,0,0,0,0
35,677,3,3,1,84,1,0,0,0,0
24,480,1,4,1,93,0,0,0,0,0
36,832,14,12,1,60,0,0,0,0,0
40,554,13,10,1,75,0,0,0,0,0
39,815,11,12,0,78,0,0,1,0,1
22,709,3,6,1,74,0,1,0,0,0
30,714,13,12,1,70,0,0,0,0,0
23,613,2,6,0,77,0,0,0,0,0
28,645,7,10,1,78,1,0,1,0,0
24,828,4,4,1,74,0,0,0,0,0
36,684,12,15,1,84,0,0,1,0,0
40,606,11,15,0,60,0,0,0,0,0
35,668,14,11,1,71,1,0,1,0,0
26,584,8,11,0,74,0,1,0,0,0
25,622,3,3,1,76,0,0,1,0,0
34,945,3,3,1,68,0,0,0,0,0
37,772,4,6,1,71,0,0,0,0,0
37,648,11,15,0,90,0,0,0,1,1
41,756,12,15,1,67,1,1,0,0,0
37,835,11,13,1,71,0,0,1,0,1
38,579,13,10,1,81,0,0,0,0,0
23,682,1,3,1,87,0,0,0,1,0
31,567,11,11,1,71,1,0,1,0,0
40,541,4,5,1,84,0,0,0,1,0
39,631,2,5,1,66,0,0,0,0,0
43,682,2,6,1,71,0,1,0,0,0
37,601,2,6,1,65,1,0,0,0,0
39,662,3,4,1,85,0,0,0,0,0
34,651,12,12,1,93,0,1,0,0,1
29,763,6,12,1,64,0,0,0,0,0
22,756,5,3,1,69,0,0,1,0,0
23,692,2,4,1,89,0,0,0,1,0
22,717,3,5,1,78,0,0,0,0,0
35,744,12,14,1,82,0,1,0,0,0
39,801,3,3,1,73,0,0,0,0,0
45,520,11,14,0,100,0,0,0,1,1
41,675,4,3,1,63,0,0,0,0,0
33,801,3,3,1,77,0,0,0,0,0
31,692,12,11,1,78,0,0,0,0,0
24,663,5,2,1,74,0,0,1,0,0
31,679,14,11,1,83,1,0,0,1,0
42,520,12,14,1,80,0,0,0,0,0
26,632,8,9,1,78,0,0,0,0,0
23,686,5,2,1,62,0,0,0,0,0
45,716,2,4,0,79,0,0,0,0,0
43,631,11,10,0,81,0,1,0,1,0
36,714,14,14,0,66,0,0,0,0,0
22,694,2,6,1,77,0,0,1,0,0
39,730,14,14,1,75,0,0,0,0,0
41,724,12,11,1,71,1,0,0,0,0
44,682,4,4,1,100,0,0,0,0,0
34,895,13,10,1,79,0,0,1,0,0
37,529,2,6,1,49,0,0,0,0,0
39,791,2,4,0,81,0,0,0,1,0
38,659,2,2,1,85,0,0,0,1,0
39,886,11,12,1,77,1,1,0,0,1
44,683,12,10,1,75,0,1,0,0,0
30,610,13,12,1,78,0,0,0,0,0
38,684,11,13,1,74,0,0,0,0,0
28,765,3,3,1,71,1,0,0,0,0
35,762,2,3,1,70,0,0,0,0,0
43,523,3,4,0,74,0,0,0,0,0
41,834,3,2,1,85,0,0,1,1,0
40,777,4,4,0,95,1,1,0,0,0
32,641,14,10,1,80,0,0,0,0,0
24,576,1,4,0,88,0,0,0,0,0
28,673,1,5,1,66,1,0,0,0,0
45,695,2,2,1,71,0,0,0,0,0
27,647,8,11,1,94,0,1,0,0,0
23,691,3,2,1,65,1,0,1,0,0
24,691,2,2,1,75,0,0,0,0,0
35,788,3,3,1,82,1,0,1,0,0
26,521,2,5,1,74,0,0,0,0,0
26,732,8,8,1,72,0,0,0,0,0
27,531,3,6,1,80,0,1,0,0,0
43,703,12,15,1,85,0,1,0,1,1
31,471,12,11,0,71,0,0,0,0,0
32,675,14,13,1,71,0,0,1,0,0
27,640,6,9,1,95,1,0,0,0,0
29,715,6,7,1,82,1,0,0,1,0
37,761,13,10,1,87,0,0,1,0,0
39,724,2,3,0,67,0,0,0,0,0
35,780,12,12,1,75,0,0,0,0,0
39,938,11,11,1,74,0,0,0,0,0
35,851,13,14,1,87,1,1,1,1,1
23,414,2,5,1,75,0,0,0,0,0
44,461,4,2,1,83,0,0,0,1,0
37,643,12,14,1,77,1,1,1,0,1
45,814,14,10,1,77,0,0,0,0,0
39,831,2,5,0,82,1,0,0,0,0
34,711,4,6,0,68,0,0,0,0,0
44,707,2,6,1,77,0,0,1,0,0
37,701,2,2,0,82,0,0,0,0,0
26,682,3,4,1,60,0,0,0,0,0
30,848,14,13,1,85,1,1,0,0,1
39,833,13,15,1,74,0,1,1,0,1
34,678,3,2,1,77,1,0,0,0,0
24,565,2,2,1,86,0,0,1,0,0
32,568,13,11,1,71,0,0,0,0,0
36,605,2,6,0,85,0,0,0,1,0
39,894,3,3,1,67,0,0,0,0,0
28,576,6,10,1,71,0,0,0,0,0
29,601,1,2,1,74,1,0,0,0,0
31,768,3,4,1,66,0,1,0,0,0
39,599,12,10,0,85,0,0,1,0,0
32,688,2,6,1,72,0,0,1,0,0
34,763,11,14,1,79,0,0,1,0,0
41,789,14,15,1,73,1,1,1,0,1
23,557,5,5,0,100,0,1,0,1,0
23,871,2,5,1,60,0,0,0,0,0
22,662,1,6,1,54,1,0,0,0,0
37,822,12,10,1,82,0,0,1,0,0
30,654,12,15,1,61,0,0,0,0,0
44,722,14,10,1,69,1,1,1,0,0
27,734,7,12,1,84,0,0,0,1,0
38,803,2,2,0,76,0,0,0,0,0
43,900,12,10,1,83,0,0,0,1,0
28,768,3,3,1,70,1,0,0,0,0
39,662,14,12,1,59,1,0,1,0,0
26,756,3,2,0,60,0,0,0,0,0
45,667,11,14,1,65,0,0,0,0,0
31,687,4,5,1,71,0,0,0,0,0
30,950,14,11,1,69,0,0,0,0,0
29,751,8,7,1,78,0,0,0,0,0
31,751,14,15,1,79,1,1,0,0,1
25,705,8,11,0,92,0,0,0,1,0
23,831,3,6,1,100,1,0,0,1,0
41,591,4,3,0,76,0,1,0,0,0
26,733,6,9,1,56,0,0,0,0,0
43,720,11,10,0,92,0,0,0,0,0
41,888,11,14,1,79,0,1,0,0,1
25,661,3,2,1,86,0,0,0,1,0
32,556,4,6,1,68,0,0,0,0,0
34,625,13,13,1,57,0,0,0,0,0
43,872,12,15,1,68,1,0,0,0,0
43,684,3,6,0,68,0,0,0,0,0
23,790,3,3,1,83,1,0,1,1,0
35,754,13,10,1,100,0,0,0,0,0
29,946,6,12,0,92,0,0,0,0,0
44,934,4,4,1,58,0,0,1,0,0
40,592,14,13,1,76,0,0,0,0,0
33,593,2,4,1,75,1,0,0,0,0
45,672,4,2,1,79,0,1,0,0,0
36,703,4,3,1,75,0,0,0,0,0
23,722,2,5,1,82,0,0,0,1,0
29,637,1,4,1,61,0,0,1,0,0
29,607,2,5,1,76,0,0,0,0,0
22,716,1,5,0,75,1,0,0,0,0
39,589,2,4,1,62,1,0,0,0,0
30,945,2,6,1,74,0,0,0,0,0
30,569,12,10,0,80,0,1,0,0,0
36,794,14,12,1,65,0,0,1,0,0
22,616,2,6,0,64,0,0,0,0,0
29,706,8,10,1,84,0,1,0,1,0
25,648,3,4,0,66,0,0,0,0,0
33,707,12,11,1,87,0,1,1,0,1
29,586,1,3,1,64,1,0,0,0,0
22,751,3,4,1,67,0,0,1,0,0
35,700,13,13,1,60,0,1,1,0,0
42,739,13,10,1,91,0,0,0,1,1
33,785,4,3,1,68,1,0,0,0,0
36,739,11,15,1,69,0,0,0,0,0
29,489,2,3,1,81,0,0,0,1,0
31,759,14,15,0,76,0,0,0,0,0
35,737,13,15,0,83,0,0,0,0,0
40,875,11,10,1,83,1,0,0,1,1
41,571,2,6,1,75,0,1,0,0,0
39,672,4,2,1,72,0,0,0,0,0
27,915,9,12,1,78,1,1,1,0,1
33,747,2,2,1,67,0,0,0,0,0
27,798,2,5,1,100,0,0,0,0,0
24,780,3,3,1,67,0,0,0,0,0
25,710,9,9,0,74,0,0,0,0,0
41,857,12,14,1,69,0,0,0,0,0
43,823,14,11,1,70,0,1,0,0,0
44,839,11,15,1,92,0,0,0,0,1
45,749,2,5,0,64,0,0,0,0,0
27,639,10,11,0,67,0,0,0,0,0
23,727,1,3,1,70,0,1,1,0,0
39,720,14,12,1,59,0,1,0,0,0
32,689,3,3,0,84,0,0,0,0,0
36,759,4,2,1,98,0,0,0,1,0
39,559,4,5,1,86,0,1,0,1,0
42,772,2,2,1,95,1,0,1,0,0
38,616,4,5,0,78,0,0,1,0,0
31,810,12,13,1,80,0,0,0,0,0
42,656,13,14,1,75,0,0,0,0,0
24,526,4,2,1,67,0,0,0,0,0
23,709,2,3,1,65,0,1,0,0,0
40,527,3,2,1,63,0,0,0,0,0
45,702,13,10,1,70,1,1,1,0,0
28,776,6,12,0,82,0,1,0,1,0
44,646,14,14,0,79,1,0,0,0,0
40,680,2,3,1,73,0,0,0,0,0
31,862,4,6,1,73,1,0,1,0,0
39,719,3,3,1,92,1,1,0,1,0
34,770,13,11,0,68,0,0,0,0,0
25,710,1,6,0,65,1,0,0,0,0
33,783,4,3,1,80,0,0,0,0,0
38,638,11,11,1,69,1,0,1,0,0
45,703,3,2,1,48,0,0,0,0,0
43,662,14,13,0,74,0,1,0,0,0
31,746,2,2,1,68,1,0,0,0,0
27,578,9,10,1,65,0,0,0,0,0
28,950,8,10,1,57,0,0,0,0,0
29,748,9,10,1,90,0,0,0,1,0
28,742,8,9,1,75,0,0,1,0,0
42,632,3,6,1,95,0,1,0,0,0
25,825,1,2,1,61,1,1,0,0,0
41,705,2,5,1,86,0,1,0,0,0
38,616,13,14,1,94,0,0,1,0,1
36,950,14,12,1,81,0,0,1,1,1
22,632,1,4,1,65,0,1,0,0,0
29,620,3,5,1,70,0,0,0,0,0
26,587,3,4,1,87,0,0,0,0,0
41,636,11,15,1,59,0,0,0,0,0
37,861,4,4,0,71,0,0,0,0,0
39,543,14,15,1,93,0,1,0,1,1
39,635,12,10,1,59,1,0,0,0,0
38,742,2,5,1,65,0,1,0,0,0
41,698,13,13,1,80,0,0,1,0,0
41,768,13,14,0,69,0,0,0,0,0
25,617,2,3,1,77,1,1,1,0,0
37,819,4,3,1,74,1,0,0,0,0
35,692,13,13,1,72,0,1,0,0,0
33,679,12,15,1,100,0,0,1,1,1
41,793,2,3,1,61,1,0,0,0,0
25,690,3,4,0,72,0,0,1,0,0
34,673,4,3,1,63,1,0,0,0,0
29,564,10,13,1,99,0,0,1,0,1
34,720,3,6,1,68,0,0,0,0,0
26,654,10,15,1,73,0,0,1,0,0
44,503,12,11,1,79,1,0,1,0,0
23,606,1,6,0,87,0,0,0,0,0
37,579,4,4,1,79,1,0,0,0,0
39,792,13,10,1,74,0,1,1,0,0
24,652,1,2,1,73,0,0,0,0,0
42,894,13,13,1,59,0,1,0,0,0
37,709,3,3,1,59,0,0,1,0,0
38,611,4,3,1,70,0,1,0,0,0
45,768,2,6,0,81,0,1,0,0,0
31,856,11,10,0,70,0,1,1,0,0
28,520,1,6,1,78,0,0,0,0,0
43,553,12,15,1,67,0,1,0,0,0
35,678,3,6,1,59,0,0,0,0,0
40,637,3,5,1,75,0,0,0,0,0
41,605,4,5,1,56,0,0,0,0,0
24,767,2,4,0,77,0,0,0,0,0
25,780,1,2,0,67,0,0,0,0,0
39,658,2,5,1,87,0,0,0,1,0
26,819,9,7,0,83,0,0,0,1,0
34,536,3,4,0,59,0,0,0,0,0
29,547,8,9,1,72,1,0,0,0,0
24,807,3,3,1,69,0,0,0,0,0
38,830,2,3,1,76,1,0,0,0,0
33,693,4,4,1,59,0,0,0,0,0
32,809,13,11,1,73,0,0,0,0,0
42,684,13,15,0,69,0,0,0,0,0
33,566,4,4,1,81,0,0,0,0,0
43,517,13,13,1,82,0,0,0,1,0
42,693,4,4,1,73,0,0,0,0,0
32,694,4,6,1,62,0,0,0,0,0
26,839,1,2,1,80,0,0,0,0,0
28,688,8,10,1,72,1,0,0,0,0
40,532,12,12,1,78,1,0,0,0,0
34,824,2,6,0,64,0,0,1,0,0
29,853,1,6,0,54,1,1,0,0,0
29,603,2,4,1,67,0,0,0,0,0
22,588,2,4,1,85,0,0,0,1,0
40,582,12,12,0,78,0,0,1,0,0
23,662,1,3,1,76,0,0,0,0,0
30,545,14,12,1,73,1,0,0,0,0
35,777,12,15,0,65,1,0,1,0,0
26,706,3,3,1,59,0,1,1,0,0
44,613,11,12,1,63,0,0,0,0,0
26,659,9,9,1,87,1,1,0,1,1
27,650,6,11,1,83,0,0,0,1,0
42,645,4,3,1,69,0,0,0,0,0
45,635,4,3,1,92,0,0,0,1,0
27,676,1,2,1,58,0,0,0,0,0
28,634,9,10,1,84,0,0,0,0,0
23,652,4,4,1,75,0,0,1,0,0
29,830,8,8,1,69,0,0,0,0,0
28,599,1,2,1,73,0,1,1,0,0
30,623,14,12,0,65,1,1,1,0,1
34,481,11,12,0,67,0,0,1,0,0
45,655,3,6,1,76,0,0,1,0,0
43,774,3,3,1,62,0,0,0,0,0
28,516,7,8,1,82,0,1,1,1,0
31,682,4,4,1,82,1,0,0,1,0
29,599,9,7,0,79,0,0,0,0,0
27,664,10,14,1,78,0,1,0,0,0
44,517,4,3,1,75,0,0,1,0,0
22,767,1,5,1,71,0,0,0,0,0
30,453,3,5,0,72,0,1,0,0,0
42,683,2,5,0,62,0,0,0,0,0
37,692,2,5,1,74,0,0,0,0,0
32,739,14,11,1,64,1,1,0,0,0
34,593,11,10,1,58,0,0,0,0,0
34,550,3,4,1,63,0,0,0,0,0
29,808,7,8,1,60,0,0,0,0,0
28,430,7,7,0,72,1,0,0,0,0
24,696,2,4,1,87,0,0,0,1,0
24,721,5,3,1,56,0,0,0,0,0
44,876,12,15,1,67,0,0,0,0,0
27,515,3,6,1,78,0,0,0,0,0
25,721,10,13,1,79,0,1,1,0,1
28,664,1,2,1,58,0,0,1,0,0
29,766,1,2,1,73,0,0,0,0,0
43,447,4,3,0,62,1,0,0,0,0
35,664,11,11,1,67,0,0,0,0,0
45,595,3,2,1,58,1,0,0,0,0
27,699,1,5,1,66,0,0,0,0,0
30,583,13,15,1,71,0,0,0,0,0
37,612,11,14,1,66,1,0,0,0,0
39,824,3,3,1,80,0,0,0,0,0
25,564,2,6,1,49,0,0,0,0,0
25,725,1,2,1,65,0,0,0,0,0
35,584,4,5,1,73,1,1,0,0,0
38,681,14,14,1,84,1,0,0,0,0
29,720,6,8,1,68,0,0,0,0,0
43,690,11,14,1,71,0,0,1,0,0
45,753,2,4,0,78,0,0,0,0,0
43,763,4,2,0,53,0,0,0,0,0
43,684,12,14,1,69,1,1,0,0,0
26,823,8,12,1,60,1,0,0,0,0
41,746,13,14,0,70,0,0,0,0,0
39,824,2,3,1,81,0,0,1,0,0
26,935,8,11,1,74,0,0,0,0,0
39,858,2,2,1,74,0,1,0,0,0
25,635,3,4,1,81,0,0,0,1,0
37,768,14,15,0,68,0,0,0,0,0
37,725,4,2,0,85,0,0,1,1,0
40,597,13,12,1,72,1,0,0,0,0
22,666,3,2,1,78,0,0,0,0,0
41,724,3,6,1,80,1,0,0,0,0
33,670,3,6,1,79,0,0,0,0,0
27,679,9,7,1,54,0,0,1,0,0
37,745,3,2,1,82,0,0,0,0,0
32,779,4,3,1,72,0,0,0,0,0
35,663,13,15,1,72,0,1,1,0,1
37,672,12,10,1,67,0,1,1,0,0
45,637,3,6,0,75,1,0,0,0,0
29,759,2,5,1,74,0,0,0,0,0
32,689,11,14,1,66,0,0,0,0,0
38,784,14,11,1,94,0,0,0,0,0
40,770,4,4,1,92,0,0,0,0,0
30,777,2,6,1,99,0,0,0,1,0
24,761,2,3,1,68,0,1,0,0,0
30,755,4,2,0,82,0,0,1,1,0
37,797,2,3,1,71,0,1,0,0,0
26,823,9,9,1,64,0,0,0,0,0
28,461,6,10,1,69,1,0,0,0,0
37,808,13,11,1,92,0,0,0,0,0
36,908,11,11,1,84,0,0,0,0,0
27,874,9,7,1,67,0,0,0,0,0
36,665,3,3,1,67,0,0,0,0,0
28,621,6,10,0,83,1,0,0,0,0
42,807,12,14,1,87,0,0,0,1,1
33,516,14,12,1,79,0,0,1,0,0
39,679,3,3,1,70,1,0,0,0,0
38,667,3,4,1,71,1,0,1,0,0
31,660,13,13,0,85,0,0,0,0,1
38,685,4,6,0,74,1,1,0,0,0
38,684,14,11,1,84,0,0,0,1,0
30,669,2,6,1,83,0,1,1,1,0
26,655,1,4,1,100,0,0,1,1,0
42,752,3,4,1,90,1,0,0,1,0
41,786,3,5,0,81,0,0,0,0,0
39,743,14,13,1,86,0,0,1,1,1
36,742,4,2,1,64,0,0,0,0,0
32,612,3,6,1,74,0,0,1,0,0
36,850,3,4,1,60,0,1,0,0,0
33,668,14,11,1,79,0,1,0,0,0
30,776,11,11,1,71,0,1,1,0,0
29,711,3,3,0,51,0,0,0,0,0
37,816,13,12,1,63,0,0,0,0,0
32,614,11,12,1,79,0,0,1,0,0
23,630,3,4,1,80,0,0,1,0,0
38,635,14,11,1,66,0,0,1,0,0
26,766,7,7,1,66,0,0,0,0,0
42,678,4,4,1,57,0,0,1,0,0
35,632,4,4,0,58,1,0,0,0,0
32,810,4,4,0,59,0,0,0,0,0
40,705,11,15,1,50,1,1,0,0,0
31,781,11,15,1,70,0,0,1,0,0
30,619,4,2,1,64,1,0,0,0,0
44,641,2,4,1,69,0,0,0,0,0
30,541,13,15,0,82,0,0,0,0,0
23,872,1,6,0,69,0,0,0,0,0
23,806,4,2,1,64,0,0,0,0,0
24,689,5,6,1,92,0,1,0,0,0
43,706,3,2,1,78,0,0,1,0,0
31,714,3,4,1,71,0,1,0,0,0
38,553,14,12,1,86,1,0,0,0,1
22,823,1,3,1,74,0,1,0,0,0
45,580,11,13,1,78,0,0,0,0,0
44,708,3,6,1,87,0,0,1,0,0
30,901,4,6,1,52,0,0,1,0,0
42,720,3,3,1,73,0,0,1,0,0
28,662,2,3,1,71,0,0,1,0,0
34,776,4,4,0,88,0,1,0,0,0
27,806,1,5,1,70,1,0,0,0,0
32,583,13,15,0,73,0,0,0,0,0
43,781,14,15,0,59,0,0,1,0,0
29,745,10,10,1,69,0,1,0,0,0
26,845,9,11,1,83,0,0,0,0,0
39,897,12,12,1,70,1,0,0,0,1
26,659,8,9,1,85,0,1,0,1,0
35,560,2,5,1,82,1,0,0,0,0
30,690,3,4,0,78,0,0,0,0,0
45,834,2,4,1,79,1,0,1,0,0
24,697,1,2,0,93,0,0,0,0,0
39,541,14,12,1,78,1,0,0,0,0
37,510,12,15,1,83,1,0,0,0,0
40,919,3,4,1,74,1,0,0,0,0
45,843,3,4,1,86,1,1,0,1,0
32,664,4,4,1,83,1,1,0,1,0
23,631,2,2,0,60,0,0,0,0,0
38,729,4,6,0,73,0,1,1,0,0
45,629,3,2,1,63,0,0,0,0,0
36,589,11,12,1,73,0,0,0,0,0
33,665,14,13,0,89,0,0,0,0,1
31,844,14,11,1,83,0,0,0,1,0
22,645,1,2,1,64,0,1,0,0,0
27,716,6,8,1,73,1,0,0,0,0
23,581,5,6,1,74,0,0,0,0,0
22,686,3,4,0,51,1,0,0,0,0
33,609,11,15,1,69,0,0,0,0,0
43,895,4,6,0,69,1,0,1,0,0
27,738,3,4,0,60,0,1,0,0,0
35,635,2,2,0,85,0,0,0,0,0
36,760,2,4,1,73,0,0,0,0,0
35,722,4,4,0,67,0,0,0,0,0
42,725,12,14,1,62,1,0,0,0,0
31,786,12,12,1,91,0,1,1,1,1
28,732,2,3,1,80,0,0,1,0,0
43,735,13,10,1,67,0,0,0,0,0
35,664,2,2,1,78,0,0,0,0,0
29,608,2,6,0,83,1,0,0,1,0
32,650,2,6,1,71,0,1,0,0,0
40,635,3,3,1,69,1,0,0,0,0
25,828,8,11,1,71,0,1,1,0,0
44,650,14,12,1,74,0,0,0,0,0
27,608,3,6,1,80,0,1,0,0,0
33,765,4,3,0,81,0,1,1,0,0
40,791,11,14,0,51,0,0,0,0,0
29,801,3,5,1,82,0,0,1,0,0
29,717,10,15,1,77,0,0,0,0,0
28,730,10,13,1,84,0,1,0,1,1
41,734,3,3,1,85,1,0,0,1,0
24,751,3,5,0,64,0,0,0,0,0
30,878,11,11,1,71,0,0,0,0,0
26,780,8,8,1,85,0,0,0,0,0
26,761,8,9,1,53,0,0,0,0,0
39,759,13,12,1,74,0,0,0,0,0
44,950,3,3,1,72,0,1,0,0,0
42,639,4,5,1,100,0,0,1,0,0
40,689,14,15,1,84,0,0,0,0,0
26,686,1,6,1,61,1,0,0,0,0
28,605,1,6,1,74,1,1,1,0,0
23,732,1,6,0,85,1,0,0,1,0
41,802,12,13,1,69,0,1,0,0,0
29,704,8,8,0,98,0,0,0,1,0
40,647,3,6,1,77,0,0,0,0,0
34,648,13,10,1,91,0,0,0,0,0
35,604,11,13,1,72,0,0,0,0,0
42,763,12,12,1,79,0,0,0,0,0
43,801,12,12,1,75,1,0,0,0,1
42,780,4,6,1,94,0,0,0,1,0
39,711,11,15,1,57,0,0,0,0,0
45,687,12,11,1,67,0,0,0,0,0
37,683,11,11,1,64,0,0,0,0,0
23,723,3,4,1,68,1,0,0,0,0
27,798,3,4,1,62,0,0,0,0,0
42,633,12,13,0,70,0,0,0,0,0
34,675,11,15,1,59,0,1,0,0,0
36,725,12,15,1,85,0,1,0,1,1
42,751,14,11,1,77,1,0,0,0,0
32,743,3,4,1,79,0,0,0,0,0
39,676,14,13,1,70,0,0,1,0,0
22,709,2,2,1,69,0,0,0,0,0
25,530,1,6,1,79,1,0,0,0,0
41,602,11,14,1,57,0,0,0,0,0
45,671,3,5,1,82,0,0,1,0,0
42,761,11,11,1,82,1,1,1,1,1
35,710,13,13,1,67,0,1,0,0,0
40,714,2,6,1,89,1,1,0,1,0
45,665,2,4,1,73,0,0,0,0,0
23,653,2,2,0,82,1,0,0,0,0
32,804,14,15,1,67,1,0,0,0,0
27,653,6,9,1,97,0,0,0,0,0
44,757,2,3,1,75,0,0,0,0,0
44,778,12,10,1,85,1,1,0,1,1
39,624,4,2,1,97,1,0,0,1,0
40,678,13,12,1,86,0,0,0,1,1
45,687,4,2,1,44,0,0,0,0,0
40,734,2,6,1,71,0,1,0,0,0
31,852,2,3,1,77,0,0,0,0,0
44,822,2,5,1,66,0,0,0,0,0
39,717,2,3,1,83,0,0,0,1,0
27,596,6,9,1,68,0,0,0,0,0
45,598,13,11,1,76,0,1,0,0,0
37,486,12,13,1,85,0,0,0,1,1
39,791,2,6,1,57,0,0,0,0,0
33,700,2,5,1,63,0,0,1,0,0
35,887,14,12,1,66,0,0,0,0,0
40,806,3,3,1,81,1,0,0,0,0
23,877,1,6,1,71,1,1,0,0,0
28,839,8,9,1,77,0,0,1,0,0
29,550,3,3,1,61,0,0,1,0,0
36,740,13,13,1,87,1,0,0,0,1
27,744,8,9,1,71,0,0,0,0,0
36,540,13,10,1,73,1,1,0,0,0
34,588,2,3,0,66,0,1,0,0,0
30,802,14,14,1,90,0,0,0,0,1
33,694,13,12,0,80,1,0,0,0,0
25,761,9,12,0,86,1,0,0,1,1
28,640,2,5,1,78,0,0,0,0,0
24,669,3,6,1,75,0,0,1,0,0
26,742,9,8,1,73,0,0,0,0,0
42,618,13,12,1,75,0,0,0,0,0
37,805,2,6,0,96,1,0,0,1,0
25,713,2,3,1,49,0,0,0,0,0
35,598,14,14,1,65,0,0,0,0,0
36,855,12,12,1,63,0,0,0,0,0
30,777,14,13,1,93,0,0,0,1,1
34,891,12,11,1,65,0,0,0,0,0
38,723,11,15,1,84,1,0,0,0,0
33,701,12,12,1,78,1,0,0,0,0
34,812,13,14,1,71,0,1,0,0,1
35,780,3,6,1,74,0,0,0,0,0
26,561,2,5,1,80,1,0,0,0,0
37,774,2,2,0,91,0,1,0,1,0
24,950,4,4,1,83,0,0,1,1,0
27,712,1,3,1,60,1,1,0,0,0
43,580,11,12,1,63,0,1,0,0,0
25,728,7,8,1,81,0,0,0,0,0
43,655,12,12,0,57,0,0,1,0,0
30,656,11,12,0,70,0,1,1,0,1
37,813,14,13,1,74,0,0,0,0,0
29,708,9,7,1,83,0,0,0,0,0
36,652,11,15,1,76,1,0,0,0,0
33,774,2,3,0,70,0,0,1,0,0
27,742,8,12,1,72,0,1,0,0,0
28,767,2,4,0,89,0,0,0,1,0
44,704,13,11,0,61,1,0,0,0,0
36,611,4,4,1,76,0,0,0,0,0
32,871,13,11,1,75,0,0,0,0,0
40,926,2,5,1,75,0,0,0,0,0
41,848,12,11,1,82,0,0,0,0,0
32,597,4,2,1,86,0,0,0,0,0
36,874,14,10,1,85,0,0,0,0,0
33,729,12,10,1,78,0,1,0,0,0
35,882,14,10,1,75,1,0,0,0,0
35,682,4,5,1,88,1,0,0,0,0
25,813,2,4,1,64,0,0,0,0,0
24,735,3,2,1,98,0,0,0,1,0
41,644,4,6,1,68,0,1,0,0,0
32,833,4,6,1,72,1,0,1,0,0
25,790,6,11,1,61,1,1,0,0,0
44,540,14,14,0,61,0,0,1,0,0
34,636,12,11,1,83,0,0,0,0,0
39,675,12,13,1,78,0,0,0,0,0
28,768,9,10,1,59,0,0,0,0,0
45,693,11,10,0,82,1,0,0,1,0
24,700,1,5,1,70,0,1,1,0,0
25,760,10,10,1,75,0,0,0,0,0
43,650,3,3,1,85,1,0,0,0,0
31,785,4,2,1,70,0,1,0,0,0
43,830,11,13,1,58,1,0,0,0,0
22,733,3,6,0,79,0,0,0,0,0
23,611,1,5,1,72,0,0,1,0,0
42,791,4,3,1,71,0,1,0,0,0
27,789,7,10,1,83,1,0,0,0,0
44,612,4,3,0,78,0,0,0,0,0
31,641,2,3,0,66,1,0,1,0,0
41,763,12,11,0,74,0,0,0,0,0
33,459,3,5,1,69,0,0,0,0,0
27,805,3,4,1,78,0,0,1,0,0
33,738,3,5,1,53,0,0,0,0,0
32,719,3,2,1,79,1,1,0,0,0
45,612,13,15,1,59,0,0,0,0,0
39,668,14,15,1,85,0,0,0,1,1
43,608,14,15,1,75,0,0,1,0,0
28,641,10,14,1,82,0,1,0,1,1
36,580,4,5,1,59,1,0,1,0,0
40,661,11,12,0,71,0,0,0,0,0
30,711,3,2,1,89,0,1,0,0,0
30,785,4,3,0,82,0,0,1,1,0
24,617,1,6,1,70,0,0,1,0,0
26,604,10,14,1,73,1,0,0,0,0
26,674,9,10,1,56,0,0,0,0,0
38,805,13,11,1,75,1,0,0,0,0
32,501,3,2,1,52,1,0,0,0,0
24,640,3,5,1,68,0,0,0,0,0
34,684,2,4,1,75,0,0,0,0,0
31,737,2,5,1,69,1,0,0,0,0
44,535,13,11,1,80,0,0,1,0,0
25,726,6,10,0,80,0,1,1,0,0
28,831,6,10,1,76,0,0,0,0,0
27,692,2,3,1,98,0,0,0,1,0
24,472,2,2,0,85,0,0,0,1,0
37,551,13,15,1,81,0,0,1,0,0
26,537,3,4,1,74,1,0,1,0,0
33,810,14,12,1,70,0,1,0,0,1
30,782,3,3,1,58,0,0,0,0,0
45,753,14,14,0,79,0,0,0,0,0
43,749,14,12,1,74,0,0,1,0,0
24,598,1,6,1,99,0,1,0,1,0
27,583,1,2,1,48,1,0,0,0,0
28,581,3,2,1,87,0,0,0,1,0
26,760,1,4,1,76,1,1,0,0,0
38,865,12,10,1,70,0,0,0,0,0
29,950,9,12,1,70,0,0,0,0,0
25,726,10,14,1,73,1,0,1,0,1
27,724,2,3,1,66,0,0,1,0,0
34,697,3,5,0,78,0,0,0,0,0
43,835,4,3,1,89,1,0,0,1,0
44,744,3,5,1,51,0,0,0,0,0
31,700,2,4,1,81,0,0,0,1,0
45,672,3,3,1,71,1,0,0,0,0
35,710,2,5,0,56,0,0,0,0,0
22,653,2,3,1,72,0,0,0,0,0
27,768,9,9,1,76,0,0,0,0,0
29,785,2,5,1,80,0,0,0,0,0
31,509,12,14,1,100,0,0,0,0,1
36,610,4,3,1,80,1,0,0,0,0
41,753,11,10,1,71,0,0,0,0,0
37,932,3,5,1,79,0,1,1,0,0
36,620,13,14,1,82,0,0,0,0,0
27,768,3,6,1,55,0,0,0,0,0
45,741,13,11,1,92,0,0,1,1,1
38,715,4,4,0,47,0,0,0,0,0
35,648,3,4,1,86,0,1,0,0,0
41,845,14,10,1,63,0,0,0,0,0
24,709,2,2,0,68,0,0,0,0,0
25,675,8,10,1,49,0,0,0,0,0
27,706,2,4,1,94,1,0,1,0,0
22,739,3,5,1,69,0,0,0,0,0
40,845,13,15,0,75,0,0,0,0,0
36,499,13,13,1,79,0,0,0,0,0
33,409,13,12,1,92,0,0,0,0,0
41,542,4,5,1,70,0,1,0,0,0
31,736,14,14,1,74,0,1,1,0,1
22,833,3,3,0,71,0,0,0,0,0
35,589,4,5,0,68,0,0,0,0,0
26,751,1,5,1,74,0,1,0,0,0
43,746,11,10,1,70,0,1,0,0,0
41,716,12,14,1,77,0,0,0,0,0
32,512,4,2,1,68,0,0,0,0,0
28,817,2,2,1,93,0,0,0,0,0
35,805,3,3,1,77,0,0,0,0,0
41,732,2,6,1,67,1,0,0,0,0
39,431,4,6,0,59,0,0,1,0,0
34,652,14,15,1,83,0,0,1,0,0
37,726,3,2,1,73,0,0,0,0,0
22,765,2,6,1,93,0,0,0,0,0
36,738,11,14,0,67,0,1,1,0,0
35,808,11,13,1,75,1,1,1,0,1
24,660,3,6,1,75,0,0,0,0,0
32,701,12,14,1,75,0,0,0,0,0
32,672,13,13,1,92,0,0,0,0,1
31,642,14,14,1,72,0,0,1,0,0
25,873,8,12,1,78,0,0,0,0,0
38,608,3,4,1,85,1,1,0,0,0
35,693,14,11,1,82,0,0,0,1,0
37,656,12,10,1,88,0,0,0,1,1
29,745,7,10,0,64,0,0,0,0,0
41,720,4,6,1,78,0,0,1,0,0
34,581,11,13,1,64,0,0,0,0,0
22,792,1,6,1,62,0,0,0,0,0
43,614,4,4,1,73,1,0,0,0,0
34,736,4,2,1,75,0,0,1,0,0
24,638,2,4,1,82,1,0,0,1,0
34,659,11,13,0,83,0,0,0,0,0
45,809,11,14,0,68,1,1,1,0,1
29,712,1,3,1,67,0,0,0,0,0
38,579,2,3,1,78,0,0,0,0,0
34,788,2,4,1,59,0,0,0,0,0
37,582,11,11,1,92,0,0,1,1,1
32,768,11,10,1,62,0,0,0,0,0
33,743,14,14,1,55,0,0,1,0,0
27,573,10,10,1,71,1,0,0,0,0
31,647,4,2,1,74,1,0,0,0,0
24,755,2,6,1,77,1,0,0,0,0
33,729,12,14,1,77,0,1,0,0,0
42,604,14,14,1,54,1,0,0,0,0
24,824,4,6,1,69,0,0,0,0,0
44,771,13,15,1,69,0,0,0,0,0
32,609,11,15,0,73,0,0,1,0,0
29,785,7,7,1,80,0,0,0,0,0
37,769,2,4,1,72,1,0,0,0,0
41,542,13,10,1,76,0,0,0,0,0
28,830,3,4,1,75,0,0,0,0,0
24,754,5,6,0,88,0,0,0,0,0
29,640,6,9,1,66,0,0,1,0,0
43,831,11,11,1,79,0,0,0,0,0
25,686,3,4,1,71,0,0,0,0,0
42,731,13,15,1,79,0,0,0,0,0
41,674,4,6,1,62,0,0,0,0,0
33,714,4,6,0,77,0,0,0,0,0
44,776,11,15,1,63,0,0,1,0,0
38,741,11,11,1,67,0,0,1,0,0
32,799,12,13,1,78,0,0,0,0,0
32,722,11,15,1,80,0,1,1,0,1
24,599,3,4,1,78,1,0,0,0,0
25,534,3,2,1,72,1,1,0,0,0
39,837,3,4,1,74,0,1,0,0,0
23,780,1,6,1,73,0,0,0,0,0
28,709,2,3,0,72,0,0,0,0,0
42,731,2,4,1,72,0,0,0,0,0
26,674,2,3,1,68,0,0,0,0,0
42,852,4,3,1,100,0,0,0,0,0
25,624,7,7,1,80,1,0,1,0,0
37,659,4,3,1,71,1,0,0,0,0
33,737,3,5,0,74,0,0,0,0,0
40,714,2,3,1,74,0,0,0,0,0
41,606,11,10,1,74,0,0,0,0,0
44,893,12,13,1,73,0,0,0,0,0
33,470,2,4,1,73,1,0,0,0,0
23,644,5,4,0,75,0,0,0,0,0
38,588,3,3,0,72,1,0,0,0,0
43,741,12,15,1,89,0,0,0,0,1
23,594,3,4,1,89,0,0,0,1,0
41,641,2,5,1,70,0,0,1,0,0
31,754,2,3,1,65,0,0,0,0,0
35,598,2,3,1,84,0,1,1,0,0
38,637,12,15,0,89,0,0,0,1,1
25,556,7,8,1,67,0,0,0,0,0
35,904,3,3,1,75,0,0,1,0,0
33,864,2,3,1,77,0,0,0,0,0
44,852,2,3,1,72,0,0,0,0,0
43,629,4,3,1,68,0,0,0,0,0
28,747,6,11,1,51,1,0,1,0,0
34,694,2,2,1,81,0,0,0,0,0
31,723,14,13,1,67,0,0,0,0,0
22,564,3,3,0,69,1,0,0,0,0
28,760,2,6,0,72,1,1,0,0,0
37,684,2,4,0,81,0,0,1,1,0
41,570,14,11,1,61,1,0,1,0,0
26,638,1,3,1,65,1,0,0,0,0
40,725,4,4,0,78,0,1,0,0,0
26,849,9,10,1,63,0,0,0,0,0
40,838,12,10,1,57,0,1,0,0,0
38,603,4,4,1,83,1,0,1,0,0
43,675,11,13,0,77,0,0,0,0,0
29,730,7,9,1,75,0,0,0,0,0
30,641,13,11,1,79,0,0,0,0,0
38,699,2,5,1,74,0,1,0,0,0
41,485,14,15,1,84,1,0,1,0,0
33,798,3,5,1,67,0,0,0,0,0
28,796,10,11,1,61,0,1,0,0,0
40,579,14,14,1,68,0,0,0,0,0
30,785,2,6,1,78,0,0,0,0,0
35,755,2,6,0,69,0,0,0,0,0
31,800,12,13,1,80,0,0,0,0,0
23,510,5,5,1,83,0,0,0,1,0
38,617,11,15,1,66,0,0,0,0,0
45,705,13,12,0,73,1,0,0,0,0
26,713,3,5,1,71,0,1,1,0,0
34,600,3,6,0,76,0,0,0,0,0
25,798,3,3,1,81,0,0,0,1,0
24,720,5,6,1,59,0,0,0,0,0
32,747,3,4,0,85,1,1,1,1,0
38,614,13,12,1,88,0,0,0,0,1
43,595,4,2,1,66,1,1,1,0,0
41,710,2,2,1,55,0,0,0,0,0
43,701,13,14,1,71,0,0,0,0,0
44,772,14,11,1,77,0,0,0,0,0
40,621,2,6,1,70,0,0,0,0,0
34,747,4,3,0,99,1,1,0,0,0
35,720,2,6,1,71,0,0,0,0,0
22,753,3,5,0,49,0,0,0,0,0
33,665,3,4,1,82,0,0,0,1,0
33,714,13,14,1,87,0,0,0,0,1
36,618,2,3,0,70,1,0,1,0,0
25,654,3,5,0,80,0,0,0,0,0
42,699,12,11,1,70,0,0,1,0,0
39,646,2,3,1,77,0,1,0,0,0
36,671,2,4,1,60,0,0,1,0,0
25,701,2,2,1,80,0,0,0,0,0
24,811,5,5,1,65,0,0,0,0,0
38,756,2,6,1,96,0,1,1,1,0
44,659,4,4,1,88,0,0,0,1,0
33,798,2,5,0,74,1,0,0,0,0
28,776,2,6,0,62,1,1,0,0,0
45,583,3,6,1,95,0,0,0,0,0
44,716,12,10,1,83,0,0,0,0,0
27,827,10,15,1,78,0,0,0,0,0
27,697,10,12,1,96,0,0,0,1,1
23,904,2,2,1,63,1,0,1,0,0
28,863,6,10,0,67,0,1,0,0,0
37,750,14,10,1,71,0,0,0,0,0
37,763,3,6,1,86,1,0,0,0,0
24,746,5,4,0,84,0,0,0,0,0
45,712,13,12,0,76,0,0,0,0,0
31,602,2,3,1,69,0,0,0,0,0
45,619,3,6,1,86,1,1,0,0,0
44,695,14,14,1,75,0,0,1,0,0
43,643,14,13,1,51,0,0,0,0,0
34,698,4,2,1,86,0,0,1,1,0
41,542,2,3,1,91,0,0,1,1,0
29,725,3,4,1,50,0,0,0,0,0
33,719,3,3,0,60,0,0,0,0,0
30,829,3,2,1,88,0,0,0,1,0
38,761,3,4,0,72,0,1,0,0,0
37,701,2,5,1,80,1,0,0,0,0
30,696,4,4,1,73,0,0,0,0,0
23,569,3,3,1,65,0,0,1,0,0
39,763,4,2,1,84,1,0,0,0,0
38,655,11,14,0,77,0,0,0,0,0
33,777,3,6,1,77,0,0,1,0,0
36,767,4,6,1,87,0,0,1,1,0
29,796,10,11,1,62,1,1,1,0,0
29,688,10,10,1,74,1,0,0,0,0
40,735,11,11,1,70,0,0,0,0,0
45,762,14,13,0,70,1,0,0,0,0
22,792,2,3,1,84,1,0,0,0,0
22,925,5,5,1,66,0,0,0,0,0
27,587,9,7,1,62,1,0,0,0,0
38,779,14,10,0,66,0,0,0,0,0
42,636,13,13,1,90,0,1,0,1,1
23,813,1,6,1,75,1,0,0,0,0
32,470,14,15,1,74,0,0,1,0,0
45,803,11,11,1,67,0,1,0,0,0
39,699,3,3,1,62,0,0,1,0,0
38,568,11,10,1,72,0,0,1,0,0
33,678,3,3,1,69,0,0,0,0,0
30,625,2,6,1,58,0,1,0,0,0
38,809,13,14,1,72,0,0,0,0,0
40,565,14,11,1,74,0,0,0,0,0
41,729,4,6,1,75,0,0,0,0,0
22,630,3,3,1,82,0,0,0,0,0
44,816,11,10,1,63,0,1,0,0,0
34,614,3,3,1,72,0,0,0,0,0
39,521,4,6,1,64,1,0,0,0,0
40,759,13,10,1,55,0,0,0,0,0
23,713,3,3,0,68,0,0,0,0,0
25,526,1,3,1,79,0,0,1,0,0
36,737,3,6,1,69,1,0,0,0,0
32,654,11,12,1,88,0,0,0,0,1
41,899,14,13,1,62,0,1,0,0,0
35,615,2,3,1,67,1,0,0,0,0
37,628,3,2,0,61,0,0,0,0,0
39,641,13,13,1,59,0,0,0,0,0
30,760,2,6,1,65,0,0,1,0,0
36,614,2,5,0,79,0,0,0,0,0
31,694,12,14,1,71,0,0,0,0,0
32,758,2,2,1,64,0,0,0,0,0
25,822,6,12,1,78,0,0,0,0,0
30,753,2,5,1,69,0,0,0,0,0
45,797,11,15,0,77,0,0,1,0,0
22,619,3,6,0,83,0,0,0,0,0
41,724,14,13,1,63,1,0,0,0,0
24,517,3,5,1,93,0,0,0,1,0
31,572,3,3,1,71,0,0,0,0,0
39,504,11,13,0,59,1,0,0,0,0
31,677,3,4,0,73,0,0,0,0,0
31,845,12,13,1,75,0,1,0,0,1
33,738,14,10,1,75,1,1,0,0,0
39,727,11,13,1,93,0,0,0,0,1
36,803,2,6,1,67,0,0,1,0,0
34,598,11,10,0,80,0,0,0,0,0
33,695,2,4,1,80,0,0,0,0,0
38,577,14,13,1,79,0,1,0,0,0
41,572,3,6,0,73,0,0,1,0,0
34,585,3,2,0,74,1,0,0,0,0
42,558,3,3,1,82,0,0,0,0,0
27,576,9,9,0,64,0,0,0,0,0
35,645,14,11,1,62,0,0,0,0,0
40,782,13,15,0,89,0,0,0,0,1
38,673,14,14,1,61,0,0,0,0,0
32,781,4,6,1,91,0,1,0,1,0
24,729,2,5,1,83,1,0,0,0,0
39,649,2,3,1,78,0,0,0,0,0
31,752,3,4,1,73,0,0,0,0,0
27,674,2,3,1,83,0,0,1,1,0
36,794,4,5,1,74,0,1,1,0,0
44,733,11,10,1,89,0,0,0,1,1
39,848,12,13,1,69,0,0,1,0,0
44,628,11,10,1,78,0,0,0,0,0
31,785,3,4,1,72,0,0,0,0,0
22,720,3,3,1,80,0,0,0,0,0
39,602,12,14,1,68,0,0,0,0,0
35,728,4,6,1,78,0,0,0,0,0
40,659,2,2,1,76,0,0,1,0,0
40,863,13,15,0,65,0,0,0,0,0
34,643,14,11,1,77,0,0,1,0,0
37,688,4,6,1,78,0,0,0,0,0
43,779,2,6,1,82,1,0,0,1,0
22,763,3,6,1,76,0,0,0,0,0
30,864,13,15,0,71,0,0,1,0,1
41,669,11,13,1,64,0,1,0,0,0
33,684,2,6,0,81,0,1,0,1,0
43,710,4,6,1,78,0,1,0,0,0
32,721,14,13,1,74,0,0,0,0,0
30,799,2,3,1,88,0,0,0,0,0
25,615,10,10,0,81,0,0,1,0,0
25,803,3,4,0,66,0,0,1,0,0
43,715,12,10,1,77,0,1,1,0,0
38,950,4,5,1,77,0,0,0,0,0
25,911,7,8,1,88,0,0,1,1,1
41,641,3,5,1,70,0,0,1,0,0
30,607,4,3,1,70,0,0,0,0,0
24,573,1,4,1,57,0,1,0,0,0
34,713,4,5,0,71,0,0,0,0,0
25,715,2,2,1,80,1,0,0,0,0
33,653,4,6,1,69,0,0,0,0,0
27,567,8,9,0,69,0,0,0,0,0
44,677,13,10,1,73,1,0,0,0,0
35,806,4,2,1,72,1,1,0,0,0
26,669,10,15,1,94,0,0,0,1,1
44,859,2,2,1,84,0,0,1,1,0
32,655,12,10,1,82,0,0,0,1,0
37,754,11,13,1,65,0,0,1,0,0
44,489,4,4,1,81,0,1,1,0,0
35,862,12,12,1,60,1,0,0,0,0
30,754,2,3,0,65,0,0,0,0,0
24,689,2,2,0,80,0,0,0,0,0
45,813,4,3,1,69,0,0,1,0,0
23,711,2,6,1,71,1,0,0,0,0
24,661,5,2,1,71,0,1,1,0,0
44,604,12,12,1,77,0,0,1,0,0
41,520,14,10,1,63,0,0,0,0,0
43,528,11,15,1,58,0,0,0,0,0
28,729,1,5,1,73,0,0,0,0,0
34,624,2,3,0,80,1,1,0,0,0
44,757,13,13,1,87,0,0,0,0,1
30,516,12,13,0,69,0,0,0,0,0
44,672,13,15,1,74,0,0,0,0,0
31,864,3,4,1,76,0,0,0,0,0
27,824,9,12,1,58,0,0,0,0,0
36,581,3,3,0,64,0,1,0,0,0
25,792,1,2,0,70,0,0,0,0,0
26,652,2,4,0,73,0,0,0,0,0
23,652,3,5,0,83,0,0,0,0,0
34,497,12,11,1,76,0,0,0,0,0
32,719,14,10,1,71,1,0,0,0,0
43,579,2,3,1,79,1,1,0,0,0
41,714,2,4,1,86,0,1,1,0,0
43,843,2,6,1,80,0,1,0,0,0
45,649,3,4,1,100,0,0,0,1,0
23,871,5,4,1,75,0,0,0,0,0
43,549,3,3,1,68,0,0,0,0,0
35,839,13,13,1,63,0,0,0,0,0
22,631,4,3,1,62,0,0,1,0,0
33,809,2,6,0,69,0,0,1,0,0
35,713,13,15,1,90,0,0,0,1,1
44,920,4,4,0,65,0,0,0,0,0
26,763,9,9,0,65,0,0,0,0,0
34,777,11,10,0,57,1,0,1,0,0
41,767,3,4,0,85,0,1,0,1,0
42,654,12,14,1,54,1,0,0,0,0
23,520,5,2,0,83,0,0,0,0,0
33,809,2,2,1,70,0,0,0,0,0
23,665,3,6,1,58,0,0,1,0,0
36,800,14,13,1,56,0,0,0,0,0
32,770,2,2,1,67,1,0,0,0,0
26,800,2,6,1,82,0,0,0,0,0
37,570,12,12,1,53,0,0,1,0,0
42,628,4,4,1,71,1,0,0,0,0
41,883,2,4,1,75,0,1,0,0,0
38,787,3,2,1,73,0,0,0,0,0
24,759,1,6,1,67,0,0,1,0,0
33,875,3,6,0,78,0,0,0,0,0
42,430,11,15,1,75,1,0,0,0,0
44,799,2,6,1,87,0,0,1,1,0
32,846,13,11,1,54,0,1,1,0,0
38,840,2,4,1,55,0,1,1,0,0
44,716,2,3,1,68,0,0,1,0,0
44,683,13,11,1,94,1,0,0,1,1
29,650,3,2,1,93,0,0,1,1,0
22,642,5,5,0,73,0,1,1,0,0
24,588,3,2,1,92,0,0,0,0,0
30,853,2,6,0,75,0,0,0,0,0
22,550,3,2,1,66,0,0,0,0,0
29,712,3,5,1,89,0,0,0,1,0
43,793,12,12,1,73,0,1,1,0,1
30,474,2,3,1,85,0,1,1,0,0
23,619,3,3,1,83,0,0,0,0,0
40,554,4,2,1,71,0,0,0,0,0
33,799,12,15,1,58,0,0,0,0,0
22,844,2,3,1,87,1,0,0,1,0
25,678,2,5,1,84,0,0,0,0,0
29,589,3,6,1,83,0,0,0,0,0
28,814,10,15,1,75,1,0,0,0,1
42,603,3,4,1,81,0,1,0,1,0
45,529,2,3,1,83,0,0,0,1,0
38,905,12,11,0,73,1,0,0,0,0
23,673,2,4,1,72,0,0,0,0,0
38,547,12,13,1,71,1,0,0,0,0
33,785,13,13,1,63,0,0,1,0,0
38,660,11,12,1,61,0,0,0,0,0
40,703,12,15,0,82,0,1,0,1,1
25,759,3,5,0,65,0,1,0,0,0
40,700,3,2,1,68,0,0,1,0,0
44,725,12,15,1,73,0,0,0,0,0
25,478,10,10,1,77,0,1,0,0,0
31,805,13,14,1,74,0,0,0,0,0
30,649,4,4,1,79,0,1,0,0,0
35,732,14,15,1,71,1,0,0,0,0
33,902,13,10,1,84,0,1,0,1,1
39,698,4,4,1,69,0,0,0,0,0
40,648,14,15,1,65,0,0,0,0,0
40,760,2,2,0,68,1,1,0,0,0
36,572,4,2,1,65,0,0,0,0,0
42,762,3,3,0,78,0,1,0,0,0
22,608,2,6,1,92,0,0,0,1,0
23,760,1,5,0,62,0,0,0,0,0
38,657,12,14,1,77,0,0,0,0,0
33,515,2,3,1,61,0,1,0,0,0
29,772,2,4,1,64,0,0,1,0,0
36,718,3,4,0,65,0,0,0,0,0
44,670,4,4,1,98,0,0,0,0,0
31,761,3,5,1,61,0,0,0,0,0
25,617,1,5,1,83,0,0,0,1,0
36,659,12,14,1,73,0,0,0,0,0
27,676,10,10,1,85,0,0,0,0,0
34,781,4,5,1,82,0,0,0,1,0
42,640,2,6,0,71,0,0,0,0,0
39,712,3,6,1,72,0,1,0,0,0
27,613,9,10,1,61,1,1,0,0,0
29,733,3,5,1,86,1,0,0,1,0
44,718,11,12,1,96,1,1,0,1,1
25,576,8,10,1,57,1,0,0,0,0
36,790,3,2,1,72,0,0,0,0,0
44,659,13,13,1,80,1,0,0,0,0
25,846,9,8,1,82,0,0,1,1,0
33,850,2,4,1,66,0,0,0,0,0
25,706,7,10,1,86,1,0,0,1,0
37,656,14,14,1,73,0,0,1,0,0
32,944,2,4,1,83,0,0,0,1,0
43,751,13,12,0,66,0,0,0,0,0
37,726,13,12,1,57,1,0,0,0,0
39,772,3,2,1,74,0,1,0,0,0
43,681,4,6,1,72,1,0,0,0,0
33,646,14,14,1,79,0,0,1,0,0
32,669,2,5,0,82,0,0,0,0,0
32,718,4,3,1,80,0,0,1,0,0
34,635,11,11,1,74,0,0,0,0,0
44,686,2,4,1,62,0,0,1,0,0
36,591,11,10,0,82,0,1,0,0,0
44,665,12,10,1,79,0,0,0,0,0
33,670,13,10,1,78,0,0,0,0,0
42,756,2,5,1,73,0,0,0,0,0
26,658,2,2,1,74,0,0,1,0,0
28,679,6,7,1,72,0,0,0,0,0
28,609,2,3,1,59,0,0,1,0,0
38,451,12,15,1,76,0,1,1,0,0
37,687,3,2,1,94,1,0,0,1,0
35,928,12,11,1,83,0,0,0,1,0
43,935,12,15,0,81,0,0,1,1,1
32,791,3,4,0,76,0,1,0,0,0
22,725,2,6,1,47,0,0,0,0,0
43,706,4,2,1,93,1,0,1,1,0
37,677,3,6,1,87,1,0,0,1,0
45,743,12,12,1,77,0,0,0,0,0
41,810,14,13,0,66,0,0,0,0,0
43,743,2,5,1,77,1,1,0,0,0
42,655,14,13,0,63,0,1,1,0,0
40,541,14,14,1,67,0,0,0,0,0
42,882,4,4,1,56,1,1,0,0,0
38,716,13,12,1,81,0,1,0,0,0
30,796,11,13,0,68,1,0,0,0,0
32,852,11,15,1,67,0,0,1,0,0
23,888,2,5,1,77,0,0,0,0,0
45,677,11,15,0,56,0,0,0,0,0
31,769,14,12,1,68,0,0,0,0,0
37,612,3,2,1,74,1,1,1,0,0
42,735,4,3,1,64,0,0,0,0,0
42,647,4,6,1,77,0,0,1,0,0
26,606,2,4,1,71,0,0,1,0,0
29,761,9,7,1,70,0,0,0,0,0
26,663,3,3,1,69,0,0,0,0,0
33,549,12,12,1,75,0,0,0,0,0
38,775,4,3,1,71,1,0,0,0,0
29,842,10,10,1,86,1,0,0,1,1
32,728,4,6,1,71,0,0,1,0,0
40,762,13,12,1,80,1,0,0,0,0
30,818,13,12,0,68,0,0,0,0,0
35,697,13,11,0,64,0,0,0,0,0
36,696,13,13,1,79,0,0,1,0,0
35,609,13,13,1,78,0,0,0,0,0
25,529,10,11,1,73,1,0,0,0,0
34,725,12,15,0,73,0,0,1,0,0
43,720,2,4,1,62,1,1,0,0,0
41,745,13,13,0,65,0,0,0,0,0
43,756,14,12,1,88,0,0,0,0,1
39,850,4,2,0,71,0,0,0,0,0
37,686,12,11,1,78,0,0,0,0,0
42,585,2,4,1,63,1,0,0,0,0
41,612,4,3,1,74,0,0,0,0,0
23,798,2,5,1,70,0,0,0,0,0
37,649,2,5,1,78,0,0,0,0,0
36,709,13,10,1,85,0,0,0,1,1
35,747,2,2,1,77,0,1,0,0,0
42,586,14,15,1,84,0,0,0,1,0
39,842,2,3,1,77,0,0,0,0,0
29,625,2,6,1,75,0,0,0,0,0
45,657,14,13,1,79,1,0,0,0,0
42,666,11,13,0,76,1,0,1,0,1
28,715,2,6,1,56,0,0,0,0,0
29,834,6,9,1,77,0,1,0,0,0
40,727,3,3,0,84,0,0,0,0,0
34,613,11,11,1,71,0,0,0,0,0
26,798,8,12,1,79,0,1,1,0,0
30,780,12,11,1,68,0,0,0,0,0
44,491,11,11,0,68,0,0,1,0,0
24,654,5,6,1,86,0,0,0,0,0
32,826,4,2,1,77,0,1,0,0,0
23,671,1,6,1,83,0,0,1,1,0
24,717,3,3,1,63,0,1,0,0,0
31,709,13,10,1,67,0,0,0,0,0
45,783,2,2,1,73,0,0,0,0,0
26,760,10,14,1,75,0,0,0,0,0
32,837,11,15,1,86,0,1,0,1,1
29,747,3,2,1,82,0,0,1,1,0
26,793,7,10,1,97,0,0,0,0,0
40,421,12,13,0,86,0,0,0,1,1
33,663,3,6,0,76,0,1,0,0,0
32,665,2,5,1,65,0,0,0,0,0
32,714,14,14,1,74,0,0,0,0,0
42,742,3,6,1,76,0,0,0,0,0
42,797,13,14,1,67,0,0,0,0,0
32,413,12,15,1,73,0,0,1,0,0
45,660,3,6,0,63,0,0,0,0,0
33,683,3,4,1,80,0,0,0,0,0
25,623,3,6,1,68,0,0,0,0,0
42,531,14,10,1,75,0,1,0,0,0
35,690,13,13,0,65,0,0,0,0,0
35,526,12,10,1,68,1,1,1,0,0
35,550,12,10,1,87,0,0,0,0,0
34,682,3,2,1,57,0,0,0,0,0
31,875,13,13,1,79,0,0,0,0,0
45,643,4,4,1,69,0,0,0,0,0
36,666,13,14,1,75,0,0,0,0,0
41,604,2,6,1,65,0,0,0,0,0
27,630,7,10,1,89,1,0,0,0,0
24,560,2,4,1,69,0,0,0,0,0
31,707,2,2,1,91,0,0,0,0,0
30,744,13,13,0,60,0,0,0,0,0
41,787,3,6,1,75,0,0,0,0,0
42,732,14,10,1,63,0,0,1,0,0
23,818,5,6,1,83,0,1,0,1,0
30,779,4,6,1,85,0,0,0,0,0
30,748,11,12,0,88,0,0,0,0,1
31,826,12,10,1,96,0,0,0,0,1
24,646,3,4,0,64,0,0,0,0,0
36,640,14,13,1,68,0,0,1,0,0
23,842,3,3,1,76,0,0,0,0,0
27,630,2,3,1,72,0,0,1,0,0
37,663,2,2,1,70,0,0,0,0,0
35,731,13,12,1,67,0,0,0,0,0
24,842,2,2,1,57,0,0,1,0,0
25,722,1,5,0,68,0,0,0,0,0
36,669,4,4,1,89,0,0,0,1,0
42,795,3,6,1,84,0,1,0,1,0
23,748,3,5,1,79,0,0,1,0,0
29,793,2,5,1,71,0,0,1,0,0
33,908,11,11,0,74,0,0,0,0,0
29,585,6,11,1,82,0,1,0,1,0
23,521,3,5,1,61,0,0,0,0,0
34,557,13,14,1,79,1,0,0,0,0
39,787,14,12,1,81,0,1,0,1,1
36,713,2,6,1,74,0,0,0,0,0
26,697,7,8,1,72,1,0,0,0,0
26,773,3,2,1,94,0,0,0,1,0
45,675,14,13,1,71,0,0,0,0,0
39,636,11,15,1,89,0,1,1,1,1
34,555,13,15,1,67,1,0,1,0,0
31,731,14,14,0,77,0,0,1,0,0
28,696,2,6,1,67,0,1,1,0,0
22,822,3,4,1,76,0,0,0,0,0
33,678,3,5,1,71,0,0,0,0,0
42,806,4,4,1,78,0,0,1,0,0
23,835,3,3,0,89,0,0,0,0,0
36,754,2,5,1,65,0,1,0,0,0
37,530,13,11,1,80,0,0,0,0,0
24,746,2,5,1,76,0,0,0,0,0
27,712,2,4,1,77,0,1,0,0,0
45,665,3,4,1,88,0,0,0,0,0
45,789,2,3,0,90,0,0,1,1,0
36,873,12,10,0,79,0,0,0,0,0
23,644,1,3,1,59,0,0,0,0,0
42,714,3,3,1,69,0,0,0,0,0
36,844,2,2,1,84,1,0,0,0,0
27,747,9,9,1,82,0,0,1,0,0
22,837,2,6,1,77,0,0,0,0,0
43,690,11,10,1,62,0,0,1,0,0
40,690,12,10,0,55,1,0,0,0,0
35,781,14,15,1,72,0,0,0,0,0
37,849,2,3,0,65,1,0,0,0,0
40,810,2,4,1,79,0,0,0,0,0
37,752,12,11,1,73,0,0,0,0,0
40,860,12,11,1,50,0,0,0,0,0
38,804,3,2,1,76,0,0,0,0,0
36,768,3,6,0,71,0,0,1,0,0
41,735,13,13,1,82,0,0,0,1,1
35,782,11,12,1,79,0,0,0,0,0
44,832,3,3,1,90,1,0,1,0,0
37,580,14,12,1,78,1,0,1,0,0
30,751,13,14,1,67,0,0,0,0,0
28,749,10,10,1,75,0,0,0,0,0
23,902,2,5,1,80,0,0,0,0,0
38,822,2,3,1,81,1,0,1,1,0
38,733,3,5,1,59,0,0,1,0,0
24,658,2,2,1,77,0,0,0,0,0
35,903,12,13,1,75,0,0,0,0,0
25,701,2,4,0,68,0,0,0,0,0
29,767,7,9,1,86,0,0,0,0,0
31,615,14,11,1,79,0,0,0,0,0
40,661,14,15,1,63,0,0,1,0,0
27,757,1,4,1,83,1,0,0,0,0
34,764,13,10,0,87,1,0,0,1,1
26,682,1,4,1,70,0,1,1,0,0
39,572,14,11,1,72,0,0,0,0,0
22,758,5,2,1,81,1,0,0,0,0
23,700,2,3,1,88,1,0,0,1,0
43,760,13,12,1,65,0,0,1,0,0
42,779,12,15,1,80,0,1,0,0,0
44,586,3,5,1,71,0,0,0,0,0
39,565,13,13,0,63,0,0,0,0,0
34,911,14,13,1,64,0,0,0,0,0
42,773,12,12,1,70,0,1,0,0,0
23,498,2,5,1,88,0,1,0,1,0
37,579,13,11,0,83,0,1,0,1,0
41,521,4,6,1,70,0,0,0,0,0
23,748,1,4,1,77,0,1,0,0,0
22,697,1,4,1,71,0,0,0,0,0
38,950,2,5,1,66,1,0,0,0,0
30,736,2,6,1,66,0,0,0,0,0
34,781,4,6,1,75,0,0,0,0,0
34,728,11,13,1,65,0,1,0,0,0
32,950,14,11,1,64,0,0,0,0,0
24,581,1,2,1,81,1,1,0,1,0
27,643,7,8,1,47,0,0,0,0,0
31,836,4,6,0,69,0,0,0,0,0
41,754,11,11,1,88,1,0,0,0,0
27,569,9,9,1,76,0,0,0,0,0
23,597,2,4,0,72,0,1,1,0,0
42,813,4,2,1,74,0,1,1,0,0
30,950,13,12,1,54,0,0,0,0,0
32,530,2,6,1,70,0,0,0,0,0
32,850,3,4,1,83,0,0,0,0,0
33,950,3,5,1,65,0,0,0,0,0
34,701,2,2,1,82,0,0,0,0,0
43,787,3,5,0,72,0,0,1,0,0
30,742,11,15,1,70,0,0,1,0,0
29,501,2,2,0,67,0,1,1,0,0
24,824,2,6,1,79,0,0,0,0,0
27,644,3,5,0,75,1,0,1,0,0
33,567,4,2,1,88,0,0,0,1,0
38,665,2,4,1,85,0,0,0,1,0
25,745,9,8,0,82,0,0,0,0,0
41,747,12,14,1,74,0,1,0,0,0
30,827,4,4,1,58,1,0,0,0,0
33,632,14,15,1,80,1,0,1,0,1
25,799,8,11,1,88,0,0,0,1,0
25,897,7,11,0,64,0,0,0,0,0
26,868,9,11,1,80,0,0,0,0,0
37,735,4,4,1,59,0,0,0,0,0
34,679,4,2,1,63,0,0,0,0,0
38,639,14,15,1,59,1,0,0,0,0
34,801,3,2,0,79,0,0,0,0,0
41,565,4,6,1,74,1,0,1,0,0
44,797,12,14,1,83,0,0,0,0,0
23,636,3,6,0,88,0,0,0,1,0
40,655,3,3,1,74,0,0,1,0,0
23,555,3,3,1,75,0,0,1,0,0
22,638,3,3,1,69,0,0,0,0,0
31,734,11,13,0,83,1,1,0,0,1
31,772,12,15,1,69,0,1,0,0,0
43,716,12,14,1,85,0,0,1,0,1
43,804,11,15,1,67,0,0,0,0,0
23,676,3,4,0,73,0,0,0,0,0
44,533,11,13,1,91,0,0,1,0,1
34,597,2,6,1,68,0,0,0,0,0
25,521,10,13,1,67,0,0,0,0,0
38,647,14,15,0,68,0,1,0,0,0
42,738,13,13,0,88,0,0,0,1,1
31,726,3,3,1,71,1,0,0,0,0
27,555,10,14,1,80,0,0,0,0,0
35,831,12,10,1,84,1,0,1,0,0
45,639,11,15,1,92,0,0,0,0,1
31,680,4,2,1,84,1,0,0,1,0
32,534,4,3,0,74,0,0,0,0,0
23,669,4,2,1,67,0,0,0,0,0
43,571,12,13,1,72,0,0,1,0,0
27,761,2,2,1,71,0,0,0,0,0
44,713,13,13,1,62,0,1,0,0,0
32,852,2,3,1,67,0,0,1,0,0
37,614,12,14,1,59,0,0,1,0,0
29,735,8,12,1,52,0,0,1,0,0
37,775,4,3,1,74,0,1,0,0,0
37,741,4,4,1,65,0,0,0,0,0
31,828,2,3,1,64,0,0,0,0,0
44,593,13,15,1,76,1,0,0,0,0
40,706,12,10,1,84,0,0,0,1,0
24,566,5,2,0,83,1,1,0,1,0
27,746,2,5,1,78,1,0,0,0,0
45,695,4,3,1,68,0,0,0,0,0
40,741,2,4,1,80,1,0,1,0,0
45,788,2,4,1,84,0,1,0,0,0
30,880,13,13,0,79,0,0,0,0,0
29,807,10,15,1,83,0,0,1,0,1
30,728,3,3,1,81,0,0,0,1,0
26,688,10,11,1,73,1,0,0,0,0
45,824,4,3,1,72,0,0,0,0,0
30,704,2,2,1,75,0,0,1,0,0
27,668,9,9,1,74,1,0,0,0,0
42,584,11,12,1,71,0,0,0,0,0
44,543,14,13,0,90,0,0,0,0,0
33,718,4,2,0,71,1,1,0,0,0
34,476,11,13,0,72,1,0,0,0,0
36,709,14,14,1,76,1,1,0,0,1
37,785,11,13,1,74,0,0,0,0,0
33,717,3,5,1,67,0,0,0,0,0
30,657,12,12,1,84,0,0,0,0,0
31,819,11,14,1,67,0,0,0,0,0
44,940,2,3,0,92,0,0,1,0,0
37,733,14,14,0,62,0,1,0,0,0
40,767,11,11,0,85,0,0,0,1,1
34,542,12,10,1,78,0,0,0,0,0
44,753,2,4,1,74,0,1,1,0,0
28,847,6,9,1,69,0,1,0,0,0
44,843,13,12,1,75,0,0,1,0,1
23,748,1,6,0,70,0,0,0,0,0
31,797,4,4,1,84,1,0,0,1,0
41,686,4,2,1,74,0,1,0,0,0
22,752,3,3,1,84,0,0,0,0,0
31,803,14,13,1,69,0,0,0,0,0
34,731,12,10,1,78,0,0,0,0,0
27,643,9,12,1,83,0,0,1,1,0
23,838,1,5,1,75,0,1,0,0,0
31,749,11,12,1,83,1,0,1,0,1
42,706,2,5,1,89,1,1,0,1,0
24,737,3,6,1,74,0,0,0,0,0
23,507,1,6,1,100,0,0,0,1,0
42,560,4,4,0,64,0,0,0,0,0
36,827,3,3,1,79,0,0,0,0,0
32,562,13,11,1,74,0,0,0,0,0
27,648,1,5,1,56,0,0,1,0,0
35,653,3,6,1,81,1,0,0,1,0
26,762,2,6,1,73,0,1,0,0,0
38,834,3,3,1,54,0,0,0,0,0
23,779,5,3,1,57,0,1,0,0,0
26,587,3,3,1,69,0,0,0,0,0
22,627,3,4,1,84,0,1,0,1,0
24,822,3,4,1,84,0,1,0,1,0
45,950,13,12,1,85,0,0,0,1,1
40,557,2,4,1,89,1,0,0,1,0
29,618,6,9,1,81,0,0,0,1,0
34,751,12,14,0,72,0,0,1,0,0
33,710,11,14,1,56,0,0,0,0,0
35,783,14,12,1,68,0,0,0,0,0
30,616,13,12,1,63,0,0,1,0,0
26,615,1,6,0,85,0,0,0,0,0
28,675,9,9,1,78,1,0,0,0,0
44,650,12,12,1,84,1,1,0,0,1
42,687,2,6,1,82,0,0,0,0,0
32,777,14,12,1,82,0,0,1,0,0
45,652,14,12,1,63,0,1,1,0,0
45,598,4,5,1,63,0,0,0,0,0
22,659,2,5,0,71,0,0,0,0,0
33,821,3,2,1,76,0,0,0,0,0
32,502,4,3,0,80,1,1,0,0,0
42,630,13,10,1,74,0,0,0,0,0
33,613,12,12,0,69,0,0,0,0,0
23,678,4,2,1,79,0,0,0,0,0
38,604,2,3,0,84,1,0,0,1,0
28,762,9,11,1,61,1,0,0,0,0
26,789,1,2,1,68,0,1,0,0,0
25,662,2,2,0,59,1,0,1,0,0
28,762,3,3,1,75,0,0,0,0,0
43,711,13,14,0,84,0,0,0,1,1
25,621,7,11,1,58,0,0,1,0,0
28,628,6,12,1,79,0,1,0,0,0
41,526,13,11,1,78,0,0,0,0,0
31,619,4,6,1,75,1,0,0,0,0
22,729,5,3,0,63,0,0,1,0,0
38,629,13,12,1,74,0,0,0,0,0
41,703,3,2,0,76,0,0,1,0,0
33,727,12,15,1,79,0,0,0,0,0
43,739,3,3,1,100,0,0,1,0,0
42,545,13,13,1,55,0,0,1,0,0
41,736,4,3,0,83,0,1,0,1,0
30,731,13,11,1,65,0,0,0,0,0
38,810,13,10,1,78,0,0,0,0,0
25,742,7,12,0,81,0,0,0,0,0
30,754,3,5,1,70,1,1,0,0,0
35,633,2,5,1,75,0,0,1,0,0
45,677,12,12,0,89,0,0,1,0,1
44,860,13,10,1,84,0,0,0,0,0
25,735,7,10,1,68,0,0,0,0,0
24,562,1,5,1,71,0,0,0,0,0
29,652,7,10,0,77,0,0,0,0,0
26,781,7,12,1,62,1,0,0,0,0
28,774,8,9,1,68,0,0,0,0,0
24,712,2,2,1,97,0,0,0,0,0
45,841,12,10,1,68,0,0,0,0,0
22,752,2,6,1,72,0,0,1,0,0
41,544,14,13,1,76,0,0,0,0,0
22,591,2,3,1,61,0,0,0,0,0
42,724,12,13,0,72,0,0,0,0,0
45,667,3,4,1,66,1,0,1,0,0
39,765,14,11,1,91,0,0,0,1,1
29,656,7,9,1,73,0,0,0,0,0
33,548,12,15,1,64,0,0,0,0,0
44,773,4,5,0,85,0,1,0,0,0
44,658,13,14,0,84,0,0,1,0,0
28,705,1,4,1,72,0,0,0,0,0
40,724,4,2,0,67,0,0,0,0,0
25,703,6,7,1,84,0,0,0,0,0
32,566,2,2,1,80,0,0,0,0,0
29,761,2,6,0,64,0,0,0,0,0
41,909,12,13,1,78,0,0,0,0,0
34,662,3,5,1,59,1,0,1,0,0
32,842,2,6,0,68,1,0,0,0,0
41,580,14,11,1,76,0,0,1,0,0
45,773,4,2,1,66,0,0,0,0,0
42,779,11,14,1,67,0,0,0,0,0
25,723,9,10,1,87,0,0,1,0,0
35,784,2,5,1,72,0,1,0,0,0
32,592,14,13,1,65,0,0,0,0,0
44,763,14,10,1,59,0,0,0,0,0
31,688,3,5,1,100,0,0,0,0,0
23,497,2,4,1,77,0,0,0,0,0
26,805,2,6,1,61,0,0,1,0,0
39,565,14,15,1,67,0,0,1,0,0
23,742,2,3,1,89,0,0,0,0,0
28,831,3,3,0,58,0,0,0,0,0
43,626,4,5,1,79,0,0,1,0,0
25,839,2,5,0,71,0,0,0,0,0
37,650,3,2,1,60,0,0,0,0,0
33,861,12,14,0,59,0,0,0,0,0
32,741,12,15,1,84,0,0,1,1,1
37,786,12,11,1,60,0,0,1,0,0
37,688,11,15,1,56,0,0,0,0,0
34,628,4,4,1,69,0,0,0,0,0
35,831,11,13,1,87,0,1,1,1,1
35,815,4,6,1,47,0,0,0,0,0
26,854,7,12,1,60,0,0,0,0,0
26,638,8,7,1,81,0,0,1,1,0
26,801,2,2,1,72,0,1,0,0,0
28,773,7,9,1,77,1,0,0,0,0
41,641,4,5,1,76,0,0,0,0,0
24,702,3,2,1,82,1,0,1,1,0
38,659,11,15,1,80,0,0,0,0,0
25,648,1,5,1,88,1,0,0,1,0
36,643,3,4,1,67,0,1,0,0,0
23,396,3,5,1,78,0,1,0,0,0
42,651,13,13,1,69,1,0,0,0,0
29,622,7,11,1,54,0,0,1,0,0
26,730,8,12,1,69,0,0,0,0,0
36,598,4,6,0,69,0,0,0,0,0
42,820,14,11,1,78,1,1,0,0,0
28,674,6,12,0,68,1,0,0,0,0
36,681,3,2,1,78,1,0,0,0,0
34,637,3,5,1,78,1,0,0,0,0
23,637,2,4,0,51,1,0,0,0,0
36,727,11,15,1,82,0,0,1,1,1
33,621,2,6,1,72,0,1,0,0,0
34,709,11,11,1,70,0,0,0,0,0
35,805,14,11,1,69,0,0,1,0,0
34,666,2,4,1,78,1,0,0,0,0
34,842,13,14,0,67,0,0,1,0,0
32,508,11,11,1,68,0,1,0,0,0
23,678,3,4,0,91,0,0,0,1,0
26,622,3,3,1,77,0,0,0,0,0
35,616,13,12,1,61,1,0,0,0,0
39,733,13,15,1,56,0,0,0,0,0
35,617,3,6,1,80,1,0,1,0,0
32,777,3,4,1,86,0,1,0,1,0
37,650,4,2,0,53,0,0,0,0,0
28,766,10,14,1,69,0,0,0,0,0
33,765,11,13,1,70,0,0,0,0,0
31,615,2,5,0,79,0,0,1,0,0
31,670,13,11,1,68,0,0,1,0,0
32,587,3,3,1,78,0,0,1,0,0
30,512,3,3,1,80,0,0,0,0,0
28,780,7,10,1,74,0,1,0,0,0
26,702,2,3,1,75,0,0,0,0,0
35,663,13,15,1,82,0,0,0,1,1
25,785,3,2,1,68,0,1,0,0,0
26,847,9,10,1,70,0,0,0,0,0
32,542,2,3,0,79,0,1,0,0,0
30,673,2,2,1,75,0,0,0,0,0
44,702,3,6,1,92,0,0,1,0,0
34,628,4,3,1,81,0,0,1,0,0
32,570,13,11,1,71,1,1,0,0,0
31,812,4,2,1,68,0,0,0,0,0
27,646,8,12,1,67,0,0,0,0,0
32,504,12,12,1,79,0,0,0,0,0
30,634,2,6,1,49,0,1,0,0,0
25,752,8,9,1,77,0,1,0,0,0
33,664,3,6,1,76,1,0,0,0,0
42,665,3,3,0,67,1,1,1,0,0
25,941,6,9,1,78,0,0,0,0,0
36,617,4,6,1,61,0,1,0,0,0
29,625,8,7,1,75,0,0,1,0,0
36,569,4,2,1,61,0,0,0,0,0
45,745,4,3,1,69,0,0,0,0,0
38,494,14,10,1,67,0,0,0,0,0
28,708,7,10,1,83,0,0,0,1,0
44,814,12,15,1,70,0,0,0,0,0
26,892,3,2,1,69,0,0,0,0,0
41,649,13,10,0,73,1,1,0,0,0
42,636,2,6,1,83,1,0,0,0,0
27,756,2,6,0,69,0,0,0,0,0
45,760,13,10,1,71,0,0,0,0,0
41,836,12,13,1,81,0,0,1,1,1
42,651,4,4,1,63,1,0,0,0,0
39,823,14,10,1,73,0,0,1,0,0
38,714,4,4,0,92,0,1,0,0,0
23,780,2,3,1,63,1,0,0,0,0
33,728,13,10,1,64,0,0,0,0,0
37,805,4,2,1,75,1,1,0,0,0
35,601,14,10,1,94,0,0,0,0,0
28,608,3,4,1,75,0,0,0,0,0
30,667,4,3,0,64,0,0,1,0,0
40,764,13,12,0,58,0,0,0,0,0
44,758,11,15,1,77,0,0,0,0,0
31,638,12,14,1,76,0,0,0,0,0
33,666,13,13,1,65,0,0,0,0,0
40,704,4,2,1,78,0,0,1,0,0
40,606,3,3,1,76,0,0,1,0,0
26,723,2,6,1,65,0,0,0,0,0
26,710,3,6,1,70,0,0,0,0,0
45,573,13,15,1,79,0,1,0,0,0
45,751,14,13,1,81,0,1,0,0,0
39,865,2,5,1,87,0,0,1,0,0
34,801,3,6,1,52,0,0,0,0,0
31,653,2,6,1,79,0,1,0,0,0
23,619,1,5,1,73,0,0,0,0,0
22,711,2,4,1,82,0,0,0,0,0
44,851,4,3,0,86,0,0,0,1,0
23,765,1,5,1,80,0,0,0,0,0
36,634,4,5,1,74,1,0,0,0,0
23,588,2,2,0,73,0,0,0,0,0
25,546,6,11,0,95,0,0,1,0,0
28,669,1,6,1,93,1,0,1,0,0
28,736,6,8,1,96,0,1,0,1,1
38,936,4,5,1,64,0,0,0,0,0
26,765,2,3,0,71,0,0,0,0,0
30,539,4,6,1,71,0,0,1,0,0
43,628,13,13,1,73,0,1,0,0,0
45,651,14,15,1,67,0,0,1,0,0
30,670,3,4,1,52,0,0,0,0,0
30,667,4,2,1,77,0,0,0,0,0
24,950,2,6,1,76,0,0,1,0,0
45,574,14,14,1,70,0,0,0,0,0
23,706,3,6,1,61,1,0,0,0,0
28,693,1,5,1,66,1,0,1,0,0
25,437,2,4,1,76,0,0,0,0,0
32,694,11,14,0,87,0,0,1,0,1
37,818,4,5,1,58,0,0,0,0,0
43,763,4,2,1,70,0,0,0,0,0
33,685,3,6,1,83,0,0,0,0,0
22,747,3,6,1,81,0,0,1,0,0
34,703,4,2,1,87,0,0,0,0,0
32,623,11,11,1,77,0,0,0,0,0
24,625,3,3,1,77,1,0,0,0,0
28,788,1,6,1,75,0,1,1,0,0
42,653,3,3,1,65,1,0,0,0,0
30,723,14,14,1,79,0,0,0,0,0
34,872,2,4,1,72,1,0,0,0,0
22,631,5,5,0,64,0,1,0,0,0
36,737,4,4,1,78,0,0,0,0,0
38,671,11,13,1,58,1,0,0,0,0
43,731,14,12,1,82,1,0,0,0,0
37,844,3,5,1,72,1,0,0,0,0
27,636,1,4,1,82,0,1,0,1,0
36,721,14,13,1,80,0,0,0,0,0
33,711,13,12,1,87,0,0,0,0,1
26,775,9,10,0,73,0,1,0,0,0
31,632,3,2,1,70,1,0,0,0,0
31,887,11,14,1,82,0,0,0,1,1
42,950,13,12,1,75,0,0,0,0,0
22,748,2,2,1,83,1,0,1,0,0
37,581,12,13,1,72,1,1,0,0,0
27,659,2,4,1,84,0,0,0,0,0
33,836,13,14,1,100,1,0,0,1,1
40,690,2,2,1,80,1,0,0,0,0
31,616,3,5,1,78,0,1,0,0,0
32,673,2,4,1,90,0,1,0,1,0
25,917,7,11,1,81,0,0,0,1,0
31,653,11,11,1,81,0,1,0,0,0
36,648,2,4,1,91,0,0,0,1,0
28,679,1,5,1,65,0,1,1,0,0
23,779,4,6,0,82,0,0,0,1,0
44,886,12,14,1,62,0,1,0,0,0
24,794,3,2,1,68,0,0,0,0,0
23,815,4,4,1,55,0,0,0,0,0
38,680,4,5,1,77,0,0,0,0,0
29,787,7,11,1,71,0,0,0,0,0
37,651,4,5,0,80,1,0,1,0,0
35,667,4,6,1,88,1,1,0,0,0
45,543,13,11,1,58,0,0,0,0,0
25,677,1,5,1,60,0,0,0,0,0
29,543,3,3,0,85,0,1,1,0,0
24,809,4,2,1,80,0,0,0,0,0
36,750,12,15,0,67,1,0,0,0,0
29,591,3,6,1,59,0,1,0,0,0
39,788,4,3,0,84,0,0,1,0,0
33,660,2,2,1,72,1,0,0,0,0
22,585,1,6,1,81,0,0,0,0,0
30,718,14,10,0,67,0,1,0,0,0
29,748,3,5,1,61,0,1,0,0,0
44,774,12,15,1,76,0,0,0,0,0
32,663,2,4,1,61,0,0,0,0,0
29,755,2,5,1,97,0,0,0,0,0
44,839,13,15,0,74,0,0,0,0,0
26,786,3,6,1,77,0,0,0,0,0
31,709,3,2,1,74,0,0,1,0,0
44,745,12,12,1,85,0,1,0,1,1
36,770,11,10,0,76,0,0,0,0,0
34,790,3,5,1,80,0,0,0,0,0
25,522,10,13,1,72,0,0,0,0,0
31,710,12,15,1,74,1,0,1,0,1
30,769,12,10,1,71,1,0,1,0,0
22,594,2,3,0,72,0,1,0,0,0
44,823,4,4,0,63,0,0,0,0,0
24,587,3,6,1,60,0,0,0,0,0
25,735,3,3,1,80,0,0,0,0,0
40,769,14,10,1,82,1,0,1,1,1
29,599,9,10,1,66,0,0,0,0,0
39,590,2,3,0,88,0,1,0,0,0
45,950,12,12,1,91,0,0,1,0,1
23,735,1,2,1,70,0,0,0,0,0
29,605,8,10,1,90,0,0,0,0,0
42,671,13,13,1,65,0,0,0,0,0
39,608,3,4,1,78,1,0,0,0,0
40,708,11,13,1,80,0,0,1,0,0
30,701,3,6,0,67,0,1,0,0,0
41,543,2,2,1,65,0,0,1,0,0
35,528,4,3,1,92,1,0,0,1,0
28,874,2,3,1,64,1,1,1,0,0
37,669,12,14,1,77,1,1,1,0,1
39,726,2,2,0,73,0,1,0,0,0
29,637,9,7,1,62,0,0,0,0,0
22,706,1,6,1,78,0,0,0,0,0
27,579,1,2,1,70,0,0,0,0,0
44,735,12,10,1,93,0,1,0,0,0
29,593,2,5,1,58,0,0,0,0,0
32,730,14,13,0,68,0,0,1,0,0
31,782,11,12,1,98,0,0,0,0,1
40,744,4,3,1,80,0,1,0,0,0
37,812,3,6,1,72,0,0,0,0,0
24,718,1,4,1,68,0,0,0,0,0
45,898,13,12,1,46,0,0,0,0,0
24,465,3,6,1,70,1,0,0,0,0
25,513,7,11,1,82,0,0,0,0,0
35,668,4,3,1,63,0,0,0,0,0
22,565,3,4,1,63,1,0,0,0,0
28,578,3,2,1,82,1,0,0,0,0
39,696,12,12,1,82,0,0,1,0,0
26,690,6,8,1,70,0,1,0,0,0
29,709,1,6,1,54,1,1,1,0,0
40,724,3,2,1,89,1,0,0,0,0
41,612,4,3,1,59,0,0,0,0,0
40,814,2,6,1,62,0,0,0,0,0
34,924,3,4,1,93,0,0,1,1,0
31,625,2,3,1,83,0,0,0,0,0
22,735,2,5,1,81,0,1,1,1,0
44,652,4,4,1,78,0,0,1,0,0
44,708,13,13,1,69,0,0,0,0,0
39,720,13,14,0,62,0,1,0,0,0
27,590,3,5,1,79,1,0,1,0,0
32,950,2,5,1,75,0,1,0,0,0
28,722,10,11,0,56,0,0,0,0,0
30,590,13,13,1,76,0,1,0,0,0
22,814,3,6,1,80,0,0,0,0,0
42,588,2,6,1,78,0,0,0,0,0
29,801,6,10,1,74,0,1,0,0,0
24,487,3,4,0,78,0,0,0,0,0
39,831,13,13,0,68,0,0,0,0,0
35,688,14,15,1,78,0,0,0,0,0
22,486,4,2,1,62,0,0,0,0,0
38,721,4,4,1,86,0,1,1,0,0
32,599,3,3,1,90,0,0,0,0,0
23,650,1,3,1,90,0,0,1,1,0
32,715,3,5,1,91,1,0,1,1,0
43,651,13,13,1,84,1,0,0,0,0
26,897,1,6,1,68,0,0,0,0,0
43,562,11,15,1,95,0,0,0,1,1
32,705,11,12,0,70,1,0,0,0,0
35,762,13,12,1,61,0,1,1,0,0
33,672,11,15,1,61,1,1,0,0,0
41,562,12,13,1,76,0,1,0,0,0
28,800,3,5,1,80,0,0,0,0,0
43,815,2,4,0,73,0,1,1,0,0
30,840,12,14,1,80,0,1,1,0,1
32,626,12,12,1,76,0,0,0,0,0
31,608,2,2,1,90,0,0,1,1,0
33,610,3,3,1,75,0,0,0,0,0
33,823,4,4,1,80,0,0,0,0,0
23,755,2,4,1,78,1,0,0,0,0
37,738,13,14,1,82,0,1,0,1,1
35,768,13,12,1,79,1,0,0,0,0
33,544,14,10,1,70,0,0,0,0,0
45,723,4,3,1,72,0,0,0,0,0
31,750,4,2,1,75,0,0,0,0,0
42,689,4,2,1,83,0,0,1,0,0
22,946,2,4,1,82,0,0,1,1,0
43,647,3,5,1,90,0,0,0,0,0
27,614,9,7,1,84,0,0,0,0,0
36,607,3,5,1,66,0,1,0,0,0
31,717,12,13,1,79,0,1,0,0,0
37,607,11,13,1,72,1,0,1,0,1
44,722,12,11,1,76,1,0,0,0,0
37,593,12,13,0,70,0,0,1,0,0
43,585,11,13,1,66,0,0,1,0,0
29,726,1,2,1,68,0,0,0,0,0
38,545,11,10,0,72,0,0,0,0,0
37,806,4,5,1,74,0,0,0,0,0
36,665,3,4,1,84,0,0,0,0,0
36,846,11,13,0,74,1,0,1,0,1
35,910,13,11,0,75,1,0,0,0,0
45,611,13,13,1,70,1,0,0,0,0
31,856,11,10,1,73,0,0,0,0,0
25,835,1,6,1,93,0,0,0,1,0
26,749,3,2,1,75,0,1,0,0,0
29,704,10,14,0,77,0,0,0,0,0
28,766,2,3,1,75,0,0,1,0,0
22,763,2,6,0,87,0,0,0,1,0
32,801,11,14,1,63,0,1,0,0,0
36,753,13,14,1,78,0,0,1,0,0
35,727,13,12,1,67,0,1,0,0,0
23,842,1,5,1,66,0,0,0,0,0
41,705,14,15,0,75,0,0,0,0,0
37,814,12,10,1,73,0,0,0,0,0
34,719,13,11,1,74,1,0,0,0,0
23,905,3,5,1,52,0,0,0,0,0
36,712,3,2,1,77,0,0,1,0,0
36,890,14,12,1,80,0,0,0,0,0
23,629,4,6,1,86,0,0,0,1,0
27,894,2,4,1,79,1,0,0,0,0
36,782,11,11,1,78,0,1,0,0,0
34,838,12,15,1,96,1,0,0,1,1
24,820,5,6,1,69,0,0,0,0,0
25,512,1,6,0,69,0,0,0,0,0
25,526,1,4,0,56,0,0,0,0,0
30,708,12,12,1,77,0,0,1,0,0
38,743,3,3,1,77,0,0,0,0,0
27,697,2,2,1,89,0,1,1,1,0
23,590,4,2,1,83,0,1,1,1,0
25,787,8,10,0,68,0,0,1,0,0
29,926,2,2,1,77,0,0,0,0,0
23,570,1,4,1,64,0,1,0,0,0
28,814,9,12,1,87,0,0,0,1,1
45,672,14,10,1,69,0,1,0,0,0
45,689,3,2,1,90,0,0,0,0,0
41,819,2,4,0,57,0,0,1,0,0
28,707,2,3,0,60,0,0,0,0,0
37,869,3,6,1,74,0,1,0,0,0
40,776,3,2,1,70,0,0,0,0,0
40,819,3,4,1,80,0,1,0,0,0
37,705,11,11,1,68,0,1,1,0,0
35,676,2,4,1,63,1,1,0,0,0
37,752,14,10,0,81,0,0,0,0,0
26,801,1,4,1,64,0,1,1,0,0
31,713,4,3,1,71,1,0,0,0,0
31,647,3,2,0,68,0,0,0,0,0
31,599,11,11,1,76,0,0,0,0,0
37,744,3,3,1,86,0,0,1,0,0
34,648,14,13,1,80,0,0,1,0,0
33,751,2,4,1,70,1,0,0,0,0
29,808,1,2,1,56,0,0,0,0,0
22,707,2,6,1,70,1,0,0,0,0
36,690,12,15,0,73,1,0,0,0,0
41,816,2,4,0,72,0,0,0,0,0
26,909,1,4,1,86,0,0,0,1,0
32,888,3,6,0,65,0,0,0,0,0
44,950,3,6,1,69,0,0,1,0,0
39,775,11,11,0,67,1,0,0,0,0
34,666,13,14,1,81,0,0,0,1,1
25,687,2,6,1,77,0,0,1,0,0
45,755,14,10,1,72,0,1,0,0,0
34,602,4,6,1,66,0,1,0,0,0
30,796,4,2,1,99,0,0,0,0,0
43,570,12,15,1,81,1,0,1,0,0
38,840,11,15,1,86,0,0,0,1,1
27,647,1,4,1,65,1,0,0,0,0
42,950,11,12,1,82,0,0,0,1,1
41,633,2,3,1,67,0,0,0,0,0
42,681,14,15,0,69,0,0,1,0,0
34,627,3,2,1,82,0,0,0,1,0
25,564,3,4,1,55,0,0,0,0,0
32,715,11,13,1,72,0,0,0,0,0
38,678,4,2,1,77,1,0,0,0,0
36,725,3,2,1,91,0,0,0,1,0
44,629,2,5,1,62,0,1,0,0,0
36,801,11,13,1,69,0,0,0,0,0
42,896,4,2,1,63,0,0,0,0,0
37,722,12,13,1,89,0,0,0,1,1
40,685,4,6,1,78,1,0,0,0,0
45,718,2,5,1,76,0,0,0,0,0
43,719,11,13,1,86,0,1,0,1,1
34,479,4,3,0,72,0,0,0,0,0
40,878,13,12,1,72,0,0,0,0,0
33,656,14,14,1,88,0,1,0,1,1
40,836,11,10,0,83,0,0,0,1,0
34,772,4,2,0,73,0,0,0,0,0
45,731,13,13,1,67,0,0,0,0,0
45,733,12,11,0,86,0,0,0,0,0
41,550,4,6,1,55,0,1,0,0,0
32,818,3,4,1,82,0,1,0,0,0
23,829,1,3,1,50,0,0,0,0,0
29,730,3,6,1,60,0,0,0,0,0
27,863,3,4,1,61,1,0,0,0,0
42,726,14,14,1,72,0,0,0,0,0
28,656,9,8,1,85,0,0,0,0,0
29,791,7,12,0,81,0,0,0,0,0
22,575,5,5,1,68,0,0,0,0,0
29,584,3,2,1,75,0,0,0,0,0
31,892,13,12,1,77,0,0,0,0,0
29,708,7,7,1,65,0,0,0,0,0
30,593,2,3,1,66,0,0,0,0,0
38,765,14,10,0,56,1,0,0,0,0
34,782,4,2,1,79,0,0,0,0,0
32,843,4,5,1,65,0,0,0,0,0
39,758,2,5,1,68,0,0,1,0,0
38,680,4,4,1,82,0,0,1,1,0
29,616,9,7,1,64,0,0,0,0,0
44,614,2,2,1,70,0,1,0,0,0
29,809,7,9,1,60,0,1,1,0,0
34,767,14,11,1,64,0,0,0,0,0
43,630,4,3,1,80,0,1,0,0,0
23,742,3,6,1,73,0,0,0,0,0
39,637,12,13,1,71,0,1,0,0,0
28,596,1,4,1,76,0,0,0,0,0
33,808,12,15,1,79,0,0,0,0,0
26,785,7,8,1,86,1,1,0,1,1
31,687,12,10,1,69,0,0,1,0,0
32,527,3,2,1,69,0,0,0,0,0
31,605,13,15,1,73,0,0,0,0,0
27,763,1,4,1,67,0,1,0,0,0
26,779,1,6,0,67,0,1,0,0,0
36,755,4,3,0,83,1,0,0,1,0
43,422,3,2,1,93,1,0,0,1,0
22,803,2,4,0,68,0,1,0,0,0
31,649,2,4,1,76,0,0,0,0,0
26,868,6,9,1,67,0,0,1,0,0
29,684,10,13,1,80,0,1,1,0,1
34,742,4,2,1,83,0,0,1,0,0
36,810,4,4,0,76,0,0,0,0,0
45,737,11,13,0,85,0,0,1,0,1
41,772,2,4,0,76,0,0,0,0,0
24,695,1,5,1,68,0,0,0,0,0
34,723,11,14,1,67,0,0,0,0,0
29,678,10,15,1,71,1,0,0,0,0
39,769,14,14,1,73,1,0,0,0,0
30,638,14,14,1,81,0,1,1,1,1
23,800,2,4,1,71,0,0,0,0,0
33,689,13,14,1,75,0,0,0,0,0
25,676,9,11,1,65,0,0,0,0,0
43,690,2,5,1,65,0,1,0,0,0
33,712,4,3,1,67,0,0,0,0,0
40,560,4,6,1,90,0,1,0,1,0
31,786,11,12,1,67,0,0,0,0,0
30,750,14,14,1,66,1,0,0,0,0
35,743,2,4,0,82,0,1,0,1,0
26,650,6,9,1,51,0,0,0,0,0
30,847,2,6,0,83,0,1,1,0,0
33,659,4,4,1,59,1,0,0,0,0
24,734,2,2,1,54,0,0,0,0,0
28,565,7,9,1,64,1,0,0,0,0
39,950,11,13,1,76,0,0,0,0,0
33,864,4,6,1,86,0,0,1,0,0
44,802,3,6,1,50,0,0,0,0,0
25,701,3,2,1,81,0,0,0,0,0
24,691,2,2,1,74,0,0,0,0,0
25,950,3,5,0,65,0,0,0,0,0
33,653,4,5,1,67,1,0,0,0,0
28,847,2,2,1,72,1,0,0,0,0
22,947,4,3,1,88,0,0,0,0,0
33,527,14,10,1,62,1,0,0,0,0
43,696,2,6,0,79,0,0,0,0,0
27,724,6,7,0,72,0,1,0,0,0
40,680,4,4,1,70,0,0,1,0,0
37,637,14,14,0,72,0,0,0,0,0
45,676,2,3,0,73,0,0,1,0,0
24,663,1,3,1,58,0,0,1,0,0
30,763,2,6,1,87,0,0,0,0,0
38,720,12,15,1,68,1,0,0,0,0
44,725,13,14,0,85,1,1,0,0,1
22,721,1,5,1,71,0,0,1,0,0
26,657,1,5,1,56,1,0,0,0,0
45,580,11,15,1,61,1,0,0,0,0
24,674,2,5,1,65,0,0,1,0,0
32,762,12,15,0,85,1,0,0,1,1
33,658,11,10,0,71,0,1,0,0,0
37,717,4,5,1,71,1,0,0,0,0
45,688,13,15,1,91,1,0,0,1,1
35,667,14,15,1,73,0,0,1,0,0
40,810,11,14,1,67,0,0,1,0,0
31,596,3,5,1,83,0,0,1,0,0
36,678,14,10,1,68,0,0,0,0,0
42,726,14,14,1,79,0,0,0,0,0
24,762,4,5,1,82,0,0,0,0,0
40,780,2,6,1,59,0,0,0,0,0
36,748,14,12,1,72,0,0,1,0,0
31,658,2,2,0,72,0,0,0,0,0
36,738,4,3,1,66,0,1,0,0,0
38,589,13,12,1,69,0,1,0,0,0
44,718,14,14,0,74,0,0,1,0,0
32,702,12,11,1,70,1,0,1,0,0
42,578,13,11,1,60,0,1,0,0,0
22,582,2,5,1,75,0,1,0,0,0
38,847,11,11,1,83,0,0,1,0,0
32,654,2,4,1,73,0,0,0,0,0
33,675,4,4,1,85,1,0,1,1,0
43,623,12,11,1,70,1,0,0,0,0
30,720,12,12,0,76,0,0,0,0,0
28,631,1,6,1,96,0,0,0,0,0
29,786,3,4,1,76,1,0,0,0,0
30,648,12,13,1,71,0,0,0,0,0
28,737,3,4,1,71,1,0,0,0,0
30,869,13,10,1,77,1,0,1,0,0
42,688,14,11,1,68,0,0,1,0,0
43,803,3,6,1,59,1,0,0,0,0
37,597,14,14,1,65,1,1,0,0,0
43,687,12,15,1,81,1,0,0,1,1
45,746,2,4,0,67,1,0,0,0,0
28,725,1,2,0,78,0,0,0,0,0
30,800,3,2,1,71,0,0,0,0,0
28,674,8,8,1,73,0,0,0,0,0
27,865,1,6,1,77,0,1,0,0,0
39,599,11,12,1,76,0,0,0,0,0
44,723,12,13,1,78,0,1,0,0,0
28,784,3,4,1,87,0,0,0,0,0
37,899,14,12,1,81,1,0,0,1,1
38,712,13,14,1,72,1,0,0,0,0
36,441,2,4,1,75,0,0,0,0,0
37,827,13,11,1,75,1,0,0,0,0
22,681,3,6,1,75,0,0,0,0,0
24,707,1,6,0,52,0,0,1,0,0
27,607,3,2,0,75,0,1,0,0,0
34,617,11,15,0,74,0,0,0,0,0
41,666,14,12,1,73,0,0,0,0,0
35,702,13,11,1,62,0,0,0,0,0
39,646,2,4,0,59,0,0,1,0,0
41,489,4,5,1,52,0,0,0,0,0
44,646,2,4,1,78,0,1,0,0,0
43,729,3,2,1,80,1,0,0,0,0
29,649,10,15,1,83,0,0,0,0,0
26,879,3,6,1,76,1,1,0,0,0
25,756,8,7,1,55,1,1,0,0,0
43,820,2,6,1,73,0,0,0,0,0
32,655,4,4,1,81,0,0,0,0,0
24,735,3,4,1,87,0,0,0,0,0
30,693,4,6,1,46,0,0,0,0,0
23,879,5,2,1,73,0,0,0,0,0
43,651,2,4,1,69,0,0,0,0,0
28,663,2,2,1,80,0,0,1,0,0
28,833,7,12,1,88,0,0,1,0,1
27,619,2,6,1,78,0,0,0,0,0
42,600,3,5,0,72,0,0,0,0,0
43,556,3,3,1,62,0,1,0,0,0
38,585,11,10,0,92,1,1,1,1,1
33,619,12,14,1,88,0,0,0,1,1
37,772,14,13,1,72,0,0,0,0,0
36,722,2,6,1,83,0,0,0,0,0
42,494,13,11,1,75,0,0,0,0,0
24,668,3,3,0,68,1,0,1,0,0
37,593,4,5,0,92,0,0,0,1,0
37,652,4,2,1,83,0,0,0,1,0
44,723,2,2,1,78,0,1,1,0,0
27,578,3,3,1,64,0,0,0,0,0
24,350,1,2,0,81,0,1,1,1,0
35,787,4,3,1,89,0,0,1,1,0
34,739,3,6,1,59,1,0,1,0,0
23,771,2,3,1,73,0,0,0,0,0
27,573,3,4,1,78,0,0,0,0,0
34,676,3,4,0,47,0,0,0,0,0
28,832,9,8,1,82,0,0,0,0,0
33,631,12,14,1,94,0,1,1,0,1
40,749,4,3,1,65,0,1,0,0,0
42,657,3,6,1,83,0,0,1,0,0
44,767,11,12,1,77,0,0,0,0,0
39,833,2,4,1,68,0,0,0,0,0
38,896,2,4,1,79,0,0,0,0,0
26,765,3,6,1,85,1,0,0,0,0
39,622,12,13,1,86,0,0,1,0,1
25,813,10,11,1,92,0,0,0,1,1
33,764,2,2,0,71,0,0,0,0,0
22,670,2,6,1,65,0,0,1,0,0
26,569,1,2,1,88,0,0,0,1,0
38,857,11,14,1,73,1,0,0,0,1
22,707,3,5,1,77,0,0,1,0,0
22,646,2,5,1,87,0,0,0,0,0
27,849,1,5,1,80,0,0,0,0,0
37,628,12,10,1,58,0,0,0,0,0
44,732,13,12,1,73,1,0,0,0,0
33,676,4,3,1,66,0,0,0,0,0
37,619,3,5,1,79,1,0,0,0,0
45,578,4,5,1,72,0,0,0,0,0
28,521,10,11,0,97,0,0,0,0,0
37,882,11,15,1,69,0,0,1,0,0
32,670,3,4,1,66,0,0,1,0,0
44,714,2,2,1,80,0,0,0,0,0
44,846,13,15,1,73,0,0,0,0,0
34,918,13,12,1,84,0,0,1,1,1
39,660,11,11,1,70,0,0,0,0,0
35,722,3,3,1,87,0,1,0,0,0
23,868,3,6,1,78,0,0,1,0,0
32,630,11,12,0,57,0,0,0,0,0
39,581,13,15,1,78,0,0,0,0,0
41,623,13,10,1,74,0,0,1,0,0
22,701,3,6,1,84,1,0,0,0,0
24,661,4,5,1,80,0,0,0,0,0
42,675,2,3,1,62,0,0,0,0,0
30,824,14,15,1,92,0,0,0,0,1
24,790,1,3,1,81,0,0,0,0,0
37,899,3,2,0,77,1,0,1,0,0
36,692,13,12,1,72,0,0,1,0,0
27,749,1,2,0,78,0,1,0,0,0
29,694,1,4,1,71,0,1,0,0,0
28,637,1,5,1,72,0,0,0,0,0
39,615,2,5,0,76,1,1,1,0,0
25,672,3,6,1,57,0,0,0,0,0
23,622,3,6,1,78,0,0,0,0,0
39,658,2,5,1,72,0,0,0,0,0
43,442,4,6,1,86,0,0,0,1,0
25,597,7,11,1,79,0,0,1,0,0
39,665,14,11,1,65,0,0,0,0,0
45,653,2,3,1,85,0,1,0,0,0
42,697,12,14,1,75,0,0,0,0,0
39,848,11,10,1,75,0,1,0,0,0
36,561,3,4,1,85,0,0,0,1,0
35,692,14,12,1,99,0,0,0,1,1
29,512,3,4,1,70,1,1,0,0,0
43,621,13,11,1,61,1,0,0,0,0
33,798,4,2,1,61,0,0,0,0,0
32,771,3,4,0,69,0,0,0,0,0
28,843,1,4,1,73,0,0,0,0,0
44,614,4,5,1,83,1,0,1,1,0
39,744,12,14,1,69,0,0,0,0,0
22,708,4,5,1,86,0,0,1,1,0
41,861,14,12,0,63,0,0,0,0,0
44,715,12,11,1,88,0,0,0,1,1
39,783,14,14,0,78,0,0,0,0,0
38,828,2,4,0,69,0,0,0,0,0
38,725,2,2,1,72,1,0,0,0,0
32,787,13,10,1,80,1,0,1,0,0
29,658,6,11,1,72,0,0,1,0,0
36,569,12,14,0,80,0,0,0,0,0
34,546,4,3,1,85,0,0,1,1,0
35,555,3,2,1,80,1,0,0,0,0
36,638,2,3,1,45,0,0,1,0,0
33,742,4,4,1,63,0,1,0,0,0
41,711,4,6,1,70,0,0,0,0,0
37,775,2,4,1,84,0,0,0,0,0
27,659,1,5,1,94,1,0,0,1,0
23,572,2,2,1,67,1,1,0,0,0
30,655,12,11,0,75,0,0,0,0,0
40,655,12,11,0,74,1,0,0,0,0
37,551,4,3,0,76,0,0,0,0,0
29,745,1,6,1,53,0,0,0,0,0
22,717,5,5,1,73,0,0,0,0,0
44,564,3,6,1,79,0,0,0,0,0
41,845,3,5,0,86,0,0,0,1,0
44,567,12,15,1,70,1,0,0,0,0
28,700,9,12,1,74,0,1,0,0,0
24,788,3,4,1,67,0,0,0,0,0
26,596,6,10,1,78,0,1,1,0,0
36,712,2,5,1,69,0,1,0,0,0
40,936,3,2,1,76,0,0,0,0,0
42,822,14,14,1,74,0,0,0,0,0
39,877,12,10,1,69,1,1,1,0,0
30,622,11,12,1,79,0,1,0,0,0
40,710,3,5,0,89,1,0,0,1,0
42,546,4,3,1,77,0,0,0,0,0
37,698,14,11,1,80,0,0,1,0,0
38,853,11,13,1,68,0,0,0,0,0
22,538,4,5,1,81,1,0,0,1,0
29,768,10,13,1,73,0,0,0,0,0
34,693,4,6,1,77,0,0,0,0,0
35,729,3,2,1,53,0,0,0,0,0
23,599,5,5,1,75,1,0,0,0,0
30,622,2,6,1,78,0,0,1,0,0
32,880,2,6,1,68,1,0,1,0,0
39,666,3,4,0,85,1,0,0,0,0
24,834,3,5,1,85,0,0,1,1,0
22,589,3,6,1,58,0,1,0,0,0
23,728,5,5,1,63,0,1,0,0,0
41,514,14,15,0,75,0,0,0,0,0
29,764,2,5,0,77,0,1,1,0,0
25,561,2,6,1,95,0,0,0,0,0
23,658,1,4,1,81,0,0,0,0,0
28,723,1,2,1,85,0,0,1,1,0
30,619,2,5,1,65,0,0,1,0,0
31,676,14,12,1,81,0,0,0,1,1
25,587,2,6,1,67,1,1,0,0,0
24,734,1,4,1,56,0,0,0,0,0
37,627,3,3,1,80,0,0,0,0,0
44,705,12,11,1,64,0,1,0,0,0
45,411,3,3,0,64,0,1,0,0,0
32,682,12,12,0,77,1,0,0,0,0
22,709,3,5,1,63,1,1,1,0,0
31,758,11,14,1,61,0,0,0,0,0
28,618,2,3,1,58,1,0,0,0,0
29,718,6,12,1,57,0,1,0,0,0
29,867,2,2,1,64,0,1,0,0,0
41,558,3,2,1,77,0,0,0,0,0
22,657,4,5,0,90,0,0,0,1,0
24,743,3,6,1,88,1,0,0,1,0
44,601,2,6,1,88,1,0,0,1,0
33,694,14,10,1,70,0,0,0,0,0
30,617,12,12,1,84,0,0,0,0,0
40,737,2,5,1,79,0,0,0,0,0
22,572,3,5,1,79,0,1,0,0,0
35,731,13,15,1,70,0,0,0,0,0
35,753,3,6,1,87,0,0,0,0,0
35,574,14,14,1,83,0,0,0,1,0
39,607,4,4,1,83,1,0,0,0,0
35,770,14,10,1,80,1,0,1,0,0
43,557,4,6,1,68,0,0,0,0,0
36,702,14,14,1,64,0,0,0,0,0
34,604,2,3,1,69,1,0,0,0,0
42,659,2,5,1,51,0,0,0,0,0
39,587,12,13,1,70,0,0,0,0,0
25,562,2,5,1,77,0,0,0,0,0
29,468,9,8,1,61,0,0,1,0,0
28,446,10,12,1,88,0,1,0,0,1
26,568,1,6,0,69,0,0,1,0,0
41,776,3,5,1,69,0,0,0,0,0
24,621,3,6,1,75,0,0,0,0,0
40,758,3,5,1,83,0,0,1,0,0
43,705,4,4,1,84,0,0,0,0,0
28,693,2,3,1,76,1,0,0,0,0
41,850,4,4,1,75,1,1,0,0,0
25,669,6,10,1,72,0,0,1,0,0
34,765,4,3,0,68,0,0,0,0,0
36,724,11,15,1,79,0,0,0,0,0
26,751,3,3,1,73,0,0,0,0,0
24,649,4,6,1,80,0,1,0,0,0
27,806,9,10,1,59,0,0,1,0,0
45,662,11,10,1,86,0,0,1,0,0
22,631,1,2,0,76,0,1,0,0,0
22,845,3,5,0,90,0,0,0,1,0
24,470,3,5,0,71,0,0,0,0,0
23,710,2,3,0,71,0,1,0,0,0
37,852,12,13,1,87,0,0,1,0,1
40,715,4,4,0,65,0,0,1,0,0
42,674,12,12,1,66,0,1,0,0,0
26,643,7,12,0,71,0,0,1,0,0
36,624,11,13,0,85,0,0,0,1,1
25,773,1,3,1,66,0,1,0,0,0
34,780,12,11,1,79,1,0,0,0,0
22,802,4,3,1,80,0,1,0,0,0
28,783,8,11,1,97,0,0,0,1,0
41,805,3,6,1,71,0,1,1,0,0
27,735,1,4,0,94,0,0,0,0,0
33,737,2,3,1,64,0,1,0,0,0
36,666,13,10,1,68,0,1,1,0,0
44,789,14,12,1,68,0,0,0,0,0
33,691,11,11,1,86,0,1,1,0,1
28,605,2,4,1,77,0,0,1,0,0
34,813,3,2,1,84,0,1,0,0,0
33,725,11,11,1,60,0,0,1,0,0
39,690,14,10,1,71,0,0,0,0,0
27,891,9,8,1,83,0,0,0,0,0
29,703,2,6,1,82,0,0,0,1,0
31,551,12,11,1,91,1,1,0,0,0
35,814,4,6,1,70,1,1,0,0,0
27,839,7,9,0,69,0,1,0,0,0
35,630,13,14,0,83,1,0,1,1,1
26,680,7,12,1,62,1,0,0,0,0
40,723,14,15,1,60,1,0,0,0,0
25,614,8,11,1,66,0,1,1,0,0
26,755,1,4,1,88,0,0,0,0,0
32,621,4,4,1,76,1,1,0,0,0
30,665,3,5,0,69,0,0,0,0,0
38,600,4,5,0,79,0,0,0,0,0
27,562,10,12,0,52,0,0,1,0,0
28,660,10,13,1,77,0,0,0,0,0
44,782,12,11,1,91,1,0,0,0,0
36,797,14,12,1,74,1,1,0,0,1
34,384,3,6,1,80,0,0,0,0,0
34,756,3,5,1,61,0,0,1,0,0
40,883,3,3,1,79,1,0,0,0,0
30,680,14,13,1,60,0,1,0,0,0
39,695,13,11,1,74,0,0,0,0,0
25,717,7,11,1,73,0,1,0,0,0
44,657,14,12,1,71,0,0,0,0,0
40,769,3,3,1,83,1,0,0,0,0
44,619,12,15,1,63,0,0,1,0,0
38,837,2,3,0,85,0,0,0,0,0
23,709,3,3,1,67,0,0,0,0,0
34,758,13,14,1,67,0,1,1,0,0
28,679,7,8,1,68,1,0,0,0,0
32,646,12,15,1,77,0,1,1,0,1
27,598,6,11,0,85,0,0,1,1,0
29,658,6,8,0,76,1,0,0,0,0
26,604,8,10,1,85,0,0,1,1,0
32,707,13,13,1,65,0,0,0,0,0
27,760,6,8,1,85,0,0,0,1,0
27,678,7,7,1,83,1,0,0,1,0
42,783,2,5,0,77,0,0,0,0,0
28,783,9,8,1,74,0,0,1,0,0
36,574,3,4,1,64,0,1,0,0,0
40,719,3,4,1,78,0,0,0,0,0
28,733,6,9,1,55,1,0,0,0,0
22,860,1,3,1,71,0,0,0,0,0
33,647,13,11,0,82,0,0,0,0,0
40,748,3,4,1,66,0,0,0,0,0
24,783,5,2,1,72,1,0,0,0,0
37,595,14,11,1,57,1,0,0,0,0
28,825,7,10,1,64,0,0,1,0,0
34,738,13,14,1,63,0,0,1,0,0
38,720,13,10,1,67,0,0,1,0,0
22,772,2,6,1,87,0,0,1,1,0
37,641,3,5,1,52,0,0,0,0,0
28,697,2,6,1,90,0,0,1,1,0
42,826,4,5,1,67,0,0,0,0,0
41,777,11,10,1,81,0,0,0,1,0
24,701,2,6,1,75,0,0,0,0,0
30,782,14,12,1,57,0,0,0,0,0
31,673,4,2,1,57,0,1,0,0,0
39,565,2,5,1,58,0,1,0,0,0
38,754,3,4,1,65,0,0,1,0,0
26,804,6,8,1,70,0,0,0,0,0
38,866,11,10,0,62,0,0,0,0,0
36,727,2,6,1,69,0,0,0,0,0
37,654,4,2,1,76,0,0,0,0,0
42,581,3,6,1,90,1,1,0,1,0
40,751,4,4,1,66,1,0,0,0,0
36,787,13,10,1,79,0,0,1,0,0
29,605,3,3,1,60,1,1,0,0,0
28,808,10,12,0,68,0,0,1,0,0
27,517,7,12,1,71,0,0,1,0,0
28,525,3,4,1,81,0,0,0,1,0
37,602,12,13,1,48,0,0,1,0,0
34,681,3,3,1,60,0,1,0,0,0
25,804,1,4,1,87,1,0,0,1,0
23,721,3,5,1,57,0,0,0,0,0
27,943,2,5,1,93,0,1,0,0,0
31,580,3,5,1,71,0,0,1,0,0
26,758,7,8,1,82,0,1,0,0,0
23,569,3,4,1,61,0,1,0,0,0
28,753,9,8,1,82,0,0,0,0,0
41,798,2,4,1,88,1,0,0,0,0
45,706,14,15,1,79,0,0,0,0,0
40,747,4,5,1,70,0,0,0,0,0
26,727,2,4,1,73,0,0,0,0,0
35,613,4,3,1,76,0,0,0,0,0
42,834,12,13,1,68,0,1,0,0,0
37,683,14,10,1,73,0,0,0,0,0
37,822,3,5,1,65,0,0,0,0,0
34,821,14,12,1,71,0,1,0,0,1
41,649,4,5,0,69,0,1,0,0,0
28,620,9,9,1,88,1,0,1,0,0
30,674,2,6,1,79,0,0,1,0,0
32,777,13,10,1,93,0,0,1,1,1
36,782,4,4,0,47,0,1,0,0,0
29,683,3,5,0,67,1,0,0,0,0
33,687,14,11,0,79,0,0,0,0,0
42,680,11,11,1,51,1,0,1,0,0
32,664,3,6,0,74,0,0,0,0,0
44,667,14,11,1,77,1,1,1,0,0
32,669,2,6,0,86,0,0,0,0,0
24,561,3,2,1,72,0,0,1,0,0
31,703,13,11,1,73,0,1,0,0,0
29,672,3,6,0,81,0,0,0,0,0
30,739,12,15,1,65,0,0,0,0,0
30,626,3,2,0,75,1,0,0,0,0
26,681,3,3,1,64,0,0,0,0,0
31,807,3,6,0,71,0,1,0,0,0
36,653,3,6,1,76,0,0,0,0,0
30,610,12,15,1,78,1,1,1,0,1
31,756,2,3,1,66,0,0,0,0,0
28,636,7,11,0,77,0,0,1,0,0
29,679,10,10,1,76,1,0,0,0,0
28,692,9,8,1,86,0,0,0,1,0
34,950,12,15,1,73,0,0,0,0,0
39,609,2,6,1,69,0,0,0,0,0
39,732,12,15,1,87,0,1,0,1,1
25,623,7,12,0,61,0,0,0,0,0
36,651,13,11,0,81,0,1,0,1,0
36,493,3,3,1,89,0,1,0,1,0
34,838,11,13,1,81,0,1,0,1,1
25,664,2,5,1,81,0,0,1,0,0
33,740,12,13,1,79,0,0,0,0,0
40,651,4,5,1,69,0,1,0,0,0
23,672,4,5,1,69,0,0,0,0,0
27,854,3,2,1,80,0,0,1,0,0
28,631,7,12,1,80,0,0,0,0,0
24,790,1,5,0,63,0,0,1,0,0
25,507,1,3,1,70,0,0,0,0,0
38,590,11,15,1,86,0,0,0,0,0
22,773,1,6,0,65,0,0,0,0,0
42,678,3,5,0,70,0,1,0,0,0
26,706,10,11,1,86,0,0,1,1,1
41,461,14,14,1,86,0,0,0,1,1
37,585,12,11,0,71,0,0,1,0,0
35,633,14,13,1,75,0,0,0,0,0
36,660,4,2,1,87,0,0,1,0,0
29,868,10,15,0,77,0,0,0,0,0
23,602,3,5,1,74,0,0,0,0,0
41,773,2,3,1,66,0,1,0,0,0
27,590,3,6,1,66,0,0,0,0,0
22,569,1,6,1,75,1,0,0,0,0
27,719,1,5,1,92,0,1,0,0,0
33,654,4,2,1,83,0,0,1,0,0
41,612,12,12,0,78,0,0,0,0,0
38,581,4,2,1,76,0,0,1,0,0
31,690,13,10,1,60,0,0,0,0,0
25,526,7,7,1,88,0,0,1,0,0
26,677,1,2,1,85,0,0,0,1,0
39,692,3,2,1,67,0,0,0,0,0
28,784,1,5,1,65,0,0,0,0,0
34,583,14,15,1,79,0,0,1,0,0
33,784,3,6,0,84,0,0,1,1,0
26,737,3,6,1,80,0,0,0,0,0
34,680,2,5,1,64,0,1,0,0,0
45,498,2,5,0,81,0,0,0,0,0
34,608,3,3,1,78,0,1,1,0,0
37,781,13,11,1,68,0,0,0,0,0
31,674,14,10,1,89,0,0,0,0,0
28,806,1,4,1,79,0,0,0,0,0
33,658,14,13,1,69,0,0,1,0,0
35,781,14,10,1,71,0,0,1,0,0
44,818,2,6,1,76,0,0,0,0,0
36,737,3,5,1,83,0,0,0,1,0
33,727,4,6,1,66,0,0,1,0,0
34,809,11,15,1,83,0,0,0,0,0
32,643,3,2,0,75,0,0,0,0,0
36,488,4,3,1,77,0,0,1,0,0
27,636,2,5,1,77,0,1,0,0,0
40,724,4,6,1,63,1,0,0,0,0
41,499,11,15,1,77,0,1,1,0,0
44,830,12,13,1,62,0,1,0,0,0
37,686,11,15,1,66,0,0,0,0,0
27,582,1,3,1,55,0,0,0,0,0
25,518,1,4,1,70,0,0,0,0,0
38,665,11,12,1,70,0,0,0,0,0
36,848,12,13,1,54,0,0,1,0,0
45,826,4,2,1,68,0,1,1,0,0
37,740,3,5,0,88,0,1,1,0,0
39,817,2,3,1,82,0,0,0,1,0
42,784,14,10,1,64,0,0,0,0,0
36,640,3,5,1,77,0,0,1,0,0
38,799,14,15,0,73,0,0,0,0,0
34,685,3,2,1,77,1,0,1,0,0
35,749,14,11,1,65,0,0,0,0,0
29,893,1,3,0,75,0,0,0,0,0
35,543,13,12,1,76,0,0,0,0,0
43,707,11,10,0,76,0,0,0,0,0
42,632,3,3,0,56,0,0,0,0,0
37,737,3,3,1,86,0,1,0,0,0
36,730,14,11,1,69,0,0,0,0,0
32,761,14,11,1,83,0,0,0,0,0
37,848,3,2,0,77,0,1,0,0,0
43,712,13,10,1,75,0,0,1,0,0
43,736,4,5,1,72,0,0,0,0,0
30,766,3,3,1,84,0,0,0,1,0
35,559,13,12,1,68,0,1,0,0,0
32,729,2,6,1,67,0,0,1,0,0
38,664,11,14,0,82,0,1,0,0,0
32,762,14,15,1,77,0,0,0,0,0
42,807,12,14,1,67,0,0,0,0,0
23,783,5,6,1,76,0,0,0,0,0
40,784,3,6,0,75,0,0,0,0,0
38,490,2,4,1,66,0,1,1,0,0
38,491,2,3,1,66,0,1,0,0,0
42,771,4,5,1,76,0,1,0,0,0
37,592,2,4,1,67,0,0,0,0,0
36,593,11,13,1,80,0,1,0,0,0
27,934,3,2,1,70,0,0,0,0,0
41,639,3,2,1,78,0,0,0,0,0
30,652,3,5,1,79,0,1,0,0,0
26,675,3,5,1,66,0,0,0,0,0
30,617,11,11,1,93,0,0,0,0,0
29,662,6,10,0,60,0,0,0,0,0
40,623,13,14,1,76,0,0,0,0,0
40,564,3,2,1,79,0,0,0,0,0
30,613,2,2,1,66,0,0,1,0,0
30,658,12,14,1,75,0,0,0,0,0
23,846,5,4,1,80,0,0,0,0,0
32,677,14,15,0,91,0,1,0,0,1
33,612,4,3,1,71,0,0,0,0,0
33,835,13,12,1,76,0,1,0,0,1
38,606,11,10,1,78,0,0,0,0,0
35,791,12,10,1,85,0,0,0,1,1
29,755,3,3,0,88,0,0,0,1,0
40,632,14,10,1,76,1,0,0,0,0
28,649,7,8,1,61,0,0,0,0,0
31,598,13,11,1,72,1,0,0,0,0
28,710,3,4,0,74,0,0,0,0,0
28,744,1,5,1,76,0,1,0,0,0
30,674,2,3,1,73,0,0,0,0,0
32,762,11,13,1,82,0,0,0,1,1
27,616,10,12,1,93,0,0,0,0,1
25,845,9,12,1,94,1,1,0,1,1
31,742,2,4,1,81,1,0,0,1,0
40,829,12,10,1,78,0,1,0,0,0
37,701,12,14,1,95,0,0,0,0,1
25,504,10,10,1,73,1,0,0,0,0
23,580,3,5,1,82,0,0,0,1,0
45,821,11,15,1,72,1,1,0,0,1
39,633,4,4,1,62,0,0,1,0,0
35,644,4,6,1,87,0,0,0,0,0
32,582,13,10,0,84,0,0,0,0,0
34,481,14,10,0,79,0,0,0,0,0
30,707,4,3,1,69,1,1,0,0,0
41,946,4,4,1,81,1,0,0,0,0
43,833,2,3,1,66,0,0,0,0,0
41,716,4,4,1,80,0,0,0,0,0
25,597,10,11,1,57,0,0,0,0,0
27,607,1,3,1,67,0,0,0,0,0
40,950,2,6,1,69,1,0,0,0,0
39,791,13,12,1,72,0,0,1,0,0
26,668,2,5,1,86,1,0,0,1,0
39,922,4,2,1,60,1,0,0,0,0
37,706,14,12,1,76,0,0,0,0,0
39,586,2,4,1,83,0,0,1,1,0
24,696,3,6,1,74,0,0,0,0,0
45,909,11,10,1,78,0,0,0,0,0
29,607,3,6,1,77,0,1,0,0,0
35,596,4,4,1,76,1,0,0,0,0
34,629,4,2,1,79,0,0,0,0,0
40,576,4,2,1,77,1,0,0,0,0
22,657,3,2,1,70,0,0,0,0,0
36,527,11,10,1,88,1,0,0,1,1
40,606,2,6,1,75,0,0,0,0,0
26,784,10,13,1,57,0,0,0,0,0
31,820,4,2,1,65,0,0,0,0,0
41,867,14,10,1,67,0,0,0,0,0
34,667,13,12,1,79,0,1,0,0,0
30,770,3,2,1,85,1,0,1,0,0
39,815,11,11,1,60,0,0,0,0,0
42,565,13,14,1,87,0,0,0,1,1
40,744,4,5,1,87,0,0,0,0,0
36,667,14,13,1,61,0,0,0,0,0
35,730,2,6,1,68,0,1,0,0,0
24,683,4,5,1,78,0,0,1,0,0
36,740,4,6,0,83,0,0,0,1,0
24,695,2,5,1,84,0,0,0,0,0
22,543,2,3,1,72,0,0,0,0,0
29,848,7,9,1,70,0,0,0,0,0
30,626,3,2,1,100,0,0,1,0,0
33,780,2,5,1,75,1,0,1,0,0
29,598,8,11,1,76,1,0,0,0,0
28,763,2,5,1,75,0,0,1,0,0
28,629,6,8,1,80,1,0,0,0,0
23,813,2,4,1,70,0,0,0,0,0
29,694,6,7,1,81,0,0,1,1,0
39,790,14,14,0,72,0,0,1,0,0
25,703,9,10,0,88,1,0,0,1,0
31,690,2,3,1,70,0,0,0,0,0
22,745,3,2,1,68,1,0,0,0,0
37,653,3,3,0,69,1,0,1,0,0
33,783,13,11,1,66,0,0,1,0,0
35,776,13,11,1,72,1,0,1,0,0
41,745,3,5,1,56,0,1,1,0,0
44,569,14,12,1,81,1,1,0,0,0
23,635,4,4,0,59,0,0,0,0,0
38,565,3,2,1,67,1,0,0,0,0
36,663,2,3,1,76,1,0,0,0,0
22,738,1,5,1,65,1,0,1,0,0
40,765,4,4,1,49,0,0,0,0,0
36,756,14,15,1,81,0,0,0,1,1
22,616,2,4,0,82,0,0,0,0,0
32,793,4,4,0,87,0,0,0,0,0
39,805,11,14,1,62,0,1,0,0,0
28,731,10,11,0,73,0,1,0,0,0
26,796,1,2,1,64,1,0,0,0,0
30,621,3,5,1,77,0,0,0,0,0
32,733,2,2,1,81,0,0,0,1,0
26,729,3,6,1,80,0,0,0,0,0
35,692,2,5,1,63,0,0,1,0,0
22,748,2,5,1,70,0,0,0,0,0
22,734,2,2,1,60,1,1,0,0,0
45,784,14,14,1,81,0,0,0,0,0
37,611,4,6,1,58,0,0,1,0,0
31,794,4,6,1,76,0,0,0,0,0
30,548,11,15,1,79,0,0,0,0,0
32,590,14,10,0,80,0,0,0,0,0
35,919,3,6,1,89,1,0,1,1,0
22,645,2,5,1,68,0,0,0,0,0
27,670,7,7,1,88,1,0,0,1,0
36,625,11,15,1,78,0,0,0,0,0
44,523,2,4,1,78,0,0,0,0,0
35,626,14,12,1,89,0,0,0,0,1
24,669,2,2,1,80,1,0,0,0,0
43,605,3,5,1,76,0,0,0,0,0
44,596,4,3,1,75,1,0,0,0,0
27,613,8,12,1,71,1,0,0,0,0
35,803,12,10,1,59,0,0,1,0,0
44,783,3,6,1,61,0,0,0,0,0
29,753,2,5,1,80,0,0,0,0,0
30,867,3,5,1,78,1,0,0,0,0
22,543,2,5,0,80,0,1,0,0,0
36,716,13,12,1,72,0,0,0,0,0
40,570,4,2,1,71,0,0,0,0,0
22,530,2,4,1,80,0,0,0,0,0
33,621,2,2,1,66,0,0,1,0,0
38,647,13,15,1,78,1,1,1,0,1
33,525,13,14,1,72,0,1,0,0,0
28,950,3,3,1,64,1,0,0,0,0
22,762,1,3,1,74,1,0,1,0,0
39,850,4,4,0,100,1,0,0,1,0
28,654,2,6,1,66,0,0,0,0,0
44,568,11,14,1,75,0,0,0,0,0
37,534,12,12,0,68,0,1,0,0,0
27,754,1,6,1,81,0,1,0,0,0
30,748,14,10,1,68,0,0,0,0,0
41,716,14,14,1,100,0,0,0,1,1
44,860,13,10,1,86,0,0,0,1,1
45,824,3,2,0,77,0,0,0,0,0
34,611,3,5,0,75,0,0,0,0,0
32,864,4,5,0,57,0,0,0,0,0
42,873,11,12,1,72,1,0,0,0,1
23,843,1,2,1,85,0,1,0,1,0
45,573,3,3,0,97,0,0,0,1,0
42,828,12,10,1,52,0,0,0,0,0
42,505,13,13,1,91,0,0,1,0,1
30,722,3,4,0,68,0,0,1,0,0
29,690,2,4,1,65,0,0,0,0,0
24,717,1,3,1,66,0,0,0,0,0
29,623,2,3,1,55,0,1,0,0,0
36,607,2,5,1,63,0,0,0,0,0
40,552,14,10,1,78,0,0,1,0,0
36,757,12,15,0,80,0,0,1,0,0
32,717,14,10,0,85,0,0,1,0,0
32,746,13,14,1,80,0,0,0,0,0
23,722,3,2,1,66,1,0,0,0,0
25,684,6,11,1,80,0,1,0,0,0
25,742,10,13,1,88,0,0,1,1,1
27,697,10,13,1,58,0,1,0,0,0
23,714,5,5,1,78,1,0,1,0,0
27,780,2,2,0,91,1,1,0,1,0
35,719,14,11,1,81,0,0,0,1,0
27,782,2,3,1,71,1,1,0,0,0
44,784,4,4,1,77,0,1,0,0,0
23,595,1,5,1,74,0,0,1,0,0
44,798,12,10,1,61,0,0,0,0,0
37,561,2,6,1,76,0,0,0,0,0
44,694,2,6,1,100,1,1,0,0,0
30,804,2,3,0,82,0,0,0,0,0
39,589,14,15,1,75,0,0,1,0,0
44,712,2,4,1,73,1,0,1,0,0
40,651,12,13,1,69,0,0,0,0,0
29,745,7,8,1,67,0,0,0,0,0
45,785,13,12,1,60,0,0,0,0,0
23,848,3,2,1,73,1,0,0,0,0
24,761,2,5,1,87,0,1,0,1,0
27,722,9,12,0,68,0,0,0,0,0
42,558,12,14,1,61,1,0,0,0,0
23,790,3,5,1,97,0,0,0,1,0
34,661,12,11,1,77,1,0,0,0,0
33,736,3,5,1,87,0,0,0,0,0
39,555,11,10,1,70,0,1,0,0,0
23,632,2,5,1,74,0,0,0,0,0
29,770,3,5,1,58,0,1,0,0,0
41,723,11,15,1,80,0,1,1,0,1
42,588,3,5,1,64,0,0,0,0,0
41,950,13,10,1,69,0,0,0,0,0
25,608,3,3,0,72,1,0,0,0,0
35,647,12,14,1,94,0,0,0,0,1
26,647,6,7,0,84,0,1,0,1,0
35,600,13,10,1,76,0,1,0,0,0
29,810,2,4,1,84,0,0,0,1,0
44,605,4,5,1,79,0,0,0,0,0
33,891,14,12,1,64,0,1,0,0,0
42,736,2,2,0,61,0,0,0,0,0
26,768,6,11,0,87,0,0,0,1,0
33,623,2,3,1,77,0,0,0,0,0
29,583,10,11,1,71,1,0,0,0,0
43,570,11,13,1,75,0,0,0,0,0
22,743,1,3,1,83,0,0,0,0,0
45,802,2,4,1,70,0,0,0,0,0
45,743,2,5,0,71,0,0,0,0,0
30,785,3,5,1,77,1,0,0,0,0
23,630,5,3,1,80,0,1,0,0,0
42,631,3,4,1,70,0,0,1,0,0
45,794,3,4,1,84,0,1,0,1,0
42,700,11,10,1,85,0,0,0,1,1
42,640,2,3,1,68,0,0,0,0,0
35,645,11,15,1,78,0,0,0,0,0
44,680,11,13,1,84,1,0,0,0,0
44,909,13,12,1,72,0,0,1,0,1
22,596,2,3,1,63,0,0,0,0,0
39,698,12,14,1,74,0,0,0,0,0
31,620,4,4,0,87,0,0,0,1,0
45,842,13,12,1,66,0,0,0,0,0
30,712,14,11,0,66,0,0,0,0,0
27,630,9,7,0,54,1,0,0,0,0
35,724,13,15,0,60,0,0,0,0,0
41,866,13,13,1,77,0,0,0,0,0
41,622,2,6,1,63,0,0,0,0,0
35,933,2,4,1,59,0,0,1,0,0
34,597,2,6,1,74,1,1,0,0,0
24,759,4,6,0,77,0,0,0,0,0
26,759,8,8,1,94,1,0,0,1,0
22,846,3,4,1,91,0,0,0,1,0
40,627,2,3,1,87,0,0,1,1,0
44,564,14,11,1,79,1,1,0,0,0
29,652,2,2,1,76,0,1,0,0,0
22,847,2,4,0,55,1,0,0,0,0
28,729,9,11,1,85,1,0,0,0,0
39,760,2,5,0,85,0,1,0,0,0
24,560,5,6,1,78,0,0,0,0,0
22,751,2,3,1,88,0,1,0,1,0
35,589,4,5,1,100,0,0,0,1,0
31,648,2,2,1,92,0,0,0,0,0
22,602,1,5,1,83,0,1,0,0,0
42,581,12,13,1,80,1,0,0,0,0
42,786,14,13,0,73,0,0,0,0,0
40,880,14,13,1,50,0,0,0,0,0
41,621,4,6,1,68,0,0,0,0,0
22,783,3,4,1,75,0,0,0,0,0
25,743,8,9,1,64,0,0,1,0,0
22,657,1,3,0,68,0,0,0,0,0
26,615,1,5,1,67,0,1,0,0,0
22,786,5,4,1,70,0,0,1,0,0
34,575,4,6,1,63,0,0,0,0,0
42,677,12,14,0,73,0,0,0,0,0
40,631,11,14,1,66,1,1,1,0,1
27,509,3,2,1,64,0,0,0,0,0
34,885,2,4,1,60,0,1,0,0,0
41,674,13,10,1,86,0,0,0,0,0
38,785,4,3,0,51,0,0,1,0,0
38,691,12,10,0,78,0,0,0,0,0
38,754,2,3,1,75,0,0,0,0,0
27,662,7,11,1,80,0,0,0,0,0
25,679,8,8,0,70,0,1,0,0,0
27,608,8,12,1,70,0,0,0,0,0
25,766,7,8,1,76,1,0,0,0,0
25,764,9,10,1,93,0,0,0,0,0
26,570,1,6,1,67,1,0,0,0,0
38,813,11,12,0,76,0,0,0,0,0
25,860,2,3,1,86,0,0,0,1,0
45,677,13,15,1,77,0,0,0,0,0
34,766,2,4,1,69,0,1,0,0,0
28,864,2,5,1,87,0,0,1,1,0
23,780,3,4,1,72,0,0,0,0,0
23,586,1,3,1,68,0,1,0,0,0
41,556,2,4,1,82,0,0,0,1,0
38,606,4,4,1,77,0,0,0,0,0
33,652,2,3,1,83,0,0,0,0,0
36,904,3,2,0,89,0,0,0,0,0
27,561,8,12,1,66,0,0,0,0,0
30,755,11,15,1,64,0,0,0,0,0
38,759,4,2,1,91,0,0,0,1,0
32,782,13,12,1,92,0,0,1,1,1
23,818,2,5,0,79,0,1,1,0,0
39,630,4,6,1,77,0,0,0,0,0
34,814,11,14,1,74,0,1,0,0,1
28,620,6,12,1,80,0,0,1,0,0
23,745,2,3,1,73,0,0,0,0,0
27,750,3,6,1,71,1,0,0,0,0
22,635,3,5,0,79,0,0,0,0,0
26,620,3,2,1,88,0,0,1,0,0
37,737,3,3,1,87,0,0,0,0,0
38,843,12,15,1,69,0,0,1,0,0
22,715,5,6,0,55,0,1,0,0,0
35,562,2,2,1,61,0,1,0,0,0
31,727,4,6,1,75,0,0,1,0,0
22,765,2,6,1,64,0,0,0,0,0
26,588,1,5,1,61,0,1,0,0,0
40,713,13,10,0,47,0,1,0,0,0
40,741,11,10,1,83,0,1,0,0,0
31,579,11,15,1,75,1,0,0,0,0
43,585,11,13,0,81,0,0,1,0,0
25,724,7,8,1,79,0,0,0,0,0
41,824,12,13,0,72,1,0,0,0,1
38,798,4,5,1,82,0,0,0,0,0
33,751,13,14,1,68,1,0,0,0,0
26,950,7,9,1,65,0,0,0,0,0
42,570,2,6,1,53,0,0,0,0,0
42,651,11,10,1,73,0,0,0,0,0
24,789,3,6,1,80,0,0,0,0,0
42,530,2,6,1,84,1,0,0,1,0
30,644,2,6,0,88,1,0,0,0,0
28,503,8,7,0,83,0,0,0,0,0
38,600,2,3,1,64,0,1,0,0,0
24,735,3,3,1,61,0,0,1,0,0
45,550,4,4,0,77,0,0,0,0,0
45,696,12,10,1,71,1,0,0,0,0
24,796,2,6,1,94,0,0,0,1,0
36,752,12,14,0,69,1,0,0,0,0
43,806,14,15,1,86,0,0,0,1,1
25,824,8,9,0,72,1,0,0,0,0
39,950,2,5,1,69,0,0,0,0,0
45,748,3,2,1,65,0,0,0,0,0
22,669,4,2,1,69,0,0,0,0,0
37,603,11,11,0,91,0,0,0,1,1
34,734,11,11,0,78,0,0,1,0,0
30,795,14,15,1,96,0,0,0,0,1
31,643,2,2,1,93,0,1,0,0,0
40,620,13,11,1,79,0,0,0,0,0
36,682,3,2,1,92,1,0,0,0,0
41,719,12,10,1,81,0,0,0,0,0
30,667,2,4,1,67,0,0,0,0,0
39,898,11,11,1,65,1,1,1,0,0
28,753,6,9,1,84,0,0,0,0,0
37,663,2,6,0,72,0,0,0,0,0
38,624,13,11,1,56,1,0,0,0,0
26,538,3,6,1,80,0,0,0,0,0
42,575,12,10,1,82,0,0,1,0,0
32,516,2,3,1,74,0,0,0,0,0
25,715,2,5,1,82,0,0,1,1,0
25,671,1,6,0,60,0,0,0,0,0
22,662,3,3,1,82,0,0,0,1,0
41,615,14,12,1,86,0,0,1,0,1
37,630,13,10,1,71,0,0,1,0,0
35,579,3,3,1,74,0,0,0,0,0
26,810,2,3,1,79,1,0,0,0,0
38,532,13,10,1,67,1,0,0,0,0
37,526,3,5,1,70,0,1,1,0,0
35,800,2,4,1,76,0,0,0,0,0
29,549,8,11,0,69,0,0,0,0,0
43,597,3,5,1,82,0,0,0,1,0
36,711,3,2,1,68,1,0,0,0,0
43,776,13,11,1,74,1,0,0,0,0
32,749,12,12,1,76,0,0,0,0,0
34,694,12,15,1,92,1,0,1,0,1
24,690,2,6,1,63,0,1,0,0,0
36,617,3,5,0,64,0,0,1,0,0
28,795,2,2,0,77,0,0,0,0,0
31,728,12,13,1,85,0,1,1,1,1
40,734,12,12,1,78,0,0,0,0,0
22,718,4,4,1,86,0,0,0,0,0
28,854,7,12,1,79,0,1,0,0,0
43,626,14,11,1,58,0,1,0,0,0
35,583,11,13,0,74,0,1,1,0,0
43,631,12,13,1,73,1,1,0,0,1
35,576,12,15,1,65,0,0,0,0,0
37,837,4,6,1,69,0,0,0,0,0
45,895,13,11,0,66,0,0,0,0,0
37,469,2,3,0,71,1,0,0,0,0
33,684,12,13,1,50,1,0,0,0,0
29,633,1,4,0,84,0,1,1,1,0
24,567,3,5,1,61,0,0,1,0,0
29,872,7,10,0,84,0,1,0,0,0
24,760,1,6,1,75,0,0,1,0,0
33,635,3,4,1,77,0,0,0,0,0
34,430,4,2,1,97,0,0,1,1,0
22,587,4,3,1,73,0,0,0,0,0
31,546,14,10,1,64,0,0,0,0,0
41,416,3,2,0,67,1,0,1,0,0
42,595,14,14,1,82,0,0,0,0,0
32,642,12,13,1,65,0,0,0,0,0
25,859,10,15,1,85,0,0,0,0,1
24,519,5,3,1,81,0,0,0,1,0
32,520,3,2,0,100,0,0,0,1,0
37,759,14,12,1,81,0,0,0,1,1
25,761,1,2,1,89,1,0,1,1,0
26,603,6,11,1,73,1,1,0,0,0
37,772,4,2,1,75,0,0,0,0,0
39,709,14,10,0,78,0,0,1,0,0
45,841,3,2,1,74,0,0,0,0,0
36,652,3,3,1,65,0,0,0,0,0
22,671,1,6,1,73,0,0,0,0,0
32,797,4,5,1,66,0,0,0,0,0
39,620,3,5,1,69,0,0,0,0,0
36,744,4,5,1,78,0,0,0,0,0
34,699,13,15,1,73,1,0,0,0,0
43,525,2,2,1,82,0,0,0,0,0
44,632,14,11,1,97,0,0,0,1,1
33,614,3,2,1,89,0,0,0,1,0
42,950,11,13,1,57,0,1,1,0,1
27,631,6,11,1,85,0,0,0,0,0
37,692,3,4,1,69,0,0,0,0,0
38,636,12,10,1,71,0,0,0,0,0
25,641,1,6,1,64,0,0,0,0,0
32,654,13,10,0,61,0,0,0,0,0
42,504,2,3,1,82,0,0,0,0,0
45,657,14,10,1,71,0,0,0,0,0
37,714,11,15,1,77,0,0,1,0,0
37,701,3,2,0,81,0,0,0,0,0
32,698,2,6,1,82,0,0,0,0,0
27,644,2,4,0,63,0,0,0,0,0
41,593,14,14,1,69,0,0,0,0,0
23,653,3,5,1,54,0,1,1,0,0
32,761,14,15,1,68,0,0,1,0,0
29,694,7,9,1,60,0,1,0,0,0
45,741,2,4,1,82,0,0,0,1,0
42,856,12,12,1,97,0,1,1,0,1
35,737,12,12,0,69,0,0,0,0,0
33,540,3,6,1,77,1,1,0,0,0
28,768,9,10,0,81,0,1,0,1,0
41,679,2,6,1,68,0,1,0,0,0
24,741,2,4,0,77,0,0,0,0,0
39,679,11,15,1,62,1,1,0,0,0
29,663,9,8,1,62,0,1,0,0,0
35,687,2,2,1,81,0,0,0,1,0
42,686,14,10,1,78,0,0,1,0,0
36,950,11,13,1,79,0,0,0,0,0
33,801,14,10,1,79,0,1,0,0,0
36,628,4,3,1,84,1,0,0,0,0
38,763,4,3,0,77,0,0,0,0,0
41,702,11,13,1,90,0,0,0,0,1
28,610,10,14,1,75,0,0,0,0,0
35,691,4,4,1,86,0,0,1,1,0
24,656,1,6,0,66,0,0,1,0,0
40,723,3,6,1,85,0,0,1,0,0
40,695,12,11,0,62,0,0,0,0,0
33,773,12,13,0,70,1,0,0,0,0
22,775,2,3,1,85,0,1,0,1,0
32,761,11,14,0,71,0,0,0,0,0
33,604,2,6,1,80,0,0,0,0,0
28,688,6,9,1,82,0,0,0,1,0
33,548,3,6,1,88,0,0,0,0,0
42,632,14,10,0,80,0,0,0,0,0
28,832,8,9,0,90,0,1,1,1,1
22,810,2,6,0,88,1,0,0,0,0
41,565,4,3,0,73,0,0,1,0,0
33,720,14,13,1,84,1,0,0,0,0
27,855,3,6,1,82,0,0,0,1,0
42,867,11,15,0,69,0,0,0,0,0
37,795,14,12,1,85,1,1,0,1,1
26,875,3,4,1,75,0,1,1,0,0
37,788,2,5,0,76,0,0,0,0,0
28,623,9,9,1,82,0,0,0,1,0
36,850,13,13,1,69,0,0,1,0,0
44,671,11,11,1,66,1,0,0,0,0
33,636,14,11,1,86,1,0,1,1,1
22,577,3,6,1,58,0,0,0,0,0
32,666,11,12,0,68,0,0,0,0,0
41,782,4,2,1,69,1,1,1,0,0
32,513,3,3,1,68,0,0,0,0,0
35,526,4,3,1,61,0,0,0,0,0
41,651,12,11,1,61,0,0,1,0,0
29,778,10,11,1,57,0,0,0,0,0
25,434,1,4,1,78,1,0,1,0,0
34,607,12,11,0,69,0,0,0,0,0
23,750,2,5,1,90,0,0,1,0,0
35,852,14,10,1,84,1,0,0,1,1
25,619,7,9,1,75,0,0,1,0,0
44,658,4,5,1,88,0,0,0,0,0
40,602,13,15,1,64,0,1,0,0,0
29,788,1,2,1,75,0,0,1,0,0
22,759,2,5,1,80,0,1,1,0,0
39,554,14,10,1,89,0,0,0,0,0
32,568,12,10,1,72,0,0,0,0,0
27,514,10,14,1,67,0,0,0,0,0
33,567,13,13,1,88,0,1,1,1,1
29,670,1,6,1,54,0,0,0,0,0
42,497,4,3,0,80,0,0,0,0,0
39,671,3,3,1,70,0,0,1,0,0
40,626,11,14,1,77,0,1,0,0,0
22,698,3,4,0,78,0,0,0,0,0
27,725,2,5,1,81,1,0,1,0,0
25,755,3,2,1,74,0,0,0,0,0
40,680,14,15,0,66,0,1,0,0,0
22,550,4,5,1,74,0,0,0,0,0
24,715,3,3,1,95,1,0,0,1,0
23,690,5,2,1,59,1,1,0,0,0
40,506,4,6,1,90,0,0,0,1,0
38,648,3,6,1,78,0,1,0,0,0
44,733,2,6,1,62,0,0,0,0,0
38,502,14,10,0,82,0,0,0,1,0
44,794,3,2,1,80,0,0,1,0,0
35,784,2,2,1,86,0,1,0,1,0
37,648,12,15,1,63,0,0,0,0,0
39,724,2,5,1,75,0,0,0,0,0
26,566,6,11,1,80,0,1,0,0,0
41,776,11,14,1,66,1,0,1,0,0
34,659,13,15,1,80,0,0,0,0,0
38,725,3,4,1,82,0,0,0,0,0
24,751,2,6,0,52,0,0,0,0,0
29,574,2,3,1,76,0,0,0,0,0
43,649,2,2,1,76,0,0,1,0,0
39,571,2,2,0,80,0,0,0,0,0
39,620,3,2,1,78,0,1,0,0,0
34,649,3,6,1,53,0,1,0,0,0
28,666,1,4,1,74,0,1,0,0,0
35,697,14,11,1,69,0,0,0,0,0
45,774,2,2,0,72,1,1,0,0,0
44,610,2,2,1,71,0,0,0,0,0
24,572,1,3,1,77,0,1,0,0,0
44,904,2,5,1,81,0,0,1,1,0
26,790,9,9,1,59,0,0,0,0,0
33,794,11,12,0,70,1,0,1,0,1
42,678,4,5,1,63,0,0,0,0,0
36,684,12,12,1,86,0,0,0,1,1
45,683,11,11,0,73,0,0,0,0,0
23,692,1,6,1,75,0,0,0,0,0
23,694,3,4,0,68,0,0,0,0,0
43,788,13,13,0,87,0,0,0,1,1
41,749,4,6,1,70,0,0,0,0,0
38,670,2,2,1,69,0,0,1,0,0
23,775,3,6,0,80,0,0,0,0,0
33,618,2,2,1,71,0,0,0,0,0
45,759,3,4,1,80,0,1,0,0,0
40,565,3,6,1,80,0,0,0,0,0
33,734,2,6,1,71,0,0,0,0,0
36,676,2,3,1,70,0,0,0,0,0
35,835,14,15,1,83,0,1,0,0,1
30,666,13,11,1,84,0,1,0,1,0
26,707,2,2,0,75,0,0,0,0,0
35,631,4,5,1,80,0,0,0,0,0
32,785,11,12,0,69,0,1,0,0,0
33,635,11,15,1,74,0,1,0,0,0
37,740,3,3,0,90,0,0,0,0,0
30,855,11,15,1,75,0,1,1,0,1
28,688,3,5,1,70,1,0,1,0,0
27,671,2,4,1,54,0,0,0,0,0
25,706,3,3,1,88,0,0,0,1,0
40,810,4,3,1,81,0,1,0,1,0
40,621,11,10,1,71,0,0,0,0,0
23,655,2,4,1,70,1,0,0,0,0
41,688,11,11,1,70,0,0,0,0,0
30,703,4,6,1,58,0,0,0,0,0
45,628,13,13,1,68,0,0,0,0,0
40,474,3,4,1,84,0,1,1,1,0
29,600,6,11,1,70,0,0,0,0,0
34,606,3,4,1,75,0,0,0,0,0
36,735,4,3,0,73,0,1,0,0,0
26,627,3,5,1,78,0,1,0,0,0
40,679,12,11,1,59,0,0,0,0,0
43,721,11,11,1,64,0,0,0,0,0
34,640,11,15,1,70,1,0,0,0,0
26,641,3,5,0,66,0,0,0,0,0
30,708,3,2,0,79,0,0,0,0,0
26,808,10,13,1,69,0,0,0,0,0
26,800,7,7,1,60,0,0,0,0,0
25,644,9,8,1,81,1,0,0,1,0
25,767,1,6,1,83,0,0,0,0,0
23,843,1,3,0,65,1,0,1,0,0
29,872,8,7,1,84,0,1,1,1,0
22,843,1,5,1,70,0,0,1,0,0
34,737,13,13,1,66,1,0,0,0,0
43,855,2,3,1,73,0,0,0,0,0
26,628,1,3,1,81,0,0,0,1,0
30,646,3,4,0,77,0,0,0,0,0
39,916,14,14,1,73,0,0,0,0,0
27,851,1,4,1,69,0,1,0,0,0
32,436,13,14,1,72,0,1,0,0,0
26,802,3,6,0,84,0,0,1,1,0
24,753,5,2,1,76,0,0,1,0,0
39,716,4,3,1,63,0,0,1,0,0
34,734,12,11,1,77,0,0,1,0,0
39,715,2,5,1,74,0,0,0,0,0
22,854,4,6,1,65,0,0,0,0,0
41,861,3,4,1,73,0,1,0,0,0
45,650,4,3,0,81,0,0,0,1,0
28,843,10,14,1,70,0,0,0,0,0
25,626,6,8,0,75,0,0,1,0,0
23,674,3,6,0,74,1,1,0,0,0
43,583,13,15,1,68,1,0,0,0,0
36,905,2,4,1,77,1,1,0,0,0
39,633,4,3,1,66,0,0,0,0,0
28,680,1,5,0,58,0,0,0,0,0
37,791,14,10,1,84,0,0,0,0,0
39,804,14,10,1,75,0,1,0,0,0
37,732,3,6,1,88,0,0,0,0,0
24,539,2,5,0,62,0,1,1,0,0
27,752,1,3,1,83,0,1,0,1,0
29,777,1,2,1,88,0,0,1,0,0
36,656,11,10,1,84,0,1,0,0,0
35,729,4,6,1,59,0,0,0,0,0
32,731,11,13,1,81,0,0,0,1,1
22,610,3,6,1,87,0,0,1,0,0
34,508,14,10,1,66,0,0,0,0,0
26,608,3,5,1,77,0,0,0,0,0
27,642,9,9,1,69,0,0,0,0,0
36,664,11,13,1,78,0,0,0,0,0
25,681,7,11,1,84,0,0,0,1,0
40,700,11,12,1,89,1,1,0,1,1
39,659,4,3,0,82,0,0,0,1,0
35,761,11,11,1,76,0,0,0,0,0
29,614,1,4,1,78,0,0,0,0,0
23,821,2,3,1,85,1,0,0,1,0
25,671,8,12,0,89,0,0,1,1,1
23,635,2,5,1,86,1,0,0,0,0
44,675,2,4,0,72,1,1,1,0,0
26,573,9,12,1,75,0,0,0,0,0
25,674,7,7,1,72,1,0,0,0,0
40,740,2,5,1,75,0,1,0,0,0
24,651,4,4,1,69,0,0,0,0,0
41,751,11,11,0,70,0,0,0,0,0
34,682,2,6,0,61,0,0,1,0,0
26,616,2,6,1,70,0,0,1,0,0
36,601,2,4,1,85,0,0,0,1,0
24,662,5,6,0,71,0,1,0,0,0
43,656,13,15,1,77,0,0,0,0,0
36,561,3,5,1,69,0,1,0,0,0
25,501,1,5,1,65,0,1,0,0,0
45,773,11,10,1,70,0,0,0,0,0
45,601,14,15,1,79,0,0,0,0,0
33,595,4,6,1,74,0,0,0,0,0
23,667,5,3,1,76,0,0,0,0,0
29,590,3,2,1,63,0,0,0,0,0
45,822,14,15,1,59,1,0,0,0,0
39,737,11,13,1,79,0,0,0,0,0
31,729,14,13,0,67,0,0,0,0,0
38,683,13,12,1,81,0,0,0,0,0
39,636,3,6,1,83,1,0,0,0,0
44,755,14,11,1,74,0,0,0,0,0
38,716,2,4,1,80,0,0,0,0,0
26,611,10,15,1,74,1,0,0,0,0
40,511,13,14,1,82,0,0,0,1,0
41,717,4,5,1,73,0,0,0,0,0
38,711,13,13,1,74,0,1,0,0,0
26,819,6,11,1,71,0,0,0,0,0
27,827,9,10,1,67,1,0,0,0,0
34,635,13,14,0,80,0,1,0,0,0
27,779,9,7,0,72,0,0,0,0,0
28,705,2,3,0,92,0,0,0,1,0
34,840,2,2,1,67,0,0,0,0,0
28,527,8,7,0,67,0,0,1,0,0
25,648,8,12,1,82,1,0,1,1,1
35,653,11,13,1,65,0,0,0,0,0
31,724,14,12,1,73,0,0,0,0,0
28,596,3,6,1,86,0,1,1,1,0
28,644,3,5,0,69,0,0,1,0,0
32,762,4,3,1,64,0,1,0,0,0
30,712,2,2,0,75,0,0,0,0,0
23,739,2,2,1,73,0,0,0,0,0
43,539,2,3,1,89,0,0,0,0,0
41,666,3,4,1,78,0,0,0,0,0
43,765,11,11,0,76,0,0,0,0,0
26,637,2,2,0,72,0,0,0,0,0
29,574,9,8,1,77,0,1,1,0,0
22,645,1,3,1,72,0,0,1,0,0
29,512,10,15,1,79,0,0,0,0,0
33,572,3,4,1,83,1,0,0,1,0
43,627,11,15,1,79,0,0,0,0,0
32,750,11,12,1,84,0,0,0,1,1
31,609,3,5,1,67,0,0,0,0,0
30,759,13,13,1,74,1,1,0,0,1
29,543,3,2,1,83,1,0,0,0,0
45,847,4,5,1,72,0,0,0,0,0
31,609,4,2,1,72,0,1,1,0,0
45,725,3,3,1,77,0,0,0,0,0
45,568,13,14,1,66,1,0,1,0,0
32,837,11,13,1,80,0,1,0,0,1
24,608,4,3,1,69,1,0,0,0,0
25,764,7,11,0,79,0,0,1,0,0
30,611,4,6,1,69,0,1,0,0,0
29,682,2,3,1,79,0,0,0,0,0
40,659,14,10,1,82,0,1,0,1,0
32,627,4,6,0,69,1,0,0,0,0
25,782,1,4,1,64,1,0,0,0,0
38,687,2,4,1,76,0,0,0,0,0
41,667,3,6,1,65,0,0,0,0,0
22,596,2,6,1,77,1,0,0,0,0
28,614,8,10,0,83,0,0,0,0,0
45,538,12,12,1,79,0,0,0,0,0
25,651,6,7,1,76,0,0,0,0,0
36,692,14,10,1,73,0,0,1,0,0
45,705,14,14,0,63,0,0,0,0,0
41,791,13,15,1,75,0,0,1,0,0
42,767,13,10,1,77,0,0,1,0,0
34,667,2,2,1,77,0,0,0,0,0
37,826,3,2,1,63,0,0,0,0,0
28,763,9,8,1,81,0,0,0,1,0
22,640,2,4,1,68,0,0,0,0,0
35,592,13,12,1,69,0,1,0,0,0
29,860,8,9,1,72,0,0,0,0,0
24,585,1,6,1,71,0,0,0,0,0
32,786,4,2,1,81,0,0,0,0,0
22,723,3,3,1,92,0,1,0,1,0
23,741,1,5,1,94,0,1,1,1,0
31,710,11,10,1,66,0,1,1,0,0
44,552,3,5,1,60,1,0,0,0,0
38,780,4,3,1,81,0,0,0,0,0
36,649,14,13,1,74,0,1,0,0,0
39,545,4,6,1,74,0,0,0,0,0
24,835,4,5,1,83,0,0,0,1,0
28,754,10,13,0,71,0,0,0,0,0
39,711,2,4,1,69,0,0,0,0,0
31,748,2,6,0,60,0,0,1,0,0
32,783,3,2,1,56,1,0,1,0,0
27,686,1,3,1,74,0,0,0,0,0
27,685,3,2,1,70,0,0,0,0,0
38,645,4,6,1,74,0,1,0,0,0
28,682,3,6,1,84,0,0,0,1,0
36,811,4,5,1,79,1,1,0,0,0
45,641,12,14,1,73,0,0,0,0,0
32,723,12,14,1,65,0,0,0,0,0
23,684,3,4,0,88,0,1,0,0,0
26,818,7,11,1,83,0,0,0,1,0
43,714,11,10,1,85,0,0,0,1,1
41,683,3,3,1,84,0,0,0,0,0
28,730,6,12,1,49,0,0,0,0,0
35,676,14,15,1,70,1,0,0,0,0
24,656,2,6,1,65,0,0,0,0,0
35,719,11,10,0,76,0,0,0,0,0
33,785,3,5,1,85,0,0,1,1,0
44,881,2,6,1,66,0,0,0,0,0
38,707,14,12,1,71,0,1,0,0,0
44,686,14,13,1,73,0,1,0,0,0
25,789,3,2,0,80,0,0,0,0,0
41,567,3,2,1,73,0,0,0,0,0
36,678,4,3,1,78,1,1,0,0,0
32,774,2,6,1,80,0,0,0,0,0
33,701,4,3,1,74,1,0,0,0,0
35,739,14,10,1,91,0,0,0,0,0
44,740,4,3,0,66,0,0,0,0,0
40,538,3,5,1,72,0,0,1,0,0
25,779,2,5,0,76,0,1,0,0,0
35,853,11,12,0,85,1,1,0,1,1
41,663,4,6,1,77,0,0,1,0,0
43,665,13,11,1,94,0,1,1,0,1
25,675,1,2,1,88,0,0,1,1,0
41,791,13,10,1,72,0,1,0,0,0
27,685,7,10,1,70,0,0,0,0,0
22,716,4,3,0,61,1,0,0,0,0
35,610,13,12,1,83,0,0,0,0,0
29,738,2,3,0,73,0,1,0,0,0
43,724,12,12,1,78,0,0,0,0,0
23,675,3,4,1,78,1,0,0,0,0
26,711,9,11,1,67,0,1,0,0,0
41,513,2,5,0,89,0,0,0,0,0
24,769,2,3,0,75,0,0,0,0,0
40,672,14,11,1,60,0,0,0,0,0
32,950,11,13,1,78,0,1,0,0,1
24,677,4,4,0,78,0,0,0,0,0
40,785,4,4,1,73,0,0,1,0,0
44,855,2,4,1,72,0,0,0,0,0
36,796,13,11,0,65,0,0,0,0,0
41,772,3,3,1,81,0,0,0,1,0
42,643,11,12,1,68,0,1,0,0,0
39,713,3,4,1,69,1,0,0,0,0
45,548,3,3,1,92,0,1,0,1,0
28,617,2,3,1,67,0,0,0,0,0
22,605,1,6,1,84,0,0,0,1,0
29,839,6,7,0,67,0,0,0,0,0
39,742,13,14,1,61,0,0,1,0,0
28,717,1,4,1,90,0,0,1,1,0
37,737,11,11,1,94,1,0,0,0,0
34,751,12,10,1,72,1,1,0,0,0
25,776,7,11,1,68,0,0,0,0,0
39,795,11,10,1,64,1,0,1,0,0
44,629,4,4,1,92,0,1,1,1,0
33,791,3,4,1,99,0,0,0,0,0
41,815,3,3,1,80,0,0,0,0,0
42,825,4,6,1,56,0,0,0,0,0
31,795,2,3,1,80,1,0,0,0,0
39,733,11,15,1,79,0,0,0,0,0
23,725,2,2,0,65,0,0,1,0,0
30,667,14,15,1,81,0,0,0,0,0
31,639,4,4,1,65,0,0,0,0,0
30,879,12,12,1,70,0,1,0,0,1
22,545,5,4,0,86,0,0,1,1,0
40,659,14,12,1,93,0,0,0,0,1
35,774,4,6,0,74,1,0,0,0,0
22,647,3,5,1,73,1,1,0,0,0
25,772,7,12,1,91,0,0,0,0,0
33,806,11,15,1,89,0,0,0,0,1
27,684,2,3,1,72,0,0,0,0,0
25,744,9,7,1,84,0,1,0,1,0
25,605,7,11,1,74,0,1,1,0,0
38,720,12,15,1,74,0,1,1,0,1
35,602,2,2,1,78,0,0,0,0,0
30,914,4,2,0,75,1,0,0,0,0
41,791,2,6,1,83,0,0,0,1,0
41,766,3,2,1,82,0,0,0,0,0
22,672,2,4,1,78,0,0,0,0,0
41,804,13,13,0,68,0,1,0,0,0
31,642,4,2,1,59,0,1,0,0,0
28,598,10,11,1,74,0,0,1,0,0
25,648,7,8,1,66,0,0,0,0,0
24,690,3,3,1,86,0,1,0,1,0
30,729,4,3,1,77,1,0,1,0,0
31,555,4,2,1,68,0,1,0,0,0
29,751,7,12,1,64,0,0,0,0,0
33,708,12,12,1,83,0,0,0,0,0
38,810,2,6,1,81,1,0,0,0,0
35,683,11,13,1,55,0,0,0,0,0
38,737,13,10,1,89,0,0,0,1,1
44,662,12,10,1,72,1,0,0,0,0
43,642,11,12,1,70,0,0,0,0,0
37,707,4,3,1,78,1,0,0,0,0
42,701,14,15,1,63,1,1,0,0,0
30,708,3,5,1,67,0,0,0,0,0
24,618,2,2,1,72,0,0,0,0,0
24,509,2,6,1,67,0,0,0,0,0
33,617,14,15,0,61,0,1,0,0,0
45,706,12,10,1,92,0,0,0,1,1
23,661,1,5,0,81,0,0,0,0,0
44,458,12,14,1,72,0,1,0,0,0
35,627,11,15,1,51,0,1,1,0,0
33,596,11,11,1,80,0,0,0,0,0
27,794,2,5,1,68,1,1,0,0,0
29,732,8,7,1,80,0,0,0,0,0
32,649,11,12,0,69,0,0,1,0,0
35,705,4,6,1,89,1,0,0,1,0
34,611,4,4,1,72,0,0,0,0,0
42,623,11,12,1,64,0,0,1,0,0
35,574,11,15,1,64,0,1,0,0,0
42,770,4,3,1,58,0,0,0,0,0
23,520,1,6,1,70,0,0,0,0,0
29,652,3,4,1,70,0,0,0,0,0
33,764,3,4,1,88,0,1,0,0,0
42,667,3,6,1,80,0,0,1,0,0
39,674,3,6,1,77,0,0,0,0,0
37,536,4,2,1,61,0,0,0,0,0
40,632,4,5,1,52,0,0,0,0,0
43,856,14,15,0,72,0,0,0,0,0
37,647,2,5,1,67,0,0,1,0,0
42,682,13,15,1,65,0,1,0,0,0
45,838,4,5,1,95,0,0,1,1,0
37,812,2,6,1,79,0,0,0,0,0
30,706,11,14,1,66,0,1,0,0,0
35,689,13,12,1,77,0,0,0,0,0
31,835,13,10,1,81,1,0,0,1,1
29,709,2,5,1,77,0,0,0,0,0
30,671,13,15,1,57,0,0,0,0,0
41,677,4,5,1,74,1,0,0,0,0
42,662,11,15,0,72,0,1,0,0,0
41,491,2,6,1,65,0,0,1,0,0
28,842,1,6,1,76,0,0,0,0,0
28,715,1,3,1,80,0,0,1,0,0
36,730,11,15,0,64,0,0,0,0,0
39,466,2,4,1,77,0,0,0,0,0
44,772,4,6,1,71,0,1,1,0,0
22,624,2,4,1,71,0,0,1,0,0
22,697,1,2,1,88,0,0,1,1,0
43,616,11,13,0,63,0,1,0,0,0
34,568,3,4,1,76,1,0,1,0,0
32,624,12,13,1,63,1,0,1,0,0
26,678,1,2,1,81,0,0,0,0,0
45,773,12,14,1,72,1,0,1,0,1
39,682,11,10,0,60,0,1,0,0,0
32,689,11,13,1,75,0,0,0,0,0
32,670,12,15,1,71,1,1,0,0,1
41,656,14,12,0,81,0,0,1,0,0
45,603,14,10,1,71,0,0,0,0,0
24,767,2,4,0,65,0,0,1,0,0
32,669,2,2,0,62,1,1,0,0,0
28,656,10,10,0,88,0,1,1,0,1
36,678,2,6,0,68,0,0,1,0,0
23,766,1,4,1,88,0,0,0,1,0
28,820,7,11,0,69,0,1,1,0,0
30,732,11,11,1,68,0,0,1,0,0
28,644,1,2,1,92,1,0,0,1,0
37,683,3,4,1,81,0,0,1,0,0
35,797,12,15,1,72,0,1,0,0,0
39,638,11,10,1,75,0,0,0,0,0
39,752,4,5,1,79,1,0,0,0,0
42,753,2,6,1,81,0,1,0,0,0
28,731,10,14,1,61,1,0,0,0,0
45,668,3,6,1,77,0,0,0,0,0
29,673,1,5,1,78,1,0,0,0,0
45,721,4,2,1,88,0,0,0,0,0
39,803,2,2,0,70,0,0,0,0,0
39,854,13,13,1,76,0,0,0,0,0
45,627,3,5,0,90,0,0,1,0,0
22,717,1,6,0,63,0,0,1,0,0
28,649,6,10,1,80,0,0,0,0,0
23,800,2,6,1,59,0,0,0,0,0
42,550,12,10,1,89,0,0,1,1,1
27,657,1,5,1,68,1,0,0,0,0
34,671,14,13,1,79,0,0,1,0,0
42,534,4,2,1,68,0,0,0,0,0
26,732,2,3,1,98,1,0,0,0,0
27,730,2,2,1,64,0,1,1,0,0
38,464,13,15,1,93,1,0,1,1,1
36,639,2,6,1,75,0,0,0,0,0
33,742,11,12,1,64,0,1,0,0,0
40,579,4,5,1,83,1,0,0,1,0
41,653,13,10,0,72,0,0,0,0,0
22,667,2,2,1,77,0,0,1,0,0
27,637,3,4,1,70,0,0,1,0,0
42,629,11,10,1,62,0,0,0,0,0
31,809,13,14,0,66,0,0,1,0,0
24,652,2,3,1,82,1,0,0,1,0
30,710,3,5,1,68,1,0,0,0,0
37,727,2,6,0,79,0,0,1,0,0
26,634,2,6,1,71,0,0,0,0,0
28,829,8,7,1,83,0,0,0,0,0
36,697,3,5,1,72,0,0,1,0,0
42,725,11,11,0,85,0,1,0,0,0
26,453,7,11,1,92,0,0,0,0,0
36,871,2,6,1,71,0,0,0,0,0
32,450,11,14,1,78,0,0,0,0,0
34,783,13,14,1,77,0,0,0,0,0
35,685,4,4,1,76,0,0,0,0,0
36,609,4,2,1,94,0,0,0,0,0
34,798,2,6,1,68,0,0,1,0,0
40,732,4,5,1,59,1,0,1,0,0
30,536,4,5,1,88,0,0,0,0,0
45,789,2,2,1,77,0,0,1,0,0
34,625,3,2,1,83,0,0,0,0,0
24,541,2,2,1,52,0,0,0,0,0
38,701,4,2,1,80,0,1,0,0,0
45,692,4,4,0,60,0,0,0,0,0
38,810,11,11,1,72,0,0,0,0,0
41,763,4,4,1,63,0,0,0,0,0
41,745,3,2,1,59,0,0,0,0,0
38,747,4,3,1,71,1,1,0,0,0
37,573,4,5,0,80,0,0,0,0,0
35,653,12,10,0,64,0,1,0,0,0
36,707,2,3,1,73,0,0,1,0,0
30,699,11,14,1,57,0,0,1,0,0
28,692,8,11,0,72,0,1,0,0,0
23,893,5,4,1,86,0,1,0,0,0
41,650,3,4,1,64,0,0,0,0,0
41,757,4,5,1,77,0,0,0,0,0
32,565,3,4,1,74,0,0,0,0,0
34,765,14,13,0,69,1,0,0,0,0
40,799,2,5,0,85,1,0,0,1,0
41,753,13,13,0,81,1,0,1,0,1
25,668,6,7,1,84,0,0,0,0,0
31,500,4,3,1,79,0,0,0,0,0
40,613,11,12,0,57,0,0,0,0,0
31,599,2,3,1,93,0,0,1,0,0
25,739,1,5,1,55,1,0,1,0,0
23,694,1,5,1,70,1,0,1,0,0
44,756,3,6,1,76,0,1,0,0,0
28,684,1,5,0,59,1,0,0,0,0
36,749,2,2,0,72,0,0,0,0,0
35,551,13,15,1,57,0,0,0,0,0
40,823,2,4,0,66,1,0,0,0,0
37,510,2,3,0,77,0,1,1,0,0
38,657,13,11,1,78,1,0,1,0,0
28,683,3,6,1,86,0,0,0,0,0
44,734,2,3,1,76,0,0,0,0,0
23,711,1,3,1,75,0,0,0,0,0
36,736,13,14,1,71,0,0,1,0,0
44,602,12,13,1,76,1,0,0,0,0
27,788,2,2,1,84,0,0,0,0,0
33,633,3,5,0,49,0,1,0,0,0
38,580,2,4,1,90,0,1,0,1,0
35,731,12,10,1,70,0,1,0,0,0
35,619,11,13,1,57,0,0,0,0,0
44,634,11,14,1,81,0,0,0,0,0
45,773,12,10,1,70,1,0,0,0,0
44,614,14,10,0,91,0,1,0,0,0
41,624,3,4,1,84,1,0,0,1,0
25,768,9,7,0,64,1,0,0,0,0
30,727,2,2,1,63,0,0,1,0,0
29,708,1,3,0,76,0,0,0,0,0
27,685,2,3,1,76,0,0,0,0,0
41,830,11,11,1,88,1,0,1,1,1
32,862,13,11,0,89,0,0,1,1,1
33,698,4,5,1,66,1,0,1,0,0
41,636,12,15,0,74,0,0,0,0,0
38,638,2,6,1,68,0,1,0,0,0
40,615,14,13,1,71,0,0,0,0,0
36,798,4,4,1,96,0,0,0,1,0
29,682,2,3,1,72,0,0,1,0,0
42,714,2,4,1,85,1,1,1,1,0
35,817,13,13,1,85,0,0,0,0,1
36,621,13,10,1,67,0,0,1,0,0
45,859,13,10,1,80,0,0,0,0,0
26,562,3,4,0,71,0,0,0,0,0
39,832,2,4,1,88,0,0,0,1,0
33,652,4,5,1,76,0,0,1,0,0
24,636,4,4,1,84,0,1,1,1,0
38,734,13,13,1,87,1,1,1,0,1
36,722,13,13,0,65,0,0,0,0,0
33,729,4,2,1,90,0,0,1,1,0
26,792,6,11,1,84,1,0,0,1,0
40,712,13,12,1,80,0,0,1,0,0
38,658,3,6,1,90,1,0,1,0,0
28,920,3,4,1,75,0,0,0,0,0
37,604,3,2,1,76,0,0,0,0,0
24,638,4,3,1,55,1,0,0,0,0
23,797,2,5,1,59,1,0,0,0,0
26,843,3,2,1,59,0,1,1,0,0
22,619,3,3,1,73,0,0,0,0,0
28,752,1,4,0,65,0,0,0,0,0
37,643,13,11,1,80,0,1,1,0,0
37,651,4,3,1,100,0,0,0,1,0
44,586,2,3,1,88,0,0,0,0,0
30,652,11,13,1,77,0,0,0,0,0
35,767,3,3,0,80,0,0,0,0,0
28,735,6,8,1,61,0,0,1,0,0
42,860,4,4,1,96,0,0,1,0,0
40,833,4,4,1,70,0,0,0,0,0
28,744,1,2,1,66,1,0,0,0,0
34,502,14,10,0,97,0,1,0,0,0
22,848,4,3,1,88,0,0,0,1,0
30,508,11,11,1,83,1,0,0,1,0
29,720,1,3,0,73,0,0,0,0,0
26,654,10,12,1,70,1,0,0,0,0
25,666,1,4,1,64,0,1,0,0,0
44,725,3,4,1,80,0,0,0,0,0
26,676,3,6,0,85,1,1,0,1,0
24,628,2,4,0,58,0,0,0,0,0
34,697,3,3,0,91,0,0,0,0,0
41,721,4,2,0,74,1,0,0,0,0
40,565,13,14,1,77,0,0,0,0,0
32,942,4,6,1,70,0,0,1,0,0
26,738,3,3,0,70,0,0,0,0,0
44,613,3,3,1,85,0,0,1,0,0
29,866,8,12,1,65,0,0,0,0,0
31,695,4,6,1,51,0,0,0,0,0
37,664,2,4,1,72,0,0,0,0,0
22,595,3,5,0,70,0,0,1,0,0
32,785,3,6,1,67,1,0,0,0,0
25,745,9,11,1,70,1,1,0,0,0
40,950,12,10,1,70,0,0,0,0,0
24,754,1,4,1,88,0,0,0,1,0
39,500,3,5,1,75,1,0,0,0,0
33,494,14,15,1,76,0,0,0,0,0
44,819,2,2,1,73,0,0,0,0,0
45,690,4,6,1,59,1,0,1,0,0
39,554,11,11,1,67,0,0,0,0,0
33,899,2,2,0,68,0,1,0,0,0
35,634,4,5,1,79,0,0,0,0,0
43,950,4,5,1,77,0,0,0,0,0
45,714,3,4,1,89,0,0,0,0,0
23,691,5,3,1,80,1,0,1,0,0
33,610,13,11,1,74,0,0,0,0,0
30,741,13,12,0,96,1,0,0,1,1
44,749,14,11,1,68,0,0,0,0,0
28,767,2,5,1,77,0,0,0,0,0
24,821,2,3,1,69,0,0,0,0,0
29,784,3,4,1,88,0,1,0,1,0
25,676,7,10,1,63,0,1,1,0,0
37,431,12,15,1,90,0,1,0,0,1
43,587,14,15,1,59,0,0,0,0,0
29,845,1,3,0,83,0,0,1,0,0
27,638,2,2,1,83,0,0,0,1,0
39,624,4,4,1,77,0,0,0,0,0
38,865,3,5,1,89,0,0,0,1,0
29,571,2,3,1,71,1,0,1,0,0
33,682,3,5,0,75,0,0,0,0,0
30,878,3,4,0,74,0,0,0,0,0
39,732,2,3,0,85,1,1,0,0,0
39,740,14,10,1,67,0,1,0,0,0
38,683,11,10,1,72,0,0,0,0,0
28,657,6,10,1,70,0,0,1,0,0
27,713,9,12,1,92,0,0,0,1,1
28,615,2,3,0,66,0,0,0,0,0
31,871,11,12,0,86,0,0,0,1,1
38,740,4,3,1,61,0,1,0,0,0
38,732,4,4,1,73,0,0,0,0,0
33,571,13,13,1,79,0,0,0,0,0
30,759,4,6,0,93,1,0,0,1,0
36,652,2,3,1,64,0,1,0,0,0
24,855,2,4,1,66,0,0,0,0,0
43,642,4,4,1,67,0,0,1,0,0
38,689,4,2,0,77,0,0,0,0,0
45,482,12,12,0,86,0,0,0,1,1
31,729,2,5,0,93,1,0,0,0,0
30,639,3,3,1,80,0,0,0,0,0
33,647,4,5,1,77,1,0,1,0,0
33,671,13,15,0,57,0,1,0,0,0
36,779,14,15,1,65,0,0,0,0,0
35,673,3,6,1,88,0,1,0,1,0
30,535,11,13,1,71,0,0,0,0,0
36,687,2,5,1,68,0,0,0,0,0
45,948,3,6,1,62,0,0,1,0,0
25,743,8,7,1,60,0,0,0,0,0
41,540,13,12,1,66,1,0,0,0,0
37,672,13,11,1,78,1,0,0,0,0
22,657,1,2,1,71,1,0,1,0,0
32,780,11,14,1,72,0,1,0,0,0
35,780,4,6,1,89,0,0,0,1,0
31,891,13,13,1,69,0,0,0,0,0
43,574,3,3,0,78,0,0,0,0,0
24,805,1,2,1,52,0,0,1,0,0
31,730,2,6,1,74,0,0,0,0,0
23,797,1,2,0,59,0,0,0,0,0
30,703,3,2,1,70,0,0,0,0,0
40,577,14,12,1,73,0,1,0,0,0
22,559,2,5,1,75,0,0,0,0,0
26,822,6,12,1,74,0,0,0,0,0
29,698,6,12,1,75,1,1,0,0,0
30,675,3,3,1,67,1,0,0,0,0
37,814,14,12,0,79,0,0,1,0,1
36,931,11,13,0,80,0,0,1,0,1
35,683,2,6,0,73,0,0,0,0,0
44,635,4,2,0,75,1,1,0,0,0
35,697,2,2,1,76,0,1,0,0,0
29,559,3,4,1,73,0,0,0,0,0
39,756,3,2,1,77,0,0,1,0,0
31,922,11,15,1,88,1,0,0,1,1
43,672,14,11,0,77,0,0,0,0,0
23,649,1,4,1,76,0,1,0,0,0
43,946,3,3,1,70,0,0,0,0,0
30,736,14,12,0,71,1,0,0,0,0
28,678,1,2,1,87,0,0,0,0,0
30,709,13,10,1,72,0,0,1,0,0
32,585,3,2,1,73,0,0,0,0,0
44,911,3,6,1,93,0,0,0,0,0
38,626,2,6,1,77,0,0,0,0,0
38,750,14,10,0,82,0,0,0,0,0
27,639,2,2,0,71,0,0,0,0,0
34,660,3,2,1,51,1,0,0,0,0
34,915,14,12,1,67,0,0,0,0,0
23,855,2,3,0,72,0,0,0,0,0
29,680,6,8,1,61,0,0,0,0,0
31,605,2,3,1,80,0,0,0,0,0
42,706,14,10,1,74,0,0,0,0,0
35,751,2,5,1,69,0,0,0,0,0
25,750,7,10,1,73,0,0,0,0,0
43,869,14,15,0,64,1,0,1,0,1
43,805,4,4,0,82,1,0,0,1,0
32,826,12,13,0,61,1,0,0,0,0
31,579,3,3,1,64,0,0,1,0,0
34,695,14,14,1,85,0,0,0,0,1
35,616,13,15,1,70,1,1,1,0,1
38,879,3,4,0,84,0,0,0,1,0
27,826,1,6,0,79,1,0,0,0,0
28,699,8,7,1,74,0,0,0,0,0
24,795,3,3,1,81,1,1,0,0,0
25,604,3,2,1,91,0,0,0,1,0
28,602,6,8,0,87,0,1,0,0,0
30,692,14,10,0,68,1,0,0,0,0
37,752,4,5,0,91,0,1,1,1,0
30,669,14,13,0,59,1,0,1,0,0
29,684,9,10,1,71,0,0,0,0,0
27,702,7,12,1,70,0,0,0,0,0
29,634,8,8,0,76,0,0,0,0,0
28,611,3,6,1,68,0,0,0,0,0
28,648,10,14,0,71,1,0,1,0,1
27,626,10,14,1,70,0,0,0,0,0
43,722,14,10,1,68,0,0,0,0,0
32,712,4,4,0,64,1,1,0,0,0
39,607,11,10,1,69,0,0,0,0,0
25,726,3,2,1,68,0,0,0,0,0
39,513,3,3,0,73,0,0,0,0,0
36,698,2,6,1,75,0,0,0,0,0
22,751,2,4,1,79,0,0,0,0,0
31,739,3,3,1,63,0,1,0,0,0
28,648,3,6,1,69,0,1,0,0,0
29,743,2,2,1,72,0,1,1,0,0
23,594,1,4,0,49,0,0,0,0,0
30,950,13,12,0,70,0,0,0,0,0
38,950,11,11,1,63,0,0,0,0,0
39,732,14,14,1,64,0,0,0,0,0
22,677,1,5,1,79,0,0,1,0,0
40,787,2,4,1,69,0,0,0,0,0
23,626,1,4,1,100,0,0,1,0,0
36,800,2,4,1,77,1,0,0,0,0
27,715,1,6,1,71,0,0,0,0,0
39,659,2,5,1,76,0,1,0,0,0
30,650,4,3,1,82,0,1,0,0,0
36,711,3,5,1,63,0,1,1,0,0
22,728,4,4,1,64,0,0,0,0,0
41,833,4,2,0,68,0,1,0,0,0
36,635,2,2,1,87,0,0,0,0,0
23,790,1,4,1,77,1,0,0,0,0
40,683,14,10,1,77,0,0,0,0,0
42,641,3,5,1,78,0,0,1,0,0
24,618,1,6,1,92,0,0,1,1,0
42,752,13,12,1,72,0,0,0,0,0
43,783,4,5,0,81,0,0,0,0,0
32,774,13,14,1,66,0,0,0,0,0
31,569,14,13,1,86,0,0,0,0,0
26,714,10,12,0,67,0,0,1,0,0
41,928,13,14,1,74,1,0,0,0,1
23,681,4,2,0,81,0,0,0,1,0
24,655,2,2,1,74,0,0,0,0,0
42,751,2,4,1,85,0,0,0,0,0
35,835,11,12,0,56,0,0,0,0,0
39,767,14,10,0,76,0,0,0,0,0
25,826,3,3,0,80,1,0,0,0,0
44,652,3,2,1,84,0,0,0,1,0
34,727,2,4,1,85,0,0,0,1,0
36,658,12,14,1,72,0,0,0,0,0
23,751,2,5,1,70,0,0,0,0,0
41,828,3,4,0,70,0,0,0,0,0
32,645,11,15,1,91,0,0,1,0,1
36,737,3,5,0,90,0,1,1,1,0
37,780,12,11,1,69,0,0,1,0,0
36,684,12,14,0,92,0,0,1,0,1
33,471,12,15,0,73,0,0,1,0,0
36,525,12,15,1,89,0,0,1,1,1
28,656,8,12,1,83,0,0,0,1,0
42,806,4,4,1,84,0,0,0,0,0
32,841,14,15,0,59,0,0,0,0,0
23,578,3,4,1,65,0,0,0,0,0
35,814,11,11,1,83,0,1,0,1,1
32,675,4,3,1,100,1,1,0,1,0
22,624,2,6,1,64,0,0,0,0,0
40,681,4,2,1,77,0,1,0,0,0
35,773,12,15,1,75,1,0,0,0,0
27,863,6,9,1,67,0,0,0,0,0
22,673,1,5,1,79,0,0,0,0,0
25,699,3,3,1,79,0,0,0,0,0
26,583,2,4,1,65,0,1,0,0,0
40,782,11,15,1,72,0,0,1,0,0
45,819,2,3,0,69,0,1,0,0,0
39,656,14,12,1,79,0,1,0,0,0
22,739,3,3,0,63,1,0,0,0,0
35,704,4,4,0,82,0,0,0,1,0
26,633,3,5,0,89,0,1,1,1,0
24,755,2,2,1,75,0,0,0,0,0
37,572,14,10,1,75,0,0,0,0,0
38,721,13,15,1,88,0,0,0,0,1
43,824,2,4,0,72,0,0,0,0,0
22,703,5,3,1,71,1,0,0,0,0
36,534,2,6,1,79,0,0,0,0,0
39,729,2,5,1,87,1,0,0,0,0
39,846,4,6,1,82,1,0,0,1,0
33,741,11,11,1,80,0,0,0,0,0
34,777,12,14,1,89,0,0,0,0,1
30,871,4,6,1,56,0,0,0,0,0
40,860,2,6,0,81,1,0,1,1,0
38,810,12,15,1,67,1,0,0,0,0
32,705,13,10,1,74,1,0,0,0,0
28,549,7,7,1,90,0,0,1,1,0
45,742,12,12,1,66,1,0,0,0,0
41,700,14,13,1,92,0,0,1,0,1
37,853,2,6,1,81,0,0,0,1,0
40,681,3,5,1,51,0,1,0,0,0
32,683,4,3,1,86,0,0,1,1,0
36,777,4,6,1,67,0,1,0,0,0
45,687,3,6,0,70,1,0,0,0,0
31,491,14,13,1,74,0,0,0,0,0
45,589,4,6,0,79,0,0,0,0,0
32,411,4,6,1,80,0,0,0,0,0
28,822,6,11,0,60,0,0,1,0,0
44,733,11,14,0,86,0,0,0,1,1
32,593,2,2,1,77,0,1,1,0,0
40,794,12,15,0,71,0,0,1,0,0
32,654,2,6,0,81,0,0,0,0,0
27,765,10,13,0,67,0,0,1,0,0
28,595,6,9,1,79,0,0,0,0,0
45,659,2,6,1,73,0,0,0,0,0
26,623,1,6,1,77,0,0,0,0,0
38,767,4,4,1,79,0,0,1,0,0
30,649,3,3,1,63,1,1,0,0,0
36,610,2,4,1,73,0,0,0,0,0
37,633,3,5,1,79,0,0,0,0,0
26,640,6,7,1,72,0,0,0,0,0
35,777,14,12,1,86,1,0,1,1,1
42,612,3,2,1,81,0,0,0,1,0
26,782,2,3,1,83,0,0,0,0,0
42,634,4,5,1,73,1,0,1,0,0
29,620,1,6,1,93,0,0,0,0,0
27,825,1,6,1,75,0,1,1,0,0
25,485,6,9,1,85,0,1,0,1,0
40,550,2,3,1,91,0,0,0,1,0
44,711,11,10,1,74,0,0,0,0,0
22,806,2,4,1,78,0,0,0,0,0
37,806,2,3,1,81,0,0,0,0,0
31,648,12,14,0,63,0,0,0,0,0
43,777,12,11,1,67,0,0,0,0,0
33,790,12,14,1,61,1,1,0,0,0
27,816,1,3,0,76,0,0,1,0,0
43,799,13,13,1,63,0,0,0,0,0
42,721,13,12,1,65,1,0,1,0,0
35,575,4,6,1,50,1,0,0,0,0
30,906,12,15,1,79,0,1,0,0,1
32,744,14,12,1,80,0,1,0,0,0
33,614,11,13,1,63,0,0,0,0,0
26,638,2,6,1,82,0,0,0,0,0
22,637,1,3,1,55,0,0,0,0,0
41,860,13,14,1,77,0,0,1,0,1
30,595,13,11,1,83,0,0,0,0,0
24,781,3,3,0,84,0,0,0,1,0
45,579,4,2,1,68,0,0,0,0,0
40,798,12,11,1,61,0,0,0,0,0
24,712,2,4,1,66,0,0,0,0,0
26,807,2,4,1,75,0,0,1,0,0
23,730,1,2,1,94,1,0,0,0,0
31,805,2,3,1,69,0,1,0,0,0
37,866,2,2,1,70,0,0,1,0,0
43,627,4,6,1,100,0,0,0,0,0
23,907,3,2,1,80,0,0,0,0,0
30,683,11,11,1,74,1,0,0,0,0
22,743,4,4,0,84,0,0,0,1,0
32,474,3,4,0,88,1,0,0,1,0
34,798,3,3,1,79,1,1,0,0,0
36,722,11,14,0,79,0,0,0,0,0
30,920,13,13,1,82,0,0,0,0,0
30,666,13,11,1,85,0,1,0,1,1
40,696,14,10,1,88,0,0,1,0,0
25,741,1,6,1,65,1,0,0,0,0
29,918,8,9,1,62,0,0,1,0,0
28,548,9,11,1,71,1,0,1,0,0
25,663,7,12,0,87,0,0,0,1,1
42,556,14,14,0,78,0,1,0,0,0
25,725,3,5,0,64,0,0,0,0,0
43,574,2,4,1,77,0,1,0,0,0
40,579,3,4,1,72,0,0,0,0,0
24,816,5,3,0,85,0,0,0,0,0
38,712,4,2,1,62,0,0,0,0,0
44,750,12,12,1,82,0,0,0,0,0
25,676,7,12,1,79,0,0,0,0,0
29,449,2,4,1,75,0,0,0,0,0
31,580,13,13,1,75,0,0,1,0,0
26,862,3,2,0,68,0,0,0,0,0
41,734,11,13,0,90,0,1,0,0,1
28,679,9,11,1,76,1,1,1,0,0
29,646,3,4,1,67,0,0,0,0,0
22,706,2,3,1,82,0,0,0,0,0
45,711,3,2,1,85,1,0,0,1,0
43,608,4,6,1,72,0,0,0,0,0
34,645,12,12,1,83,1,1,0,1,1
22,574,1,2,1,63,0,1,0,0,0
25,808,7,12,1,74,0,0,0,0,0
32,642,11,13,1,57,1,0,0,0,0
35,785,13,10,0,64,1,0,1,0,0
28,728,9,7,1,93,0,0,1,0,0
41,761,12,14,0,82,0,0,0,0,0
34,634,14,13,1,80,1,0,0,0,0
26,834,9,9,1,71,0,1,0,0,0
28,742,2,5,1,68,1,0,0,0,0
39,687,3,2,1,65,0,0,0,0,0
28,726,1,6,1,67,0,0,0,0,0
24,687,2,2,1,89,0,0,1,0,0
33,556,4,5,1,73,0,0,0,0,0
36,847,14,14,1,81,0,0,0,0,0
40,906,14,11,1,63,0,1,0,0,0
29,526,8,7,1,89,0,0,1,1,0
44,820,2,3,1,68,0,0,0,0,0
45,663,13,12,1,70,0,0,0,0,0
30,856,13,12,1,59,1,1,0,0,1
32,787,12,12,1,73,1,0,1,0,1
39,738,13,12,1,74,1,0,0,0,0
31,714,14,14,1,98,0,1,0,0,1
38,458,13,12,1,66,0,1,0,0,0
26,853,3,2,1,83,0,0,0,0,0
29,635,10,13,1,68,0,0,0,0,0
35,834,4,4,1,66,0,0,1,0,0
35,776,3,4,1,75,0,1,0,0,0
24,735,3,3,1,73,0,0,1,0,0
40,818,12,13,1,88,0,0,0,1,1
45,637,2,2,1,80,0,0,0,0,0
29,517,2,2,0,69,0,0,0,0,0
34,616,12,14,1,70,1,0,0,0,0
36,592,3,6,1,74,0,0,1,0,0
44,605,4,2,1,71,0,0,0,0,0
24,669,1,2,1,62,0,0,0,0,0
26,720,6,12,1,77,0,0,0,0,0
35,624,4,3,0,91,0,1,1,0,0
29,521,2,5,1,74,0,0,1,0,0
26,618,1,4,0,71,1,1,0,0,0
33,693,3,6,1,47,0,0,0,0,0
23,824,4,4,1,80,0,0,1,0,0
40,763,11,11,1,55,0,1,0,0,0
45,938,3,3,1,69,0,1,1,0,0
23,720,2,4,1,87,1,1,0,1,0
32,947,14,11,1,77,0,0,1,0,0
31,619,11,14,1,77,0,1,0,0,0
29,646,9,9,1,63,0,0,1,0,0
39,631,13,10,1,92,1,1,0,0,1
27,708,3,6,1,71,1,0,0,0,0
25,781,3,4,1,84,0,0,0,0,0
32,811,13,13,1,77,1,0,0,0,1
38,751,3,3,1,62,0,1,1,0,0
33,780,13,10,1,69,0,0,0,0,0
43,741,2,5,0,65,0,0,0,0,0
35,687,12,10,1,100,1,0,0,1,1
32,652,13,10,1,93,0,0,0,0,0
27,630,2,3,1,69,0,1,0,0,0
29,556,2,2,1,79,0,1,0,0,0
43,591,4,3,1,68,1,0,0,0,0
38,655,13,13,1,71,1,0,0,0,0
45,727,2,5,1,67,0,0,0,0,0
31,795,4,5,1,71,0,0,0,0,0
45,864,4,4,1,88,1,0,0,1,0
44,660,2,6,1,75,0,0,1,0,0
27,613,1,6,0,86,1,0,0,1,0
24,610,2,6,1,71,0,0,1,0,0
27,643,1,6,1,79,1,0,1,0,0
28,641,1,2,1,73,1,0,0,0,0
33,673,12,13,0,79,0,1,0,0,0
29,857,2,3,0,73,0,1,0,0,0
31,660,12,15,1,96,0,0,1,0,1
34,751,13,13,1,85,0,0,0,0,1
37,873,13,12,1,93,0,1,0,0,1
41,842,11,12,1,86,0,1,0,0,1
27,682,9,12,1,96,1,1,0,0,1
45,557,4,5,1,69,0,0,0,0,0
29,676,7,7,1,73,0,1,0,0,0
23,721,1,3,1,78,1,0,1,0,0
28,635,6,9,1,72,0,0,0,0,0
41,735,13,12,1,80,0,0,0,0,0
32,620,13,15,1,60,0,0,0,0,0
44,855,2,5,1,58,0,1,0,0,0
36,654,2,2,0,78,0,0,0,0,0
34,719,3,3,0,74,1,0,1,0,0
40,718,11,10,1,85,0,1,0,1,1
27,746,10,13,1,72,0,0,0,0,0
32,672,13,15,1,82,0,0,1,1,1
23,705,3,3,1,89,1,1,1,1,0
22,778,3,4,0,79,1,1,0,0,0
33,710,2,5,1,73,0,0,0,0,0
31,583,12,10,1,77,1,0,0,0,0
45,920,4,6,1,66,0,0,1,0,0
34,661,4,3,1,67,0,0,0,0,0
37,584,3,6,0,68,1,0,0,0,0
26,760,9,10,1,73,0,0,1,0,0
35,824,12,13,1,71,0,0,0,0,0
35,720,13,14,1,62,1,1,0,0,0
45,688,3,4,0,87,0,0,1,0,0
42,661,13,10,1,70,0,1,0,0,0
36,612,14,12,0,67,0,0,0,0,0
39,482,3,3,1,70,0,0,0,0,0
33,816,14,10,1,68,0,0,0,0,0
38,751,2,4,1,76,0,0,0,0,0
22,619,1,4,1,62,0,0,1,0,0
31,666,3,4,0,80,0,0,1,0,0
45,928,4,4,1,67,0,1,0,0,0
27,759,2,4,1,71,0,0,1,0,0
26,669,9,10,0,76,0,0,1,0,0
37,578,11,13,1,74,0,1,0,0,0
27,754,7,9,1,71,0,0,0,0,0
43,713,4,4,0,71,0,0,1,0,0
28,676,7,9,1,80,0,0,0,0,0
34,757,3,3,1,60,0,1,0,0,0
30,709,2,2,0,74,1,0,0,0,0
44,646,3,6,1,85,0,0,0,0,0
25,662,10,11,1,64,1,0,0,0,0
43,740,11,12,1,74,1,0,0,0,0
24,537,1,4,1,81,0,0,0,0,0
36,583,13,12,0,91,0,1,1,0,1
31,599,2,5,1,81,1,1,0,1,0
34,711,2,2,1,79,1,1,1,0,0
39,679,13,11,1,91,0,0,0,1,1
34,575,3,2,1,73,0,0,1,0,0
36,685,4,6,1,74,0,0,1,0,0
45,729,12,10,1,83,1,0,0,1,0
27,842,3,3,0,69,0,0,0,0,0
39,729,14,13,1,79,0,0,0,0,0
29,692,10,13,0,80,0,0,1,0,0
26,676,1,6,1,85,0,0,0,1,0
32,631,13,15,1,94,0,1,0,0,1
35,862,14,14,1,68,0,1,0,0,0
26,819,7,12,1,79,1,0,0,0,0
41,747,3,6,1,81,0,0,1,1,0
30,663,3,6,1,77,0,0,0,0,0
25,609,3,6,1,76,0,0,0,0,0
39,733,12,14,1,74,1,0,0,0,0
41,692,3,6,1,66,0,1,0,0,0
28,689,3,2,1,69,0,0,0,0,0
28,628,10,14,1,70,1,0,0,0,0
40,746,12,14,1,80,0,0,0,0,0
34,756,2,2,0,69,0,0,0,0,0
25,788,2,3,1,83,0,0,1,0,0
35,740,12,14,0,72,0,0,0,0,0
22,773,5,2,1,74,0,0,0,0,0
43,734,12,14,1,87,0,0,0,1,1
44,629,2,6,1,62,1,0,0,0,0
40,636,3,5,1,67,0,0,0,0,0
44,796,2,3,1,84,0,0,0,0,0
31,705,14,14,1,75,0,0,0,0,0
30,699,13,10,1,88,1,0,0,0,0
40,727,3,2,1,72,0,0,1,0,0
30,612,4,6,1,66,1,0,0,0,0
43,541,14,10,1,72,0,0,0,0,0
44,692,11,14,1,69,0,1,0,0,0
27,654,2,3,1,79,0,0,0,0,0
44,663,2,5,1,75,0,0,1,0,0
31,818,2,3,1,74,0,0,0,0,0
30,704,11,14,1,78,1,0,0,0,0
40,781,3,6,1,90,0,0,0,1,0
29,755,1,6,0,95,1,0,1,0,0
39,721,3,6,1,60,0,0,0,0,0
33,757,12,11,1,63,0,0,0,0,0
45,499,2,6,1,81,0,0,1,1,0
35,781,11,11,1,81,0,0,0,1,0
28,683,1,4,1,78,0,1,0,0,0
31,838,3,2,0,68,0,0,0,0,0
23,730,3,3,1,81,0,0,0,0,0
30,709,14,15,0,60,0,0,0,0,0
29,794,8,8,1,54,0,1,0,0,0
36,770,3,6,1,97,0,0,0,1,0
29,648,3,3,0,76,0,0,0,0,0
28,646,6,10,0,69,0,0,0,0,0
29,788,3,6,1,84,0,0,1,1,0
39,652,12,13,1,84,0,0,0,0,0
39,599,12,14,1,61,0,0,0,0,0
34,724,13,15,1,73,0,0,0,0,0
32,740,3,2,1,58,0,0,1,0,0
40,682,4,2,0,62,0,1,0,0,0
42,700,3,6,1,79,1,0,0,0,0
23,678,4,5,1,76,0,0,0,0,0
43,672,2,6,1,67,0,0,0,0,0
39,782,11,15,1,53,0,0,0,0,0
36,550,14,12,1,78,0,0,0,0,0
38,792,3,4,1,72,0,1,0,0,0
36,784,12,12,0,92,0,1,0,1,1
24,764,3,5,1,73,0,0,0,0,0
37,731,12,13,1,59,0,0,0,0,0
33,528,3,6,0,77,0,0,0,0,0
35,771,12,10,0,59,0,0,0,0,0
41,557,13,10,1,83,0,0,0,0,0
27,787,1,3,0,69,0,1,0,0,0
24,667,1,5,1,79,0,1,0,0,0
25,648,2,4,1,55,0,1,0,0,0
40,835,3,4,1,88,1,0,0,1,0
26,595,2,2,1,73,1,0,0,0,0
45,934,2,6,0,80,0,0,0,0,0
26,802,2,2,0,89,0,0,0,0,0
37,520,14,10,1,83,0,0,0,0,0
38,745,13,14,1,71,1,0,0,0,0
39,708,14,13,1,66,0,0,0,0,0
29,760,3,4,0,79,0,0,0,0,0
35,731,2,6,1,84,0,0,0,1,0
25,745,3,4,0,89,0,0,1,1,0
31,644,12,15,1,84,0,0,0,0,0
38,559,11,15,1,70,0,0,0,0,0
26,920,9,8,1,66,1,0,0,0,0
43,431,2,4,0,61,0,0,0,0,0
41,718,11,14,0,76,0,0,0,0,0
40,632,12,14,1,70,0,0,0,0,0
37,634,2,6,0,71,0,1,0,0,0
24,784,4,5,1,78,0,1,0,0,0
38,586,3,3,1,74,1,1,0,0,0
22,684,1,4,1,78,0,1,0,0,0
39,761,4,3,1,60,1,0,1,0,0
34,761,12,14,1,84,0,0,0,0,0
27,457,9,9,1,95,1,1,0,0,0
41,864,4,2,1,77,0,0,0,0,0
26,717,1,3,1,81,0,0,1,1,0
36,478,3,6,0,70,0,0,1,0,0
24,638,1,4,0,98,0,0,1,0,0
40,644,12,14,1,80,1,0,0,0,0
44,846,4,2,1,59,0,0,0,0,0
27,628,7,8,1,59,0,0,0,0,0
22,517,3,5,0,49,0,0,0,0,0
28,835,2,3,1,55,0,0,0,0,0
40,803,3,2,1,62,1,0,1,0,0
40,792,12,12,1,87,0,1,0,0,1
43,789,11,10,1,87,1,1,0,1,1
41,820,4,6,1,73,0,0,0,0,0
38,717,4,2,1,82,0,0,1,1,0
26,609,3,6,1,60,0,1,0,0,0
37,732,14,14,0,71,0,0,0,0,0
25,628,10,14,1,79,0,0,0,0,0
36,792,13,14,1,98,0,0,1,0,1
43,657,3,5,1,67,0,0,0,0,0
23,714,2,4,1,58,0,0,1,0,0
36,593,2,6,1,68,0,0,1,0,0
41,681,3,5,0,61,0,0,0,0,0
30,667,2,6,1,72,0,0,0,0,0
39,700,3,2,1,73,0,0,0,0,0
24,801,3,2,1,71,0,1,1,0,0
42,532,3,5,1,80,0,1,0,0,0
44,632,4,5,1,65,0,0,0,0,0
44,757,14,15,1,68,0,0,1,0,0
28,749,10,14,1,76,0,0,0,0,0
42,771,4,5,1,72,0,0,0,0,0
32,693,3,4,1,68,0,1,0,0,0
42,747,4,6,1,83,1,1,0,0,0
23,674,1,5,1,72,0,0,0,0,0
32,634,12,11,1,69,0,0,0,0,0
40,598,14,10,1,78,0,1,0,0,0
42,737,2,6,0,84,0,0,0,0,0
41,587,12,15,1,72,0,0,0,0,0
34,767,4,5,1,76,0,1,0,0,0
43,622,12,11,1,97,0,0,0,0,0
26,520,1,5,1,74,0,1,0,0,0
44,726,3,4,0,64,0,0,0,0,0
22,688,1,6,0,70,0,1,0,0,0
32,723,14,15,1,87,0,0,0,0,1
41,786,2,6,1,61,0,0,0,0,0
45,804,4,2,1,86,0,0,0,1,0
29,621,8,7,0,77,0,0,0,0,0
45,655,4,3,0,77,1,0,0,0,0
42,499,14,13,1,79,0,1,0,0,0
45,626,2,2,0,72,0,0,0,0,0
35,661,13,13,1,67,1,0,1,0,0
24,690,5,4,0,82,1,0,0,0,0
44,654,2,6,0,72,0,0,0,0,0
40,594,14,13,1,70,0,0,1,0,0
41,613,3,3,1,80,0,0,0,0,0
23,710,5,4,0,85,1,0,0,1,0
39,614,4,3,1,69,0,0,0,0,0
38,820,3,5,0,64,0,0,0,0,0
37,778,11,14,1,97,0,0,0,1,1
35,668,13,14,1,70,0,0,0,0,0
27,689,2,2,1,63,0,0,0,0,0
29,894,2,5,1,83,0,0,0,0,0
30,770,13,11,1,75,1,1,0,0,0
29,603,3,4,1,74,0,0,1,0,0
25,561,1,3,0,91,0,1,0,1,0
34,656,4,2,1,93,0,0,0,1,0
25,736,2,6,0,89,0,0,0,1,0
27,745,2,6,1,82,0,1,0,0,0
45,617,11,13,0,74,0,0,0,0,0
44,806,4,4,1,76,0,1,0,0,0
28,755,6,8,1,76,0,0,1,0,0
30,667,11,12,1,84,1,0,0,0,0
22,623,1,3,0,82,0,0,0,0,0
33,555,12,11,1,74,0,1,0,0,0
25,736,3,6,0,85,0,1,1,0,0
41,760,14,10,1,73,0,0,0,0,0
35,789,13,15,1,89,0,0,0,1,1
32,724,13,13,1,75,0,0,0,0,0
41,866,4,3,1,80,0,0,0,0,0
38,789,2,6,1,61,1,0,0,0,0
41,757,14,13,1,65,0,0,1,0,0
31,871,14,10,1,74,0,0,0,0,0
23,681,2,4,1,80,0,0,0,0,0
40,648,4,5,1,70,0,1,1,0,0
22,703,3,6,1,68,0,0,0,0,0
41,701,13,15,1,79,0,0,0,0,0
45,695,13,15,1,75,1,0,0,0,0
42,736,4,2,1,71,0,1,1,0,0
43,625,13,11,1,62,0,1,1,0,0
28,673,2,4,1,54,0,0,0,0,0
42,587,2,2,1,71,0,1,0,0,0
33,761,3,2,1,73,1,0,0,0,0
26,530,6,7,0,73,0,0,0,0,0
22,551,4,5,1,77,0,1,0,0,0
45,716,2,5,0,65,0,0,0,0,0
44,695,14,14,0,65,0,0,0,0,0
32,769,12,12,1,75,1,0,1,0,1
37,576,12,15,1,90,0,0,0,0,0
38,714,2,3,1,80,0,0,0,0,0
39,704,12,13,1,75,0,0,0,0,0
27,632,2,5,1,87,0,0,0,1,0
24,689,3,4,1,75,0,0,0,0,0
26,861,1,6,1,97,0,0,0,1,0
28,732,6,11,1,78,0,0,0,0,0
40,731,3,2,1,49,0,0,0,0,0
29,790,10,11,1,66,0,1,0,0,0
26,619,1,2,1,78,0,0,0,0,0
25,809,6,12,1,67,0,0,0,0,0
45,725,4,4,1,75,0,0,0,0,0
35,726,14,10,1,75,0,1,0,0,0
22,741,1,6,1,77,0,0,1,0,0
42,587,2,4,1,81,0,0,0,1,0
30,687,13,12,1,83,1,0,0,0,0
42,790,3,5,1,73,0,0,1,0,0
45,722,14,11,1,90,0,0,1,0,0
33,414,3,4,1,90,0,0,1,0,0
23,812,2,6,1,94,0,1,1,0,0
36,775,3,6,1,75,0,0,0,0,0
36,634,4,4,0,81,0,0,0,1,0
24,615,3,4,1,98,0,0,0,1,0
27,508,9,10,1,85,0,0,0,1,0
45,664,2,6,1,53,0,0,0,0,0
38,711,11,15,1,70,1,1,0,0,1
36,863,4,3,0,77,0,0,1,0,0
32,747,3,4,1,54,0,1,0,0,0
27,949,10,12,1,74,1,0,1,0,1
37,774,12,12,1,71,0,0,0,0,0
23,700,3,4,1,72,1,0,0,0,0
24,787,5,2,1,82,0,0,1,1,0
36,841,3,4,1,86,1,0,0,0,0
31,588,2,4,1,73,0,0,1,0,0
36,706,4,4,1,64,0,0,0,0,0
28,672,7,11,1,90,1,0,1,1,1
37,594,13,11,0,75,0,1,0,0,0
39,855,3,3,0,71,0,0,0,0,0
36,664,2,4,1,65,0,0,1,0,0
44,642,4,3,1,71,0,0,0,0,0
25,549,2,2,1,89,0,0,0,1,0
32,817,13,14,1,75,0,0,0,0,0
24,950,3,6,1,83,0,0,0,0,0
26,885,6,8,1,67,0,0,1,0,0
42,621,2,4,1,70,1,1,1,0,0
41,786,3,4,0,80,0,0,0,0,0
23,792,2,4,1,76,0,0,0,0,0
45,500,14,14,1,83,0,1,0,0,0
29,816,1,5,1,84,0,0,0,0,0
44,732,13,13,0,74,0,0,0,0,0
41,844,3,4,0,62,0,0,0,0,0
36,858,12,14,1,83,0,0,0,1,1
44,573,12,13,1,63,0,0,0,0,0
36,657,11,10,1,74,0,0,0,0,0
31,884,2,4,0,83,0,1,0,1,0
28,669,3,3,1,82,0,1,0,0,0
29,785,1,2,0,80,1,0,1,0,0
41,673,3,3,1,63,0,0,0,0,0
29,501,3,4,1,73,0,1,0,0,0
35,561,14,11,0,74,0,1,0,0,0
39,690,3,6,1,73,0,1,0,0,0
44,613,14,11,1,76,0,0,1,0,0
37,556,4,4,1,71,1,0,0,0,0
43,600,3,2,0,72,1,0,0,0,0
45,718,3,5,1,86,0,0,0,1,0
45,655,4,5,1,80,0,0,1,0,0
26,802,6,8,1,83,0,1,0,1,0
27,625,7,10,0,79,0,0,0,0,0
22,743,5,6,1,68,0,1,0,0,0
28,745,9,12,1,83,0,0,0,0,0
43,617,11,13,1,77,1,0,0,0,0
23,669,2,4,1,66,1,1,1,0,0
38,575,14,12,1,81,1,0,0,0,0
23,848,3,6,1,80,1,0,1,0,0
25,668,3,2,1,53,0,0,0,0,0
43,761,12,15,0,70,0,0,0,0,0
45,741,11,14,1,54,0,0,0,0,0
27,525,10,11,1,74,0,0,0,0,0
34,847,2,5,1,78,1,0,0,0,0
40,669,14,11,1,70,0,0,0,0,0
45,645,12,14,0,73,0,1,0,0,0
25,572,1,4,1,92,0,0,1,0,0
39,736,3,5,1,85,1,0,0,0,0
29,691,7,7,1,59,0,0,0,0,0
28,638,1,4,0,81,0,0,0,0,0
26,744,6,12,1,70,1,0,0,0,0
28,698,8,9,1,78,1,0,0,0,0
26,801,3,3,0,69,1,0,0,0,0
32,702,12,12,0,62,0,0,0,0,0
31,452,13,14,1,61,0,1,0,0,0
34,605,11,13,1,71,0,1,1,0,1
27,713,6,8,1,68,0,0,0,0,0
22,705,2,3,1,66,0,1,0,0,0
32,759,12,15,0,73,0,0,1,0,0
26,715,7,8,1,85,0,0,0,1,0
41,656,2,4,1,74,1,0,0,0,0
43,770,3,3,1,91,0,0,0,1,0
35,702,14,15,0,78,1,0,0,0,0
29,808,2,6,1,75,0,0,0,0,0
33,526,13,11,1,81,0,0,1,0,0
30,649,12,14,1,83,0,0,0,0,0
32,565,12,15,1,66,0,0,1,0,0
31,825,2,3,1,71,0,0,0,0,0
26,727,9,10,1,66,0,0,0,0,0
26,588,8,8,1,83,0,0,0,0,0
32,738,12,15,1,84,0,0,0,1,1
43,683,14,10,0,82,0,0,1,1,0
31,950,4,2,0,78,1,0,0,0,0
39,665,4,5,1,82,0,0,0,0,0
29,670,6,7,1,82,0,0,1,1,0
42,892,13,10,1,79,1,0,0,0,0
23,683,2,3,1,78,0,0,0,0,0
34,602,2,3,1,93,0,0,0,1,0
29,555,10,15,1,76,0,0,0,0,0
28,757,10,10,0,76,0,0,0,0,0
40,836,11,15,1,68,0,0,1,0,0
28,776,1,4,1,66,0,1,1,0,0
33,811,3,5,1,70,0,0,0,0,0
22,770,1,3,1,82,0,0,0,1,0
43,587,11,14,1,77,0,0,0,0,0
35,543,11,14,0,84,1,0,0,0,0
40,537,11,13,1,58,1,0,0,0,0
36,640,13,11,0,69,0,0,0,0,0
42,886,12,11,1,68,1,0,1,0,0
22,723,1,6,1,82,1,1,1,1,0
28,763,6,12,1,60,1,0,0,0,0
33,610,2,5,1,80,0,1,0,0,0
23,645,1,3,1,79,0,0,0,0,0
40,795,12,11,1,59,0,0,0,0,0
23,535,3,3,0,75,0,1,0,0,0
29,538,3,4,1,76,1,0,1,0,0
41,730,14,10,1,82,0,0,0,0,0
25,853,7,8,0,80,0,0,0,0,0
39,879,4,4,1,78,0,1,1,0,0
26,717,9,10,1,73,0,0,0,0,0
30,474,12,12,1,67,0,0,0,0,0
32,647,11,12,1,92,0,0,0,0,1
38,704,4,5,1,76,0,0,1,0,0
29,719,9,11,0,75,0,0,0,0,0
35,866,14,12,1,66,1,0,0,0,0
44,817,2,6,1,72,0,0,1,0,0
29,794,10,15,1,58,1,0,0,0,0
30,736,3,5,1,75,1,0,1,0,0
42,720,2,5,0,84,1,1,0,1,0
41,721,12,15,1,56,0,0,0,0,0
25,736,8,9,1,72,0,0,0,0,0
32,774,11,15,1,89,0,0,0,1,1
39,650,11,11,1,62,1,0,0,0,0
43,757,4,2,0,72,0,0,0,0,0
25,838,10,15,1,77,0,0,0,0,0
36,728,3,5,1,52,1,1,0,0,0
29,543,10,14,0,78,0,0,0,0,0
27,720,7,12,1,71,1,0,1,0,0
42,615,12,11,1,76,0,0,0,0,0
33,628,4,6,1,70,0,0,0,0,0
37,682,3,2,1,66,1,0,1,0,0
22,743,5,3,1,75,0,0,0,0,0
45,909,11,10,1,58,0,0,0,0,0
45,638,14,15,0,74,0,0,0,0,0
38,774,2,3,1,63,0,1,1,0,0
39,864,4,6,0,57,0,0,0,0,0
27,534,10,13,0,72,0,0,0,0,0
45,621,3,4,1,80,0,1,0,0,0
35,650,14,13,1,69,1,0,0,0,0
40,703,2,6,0,71,0,1,1,0,0
35,875,11,11,1,72,1,1,0,0,0
23,534,2,6,1,75,0,0,0,0,0
23,761,1,6,1,71,0,0,1,0,0
28,846,7,10,1,77,0,0,0,0,0
28,598,2,6,1,81,1,0,0,0,0
41,764,2,3,1,81,0,1,1,1,0
27,792,7,10,1,74,0,0,0,0,0
22,740,2,3,1,69,0,0,0,0,0
37,859,3,2,1,81,0,0,0,0,0
30,847,2,6,1,82,0,0,0,1,0
24,681,5,4,1,73,1,0,0,0,0
34,801,2,4,1,54,0,0,1,0,0
30,488,3,6,1,59,0,0,0,0,0
25,828,6,9,1,76,0,1,0,0,0
41,580,11,13,1,64,0,1,0,0,0
38,710,2,5,1,98,0,0,0,0,0
25,738,1,5,1,87,0,0,0,1,0
33,661,3,6,1,77,0,0,0,0,0
36,670,3,3,1,73,1,0,0,0,0
41,689,12,14,1,60,0,0,0,0,0
39,814,12,10,0,72,0,0,1,0,0
25,723,6,11,1,58,0,0,0,0,0
44,725,3,5,1,75,1,0,0,0,0
32,586,11,12,1,78,0,1,0,0,0
45,722,11,14,1,88,0,0,0,0,1
25,565,1,5,1,77,0,1,0,0,0
36,712,11,11,0,79,0,0,0,0,0
31,800,4,2,1,80,1,0,0,0,0
22,694,1,2,1,72,0,0,0,0,0
33,634,11,11,0,67,0,0,0,0,0
22,749,1,3,0,66,0,1,1,0,0
45,687,11,12,1,87,0,0,0,1,1
41,795,3,2,1,92,1,0,0,0,0
37,650,11,14,1,69,0,0,0,0,0
33,636,4,4,1,78,0,0,0,0,0
40,728,2,2,1,71,0,1,0,0,0
26,620,2,2,1,87,0,0,0,0,0
39,777,3,4,1,62,0,1,0,0,0
44,543,3,4,1,81,1,0,0,0,0
39,742,13,11,1,62,0,0,0,0,0
44,780,3,4,1,76,1,0,1,0,0
29,621,1,6,0,74,0,0,0,0,0
25,644,2,6,1,85,1,0,0,1,0
38,738,13,11,1,79,0,0,0,0,0
39,633,2,6,1,69,0,0,0,0,0
31,704,12,12,1,82,0,1,0,0,0
22,588,3,5,1,77,0,0,0,0,0
45,646,2,6,1,62,0,0,0,0,0
37,670,13,11,1,78,0,0,1,0,0
39,771,4,3,1,57,0,1,1,0,0
26,809,9,12,0,78,0,1,0,0,0
42,673,14,15,0,71,1,0,0,0,0
44,620,13,11,1,85,0,0,0,0,0
39,775,2,2,1,73,0,0,1,0,0
34,617,11,10,1,97,1,0,0,1,1
25,677,9,8,1,66,1,0,0,0,0
34,766,4,4,1,69,0,0,0,0,0
22,732,4,5,1,64,0,0,0,0,0
32,860,3,3,0,65,0,0,0,0,0
29,847,6,12,0,85,0,1,1,0,1
25,629,9,8,1,83,0,0,0,1,0
34,585,11,14,1,71,0,0,0,0,0
34,737,12,11,1,90,1,1,0,0,1
35,577,4,4,1,79,1,1,1,0,0
24,607,1,4,1,84,1,0,0,1,0
42,736,12,11,1,67,0,0,0,0,0
37,788,2,5,0,64,0,0,0,0,0
41,534,14,14,1,68,0,0,0,0,0
22,745,3,3,1,86,1,0,0,1,0
43,681,14,13,1,77,0,0,1,0,0
34,675,12,12,1,80,1,0,0,0,0
30,761,2,3,1,73,0,0,1,0,0
43,837,4,6,1,71,0,1,0,0,0
29,568,8,7,0,81,0,0,0,1,0
34,712,14,13,0,73,0,0,0,0,0
42,950,2,6,1,87,1,0,0,0,0
33,796,13,11,1,93,0,0,0,0,0
22,521,1,5,0,61,0,0,0,0,0
26,718,2,5,1,83,0,0,0,0,0
23,712,1,6,1,65,0,0,0,0,0
40,797,2,6,1,92,1,0,0,0,0
26,578,2,4,1,61,0,1,0,0,0
25,492,6,10,1,91,0,0,1,1,0
35,583,14,10,1,59,0,0,0,0,0
30,660,3,2,1,73,1,1,1,0,0
38,739,3,2,1,94,1,0,0,0,0
25,720,9,9,1,81,0,0,0,1,0
28,639,10,10,0,77,0,0,0,0,0
44,674,14,13,1,81,0,0,0,0,0
23,576,3,2,1,73,0,0,0,0,0
33,676,11,13,0,76,0,0,0,0,0
42,888,13,15,1,89,0,0,0,0,1
24,933,2,4,1,80,1,0,1,0,0
29,695,7,10,1,84,1,0,0,0,0
42,775,2,6,1,83,0,1,1,0,0
33,685,13,15,1,78,0,0,0,0,0
43,663,13,10,1,69,0,0,0,0,0
36,766,12,10,1,69,0,0,1,0,0
43,702,11,14,0,77,1,1,0,0,1
41,650,12,11,1,79,0,1,0,0,0
36,708,12,11,1,49,0,0,0,0,0
28,693,2,3,1,83,1,0,0,1,0
25,639,7,12,1,96,0,0,0,1,1
32,731,14,11,1,92,0,1,1,1,1
25,709,1,3,1,78,0,0,0,0,0
33,520,4,2,1,55,1,0,0,0,0
34,885,2,2,1,73,0,0,0,0,0
26,747,8,10,1,63,0,0,0,0,0
22,745,1,2,1,85,0,0,1,1,0
25,599,1,3,0,71,0,0,0,0,0
27,512,2,6,1,70,0,1,0,0,0
38,725,4,4,1,85,0,1,0,0,0
22,781,4,2,1,73,0,1,0,0,0
26,805,9,12,1,68,0,0,0,0,0
38,683,14,10,1,78,0,0,0,0,0
40,745,2,4,1,65,0,0,0,0,0
35,552,12,10,0,88,0,0,0,1,0
23,710,4,6,1,90,0,0,1,0,0
45,625,13,12,1,60,0,0,1,0,0
38,572,3,3,1,65,1,0,0,0,0
22,554,1,2,1,82,1,1,0,0,0
40,740,4,6,1,75,0,0,1,0,0
39,664,12,11,0,66,1,0,1,0,0
29,634,10,13,1,67,0,0,0,0,0
43,661,14,13,1,89,0,1,0,0,1
44,742,14,12,1,60,0,0,0,0,0
36,551,14,15,1,82,0,0,1,1,1
37,625,3,6,1,73,0,0,0,0,0
30,573,2,3,1,70,0,0,0,0,0
24,649,1,5,1,65,0,1,0,0,0
29,652,2,4,1,51,0,0,0,0,0
25,773,7,8,1,68,0,0,0,0,0
36,799,14,12,1,77,0,0,0,0,0
22,678,2,3,1,59,0,0,0,0,0
43,701,4,4,1,83,0,1,0,0,0
30,788,4,3,1,69,1,0,0,0,0
25,584,3,5,1,81,0,0,1,1,0
45,718,2,2,1,70,0,0,0,0,0
37,837,12,12,1,51,1,0,0,0,0
41,654,2,2,1,79,0,0,0,0,0
27,862,3,3,1,64,1,0,0,0,0
25,650,3,3,1,75,1,0,0,0,0
43,734,11,12,1,90,0,0,0,1,1
31,770,4,4,1,72,1,0,0,0,0
31,873,2,3,1,78,0,1,0,0,0
25,655,3,4,1,78,0,0,0,0,0
37,786,13,12,1,65,0,0,0,0,0
42,841,11,15,1,90,0,0,0,0,1
34,827,11,11,1,100,0,0,0,0,1
44,730,3,2,1,64,0,1,0,0,0
24,743,2,2,1,75,0,0,0,0,0
44,662,4,2,0,88,0,0,0,1,0
37,675,3,6,1,87,0,0,1,1,0
24,630,3,3,1,70,0,0,0,0,0
23,708,5,5,1,56,0,0,0,0,0
33,733,3,6,1,60,0,1,0,0,0
38,877,4,6,1,57,0,0,0,0,0
37,823,13,13,1,69,0,1,0,0,0
39,756,12,12,1,79,0,0,0,0,0
42,774,12,14,1,79,0,0,1,0,0
44,688,3,5,1,66,0,0,1,0,0
41,708,13,15,1,63,0,1,0,0,0
35,695,11,14,1,65,0,0,0,0,0
27,686,9,11,1,88,0,0,0,0,0
24,575,2,6,1,79,0,0,0,0,0
44,768,4,4,1,66,0,1,0,0,0
42,866,12,13,1,72,0,0,0,0,0
43,541,12,12,0,71,0,0,1,0,0
44,761,13,13,1,78,0,1,1,0,1
32,756,14,13,1,61,1,0,1,0,0
25,656,7,7,1,96,0,0,0,0,0
39,692,11,15,1,82,0,0,0,1,1
36,716,11,10,1,73,0,0,0,0,0
32,566,11,14,1,76,0,1,0,0,0
22,733,3,3,1,81,0,0,0,0,0
41,587,11,10,0,62,0,0,0,0,0
41,693,3,6,1,65,0,1,0,0,0
24,612,5,5,1,64,0,1,0,0,0
41,698,4,5,1,84,1,0,1,0,0
39,656,14,15,1,62,1,0,0,0,0
31,700,14,13,1,78,0,0,0,0,0
40,611,14,12,1,75,0,0,0,0,0
23,771,1,4,1,77,0,0,0,0,0
23,743,2,4,1,65,1,0,0,0,0
42,688,13,15,1,75,1,0,0,0,0
39,449,3,6,1,77,0,0,0,0,0
38,923,3,3,1,75,0,0,1,0,0
30,565,12,10,1,62,0,0,0,0,0
30,693,2,5,1,67,0,0,0,0,0
41,685,3,3,1,63,0,0,0,0,0
44,732,12,10,1,89,1,0,0,0,0
22,773,4,5,1,60,0,1,1,0,0
39,809,3,6,1,73,0,0,0,0,0
40,608,2,2,1,86,0,0,0,1,0
30,627,3,6,1,71,1,0,0,0,0
40,673,11,12,1,79,0,1,0,0,0
32,591,2,4,1,65,0,0,1,0,0
33,533,4,2,1,64,0,0,0,0,0
24,624,3,3,1,81,0,0,0,1,0
25,780,1,3,1,76,0,0,1,0,0
39,689,14,12,1,73,0,0,0,0,0
26,575,6,9,0,74,0,1,0,0,0
33,726,3,3,1,78,0,0,0,0,0
39,543,14,10,1,69,1,0,0,0,0
44,817,14,13,1,59,0,0,0,0,0
26,734,2,2,1,58,1,0,1,0,0
25,698,10,13,1,87,0,0,0,1,1
32,763,11,13,1,69,0,0,0,0,0
35,689,2,6,1,92,0,0,0,0,0
34,613,3,5,1,72,0,0,1,0,0
45,818,12,14,1,74,0,0,0,0,0
35,706,3,2,1,68,0,0,1,0,0
41,662,2,3,1,53,0,0,0,0,0
42,643,12,13,1,52,0,0,0,0,0
37,683,12,13,0,88,0,0,1,0,1
28,741,1,4,1,76,0,0,0,0,0
45,651,4,3,1,76,0,0,0,0,0
38,683,13,11,1,80,0,0,1,0,0
26,647,7,9,0,65,1,0,0,0,0
31,697,3,5,1,72,1,1,0,0,0
31,862,11,13,1,78,0,0,0,0,0
37,505,14,12,1,63,1,0,0,0,0
37,672,2,4,1,79,1,1,0,0,0
30,855,11,15,0,78,0,0,0,0,0
25,504,7,9,0,73,0,0,1,0,0
44,824,13,15,1,55,0,1,0,0,0
24,748,4,6,1,78,0,0,0,0,0
44,767,3,4,1,87,0,0,0,1,0
36,577,11,12,1,95,0,0,0,0,1
27,557,6,8,1,74,0,0,0,0,0
28,884,2,2,1,62,1,0,0,0,0
30,647,2,6,1,72,1,0,0,0,0
26,610,2,3,0,69,1,0,1,0,0
32,768,2,5,1,84,0,0,0,1,0
37,666,12,10,1,82,1,0,0,0,0
43,685,12,14,1,70,0,0,0,0,0
29,750,3,5,1,71,0,0,0,0,0
34,748,2,2,0,71,0,0,0,0,0
27,644,3,6,1,75,1,0,1,0,0
28,642,8,7,1,93,0,0,1,1,0
40,704,12,11,1,83,0,1,0,1,0
24,722,4,6,1,76,0,1,0,0,0
27,768,7,9,0,81,0,0,0,0,0
35,854,4,3,1,74,0,0,0,0,0
23,754,5,2,1,74,0,0,0,0,0
27,716,3,3,1,61,0,1,0,0,0
41,651,2,5,1,66,0,0,1,0,0
28,662,2,2,1,78,0,0,1,0,0
25,749,2,3,1,75,1,0,0,0,0
42,826,11,12,0,66,0,1,0,0,0
23,726,2,6,1,60,1,0,1,0,0
27,710,2,4,1,87,0,1,0,1,0
29,712,9,12,1,62,0,0,0,0,0
37,884,4,4,1,77,0,0,0,0,0
31,829,13,10,1,78,0,1,1,0,0
35,571,14,10,1,84,0,1,0,1,0
22,612,3,4,1,73,0,0,1,0,0
34,743,4,6,1,51,0,0,0,0,0
42,666,12,15,1,77,0,0,0,0,0
37,597,2,3,1,73,0,1,0,0,0
39,586,11,10,1,81,0,1,0,1,0
39,363,14,11,1,57,0,0,0,0,0
43,660,4,3,1,65,1,1,0,0,0
27,653,1,3,1,80,0,1,1,0,0
44,535,4,2,0,74,0,0,0,0,0
26,793,3,2,0,73,0,0,0,0,0
38,535,14,14,1,76,0,0,1,0,0
27,578,1,2,1,83,0,0,0,1,0
25,750,2,6,1,69,0,0,0,0,0
35,687,3,2,1,74,0,0,0,0,0
42,578,3,3,0,68,1,0,1,0,0
36,608,13,10,1,62,0,0,0,0,0
43,815,2,6,1,73,0,1,0,0,0
45,763,4,5,1,63,0,1,0,0,0
30,757,2,4,1,71,0,0,0,0,0
31,786,4,6,1,81,0,0,0,0,0
33,705,11,12,1,86,0,1,1,1,1
29,712,7,8,1,81,0,0,0,1,0
30,778,3,2,1,69,1,1,0,0,0
38,625,12,11,1,76,0,0,0,0,0
40,706,14,14,1,68,0,1,0,0,0
25,730,3,6,1,81,0,0,0,0,0
44,704,13,13,0,84,0,0,1,0,0
45,834,14,15,1,79,1,0,0,0,1
22,741,2,4,1,80,0,0,0,0,0
23,684,1,3,1,62,0,0,0,0,0
42,683,3,2,1,75,0,0,0,0,0
44,825,13,15,0,81,0,0,1,0,1
22,838,1,2,1,72,0,0,0,0,0
38,673,4,5,1,72,0,0,0,0,0
40,677,13,14,0,78,0,0,0,0,0
23,635,3,4,0,71,0,1,0,0,0
37,549,11,12,1,83,0,0,1,1,1
24,606,2,6,0,87,0,0,0,1,0
45,637,2,5,1,71,0,1,0,0,0
23,621,2,5,1,77,0,0,0,0,0
43,638,14,10,1,77,0,0,0,0,0
42,641,11,11,1,69,1,0,1,0,0
45,783,14,11,1,69,0,0,0,0,0
29,867,8,10,1,67,0,0,0,0,0
29,627,2,5,1,63,0,0,0,0,0
39,766,11,13,1,51,0,1,0,0,0
30,664,2,2,1,77,0,0,0,0,0
36,693,4,3,1,78,0,1,0,0,0
31,826,13,14,1,82,0,0,1,1,1
29,742,3,5,1,58,1,0,1,0,0
23,688,2,6,0,64,0,0,0,0,0
41,642,3,4,1,78,0,0,0,0,0
30,716,2,5,0,82,0,1,0,1,0
35,950,13,10,1,99,0,0,0,1,1
33,938,12,14,1,72,1,0,0,0,1
30,857,2,5,1,70,0,0,0,0,0
39,619,4,4,1,92,0,0,1,0,0
36,719,11,12,0,72,0,1,0,0,0
26,735,9,9,1,80,0,0,0,0,0
22,614,3,6,1,66,0,0,0,0,0
26,776,1,3,1,94,1,0,1,1,0
22,857,4,2,1,72,1,1,0,0,0
44,628,14,12,1,73,0,1,0,0,0
30,655,2,5,0,66,1,0,1,0,0
36,703,13,11,1,81,1,1,0,0,0
36,688,4,5,1,69,1,1,0,0,0
45,747,13,15,1,72,1,0,0,0,0
24,747,2,5,0,70,1,0,1,0,0
34,712,12,12,1,73,0,0,0,0,0
23,652,1,2,1,90,0,0,0,1,0
26,950,7,9,1,66,0,0,0,0,0
38,668,3,2,1,84,1,0,0,1,0
29,808,7,11,1,66,0,0,1,0,0
25,525,1,5,1,75,0,0,0,0,0
24,666,3,3,1,85,1,0,1,1,0
42,518,14,12,1,68,0,0,0,0,0
30,720,4,5,1,74,0,0,0,0,0
23,796,1,3,1,54,0,1,0,0,0
27,689,10,11,1,85,0,0,0,0,0
33,639,12,10,1,84,1,0,1,1,1
37,669,4,4,1,69,0,0,0,0,0
43,631,12,13,1,80,0,1,0,0,0
22,497,2,2,1,84,0,0,1,0,0
26,586,2,3,1,66,0,0,0,0,0
35,594,13,13,1,64,0,0,0,0,0
38,758,11,10,1,77,1,0,1,0,0
39,690,13,11,1,86,0,0,0,0,0
36,720,3,2,1,74,0,0,0,0,0
40,783,3,5,1,75,0,0,0,0,0
44,768,4,5,0,75,0,0,0,0,0
43,799,2,3,1,76,1,0,1,0,0
26,729,2,6,1,81,0,1,0,1,0
33,599,12,10,0,57,0,0,0,0,0
23,647,2,6,0,74,0,0,0,0,0
25,603,9,8,1,77,0,0,0,0,0
25,724,8,8,1,85,0,0,1,0,0
30,663,12,15,1,62,1,0,0,0,0
35,725,2,4,1,73,0,0,1,0,0
45,678,3,6,1,65,0,0,0,0,0
27,783,6,8,1,78,0,0,0,0,0
35,831,2,4,1,75,1,0,0,0,0
22,742,4,4,1,71,1,0,0,0,0
28,857,9,9,1,63,0,0,1,0,0
25,641,8,12,1,75,1,0,0,0,0
40,553,13,13,0,72,0,0,1,0,0
28,832,2,3,0,85,0,0,0,0,0
23,809,1,4,1,81,0,1,0,1,0
42,771,13,10,1,75,0,0,0,0,0
40,776,3,2,0,58,0,0,1,0,0
40,741,3,6,1,63,0,0,0,0,0
25,594,7,7,1,77,0,1,0,0,0
29,830,3,4,0,77,0,0,0,0,0
41,801,2,3,1,85,0,0,1,1,0
26,639,1,2,0,84,0,0,0,1,0
23,671,1,2,1,52,0,0,0,0,0
23,768,2,5,0,89,0,0,0,0,0
38,650,4,6,0,70,0,0,0,0,0
31,732,13,10,1,61,1,0,0,0,0
22,588,1,5,1,64,0,0,0,0,0
32,673,2,6,0,72,0,0,0,0,0
43,810,2,3,1,69,0,0,1,0,0
37,821,2,5,1,68,0,1,0,0,0
39,784,14,15,0,79,0,0,0,0,0
26,644,10,12,0,79,0,0,0,0,0
29,731,3,2,1,87,0,0,0,1,0
39,734,4,2,1,75,0,0,0,0,0
26,719,3,3,1,73,0,0,1,0,0
25,715,3,3,1,67,0,0,0,0,0
26,577,1,4,1,69,0,0,0,0,0
36,780,4,3,1,70,0,0,0,0,0
31,634,12,11,1,88,0,0,1,0,0
37,812,2,6,1,74,1,0,0,0,0
22,875,2,5,1,68,0,0,0,0,0
27,656,3,2,0,77,0,0,0,0,0
26,732,3,5,1,82,1,0,0,1,0
42,814,2,4,1,77,0,0,0,0,0
23,731,4,2,1,76,0,0,1,0,0
43,652,3,4,1,56,0,0,0,0,0
22,725,3,3,1,79,0,1,1,0,0
39,537,4,4,1,72,0,0,0,0,0
30,819,13,12,1,67,0,0,0,0,0
37,667,12,11,1,67,0,0,0,0,0
41,847,3,4,1,95,1,0,0,0,0
38,667,14,13,1,65,0,0,0,0,0
40,758,2,4,1,64,1,0,0,0,0
35,692,12,10,1,75,1,0,0,0,0
30,762,12,13,1,75,0,0,0,0,0
41,643,12,11,1,57,0,1,0,0,0
45,744,3,2,1,85,0,0,0,1,0
34,788,13,13,1,77,0,1,1,0,1
32,791,2,4,1,90,0,1,1,0,0
39,717,11,10,1,73,1,0,1,0,0
41,645,3,2,1,78,0,0,0,0,0
41,823,3,5,1,89,0,0,0,1,0
28,748,1,3,1,72,0,0,0,0,0
42,611,14,15,1,85,1,0,0,1,1
38,703,11,11,0,88,0,0,0,1,1
37,806,3,5,0,51,0,1,0,0,0
34,595,4,2,1,92,0,0,0,0,0
40,686,3,5,0,67,0,0,0,0,0
43,557,14,14,1,65,0,1,0,0,0
26,801,8,10,1,70,0,0,0,0,0
45,683,3,3,1,78,1,0,1,0,0
35,800,3,3,1,69,1,1,0,0,0
22,840,2,5,1,64,1,0,0,0,0
41,624,14,10,0,50,1,0,0,0,0
24,794,3,4,1,78,0,0,0,0,0
41,729,11,14,1,61,1,1,0,0,0
45,633,4,4,1,63,0,0,0,0,0
22,709,5,3,1,73,0,0,0,0,0
26,753,6,9,0,62,0,0,1,0,0
39,650,14,15,1,72,0,0,0,0,0
28,702,8,11,1,73,0,1,0,0,0
35,552,3,4,1,84,1,1,1,1,0
35,698,14,11,1,65,1,0,0,0,0
36,695,13,14,0,71,0,0,0,0,0
27,868,3,4,1,81,0,0,0,1,0
33,580,14,11,1,85,1,0,0,1,1
40,777,12,14,1,74,0,0,0,0,0
23,693,1,4,0,69,0,0,0,0,0
24,634,1,2,1,65,0,0,0,0,0
22,767,5,5,1,75,0,0,0,0,0
32,780,12,13,1,78,1,0,0,0,0
29,637,1,6,1,80,1,0,0,0,0
44,710,13,15,1,74,0,1,0,0,0
31,777,2,6,1,79,0,0,0,0,0
26,757,1,6,1,79,0,0,0,0,0
38,689,4,6,1,62,0,0,0,0,0
23,859,2,6,1,71,0,0,1,0,0
39,755,14,14,1,80,0,0,0,0,0
23,585,3,2,0,100,0,0,0,1,0
26,812,6,8,1,71,0,0,0,0,0
31,615,12,11,0,77,0,1,0,0,0
43,660,14,10,1,85,0,1,0,0,0
27,603,1,4,1,84,0,0,0,1,0
25,773,7,10,1,71,1,0,0,0,0
38,662,11,12,1,97,0,0,0,1,1
22,728,2,2,1,85,0,1,0,1,0
39,717,11,13,0,55,1,0,1,0,0
24,613,1,2,1,88,0,0,0,0,0
23,776,2,3,1,63,1,1,0,0,0
35,752,14,12,1,75,0,0,0,0,0
31,728,2,5,1,67,1,0,0,0,0
38,554,2,6,0,71,1,0,0,0,0
33,744,3,4,1,68,0,1,0,0,0
30,826,4,6,1,77,0,0,0,0,0
25,619,2,4,1,64,0,0,0,0,0
27,598,9,7,1,66,0,0,0,0,0
30,829,2,2,1,59,0,0,0,0,0
33,615,2,3,1,67,0,0,0,0,0
26,808,9,12,1,74,0,0,0,0,0
25,758,1,3,1,79,0,0,0,0,0
31,843,12,13,1,97,1,1,0,1,1
45,725,13,11,1,81,0,0,0,0,0
36,650,11,15,1,76,0,0,0,0,0
34,669,13,11,0,82,0,0,1,1,0
38,622,4,5,1,81,0,0,0,1,0
33,701,3,3,1,62,0,0,0,0,0
41,622,3,2,1,76,0,0,0,0,0
41,661,13,11,1,74,0,0,0,0,0
38,720,2,6,1,83,0,0,1,0,0
44,687,12,12,0,66,0,0,0,0,0
28,599,1,4,1,67,1,0,0,0,0
37,802,4,3,1,78,0,0,1,0,0
35,641,12,14,0,78,0,0,0,0,0
29,797,2,5,1,65,0,1,0,0,0
28,773,9,11,0,69,0,0,1,0,0
26,863,9,11,1,83,0,0,0,1,0
45,658,13,12,1,81,1,0,0,1,1
24,816,4,5,1,71,1,1,1,0,0
34,835,2,6,0,69,0,0,0,0,0
35,673,3,4,1,72,1,0,0,0,0
31,529,4,6,1,80,0,1,0,0,0
31,857,11,13,0,82,0,0,0,1,1
35,691,14,15,1,59,0,1,0,0,0
45,791,4,4,1,76,0,0,0,0,0
26,712,1,6,0,75,0,0,0,0,0
28,767,8,11,1,81,0,0,1,0,0
32,632,2,6,0,72,0,0,0,0,0
32,726,2,4,1,73,0,0,0,0,0
31,746,3,2,1,78,0,0,0,0,0
40,818,14,15,1,82,0,0,0,1,1
30,865,3,6,0,68,0,1,1,0,0
35,549,13,12,1,76,0,0,0,0,0
34,474,13,10,1,79,1,0,0,0,0
23,737,1,2,0,82,0,1,0,0,0
23,610,3,6,0,82,0,0,0,0,0
38,671,11,11,1,77,0,0,1,0,0
41,912,4,6,1,78,0,0,1,0,0
33,647,4,3,1,80,0,0,0,0,0
43,747,4,3,1,80,0,0,0,0,0
40,719,14,15,1,82,0,0,0,1,1
43,702,3,4,0,91,1,1,0,1,0
22,869,1,5,0,63,1,0,0,0,0
40,549,14,11,1,85,0,0,0,1,0
25,756,8,8,0,79,0,0,0,0,0
22,837,1,4,1,80,0,0,0,0,0
28,771,2,3,1,90,0,0,0,0,0
44,824,3,6,1,66,0,0,0,0,0
39,846,13,10,1,78,1,0,0,0,0
45,736,3,5,1,76,1,0,0,0,0
28,695,8,10,0,71,0,0,0,0,0
43,577,12,10,1,79,0,0,0,0,0
30,663,3,4,1,56,0,1,0,0,0
25,616,8,7,0,73,0,0,0,0,0
45,630,2,4,1,76,0,0,0,0,0
24,635,3,3,1,75,0,0,0,0,0
42,622,4,5,1,63,0,0,0,0,0
45,867,4,2,1,78,0,0,1,0,0
34,770,3,3,1,84,1,0,0,0,0
26,629,7,10,0,74,0,1,0,0,0
31,838,4,5,1,60,0,0,0,0,0
32,787,12,12,0,85,0,0,0,1,1
35,572,14,15,1,66,0,0,0,0,0
33,773,12,14,1,71,0,0,0,0,0
32,589,2,3,0,73,0,0,0,0,0
29,610,2,6,1,61,0,0,1,0,0
24,752,2,2,1,57,1,0,0,0,0
42,779,4,2,1,63,0,1,0,0,0
38,688,14,10,1,59,0,1,1,0,0
38,658,11,15,1,90,1,0,0,0,1
39,713,11,10,1,59,0,0,0,0,0
29,680,6,12,0,67,0,0,0,0,0
23,549,1,2,1,82,1,0,0,0,0
26,803,6,12,0,62,0,0,0,0,0
22,805,3,3,1,79,0,1,0,0,0
31,571,14,15,1,70,0,0,0,0,0
33,788,3,2,1,57,0,1,0,0,0
29,726,2,3,1,66,1,0,0,0,0
31,596,11,12,1,69,0,1,0,0,0
39,710,4,3,1,87,0,0,0,1,0
33,768,3,3,1,45,1,0,0,0,0
38,638,3,2,1,80,1,0,0,0,0
29,737,2,6,1,79,0,0,1,0,0
29,787,8,11,1,58,0,1,0,0,0
40,906,12,13,0,100,0,0,0,1,1
41,867,12,15,0,82,0,0,0,0,0
42,591,14,10,0,72,1,0,0,0,0
39,705,12,10,1,81,1,0,0,0,0
32,758,12,14,1,72,0,0,0,0,0
30,800,11,13,0,61,1,0,0,0,0
28,696,3,4,0,57,0,0,0,0,0
25,950,6,12,0,66,0,0,0,0,0
33,794,12,11,1,87,0,0,0,1,1
37,801,4,4,1,86,0,0,0,0,0
31,679,3,3,1,70,0,0,1,0,0
31,703,3,2,1,77,0,0,1,0,0
29,714,1,5,1,63,0,0,0,0,0
45,643,3,3,1,59,0,0,0,0,0
43,703,13,13,1,75,0,1,0,0,0
37,625,13,11,1,58,0,1,0,0,0
31,718,4,5,1,63,0,0,0,0,0
38,793,2,6,0,77,0,0,0,0,0
35,647,14,11,1,60,0,0,0,0,0
39,769,2,3,1,79,0,0,0,0,0
44,617,3,3,1,82,1,0,0,0,0
24,590,3,2,1,65,0,0,0,0,0
44,467,13,10,1,75,0,1,0,0,0
32,848,13,11,0,69,0,0,0,0,0
36,648,12,11,1,72,0,0,1,0,0
28,605,3,3,0,78,0,1,0,0,0
28,626,2,6,1,85,0,0,1,1,0
23,729,1,6,0,77,0,0,0,0,0
29,876,7,12,1,77,0,0,1,0,0
22,860,1,2,1,84,0,0,0,0,0
32,690,2,3,0,74,0,0,0,0,0
26,692,8,7,0,89,1,0,0,0,0
39,649,13,12,0,82,0,0,0,0,0
36,832,3,2,1,65,1,0,0,0,0
25,880,2,2,1,64,0,0,0,0,0
29,598,8,10,1,79,1,0,0,0,0
44,691,12,15,1,70,1,0,0,0,0
31,660,14,12,1,79,0,1,0,0,0
38,821,4,3,0,90,0,0,0,0,0
40,711,2,5,0,84,0,1,0,0,0
33,668,11,15,1,91,0,0,1,1,1
28,600,1,6,1,82,1,0,0,0,0
27,729,2,3,0,78,0,0,0,0,0
35,669,3,4,1,91,0,0,0,0,0
28,678,1,4,1,66,1,1,0,0,0
33,726,13,10,0,77,0,0,0,0,0
35,687,13,14,1,75,0,0,1,0,0
26,580,1,5,1,73,0,1,0,0,0
38,675,2,2,1,85,0,0,0,0,0
36,654,14,12,1,63,0,1,0,0,0
24,561,2,4,1,82,0,0,0,1,0
26,778,2,3,1,67,0,0,0,0,0
26,718,2,3,1,84,1,0,1,0,0
30,659,13,11,1,75,0,1,0,0,0
30,775,14,10,1,83,0,0,0,0,0
38,469,4,2,1,81,0,0,0,0,0
25,866,3,3,1,70,0,1,0,0,0
40,735,13,13,1,81,0,0,0,1,1
31,842,4,4,1,76,0,1,0,0,0
34,734,3,5,1,68,0,0,0,0,0
22,628,4,4,0,75,0,1,0,0,0
27,734,6,9,1,88,0,0,0,0,0
38,659,2,2,0,69,0,1,1,0,0
45,685,4,2,1,79,0,0,0,0,0
26,604,9,11,1,73,0,1,0,0,0
40,586,3,4,1,68,0,0,0,0,0
33,605,11,13,1,80,1,0,1,0,1
34,713,12,12,1,76,0,0,0,0,0
45,851,2,4,1,72,1,0,0,0,0
29,838,3,2,1,100,0,1,0,1,0
41,739,4,6,1,79,0,0,0,0,0
33,816,4,4,1,71,0,0,0,0,0
40,690,13,13,1,69,0,0,0,0,0
45,890,2,5,1,91,0,0,0,0,0
37,603,13,13,1,92,0,0,1,0,1
37,725,13,10,1,74,1,0,0,0,0
24,641,1,4,1,63,0,0,0,0,0
27,860,9,8,1,78,1,0,0,0,0
23,698,5,4,1,70,0,0,1,0,0
41,712,12,14,1,80,0,0,0,0,0
34,836,12,12,1,74,0,1,0,0,1
23,829,3,4,1,83,0,0,0,1,0
41,704,13,15,0,87,0,0,0,0,1
45,607,14,14,1,77,1,0,1,0,1
40,545,2,2,0,97,0,0,1,0,0
30,696,12,12,1,67,1,1,0,0,0
32,638,14,12,0,80,0,1,0,0,0
37,634,2,2,1,68,0,0,0,0,0
26,830,1,6,1,67,1,0,0,0,0
23,593,3,5,1,66,0,1,0,0,0
22,673,2,5,1,78,0,0,0,0,0
39,713,12,15,1,76,0,0,0,0,0
36,528,2,4,1,74,0,1,0,0,0
26,622,10,14,0,81,1,0,0,1,1
34,761,12,10,1,69,0,0,0,0,0
42,907,12,10,1,78,0,0,0,0,0
33,701,11,14,1,72,1,0,0,0,0
25,692,9,8,1,68,0,0,0,0,0
42,720,14,12,1,81,0,0,0,0,0
24,761,2,6,1,54,0,0,0,0,0
44,807,3,4,1,55,0,0,0,0,0
41,746,4,4,1,75,0,0,0,0,0
25,692,8,12,0,86,0,0,0,1,1
32,664,3,3,1,77,0,0,0,0,0
40,781,4,4,1,80,1,0,0,0,0
25,623,2,3,1,65,1,0,0,0,0
22,687,2,6,1,56,0,1,0,0,0
27,645,3,6,1,69,0,0,1,0,0
42,636,13,10,1,84,0,0,0,1,0
24,660,3,2,1,72,0,0,1,0,0
40,740,3,3,1,70,1,0,1,0,0
44,594,4,3,1,77,0,0,0,0,0
37,651,2,6,1,69,0,0,0,0,0
26,750,7,11,1,63,0,0,1,0,0
36,597,2,3,1,83,1,0,0,0,0
34,670,4,3,1,76,0,1,1,0,0
38,735,3,5,1,82,1,0,1,0,0
24,756,5,3,1,74,0,0,0,0,0
38,756,3,4,1,76,0,0,0,0,0
45,626,2,5,1,75,0,0,0,0,0
43,572,12,14,1,63,1,0,1,0,0
41,793,4,2,1,94,0,0,0,0,0
32,499,13,12,1,70,0,0,1,0,0
28,598,7,12,1,63,0,0,1,0,0
25,575,1,2,0,73,0,1,0,0,0
35,669,11,15,1,87,0,1,0,0,1
26,788,10,10,0,86,1,0,0,1,1
35,705,13,15,0,70,0,0,0,0,0
36,599,2,2,1,68,0,0,0,0,0
30,714,14,14,0,73,0,0,0,0,0
27,732,3,3,1,79,0,0,0,0,0
29,786,6,12,0,81,0,0,0,1,0
39,629,14,15,1,77,0,0,0,0,0
45,622,4,4,1,83,0,0,0,0,0
28,667,6,8,0,82,0,0,0,1,0
43,760,14,15,1,91,0,0,0,1,1
31,833,3,3,1,60,0,0,1,0,0
31,433,13,15,1,78,0,0,0,0,0
27,661,7,11,1,70,0,0,1,0,0
24,658,2,4,1,100,0,0,1,0,0
40,619,12,15,1,83,0,1,1,1,1
41,627,13,15,1,81,0,0,1,0,0
40,836,13,15,1,74,0,0,1,0,1
30,829,11,15,1,61,0,0,0,0,0
33,711,14,14,1,84,0,1,0,0,0
26,713,2,6,1,75,1,1,1,0,0
23,751,3,6,0,74,0,0,0,0,0
32,752,11,11,1,70,0,0,0,0,0
45,464,14,15,1,68,0,0,0,0,0
43,770,4,5,1,69,1,0,0,0,0
33,638,2,6,0,52,0,0,0,0,0
40,667,2,3,0,78,0,0,0,0,0
33,714,14,15,1,74,0,0,0,0,0
38,771,2,5,1,66,0,1,0,0,0
24,669,3,2,0,76,1,0,1,0,0
29,676,10,12,1,72,1,0,0,0,0
37,764,4,6,1,72,0,0,1,0,0
30,577,11,14,1,76,0,0,0,0,0
23,711,1,6,1,87,0,0,1,0,0
31,736,12,10,1,66,0,0,0,0,0
37,778,13,12,1,77,0,1,0,0,0
44,750,11,14,1,70,0,0,0,0,0
28,710,3,6,1,67,0,0,0,0,0
31,705,2,4,1,56,0,0,0,0,0
27,652,3,5,0,88,0,1,0,1,0
36,743,3,5,1,68,0,0,0,0,0
24,614,1,5,1,63,0,0,0,0,0
33,879,2,2,0,77,0,0,0,0,0
26,602,1,4,1,78,0,0,0,0,0
36,646,3,2,1,67,0,0,0,0,0
30,704,11,13,1,93,1,0,0,1,1
33,650,4,4,1,71,0,0,0,0,0
31,594,13,15,1,72,0,1,1,0,0
37,816,2,2,1,70,0,0,0,0,0
26,545,6,9,0,79,0,1,0,0,0
25,797,3,5,1,73,0,1,0,0,0
25,477,1,6,1,67,0,0,0,0,0
35,694,14,13,1,62,0,0,0,0,0
43,600,12,12,1,64,1,1,0,0,0
30,577,14,12,1,85,0,0,1,0,1
32,759,3,2,1,77,1,0,0,0,0
37,720,2,4,1,75,0,0,1,0,0
34,715,4,2,1,86,0,0,0,0,0
34,754,12,10,1,80,0,0,0,0,0
45,768,14,11,1,70,1,0,1,0,0
23,689,2,6,1,82,0,0,0,0,0
39,740,13,10,1,76,0,0,0,0,0
42,581,4,5,1,89,0,0,0,1,0
43,730,3,5,1,86,0,0,0,0,0
22,494,3,2,1,71,1,0,0,0,0
23,848,4,4,1,87,0,1,0,1,0
33,717,4,4,1,93,0,0,0,1,0
30,539,11,11,1,67,0,0,1,0,0
45,665,12,12,1,75,0,0,0,0,0
23,860,4,6,0,76,0,0,0,0,0
42,614,3,3,1,70,1,1,0,0,0
41,640,13,13,1,74,0,1,0,0,0
45,762,4,6,0,76,1,0,0,0,0
22,711,2,6,1,100,0,0,0,1,0
42,727,2,2,1,78,0,0,0,0,0
29,751,10,14,1,58,0,1,0,0,0
44,474,3,4,1,52,1,1,0,0,0
43,738,13,14,1,85,0,0,1,0,1
24,537,2,2,1,62,0,0,0,0,0
38,825,11,12,1,78,1,1,0,0,1
34,607,3,5,0,67,0,1,0,0,0
40,670,14,13,1,76,0,0,0,0,0
34,893,2,4,1,53,1,0,0,0,0
37,539,14,13,1,84,0,0,0,0,0
31,671,12,10,1,88,0,0,0,1,1
38,749,14,13,1,83,0,1,0,1,1
34,724,14,15,1,69,1,0,0,0,0
41,676,3,6,0,60,0,0,0,0,0
32,660,4,6,1,86,0,0,0,1,0
31,700,13,12,1,62,0,1,1,0,0
34,801,14,14,1,70,0,0,1,0,1
36,779,3,2,1,73,1,0,0,0,0
40,787,3,2,1,76,0,1,0,0,0
26,745,3,6,1,73,1,0,0,0,0
43,527,13,10,0,77,0,0,0,0,0
32,836,13,14,1,83,1,0,1,0,1
40,685,12,14,1,73,0,0,0,0,0
25,632,1,3,1,89,0,0,0,0,0
32,678,11,11,1,65,0,0,0,0,0
29,679,7,12,1,79,0,0,1,0,0
40,825,13,13,1,54,0,0,0,0,0
36,715,3,4,1,82,0,0,0,0,0
31,649,2,5,1,73,0,0,0,0,0
34,696,13,15,1,66,1,0,0,0,0
30,647,4,5,1,76,0,0,1,0,0
22,736,3,2,1,77,0,0,1,0,0
29,570,7,11,1,64,0,0,1,0,0
38,598,13,15,1,73,0,0,0,0,0
45,729,14,11,1,91,0,0,0,0,0
43,626,2,5,1,83,0,0,1,0,0
24,736,1,5,0,83,0,0,0,0,0
25,654,1,3,1,59,0,0,0,0,0
40,730,12,11,1,74,1,0,0,0,0
40,580,3,3,0,87,0,0,1,0,0
43,665,12,14,1,84,0,0,0,0,0
29,645,1,5,1,72,1,0,0,0,0
44,683,3,4,0,76,0,1,0,0,0
32,594,3,6,1,80,0,0,0,0,0
31,700,11,12,1,67,0,1,0,0,0
40,674,2,4,0,73,0,0,0,0,0
26,704,1,4,1,85,0,0,0,1,0
36,766,12,11,1,65,0,0,1,0,0
32,742,4,3,1,76,0,0,0,0,0
22,794,2,4,1,72,1,0,1,0,0
37,749,11,11,1,88,0,0,0,1,1
35,842,2,2,1,73,0,0,0,0,0
37,950,11,14,1,90,0,0,0,0,1
39,602,12,11,1,60,0,0,0,0,0
24,720,1,3,0,74,0,0,0,0,0
26,777,2,5,1,75,0,0,0,0,0
24,735,3,4,1,64,0,0,0,0,0
35,560,3,5,1,59,1,1,0,0,0
33,702,2,6,1,92,0,1,1,1,0
44,716,2,5,1,55,0,0,0,0,0
23,801,3,4,1,61,0,0,0,0,0
45,758,14,10,1,52,1,0,0,0,0
33,743,11,12,0,90,0,0,0,0,1
22,762,1,3,0,71,0,0,1,0,0
28,583,1,5,1,74,0,0,0,0,0
40,504,4,3,1,76,1,0,0,0,0
28,811,1,3,1,70,0,0,0,0,0
40,473,13,10,1,62,0,0,0,0,0
28,770,2,3,1,78,0,1,0,0,0
27,598,1,4,0,71,1,0,0,0,0
37,662,2,4,1,99,1,0,0,0,0
40,561,2,5,0,63,0,0,1,0,0
40,734,3,3,1,75,0,0,0,0,0
43,734,4,4,1,95,0,0,1,0,0
38,654,3,3,1,70,0,0,1,0,0
24,642,1,6,1,71,0,0,0,0,0
33,950,13,12,1,80,0,0,1,0,1
29,689,3,6,1,77,1,0,0,0,0
28,829,7,10,1,83,0,1,0,0,0
26,731,6,12,1,89,0,1,0,0,0
23,742,5,5,1,55,0,0,0,0,0
42,635,4,2,0,85,1,0,0,0,0
27,890,3,4,1,72,1,0,0,0,0
25,510,3,3,0,76,1,1,0,0,0
22,794,3,3,1,100,0,0,1,0,0
38,603,11,12,1,85,0,0,0,1,1
43,552,4,2,1,98,0,1,0,0,0
32,605,3,6,1,73,0,1,0,0,0
35,687,4,2,1,83,0,1,0,0,0
40,626,3,5,1,90,0,0,0,0,0
44,596,4,6,1,50,0,0,0,0,0
37,542,4,5,0,82,0,0,0,0,0
39,705,2,5,0,84,0,0,0,1,0
25,658,6,7,1,84,1,0,0,1,0
41,822,3,6,1,63,0,0,0,0,0
45,506,12,15,1,66,1,0,1,0,0
29,523,2,5,1,85,0,0,0,0,0
36,769,2,6,1,69,0,0,1,0,0
45,528,4,6,1,78,0,0,0,0,0
27,679,1,4,1,82,0,0,0,0,0
41,712,4,4,1,57,0,0,0,0,0
39,734,2,3,1,86,0,0,0,1,0
39,643,14,10,1,82,0,0,1,1,0
39,754,3,3,1,77,0,0,0,0,0
28,744,2,4,1,76,0,0,0,0,0
26,828,7,12,1,59,0,0,0,0,0
32,805,14,15,1,86,1,0,0,0,1
36,546,2,5,0,87,0,0,1,0,0
35,589,4,5,1,62,0,0,1,0,0
42,824,14,11,1,79,0,0,0,0,0
28,647,6,12,0,66,0,0,0,0,0
45,667,3,5,1,70,0,0,0,0,0
30,755,2,5,1,62,1,0,0,0,0
40,570,12,11,1,78,0,0,1,0,0
34,765,14,14,1,72,0,0,0,0,0
30,812,13,15,1,61,0,0,0,0,0
29,750,7,8,1,69,0,0,0,0,0
24,706,3,3,1,70,0,0,0,0,0
27,724,6,10,0,74,1,0,1,0,0
23,719,3,4,1,77,0,0,1,0,0
35,829,4,5,1,78,0,0,1,0,0
33,763,2,6,1,67,0,0,0,0,0
26,837,7,7,1,49,0,1,0,0,0
34,784,13,14,1,74,0,0,0,0,0
26,525,9,11,1,67,0,0,0,0,0
42,767,14,11,1,82,1,1,0,0,0
34,902,13,11,0,70,0,0,0,0,0
38,784,13,13,1,61,0,1,0,0,0
45,660,14,10,1,70,0,0,0,0,0
33,622,13,13,1,68,1,0,0,0,0
36,765,14,15,1,86,0,0,1,0,1
22,815,3,5,1,83,1,0,0,1,0
24,612,2,5,0,76,0,0,0,0,0
23,651,4,2,1,80,1,1,0,0,0
38,722,11,11,1,58,0,0,0,0,0
41,695,11,15,0,86,0,0,0,0,1
30,665,4,6,1,65,0,1,0,0,0
37,595,11,10,1,64,1,0,0,0,0
23,717,3,2,0,71,0,0,0,0,0
36,751,3,4,1,77,0,0,1,0,0
41,626,14,10,1,78,0,0,0,0,0
36,774,3,5,1,71,0,0,0,0,0
35,699,2,2,1,78,0,0,0,0,0
39,536,13,12,1,70,1,0,0,0,0
31,713,13,14,1,60,0,0,0,0,0
24,799,1,4,0,74,1,1,0,0,0
45,607,11,10,0,76,1,0,0,0,0
34,685,13,14,0,73,1,1,0,0,1
26,762,2,5,1,83,0,0,0,0,0
38,950,13,12,0,69,0,0,0,0,0
25,777,3,3,1,73,0,0,0,0,0
31,706,13,11,1,84,0,1,0,1,0
24,825,4,2,0,89,0,0,0,0,0
40,783,12,10,1,68,0,0,1,0,0
33,840,12,14,0,71,0,0,0,0,0
35,761,13,12,0,57,0,0,0,0,0
36,774,11,14,0,79,1,1,0,0,1
27,784,2,4,1,46,0,0,1,0,0
31,700,12,14,0,73,0,0,0,0,0
43,648,11,11,0,85,0,1,0,1,1
28,693,3,5,1,55,0,0,0,0,0
45,707,3,5,0,62,0,1,0,0,0
33,879,14,12,1,82,1,0,0,1,1
35,776,3,5,1,69,0,0,0,0,0
30,620,4,4,0,76,0,1,1,0,0
26,716,8,7,1,67,0,0,0,0,0
42,728,12,13,0,78,0,0,0,0,0
45,765,3,4,1,70,0,1,0,0,0
34,719,2,6,1,87,0,0,1,0,0
32,742,13,10,1,91,0,1,1,0,1
29,519,8,7,1,68,1,1,1,0,0
25,698,7,8,1,77,0,0,1,0,0
32,896,4,5,1,92,0,0,1,0,0
31,815,2,5,1,75,0,1,1,0,0
36,685,2,6,1,66,0,1,0,0,0
44,749,11,14,1,64,0,1,0,0,0
37,776,12,15,0,73,0,0,0,0,0
27,809,3,4,1,59,0,0,0,0,0
26,798,3,4,1,80,1,0,1,0,0
34,666,2,2,0,78,1,0,1,0,0
27,546,7,12,1,70,0,0,0,0,0
25,706,1,4,1,83,0,0,0,1,0
42,828,11,14,1,61,0,0,0,0,0
26,776,8,9,1,65,0,1,0,0,0
41,653,4,4,0,64,0,0,1,0,0
28,678,8,10,1,77,0,1,1,0,0
31,684,2,3,1,77,0,1,1,0,0
34,644,11,12,1,77,1,0,1,0,1
28,837,9,11,1,73,0,0,0,0,0
29,678,7,10,1,70,0,0,0,0,0
29,745,8,12,1,83,0,0,0,0,0
26,693,10,13,1,68,0,0,0,0,0
28,578,1,3,1,81,0,0,0,0,0
36,686,3,6,1,74,0,0,0,0,0
39,741,11,13,0,80,0,0,0,0,0
41,792,14,14,1,96,0,0,0,1,1
43,611,14,10,0,90,0,1,1,1,1
35,716,2,5,1,66,0,0,1,0,0
35,682,3,6,1,62,0,0,0,0,0
27,895,1,5,1,77,0,0,0,0,0
36,746,12,15,1,64,0,0,0,0,0
43,780,3,4,1,54,0,1,0,0,0
28,670,3,6,1,62,0,0,0,0,0
37,639,4,5,1,57,0,0,0,0,0
23,825,5,3,1,70,1,0,0,0,0
44,777,2,2,1,70,0,0,1,0,0
26,689,3,3,1,68,0,0,0,0,0
41,648,4,3,1,79,0,1,1,0,0
44,691,4,5,1,84,0,0,0,0,0
26,712,9,12,0,68,0,0,0,0,0
31,696,13,15,1,81,0,0,1,1,1
23,783,1,4,1,83,0,0,0,0,0
31,518,2,6,1,81,0,0,1,1,0
25,445,2,5,1,64,0,0,0,0,0
29,870,2,4,1,71,1,0,0,0,0
34,742,11,12,1,84,0,0,0,0,0
31,783,13,14,1,74,0,0,1,0,0
42,819,3,5,1,70,0,0,1,0,0
32,643,4,3,1,78,1,0,0,0,0
37,724,13,12,1,80,1,0,0,0,0
45,645,14,11,1,72,0,0,0,0,0
38,695,2,2,1,88,0,0,0,0,0
43,740,4,6,0,90,0,0,0,0,0
42,712,4,4,0,59,0,0,0,0,0
31,689,11,12,1,78,0,1,0,0,0
24,612,1,3,1,79,0,0,0,0,0
39,756,2,2,0,86,0,0,0,0,0
32,836,12,15,1,64,0,0,0,0,0
42,713,13,15,1,70,1,0,0,0,0
37,790,11,13,1,60,0,0,0,0,0
35,564,2,5,1,78,0,0,0,0,0
36,628,12,15,1,60,0,0,0,0,0
23,786,2,3,1,85,0,0,0,1,0
34,643,3,3,1,77,0,0,1,0,0
28,702,7,8,1,65,0,1,0,0,0
29,849,3,3,1,86,0,1,0,0,0
24,575,3,4,1,96,0,0,0,0,0
23,651,1,5,1,87,0,0,0,1,0
30,714,4,5,1,69,0,1,0,0,0
44,823,11,15,1,62,0,0,0,0,0
41,604,4,3,1,74,0,1,0,0,0
27,633,1,2,0,79,1,0,1,0,0
42,659,2,2,1,67,0,0,0,0,0
41,903,13,15,1,69,1,0,0,0,0
38,660,11,11,1,71,0,0,0,0,0
42,721,13,12,1,81,0,0,0,0,0
43,659,4,5,1,62,0,1,0,0,0
38,578,3,4,1,67,0,0,0,0,0
42,705,4,4,1,64,0,0,0,0,0
40,657,4,6,1,71,0,0,0,0,0
30,761,11,10,1,64,0,0,0,0,0
24,541,1,5,1,75,0,0,0,0,0
33,600,14,14,1,77,0,0,0,0,0
42,757,3,2,1,80,0,1,1,0,0
36,616,13,12,1,67,0,0,0,0,0
30,725,13,11,1,76,0,0,0,0,0
27,654,10,13,1,62,0,1,0,0,0
44,667,4,5,0,81,1,1,0,0,0
37,731,13,14,1,64,0,0,0,0,0
35,895,4,3,1,55,0,0,0,0,0
36,719,3,3,1,72,0,0,0,0,0
33,740,4,3,0,67,1,0,0,0,0
32,751,12,13,1,94,0,0,0,0,1
29,570,1,6,1,64,0,0,0,0,0
36,667,11,14,1,76,0,0,0,0,0
27,828,10,13,1,69,0,1,0,0,0
22,665,1,5,1,81,0,0,0,0,0
41,586,13,10,1,66,0,0,0,0,0
36,793,11,13,1,85,0,1,0,0,1
29,817,2,2,1,73,1,1,0,0,0
27,737,9,11,1,76,0,0,0,0,0
23,644,4,4,1,87,0,0,0,1,0
30,700,2,6,0,70,0,1,1,0,0
40,742,11,11,1,64,0,0,0,0,0
43,770,13,11,1,71,1,0,0,0,0
25,793,7,8,1,61,1,0,0,0,0
36,719,14,13,0,71,1,0,0,0,0
44,583,14,10,1,81,1,0,0,0,0
44,855,14,12,0,78,1,0,0,0,1
30,687,12,14,1,73,0,0,1,0,0
28,942,1,3,1,79,0,0,1,0,0
36,824,11,15,1,63,0,0,0,0,0
44,904,4,6,0,95,0,0,0,0,0
43,731,2,4,1,61,0,0,1,0,0
35,753,13,10,0,74,0,1,0,0,0
30,778,4,2,1,67,0,1,0,0,0
33,628,14,11,1,86,1,0,1,1,1
38,636,11,11,1,91,1,1,1,0,1
33,594,4,6,1,94,0,0,0,0,0
26,621,6,11,1,69,0,0,1,0,0
22,678,3,5,0,78,0,0,1,0,0
34,674,11,13,1,59,0,0,0,0,0
34,665,12,15,1,79,0,0,0,0,0
35,721,12,10,1,73,0,0,0,0,0
40,594,4,3,1,73,0,0,0,0,0
32,740,12,11,1,74,0,1,0,0,0
29,611,8,11,0,93,0,0,0,0,0
34,715,4,4,0,77,0,0,0,0,0
42,682,3,5,1,74,0,0,0,0,0
29,870,9,10,1,67,0,0,0,0,0
26,733,3,5,1,94,1,0,0,0,0
36,913,11,14,0,60,0,0,1,0,0
31,634,3,6,1,84,0,0,0,1,0
44,735,11,13,1,56,0,0,0,0,0
24,763,3,4,1,88,0,0,0,0,0
38,748,11,14,1,86,0,0,0,0,1
38,779,3,4,0,78,1,0,0,0,0
42,563,3,5,1,76,0,0,0,0,0
38,589,13,13,1,78,0,1,1,0,0
40,852,12,15,1,80,0,0,0,0,0
34,665,2,6,1,74,0,0,0,0,0
42,736,14,13,1,69,0,0,0,0,0
23,586,3,2,0,70,0,1,0,0,0
32,660,3,3,1,85,0,0,0,1,0
25,829,1,5,1,70,0,0,0,0,0
39,708,4,4,0,89,1,1,0,1,0
37,578,3,5,0,80,0,0,0,0,0
24,619,5,2,1,87,1,0,0,0,0
39,589,3,6,1,64,0,0,0,0,0
25,597,10,10,1,76,1,1,0,0,0
28,824,2,6,1,64,0,0,0,0,0
22,761,2,5,1,80,0,0,0,0,0
32,752,3,4,0,74,0,1,0,0,0
31,720,2,3,1,76,1,0,0,0,0
44,621,3,2,1,61,0,1,0,0,0
36,941,3,5,0,89,1,0,0,1,0
34,818,14,10,1,91,0,0,0,0,0
28,688,7,12,1,96,1,1,0,1,1
29,637,1,3,1,78,0,0,0,0,0
22,664,1,6,1,88,1,0,0,1,0
26,658,2,4,1,54,0,1,0,0,0
45,773,13,11,1,65,0,0,0,0,0
31,767,3,3,1,81,0,0,0,1,0
31,813,11,14,1,50,0,0,0,0,0
31,935,2,3,1,82,0,1,0,0,0
35,751,4,6,1,87,0,0,1,0,0
38,654,14,10,0,70,0,0,0,0,0
44,701,2,3,1,81,0,1,0,1,0
43,854,14,11,1,64,0,0,0,0,0
25,546,1,3,1,83,0,0,0,0,0
39,909,14,13,0,58,0,0,0,0,0
38,865,4,3,0,61,0,0,0,0,0
44,659,3,3,0,78,0,0,1,0,0
30,739,11,13,1,76,0,0,0,0,0
26,572,3,5,1,86,0,0,0,0,0
41,665,14,12,1,72,0,1,0,0,0
24,906,5,4,1,100,0,0,0,0,0
42,733,3,6,1,68,0,1,0,0,0
43,727,2,3,1,89,0,0,0,1,0
31,917,4,5,0,73,0,0,0,0,0
44,692,4,5,1,79,0,0,0,0,0
42,692,14,13,0,82,0,0,1,1,1
34,546,13,10,1,73,0,0,1,0,0
24,730,3,6,1,65,1,0,0,0,0
35,726,13,11,1,72,0,0,0,0,0
29,716,2,5,1,56,0,1,0,0,0
30,468,3,5,1,62,1,0,0,0,0
36,849,13,12,1,73,0,1,0,0,1
29,670,8,12,1,78,0,0,1,0,0
45,751,11,10,0,79,0,0,0,0,0
45,404,14,12,1,64,1,0,0,0,0
40,785,11,15,1,79,0,0,0,0,0
29,747,7,8,1,63,0,1,0,0,0
24,721,2,6,0,70,1,0,1,0,0
26,619,10,13,1,80,0,0,0,0,0
30,685,11,14,1,75,1,0,0,0,0
34,772,3,2,1,63,0,0,0,0,0
36,672,2,3,1,60,0,1,0,0,0
40,762,2,4,0,71,0,1,0,0,0
43,642,3,4,1,76,1,0,0,0,0
31,825,3,2,1,84,0,0,0,0,0
37,695,3,6,1,82,0,1,0,1,0
30,695,2,4,1,100,0,0,1,1,0
36,705,4,3,1,66,1,0,1,0,0
41,734,4,5,1,64,0,0,0,0,0
38,915,12,13,0,62,0,0,0,0,0
27,896,2,5,1,69,0,0,0,0,0
33,813,3,3,1,63,0,0,1,0,0
33,845,2,6,1,67,0,1,0,0,0
30,718,2,3,1,63,0,0,1,0,0
33,706,14,13,1,87,0,0,0,0,1
24,811,4,6,1,60,0,0,0,0,0
25,605,6,10,1,72,1,0,0,0,0
41,658,4,2,1,78,0,0,0,0,0
30,758,2,4,1,72,0,0,0,0,0
44,631,12,11,0,83,0,0,0,1,0
29,762,8,11,1,68,1,0,0,0,0
29,667,8,10,1,66,0,0,0,0,0
42,718,14,13,1,85,0,0,0,1,1
31,558,3,5,1,83,0,0,0,0,0
45,590,12,13,0,67,0,0,1,0,0
32,826,3,6,1,87,0,0,0,1,0
23,654,1,3,1,87,0,0,1,0,0
27,863,8,10,1,72,0,0,0,0,0
23,555,1,6,1,77,0,0,0,0,0
33,589,3,6,1,56,0,0,1,0,0
35,665,12,12,1,70,0,0,1,0,0
30,628,4,4,1,68,1,0,0,0,0
27,716,9,7,1,80,1,0,0,0,0
39,559,4,2,0,77,0,0,1,0,0
39,743,13,15,1,87,0,0,0,1,1
25,748,8,8,1,92,0,1,0,0,0
42,758,4,2,1,71,1,0,0,0,0
45,825,3,2,1,60,1,0,0,0,0
38,725,12,13,1,82,0,1,0,1,1
31,821,14,10,1,88,0,0,0,0,0
35,680,13,15,1,65,0,0,0,0,0
32,746,14,12,1,85,0,0,1,1,1
43,524,3,6,0,58,0,0,0,0,0
23,798,2,5,1,90,0,1,0,1,0
31,868,13,15,1,54,0,1,0,0,0
28,950,9,10,1,87,0,0,0,1,0
31,578,11,11,1,73,1,0,0,0,0
36,788,3,5,0,77,0,0,0,0,0
36,674,11,11,1,70,0,0,0,0,0
40,881,2,4,0,64,1,1,1,0,0
36,685,13,11,1,90,0,1,0,1,1
37,669,11,13,1,73,1,0,0,0,0
25,684,10,14,1,80,0,0,0,0,0
33,717,14,12,1,67,1,0,0,0,0
30,724,14,13,1,69,0,0,0,0,0
34,786,2,6,1,67,0,0,0,0,0
36,681,12,14,1,92,0,0,0,1,1
23,770,1,2,0,80,1,0,1,0,0
32,798,11,11,1,52,1,0,0,0,0
34,582,14,11,0,59,1,0,0,0,0
37,681,3,2,1,82,0,1,0,0,0
33,712,11,14,0,63,0,1,0,0,0
27,577,7,9,1,68,0,0,0,0,0
37,538,11,15,1,81,0,1,0,1,1
26,731,3,3,0,67,0,0,0,0,0
41,675,11,10,1,69,0,0,0,0,0
30,645,4,6,0,62,0,0,0,0,0
44,726,2,3,1,79,0,1,0,0,0
45,560,12,14,1,67,0,0,0,0,0
40,815,12,10,1,78,0,1,0,0,0
40,832,4,6,0,87,0,0,0,0,0
45,642,14,13,1,87,1,0,1,0,1
35,748,12,10,1,73,1,0,1,0,0
43,566,2,6,1,58,0,0,0,0,0
30,645,12,15,0,77,0,0,0,0,0
33,636,12,15,1,78,0,0,0,0,0
26,677,2,5,1,72,0,1,0,0,0
34,726,13,13,1,67,0,0,0,0,0
39,609,3,2,1,79,1,0,1,0,0
43,890,3,4,1,83,0,0,0,1,0
22,779,5,3,1,67,0,0,0,0,0
40,688,3,3,1,76,0,0,0,0,0
25,518,6,8,1,71,0,0,0,0,0
30,899,13,12,1,71,0,0,1,0,1
23,738,1,6,1,73,1,0,1,0,0
39,639,2,5,1,69,0,0,0,0,0
22,685,2,5,1,78,0,0,0,0,0
38,549,4,6,1,72,0,0,0,0,0
37,812,14,11,1,77,1,0,0,0,0
28,721,1,4,1,80,0,1,0,0,0
24,701,3,6,1,75,0,1,0,0,0
45,687,2,5,1,76,0,1,0,0,0
29,759,3,6,1,76,1,0,1,0,0
27,560,8,10,1,81,0,0,0,1,0
30,873,2,4,1,72,0,1,1,0,0
40,819,4,2,1,69,0,0,0,0,0
41,695,14,14,1,73,0,0,0,0,0
31,894,3,3,1,72,0,0,0,0,0
24,778,2,5,1,72,0,0,0,0,0
26,589,2,3,1,92,1,0,0,1,0
34,646,2,3,1,75,0,1,0,0,0
44,741,12,15,1,75,0,0,1,0,0
32,658,3,5,1,88,0,1,1,1,0
41,651,2,5,1,64,1,0,0,0,0
22,867,1,6,1,72,0,0,0,0,0
43,824,4,2,0,72,0,1,0,0,0
28,691,9,7,1,72,0,0,1,0,0
37,637,3,4,1,75,1,0,1,0,0
43,687,13,14,1,69,0,0,0,0,0
34,877,12,15,1,62,0,0,0,0,0
39,524,11,15,0,69,0,0,0,0,0
23,746,1,5,1,71,0,0,0,0,0
32,686,3,3,1,79,0,0,0,0,0
37,690,11,12,1,70,1,0,0,0,0
28,672,6,7,1,65,0,1,0,0,0
31,592,3,6,1,70,0,1,0,0,0
25,584,2,4,0,67,0,0,1,0,0
37,767,11,15,1,81,0,0,0,1,1
29,843,10,11,1,81,0,0,0,1,0
38,672,3,2,0,90,0,0,1,0,0
27,639,1,5,0,56,0,0,0,0,0
30,682,3,5,1,75,0,1,0,0,0
34,611,12,11,0,62,0,1,0,0,0
27,703,1,3,1,89,0,0,0,0,0
44,719,2,3,1,80,0,1,1,0,0
36,601,11,13,1,91,0,0,0,1,1
38,800,2,4,1,75,0,0,0,0,0
36,759,3,2,1,69,1,0,0,0,0
28,778,1,6,1,85,0,1,1,0,0
35,606,2,6,1,76,0,1,0,0,0
28,471,3,4,1,77,1,0,0,0,0
33,825,14,13,0,73,0,0,0,0,0
45,658,14,13,1,63,0,0,0,0,0
36,798,12,12,0,100,1,0,1,0,1
40,716,4,6,1,88,0,1,0,0,0
43,664,2,6,1,59,1,0,1,0,0
45,769,12,15,1,72,0,0,0,0,0
24,537,2,3,1,70,0,1,0,0,0
23,723,3,5,1,80,0,0,0,0,0
34,602,3,2,1,74,0,0,0,0,0
28,653,2,3,1,73,0,1,0,0,0
38,633,13,13,1,90,0,0,0,1,1
45,642,4,2,1,85,0,0,0,0,0
25,619,2,2,1,68,0,0,0,0,0
34,863,2,5,1,81,0,0,0,1,0
23,905,2,6,1,76,0,1,1,0,0
42,837,2,6,1,94,0,1,0,0,0
28,571,2,5,0,71,0,0,1,0,0
32,642,2,5,0,75,0,1,0,0,0
22,776,2,3,1,78,0,0,0,0,0
41,716,11,15,1,81,1,1,0,1,1
37,530,14,15,0,87,0,0,1,1,1
32,912,12,13,1,68,0,0,1,0,0
26,798,9,10,1,93,0,0,0,0,0
26,694,1,2,0,64,0,0,1,0,0
38,628,2,6,1,89,0,1,0,0,0
24,562,4,5,1,71,1,0,0,0,0
39,692,3,6,0,69,0,0,0,0,0
38,739,12,14,1,80,0,1,0,0,0
23,666,1,4,1,84,0,1,0,1,0
39,712,3,3,1,85,1,1,1,0,0
26,674,9,11,0,70,1,0,0,0,0
38,888,11,15,1,71,1,0,1,0,1
39,794,3,4,1,70,0,0,1,0,0
27,919,9,10,1,88,1,0,0,1,1
40,773,12,15,1,77,0,0,0,0,0
23,862,5,4,1,78,0,1,0,0,0
24,651,2,6,1,47,0,0,0,0,0
37,539,4,5,1,76,0,0,0,0,0
39,766,12,11,1,96,0,0,0,0,0
42,915,2,2,1,70,0,1,0,0,0
34,664,2,3,1,89,0,0,0,0,0
34,650,13,15,1,66,0,1,0,0,0
27,613,3,3,0,73,0,0,0,0,0
38,779,3,2,1,85,0,1,0,1,0
28,702,9,12,1,75,0,1,0,0,0
22,692,1,3,0,73,0,0,1,0,0
34,676,2,3,0,66,0,0,0,0,0
24,668,3,2,1,83,0,0,0,0,0
40,725,2,3,1,70,0,0,0,0,0
36,755,13,13,1,70,0,0,0,0,0
27,629,2,3,0,65,0,1,1,0,0
41,631,4,3,1,55,0,0,0,0,0
27,686,8,7,1,79,0,1,1,0,0
42,734,12,12,0,88,0,1,0,0,1
41,713,2,2,1,70,0,1,0,0,0
39,762,4,6,1,74,1,0,0,0,0
23,678,2,5,1,64,1,1,0,0,0
33,637,4,5,1,81,1,1,0,1,0
26,850,10,12,0,58,0,1,0,0,0
38,746,12,13,0,72,0,0,0,0,0
42,840,12,14,1,81,0,0,0,1,1
30,916,11,15,1,79,1,0,0,0,1
38,601,12,10,1,86,0,0,0,0,0
30,642,4,3,0,81,0,1,1,0,0
40,759,2,2,1,63,0,0,0,0,0
36,774,11,14,0,85,0,0,1,1,1
30,724,14,12,1,79,0,0,0,0,0
28,668,8,11,0,71,0,0,0,0,0
41,637,12,15,0,83,0,0,0,0,0
30,745,13,12,1,89,0,0,0,0,1
30,446,11,13,1,88,1,0,0,1,1
43,839,12,11,1,68,0,0,0,0,0
37,656,3,4,1,78,0,0,1,0,0
30,803,12,12,1,76,1,0,0,0,1
32,458,4,5,0,78,0,1,0,0,0
42,740,2,6,1,80,0,0,0,0,0
24,800,1,2,1,93,1,0,1,1,0
23,656,1,4,1,96,0,0,0,0,0
33,816,11,15,1,78,0,0,1,0,1
30,571,4,5,1,71,0,0,0,0,0
22,721,1,3,1,69,0,0,0,0,0
39,587,4,6,1,58,0,0,0,0,0
43,768,13,11,1,76,1,0,0,0,0
36,665,2,3,1,62,0,1,0,0,0
27,685,3,4,1,90,0,1,0,0,0
26,583,10,15,0,83,0,0,0,0,0
34,724,4,6,0,67,0,1,0,0,0
25,696,1,5,1,60,1,0,0,0,0
37,628,3,5,1,74,0,1,0,0,0
30,515,12,10,1,79,0,0,0,0,0
39,640,4,6,1,90,0,0,0,0,0
28,613,3,2,1,91,0,0,0,0,0
32,808,11,15,1,86,0,0,0,1,1
38,803,3,5,1,64,0,0,0,0,0
32,846,4,4,1,68,0,0,1,0,0
42,678,12,15,1,73,0,0,0,0,0
26,631,1,5,0,77,0,0,1,0,0
27,786,7,10,0,87,0,0,0,1,0
32,652,2,4,1,93,0,0,0,1,0
31,725,13,11,0,87,1,0,0,0,0
31,502,3,6,1,72,0,0,0,0,0
27,734,10,14,1,89,0,1,0,0,1
26,696,3,6,0,65,0,0,0,0,0
45,584,11,12,1,60,0,0,0,0,0
32,665,14,11,1,87,0,0,0,0,0
34,635,13,12,1,70,0,0,0,0,0
38,621,14,15,1,80,0,1,0,0,0
39,692,3,5,1,65,0,0,0,0,0
34,596,11,11,1,64,0,0,0,0,0
45,562,14,15,1,63,0,0,1,0,0
23,644,2,2,1,49,0,0,1,0,0
37,642,11,14,1,86,0,0,0,1,1
33,523,11,15,1,67,0,1,0,0,0
24,791,3,3,1,71,1,0,0,0,0
44,675,3,3,0,60,0,0,0,0,0
31,542,3,4,1,62,0,0,0,0,0
23,731,2,2,1,76,0,0,0,0,0
23,615,1,3,1,77,0,1,0,0,0
39,600,14,13,1,67,0,1,0,0,0
36,743,11,12,1,70,0,0,1,0,0
36,806,12,13,1,83,1,0,0,0,1
27,768,8,8,1,72,0,0,0,0,0
43,529,4,4,1,79,0,0,1,0,0
39,504,12,12,1,75,0,0,0,0,0
35,927,3,3,1,64,0,0,0,0,0
25,773,10,10,1,70,0,1,0,0,0
31,736,4,3,1,72,1,0,0,0,0
35,620,12,15,1,42,0,0,1,0,0
23,669,2,5,1,73,0,0,0,0,0
45,752,4,4,0,84,0,1,1,0,0
24,781,2,6,1,79,0,1,0,0,0
33,842,4,4,1,70,0,0,0,0,0
25,867,10,12,1,63,0,0,0,0,0
40,601,13,10,1,82,0,0,0,1,0
45,593,2,4,1,74,0,1,0,0,0
41,739,3,5,1,73,0,1,0,0,0
30,771,11,13,1,66,0,1,0,0,0
36,771,12,11,0,72,1,0,0,0,0
28,677,10,13,0,67,0,0,0,0,0
29,825,10,12,1,70,1,0,0,0,1
38,595,4,5,0,80,1,1,0,0,0
42,680,3,3,1,74,1,0,0,0,0
30,661,3,3,1,82,0,1,1,0,0
39,775,4,5,1,78,0,0,1,0,0
26,634,9,8,1,78,0,1,0,0,0
25,612,9,10,1,77,0,1,0,0,0
43,681,3,4,1,77,1,1,0,0,0
29,688,1,2,1,82,0,0,0,1,0
30,500,3,5,1,77,0,0,0,0,0
40,666,11,15,1,74,1,0,0,0,0
23,859,1,4,1,71,0,1,0,0,0
28,608,10,12,1,76,0,0,0,0,0
22,631,3,2,1,95,0,0,0,0,0
38,622,13,15,1,73,0,0,0,0,0
31,802,3,3,1,79,0,0,0,0,0
41,616,11,14,1,63,0,0,0,0,0
40,697,12,11,1,86,0,0,0,0,0
30,720,3,5,0,71,1,0,0,0,0
36,600,2,5,0,72,0,0,0,0,0
22,708,1,4,0,85,0,0,0,1,0
44,748,13,12,1,71,1,0,0,0,0
29,708,1,5,1,75,1,0,0,0,0
42,721,3,2,1,74,1,0,1,0,0
25,703,9,12,1,95,1,0,0,1,1
36,602,4,2,1,70,0,1,0,0,0
37,681,14,15,1,74,0,1,1,0,1
34,694,11,13,1,63,0,0,1,0,0
43,621,4,3,1,68,0,0,0,0,0
38,757,12,15,0,74,0,1,1,0,1
22,730,3,4,1,73,1,1,0,0,0
26,689,2,3,1,86,0,0,0,0,0
31,724,4,5,1,89,1,0,0,0,0
41,731,4,5,1,82,0,1,0,0,0
43,720,12,14,0,72,0,0,0,0,0
42,714,3,5,1,100,0,0,0,0,0
24,677,1,5,0,74,0,0,1,0,0
32,791,2,3,1,79,0,1,1,0,0
40,657,4,5,1,68,0,0,0,0,0
27,773,1,2,0,68,1,0,0,0,0
23,723,1,4,1,81,0,0,0,0,0
35,543,14,13,1,62,0,0,0,0,0
38,642,12,10,0,75,0,0,0,0,0
42,677,11,10,0,77,1,1,0,0,0
44,664,11,11,1,73,0,0,0,0,0
32,724,2,3,1,72,0,0,0,0,0
34,616,13,13,1,75,0,0,1,0,0
24,742,1,5,0,72,0,0,0,0,0
22,490,2,5,1,94,1,1,0,1,0
29,652,9,10,0,82,0,0,0,1,0
29,848,2,4,1,68,1,0,0,0,0
42,692,2,5,1,73,0,0,1,0,0
29,601,1,5,0,65,0,0,0,0,0
26,612,3,4,1,94,1,0,0,0,0
45,640,13,10,1,78,0,0,0,0,0
29,678,7,12,1,81,1,0,1,1,1
31,741,3,5,1,71,0,0,0,0,0
22,731,1,6,0,77,1,1,0,0,0
44,700,2,5,0,69,0,1,1,0,0
29,681,2,4,1,51,0,0,0,0,0
43,753,3,2,0,71,0,0,0,0,0
40,664,13,12,1,74,0,1,0,0,0
34,623,11,12,0,68,0,0,0,0,0
32,529,3,3,1,70,0,0,0,0,0
35,730,12,13,1,78,0,0,0,0,0
26,693,2,4,1,89,0,0,0,0,0
28,608,3,2,0,80,1,1,0,0,0
45,878,3,3,1,71,0,0,0,0,0
37,619,11,12,1,80,1,0,0,0,0
22,581,3,3,1,75,0,1,1,0,0
30,703,3,3,1,65,0,0,0,0,0
29,708,7,12,0,64,0,0,0,0,0
25,882,3,2,1,68,0,0,0,0,0
33,711,2,6,1,64,0,1,0,0,0
25,775,7,7,1,64,0,0,1,0,0
38,889,13,14,1,70,0,0,0,0,0
42,694,11,14,1,70,1,0,0,0,0
38,590,12,12,1,78,0,0,0,0,0
38,876,14,14,1,73,1,0,0,0,1
36,595,3,4,0,74,0,0,0,0,0
34,636,11,14,1,80,1,1,0,0,1
34,684,2,5,1,79,0,0,0,0,0
42,711,2,6,1,71,1,1,1,0,0
41,604,12,12,1,55,0,0,0,0,0
44,865,3,6,1,71,0,0,0,0,0
39,698,4,4,1,94,0,1,1,0,0
42,672,13,13,1,65,1,0,0,0,0
32,578,11,12,1,72,1,0,1,0,0
23,676,1,4,0,77,0,0,0,0,0
23,797,3,5,1,84,0,0,0,0,0
35,820,2,2,0,71,1,0,0,0,0
37,489,11,14,1,74,0,1,0,0,0
30,554,14,13,0,56,0,1,1,0,0
26,773,6,11,1,80,1,1,0,0,0
33,768,13,10,1,65,0,1,0,0,0
30,721,11,13,1,76,0,0,0,0,0
31,468,3,3,1,82,0,1,1,1,0
27,747,8,9,1,83,0,0,0,0,0
38,727,2,2,1,69,0,0,1,0,0
30,843,13,10,1,82,1,0,0,0,0
32,771,3,4,1,88,0,0,1,0,0
31,576,12,14,1,73,1,0,0,0,0
34,681,4,2,1,65,1,0,0,0,0
29,744,6,12,1,67,0,0,0,0,0
45,692,11,10,1,80,0,0,1,0,0
27,612,1,4,0,84,0,1,0,0,0
45,619,12,11,1,84,0,0,0,0,0
39,664,11,10,1,59,0,0,1,0,0
32,605,14,12,1,75,0,1,0,0,0
38,595,4,3,1,68,0,0,0,0,0
42,791,11,14,1,70,1,0,0,0,0
45,794,14,14,0,68,0,0,0,0,0
32,609,4,2,1,72,0,0,0,0,0
40,580,13,11,1,70,0,0,0,0,0
44,739,12,11,1,90,0,0,1,1,1
38,742,2,3,0,76,0,0,1,0,0
29,700,2,4,1,76,0,0,0,0,0
30,497,2,6,1,76,0,0,0,0,0
26,872,10,12,1,70,0,0,0,0,0
23,794,2,3,1,67,0,0,1,0,0
32,610,13,12,1,73,1,0,0,0,0
36,497,13,11,1,74,0,1,0,0,0
26,728,2,2,1,65,1,0,1,0,0
27,690,3,5,1,88,0,0,0,0,0
29,833,1,6,1,71,0,1,0,0,0
27,495,10,10,1,74,1,0,0,0,0
27,556,1,2,1,84,0,0,1,0,0
22,672,1,3,1,53,0,0,1,0,0
33,650,2,4,0,77,0,0,0,0,0
37,677,4,4,1,56,0,0,0,0,0
44,784,11,15,1,81,0,1,0,1,1
27,753,2,3,0,83,0,1,0,0,0
25,779,2,3,0,75,0,0,1,0,0
35,786,4,6,0,70,0,0,0,0,0
32,631,11,13,0,68,0,0,0,0,0
44,675,2,6,0,62,0,0,1,0,0
40,726,3,2,1,55,1,0,0,0,0
26,905,1,5,1,59,1,0,0,0,0
35,744,11,12,1,63,0,0,0,0,0
30,644,3,5,1,83,0,0,1,1,0
22,733,3,4,0,80,0,0,1,0,0
36,619,2,5,1,74,0,1,0,0,0
42,610,12,15,1,92,0,1,0,0,1
33,716,14,15,1,95,0,0,0,1,1
34,704,3,5,1,62,0,0,0,0,0
36,652,4,2,0,83,0,1,0,0,0
40,767,3,3,1,74,0,0,1,0,0
38,798,2,3,0,86,0,0,0,0,0
37,542,4,6,1,75,1,0,0,0,0
34,729,4,4,1,89,1,0,0,1,0
41,778,3,6,1,78,0,0,1,0,0
36,706,2,4,1,66,0,1,0,0,0
37,631,4,5,1,70,0,1,0,0,0
38,511,12,14,1,72,0,1,0,0,0
33,532,3,4,1,87,0,0,1,0,0
23,668,3,2,0,75,0,0,1,0,0
32,495,2,6,1,80,0,1,1,0,0
42,460,13,11,1,77,1,1,0,0,0
28,758,6,11,1,70,0,0,0,0,0
40,602,14,14,1,51,0,0,0,0,0
35,680,4,2,0,68,0,0,0,0,0
37,706,2,2,1,86,0,0,0,1,0
27,708,9,8,0,68,0,1,0,0,0
43,498,14,11,1,82,0,0,0,1,0
45,619,13,13,1,69,0,0,1,0,0
28,536,3,6,0,86,0,0,1,0,0
28,667,10,13,0,78,0,0,0,0,0
37,649,12,11,1,83,0,0,0,1,0
42,598,14,12,0,57,0,0,0,0,0
34,660,4,6,1,77,0,0,0,0,0
25,658,8,8,1,72,0,1,0,0,0
45,666,2,4,1,76,0,1,0,0,0
23,661,1,3,0,83,1,0,0,0,0
22,633,5,2,1,65,0,0,0,0,0
31,631,3,3,1,85,0,0,0,0,0
45,736,4,2,1,65,1,1,0,0,0
27,788,8,11,1,69,0,0,0,0,0
31,703,3,3,1,62,1,0,0,0,0
36,712,4,4,1,87,0,0,0,1,0
33,739,11,10,1,66,0,0,1,0,0
45,590,12,15,0,74,1,1,0,0,0
23,656,1,6,1,92,0,1,0,0,0
22,832,3,5,1,79,0,0,0,0,0
33,727,4,2,1,88,0,0,0,1,0
41,626,12,11,1,53,0,0,1,0,0
26,587,10,15,0,55,0,0,0,0,0
27,662,8,12,1,80,0,0,0,0,0
42,634,11,12,0,74,0,1,0,0,0
38,650,14,10,1,81,0,0,0,1,0
29,657,6,10,1,64,0,0,0,0,0
38,686,4,6,1,76,0,0,0,0,0
24,680,4,4,0,75,0,0,0,0,0
31,751,3,4,1,74,0,0,1,0,0
40,671,2,6,0,75,0,0,0,0,0
30,618,2,2,1,85,0,0,1,1,0
40,497,2,3,0,98,0,0,1,0,0
42,835,2,5,0,74,0,0,0,0,0
43,664,13,12,1,73,0,0,0,0,0
37,668,4,3,1,87,0,1,1,1,0
23,568,3,5,1,75,0,1,0,0,0
35,767,11,15,1,74,1,0,0,0,0
22,693,3,2,1,60,1,0,0,0,0
39,657,12,13,1,67,0,1,0,0,0
42,950,13,15,1,92,0,0,0,1,1
30,635,2,5,1,82,0,0,0,0,0
27,651,9,12,1,68,1,0,0,0,0
36,509,3,3,1,70,0,0,0,0,0
42,632,11,13,1,73,0,1,0,0,0
43,770,3,6,0,77,0,1,0,0,0
29,655,6,9,0,85,0,1,1,0,0
34,641,13,11,0,85,0,0,0,1,1
45,765,3,4,1,70,0,1,0,0,0
37,585,3,3,0,67,0,0,0,0,0
31,713,4,4,0,61,0,0,0,0,0
45,612,4,3,1,79,1,0,0,0,0
26,652,3,3,1,81,0,0,1,0,0
25,640,1,2,1,81,0,0,0,0,0
38,790,3,6,1,75,0,1,0,0,0
25,818,6,10,1,79,0,1,0,0,0
24,939,2,2,1,73,0,0,0,0,0
27,770,1,4,1,60,1,0,0,0,0
35,731,14,15,1,57,0,0,0,0,0
34,786,12,13,1,63,0,0,0,0,0
37,676,3,5,1,74,0,1,1,0,0
33,583,3,4,1,71,0,0,0,0,0
38,603,3,5,1,77,0,0,0,0,0
25,801,7,8,0,73,0,1,0,0,0
45,527,12,13,1,64,1,0,0,0,0
37,577,13,15,1,90,0,0,1,0,1
35,680,12,14,1,88,0,0,0,1,1
31,724,13,13,1,82,1,1,0,0,1
34,720,14,12,1,81,0,1,0,0,0
37,661,12,10,1,81,1,0,0,0,0
37,497,3,5,1,90,0,1,0,0,0
37,689,12,12,1,72,0,0,0,0,0
45,734,11,10,0,73,1,1,1,0,0
29,639,9,9,1,99,0,0,0,1,0
25,624,9,8,1,72,0,0,0,0,0
45,682,11,14,1,93,0,0,0,0,1
40,640,4,3,1,63,0,0,0,0,0
30,786,12,10,1,82,0,1,0,0,0
26,770,2,5,1,64,1,0,0,0,0
26,789,3,6,1,63,0,1,0,0,0
37,632,3,4,1,77,0,0,0,0,0
29,524,1,2,1,86,0,0,0,1,0
43,562,11,12,1,66,0,0,0,0,0
34,818,11,13,1,57,0,0,0,0,0
25,728,3,2,1,85,0,0,0,1,0
43,871,14,15,1,64,0,0,0,0,0
23,773,2,5,1,66,1,0,0,0,0
41,675,11,10,1,83,0,1,1,0,0
29,874,1,6,1,70,0,0,1,0,0
36,744,12,15,1,77,0,0,0,0,0
24,819,3,2,1,91,0,0,0,0,0
42,607,13,12,1,53,1,0,0,0,0
31,631,4,4,1,74,0,0,0,0,0
23,582,2,3,1,100,0,0,1,0,0
32,729,14,12,1,67,0,0,1,0,0
32,638,14,14,1,73,1,0,0,0,0
44,815,13,14,0,72,1,1,0,0,1
31,911,13,13,0,87,0,0,1,0,1
45,608,11,14,1,69,0,0,0,0,0
41,740,11,11,1,80,0,1,0,0,0
33,784,12,11,1,98,0,1,0,1,1
35,648,11,15,1,40,1,0,0,0,0
25,837,10,12,0,92,0,0,0,1,1
26,758,7,9,1,76,0,0,0,0,0
22,675,2,3,1,64,0,0,0,0,0
28,524,1,3,1,79,0,0,1,0,0
34,704,14,13,1,70,1,0,0,0,0
28,637,2,5,1,68,0,0,0,0,0
31,682,12,14,0,73,0,1,0,0,0
44,669,13,15,1,84,0,0,0,0,0
37,554,4,2,1,85,0,0,0,1,0
30,775,2,6,1,56,0,0,1,0,0
23,882,2,5,0,65,0,0,1,0,0
39,675,2,2,0,71,0,0,0,0,0
29,649,7,7,0,90,0,0,0,1,0
42,789,4,5,1,77,0,1,0,0,0
23,867,4,5,1,81,0,0,0,0,0
24,867,1,3,1,100,1,0,0,0,0
40,659,4,6,0,58,1,0,1,0,0
22,813,2,3,1,69,0,0,0,0,0
26,678,2,2,1,85,1,0,0,1,0
30,705,11,15,1,64,0,0,1,0,0
43,576,12,10,1,90,0,0,1,0,0
33,615,13,11,0,73,0,0,1,0,0
40,856,14,15,1,79,0,0,0,0,0
24,720,1,5,1,71,0,0,0,0,0
41,756,2,6,1,89,1,0,1,1,0
42,729,13,13,0,72,0,0,0,0,0
40,733,12,13,0,66,0,1,0,0,0
35,745,3,2,1,82,1,0,0,1,0
31,785,3,2,1,73,0,0,1,0,0
39,750,14,10,0,82,0,0,0,1,0
25,533,2,3,0,79,0,1,0,0,0
35,728,2,2,1,73,0,0,0,0,0
30,749,12,13,1,71,0,0,0,0,0
38,672,2,4,0,78,1,0,0,0,0
31,716,12,15,1,92,0,0,0,1,1
30,736,3,2,1,66,0,0,1,0,0
23,735,1,6,1,64,1,0,1,0,0
24,709,2,3,1,50,0,0,0,0,0
27,723,3,3,1,77,1,0,1,0,0
27,673,3,2,1,61,0,0,0,0,0
32,710,4,3,1,76,0,0,0,0,0
42,583,13,15,0,77,0,1,0,0,0
41,740,12,12,1,64,0,0,0,0,0
40,604,11,10,0,84,1,0,0,0,0
45,710,3,4,1,96,0,0,0,1,0
41,669,3,2,0,89,1,0,0,1,0
38,719,4,5,1,68,0,1,0,0,0
38,797,12,14,1,60,0,0,0,0,0
30,743,14,12,1,69,0,0,0,0,0
37,785,4,2,1,62,0,1,0,0,0
22,534,1,2,1,66,0,0,0,0,0
29,737,9,11,1,79,0,0,0,0,0
33,736,13,11,1,70,0,0,0,0,0
39,615,13,14,1,84,0,0,0,0,0
39,639,3,5,1,60,0,0,1,0,0
45,651,12,11,1,85,1,1,0,0,1
41,609,13,15,0,76,1,0,0,0,0
36,852,2,6,1,76,0,0,0,0,0
34,665,2,4,1,62,0,0,0,0,0
35,550,4,2,1,67,0,1,0,0,0
31,848,3,4,1,78,0,1,0,0,0
27,814,3,2,0,73,0,0,0,0,0
26,655,8,10,1,79,1,0,0,0,0
39,603,13,11,0,62,0,0,0,0,0
38,646,14,10,1,88,0,0,0,1,1
26,819,8,11,1,62,0,1,0,0,0
39,618,4,2,0,69,0,0,0,0,0
30,683,3,2,1,64,0,0,0,0,0
26,747,3,6,1,75,0,0,0,0,0
24,783,3,6,1,97,0,0,0,0,0
25,740,7,10,0,67,0,1,0,0,0
33,699,11,14,0,77,0,0,0,0,0
23,622,3,6,1,86,0,0,0,0,0
43,765,14,12,1,55,0,0,0,0,0
41,555,4,4,1,63,0,0,0,0,0
39,738,3,2,1,62,1,0,0,0,0
35,718,4,3,0,63,0,0,0,0,0
45,823,11,14,1,77,1,0,0,0,1
29,655,9,10,1,95,0,0,0,1,0
41,632,2,4,1,68,0,0,0,0,0
34,701,13,14,1,78,0,0,0,0,0
33,890,2,6,1,56,0,0,1,0,0
43,633,2,4,1,75,0,0,0,0,0
29,816,3,2,0,64,0,0,1,0,0
25,718,8,11,1,78,1,0,1,0,0
44,770,2,4,0,66,1,0,0,0,0
42,584,12,12,0,58,0,1,0,0,0
23,858,5,2,1,88,1,0,0,1,0
24,655,3,2,0,70,0,0,0,0,0
23,724,3,2,0,66,0,1,0,0,0
25,812,1,4,0,100,1,0,1,0,0
25,758,3,2,1,69,0,1,1,0,0
37,874,4,5,1,87,0,0,0,0,0
34,579,14,13,1,93,0,0,0,0,0
26,675,3,2,1,92,0,1,0,1,0
43,550,14,12,1,70,0,0,0,0,0
45,683,11,14,1,63,0,0,0,0,0
36,873,12,13,1,69,0,1,0,0,0
30,622,4,2,1,59,0,0,1,0,0
27,747,1,5,1,68,0,0,0,0,0
27,606,3,2,1,76,1,0,1,0,0
32,624,11,15,1,90,0,0,1,1,1
39,602,13,15,1,90,0,0,0,1,1
23,607,1,4,1,82,1,1,0,0,0
39,739,14,15,1,76,1,0,1,0,1
31,686,4,2,1,63,0,1,0,0,0
32,798,2,3,1,80,1,0,0,0,0
29,784,6,11,1,75,1,0,1,0,0
33,571,13,11,1,88,0,0,0,0,0
29,773,1,6,1,86,0,0,1,0,0
32,897,3,5,0,79,1,0,0,0,0
31,747,13,11,1,76,0,0,0,0,0
30,659,2,2,1,73,0,1,1,0,0
43,675,3,5,0,69,0,0,0,0,0
41,609,2,2,0,61,0,0,0,0,0
27,602,7,7,1,81,0,0,0,1,0
32,702,13,15,0,72,1,0,0,0,0
42,721,13,10,1,64,0,0,0,0,0
45,671,3,2,1,81,0,0,0,1,0
32,799,13,13,1,69,0,0,0,0,0
38,676,3,3,1,70,0,0,0,0,0
23,707,3,4,1,75,0,0,0,0,0
42,556,13,12,1,84,0,0,0,0,0
24,848,2,6,0,64,0,1,0,0,0
43,916,3,4,1,71,0,0,0,0,0
32,496,14,11,1,67,1,0,1,0,0
34,498,2,4,1,74,0,1,1,0,0
42,706,11,11,0,58,0,0,0,0,0
34,859,13,15,1,76,0,0,1,0,1
28,734,9,10,1,99,0,0,0,1,0
41,584,13,13,1,70,0,0,0,0,0
23,522,2,3,1,61,1,0,0,0,0
41,535,4,6,1,79,1,0,0,0,0
25,828,3,3,1,75,0,0,0,0,0
33,748,13,12,1,67,0,0,0,0,0
38,537,12,12,1,71,0,0,0,0,0
43,856,11,13,0,78,0,0,0,0,0
33,641,14,11,1,71,0,0,0,0,0
42,566,3,2,1,83,0,0,0,1,0
44,714,13,12,1,56,0,0,1,0,0
33,911,4,4,1,74,0,0,0,0,0
41,696,12,12,1,61,1,0,0,0,0
26,604,3,2,0,80,0,0,0,0,0
30,691,2,3,0,65,1,0,0,0,0
40,669,11,12,1,73,0,0,0,0,0
27,726,3,6,1,79,1,0,0,0,0
36,512,2,6,0,85,0,0,0,1,0
26,787,7,10,0,68,1,0,0,0,0
36,693,4,3,0,60,0,0,1,0,0
25,706,2,4,1,92,0,0,0,0,0
30,608,13,10,1,88,0,0,0,1,1
39,841,14,15,1,67,0,0,0,0,0
35,699,4,4,0,62,0,0,0,0,0
22,736,2,5,1,80,0,0,0,0,0
42,654,2,2,1,77,1,1,0,0,0
43,691,3,6,1,72,0,0,0,0,0
33,844,11,13,1,84,0,0,0,0,0
45,611,4,4,1,87,0,0,1,0,0
41,769,4,3,1,74,0,0,0,0,0
33,724,2,2,0,78,0,0,0,0,0
27,794,10,15,0,75,0,1,0,0,0
28,686,7,11,1,84,0,1,0,0,0
35,704,4,5,1,75,0,1,0,0,0
38,649,2,2,1,76,0,0,0,0,0
39,746,14,15,1,78,1,0,0,0,0
28,851,3,2,0,69,0,0,0,0,0
39,701,3,2,1,71,0,1,0,0,0
26,541,9,9,0,72,0,0,1,0,0
38,812,4,6,1,76,0,0,0,0,0
27,621,10,11,1,76,0,0,0,0,0
38,662,3,6,1,78,0,0,0,0,0
22,608,4,2,1,79,1,0,1,0,0
42,676,4,6,1,75,0,0,0,0,0
25,743,2,2,1,66,1,0,1,0,0
35,805,4,3,0,69,0,0,0,0,0
27,662,10,12,1,65,1,0,0,0,0
26,914,1,6,1,79,0,0,0,0,0
39,646,4,3,1,74,0,0,0,0,0
38,611,13,11,0,84,0,0,0,0,0
29,659,2,6,1,88,1,0,0,0,0
43,800,2,2,1,61,0,0,0,0,0
30,618,13,12,1,87,0,0,0,1,1
26,555,9,9,1,88,0,1,1,0,0
45,742,4,6,0,99,0,0,0,1,0
45,744,3,5,1,64,0,0,0,0,0
42,711,4,3,1,69,0,0,0,0,0
24,593,3,2,1,77,0,0,0,0,0
39,774,3,6,1,67,0,0,0,0,0
44,832,11,15,1,70,1,0,1,0,1
33,639,13,11,0,77,0,1,0,0,0
43,868,14,13,1,85,0,1,0,0,1
34,813,11,10,1,59,0,0,0,0,0
34,797,11,12,0,86,1,1,0,1,1
23,848,5,3,1,79,1,0,0,0,0
40,634,14,14,1,82,0,0,1,0,0
38,581,4,4,0,73,0,1,1,0,0
31,622,2,5,1,65,0,0,0,0,0
40,910,4,3,0,70,0,0,0,0,0
24,691,2,6,1,68,0,0,0,0,0
25,665,10,10,1,65,0,0,1,0,0
36,594,2,2,1,74,0,0,0,0,0
39,674,3,3,1,74,0,0,1,0,0
44,711,14,10,1,57,0,0,1,0,0
28,814,3,3,0,71,0,1,0,0,0
33,792,12,14,1,70,0,0,0,0,0
24,830,5,3,1,84,0,0,0,0,0
31,615,11,11,1,61,0,0,1,0,0
35,687,3,3,1,83,0,0,0,0,0
44,602,4,2,1,83,0,0,0,0,0
28,482,3,5,0,73,0,1,0,0,0
40,837,11,12,1,69,0,1,1,0,1
24,628,4,5,1,80,0,0,1,0,0
42,897,11,10,1,73,0,0,0,0,0
31,722,4,5,1,60,0,0,0,0,0
25,810,1,3,1,76,0,0,1,0,0
32,852,13,15,1,86,0,1,1,0,1
31,614,14,15,1,82,0,0,1,1,1
22,554,3,6,1,54,0,0,0,0,0
29,689,7,12,0,88,1,1,0,1,1
35,734,2,5,1,64,0,0,1,0,0
43,925,2,6,1,68,0,0,0,0,0
29,763,2,3,1,73,1,0,1,0,0
27,596,10,10,1,70,1,0,1,0,0
34,749,14,11,1,75,0,0,0,0,0
24,718,1,6,1,67,0,1,0,0,0
36,730,14,11,1,79,0,1,0,0,0
34,525,2,5,1,87,0,0,1,0,0
33,619,11,14,1,84,0,0,0,1,1
23,718,1,3,1,82,1,0,1,1,0
45,776,2,4,1,59,0,0,0,0,0
28,650,2,3,0,68,0,1,0,0,0
28,671,3,3,1,73,0,0,0,0,0
34,720,11,15,0,65,0,0,0,0,0
31,689,4,4,1,100,0,0,1,0,0
36,572,13,10,1,50,0,0,0,0,0
29,612,3,5,0,67,0,0,0,0,0
35,772,12,11,1,68,0,1,0,0,0
43,631,3,6,1,53,0,0,1,0,0
31,645,3,4,0,74,1,0,0,0,0
45,712,4,3,1,66,0,0,1,0,0
33,643,3,5,1,74,0,0,0,0,0
30,772,13,12,1,79,0,1,0,0,0
37,829,4,3,1,77,0,0,1,0,0
28,733,9,8,1,69,0,0,0,0,0
30,735,2,3,1,83,1,0,0,0,0
44,617,4,6,1,80,0,0,0,0,0
32,869,14,10,1,61,0,0,0,0,0
43,711,11,11,1,74,0,0,0,0,0
26,488,3,4,1,72,0,0,0,0,0
31,712,4,6,1,64,0,0,0,0,0
37,406,14,11,1,75,0,0,0,0,0
34,653,3,4,1,84,0,0,1,1,0
25,860,1,4,1,80,0,0,1,0,0
45,711,12,13,1,76,0,0,1,0,0
34,701,4,2,1,74,0,0,0,0,0
23,685,2,3,1,70,0,0,1,0,0
33,647,13,11,1,92,0,1,0,0,0
38,745,14,13,1,69,0,0,0,0,0
39,754,2,4,1,89,1,0,0,0,0
22,640,1,4,1,66,0,0,0,0,0
31,683,13,14,1,93,1,0,0,1,1
30,837,3,5,1,74,0,0,0,0,0
43,569,12,13,1,81,0,0,0,0,0
34,730,13,11,1,80,1,0,0,0,0
27,699,2,4,1,87,1,0,0,0,0
33,846,11,12,1,83,0,1,0,0,1
36,737,12,14,0,71,0,0,0,0,0
42,577,2,2,0,83,0,0,0,1,0
45,682,4,4,1,67,0,0,0,0,0
27,627,9,10,1,66,0,0,0,0,0
27,593,9,10,1,64,0,0,0,0,0
31,743,3,2,0,75,0,0,0,0,0
37,674,2,2,1,79,0,0,0,0,0
42,814,14,11,1,66,0,0,0,0,0
36,788,13,12,1,90,0,0,0,0,1
26,808,9,7,1,64,0,0,0,0,0
22,826,3,6,0,65,0,0,0,0,0
40,741,4,4,1,70,0,0,0,0,0
33,695,13,13,1,73,0,0,0,0,0
23,651,5,4,1,57,0,0,1,0,0
35,878,2,2,1,79,0,0,0,0,0
26,535,1,4,1,74,1,0,0,0,0
32,714,3,5,1,58,1,0,0,0,0
31,708,3,3,1,77,0,1,0,0,0
36,705,4,3,1,62,0,0,0,0,0
29,713,7,12,1,79,0,0,0,0,0
45,552,2,5,0,73,0,0,0,0,0
28,799,10,12,1,79,0,0,0,0,0
27,498,3,5,1,81,0,1,0,1,0
22,700,1,6,1,78,1,0,0,0,0
39,729,3,3,0,67,1,0,0,0,0
39,517,3,4,1,64,0,0,0,0,0
29,672,9,12,1,75,0,0,0,0,0
38,710,14,15,1,57,0,1,0,0,0
44,574,3,4,1,67,0,0,0,0,0
28,669,3,4,1,75,1,0,0,0,0
25,587,9,9,1,74,1,0,0,0,0
32,700,14,15,1,65,0,1,0,0,0
36,729,3,2,1,71,1,1,0,0,0
43,524,11,13,1,80,0,0,1,0,0
23,647,1,4,1,80,0,0,1,0,0
37,765,2,3,1,81,0,0,0,0,0
24,680,2,6,1,76,0,0,0,0,0
27,611,1,6,1,74,0,1,0,0,0
25,613,6,11,1,82,0,0,1,0,0
28,639,8,11,1,67,0,1,1,0,0
22,588,4,4,1,85,1,0,0,0,0
24,630,4,5,0,63,0,1,0,0,0
26,826,10,14,1,82,0,1,1,0,1
27,693,2,6,1,69,0,0,1,0,0
36,555,3,4,1,76,1,0,0,0,0
38,752,3,5,1,92,0,0,0,0,0
42,785,14,14,1,78,0,0,0,0,0
29,505,3,4,1,83,0,0,1,0,0
30,862,11,13,1,61,0,0,0,0,0
30,616,14,11,1,68,0,0,0,0,0
38,778,2,4,1,76,0,0,0,0,0
39,650,2,6,1,72,1,0,1,0,0
45,583,4,6,1,68,0,1,0,0,0
33,824,2,5,1,78,1,0,0,0,0
44,587,4,5,1,72,0,0,0,0,0
27,713,6,8,1,70,0,0,1,0,0
37,630,4,6,1,79,1,1,0,0,0
23,677,2,5,1,82,0,1,0,1,0
37,734,2,5,1,69,0,0,0,0,0
28,613,3,6,1,67,0,1,0,0,0
37,682,11,11,1,71,1,0,0,0,0
29,619,10,12,1,87,0,1,0,1,1
22,669,2,2,1,77,0,0,0,0,0
23,622,2,3,1,78,0,0,0,0,0
32,618,11,15,1,66,1,0,0,0,0
43,717,4,4,1,83,0,0,0,0,0
33,627,2,5,1,59,0,1,0,0,0
26,713,9,12,1,72,0,0,0,0,0
34,639,12,11,1,70,0,0,0,0,0
39,734,3,4,0,83,1,1,1,1,0
41,849,12,12,1,67,0,1,0,0,0
39,839,3,6,1,73,0,1,0,0,0
29,589,2,2,1,64,0,1,0,0,0
29,716,8,8,1,72,0,1,0,0,0
33,666,4,3,1,80,0,0,0,0,0
38,524,4,4,1,85,0,0,0,0,0
35,691,12,10,1,88,0,0,0,1,1
31,670,4,5,1,79,1,0,0,0,0
30,621,14,15,0,76,0,1,0,0,0
33,775,2,5,1,77,0,0,1,0,0
37,682,3,5,1,85,0,0,0,1,0
39,791,11,11,1,69,0,0,0,0,0
38,695,4,5,1,88,1,0,0,0,0
22,657,2,2,1,82,1,0,0,0,0
45,691,11,10,1,64,0,1,0,0,0
39,773,11,10,1,61,0,0,1,0,0
33,681,2,2,0,68,0,0,0,0,0
45,676,12,13,1,70,0,0,0,0,0
32,699,2,4,1,72,0,0,0,0,0
38,631,14,15,0,88,0,0,0,1,1
31,651,3,4,1,79,0,0,0,0,0
28,634,1,6,1,73,0,1,0,0,0
37,715,12,14,1,73,0,0,0,0,0
30,577,3,3,1,73,1,0,0,0,0
29,687,10,12,1,68,0,0,0,0,0
24,821,1,2,1,80,1,1,0,0,0
44,889,11,13,1,64,0,0,0,0,0
27,732,7,9,1,84,0,0,0,1,0
32,565,13,12,1,64,0,0,0,0,0
42,657,2,3,1,95,0,1,0,0,0
25,614,3,5,1,81,0,0,0,1,0
35,710,13,10,1,74,0,0,0,0,0
22,736,1,2,0,72,1,1,1,0,0
22,606,2,5,1,81,0,0,0,0,0
24,689,2,6,1,99,1,0,1,1,0
35,749,3,5,1,91,0,0,0,1,0
44,625,2,2,0,50,0,0,1,0,0
37,714,12,15,1,72,1,0,0,0,0
32,689,4,3,1,66,0,0,1,0,0
23,852,5,2,1,67,0,1,0,0,0
30,589,11,15,0,70,0,0,1,0,0
43,560,4,2,1,75,0,0,0,0,0
43,707,2,3,1,65,0,0,0,0,0
45,731,13,15,1,55,1,0,0,0,0
32,614,3,2,1,49,0,1,0,0,0
29,674,3,3,1,68,0,1,0,0,0
32,628,4,2,1,84,1,1,1,0,0
41,729,2,5,1,77,0,0,0,0,0
32,587,2,2,0,75,0,0,0,0,0
28,696,6,7,0,70,0,0,0,0,0
35,832,3,5,1,76,1,0,1,0,0
25,668,3,2,1,65,0,0,0,0,0
26,578,7,9,0,94,0,1,0,0,0
43,758,11,13,0,82,1,0,0,0,0
44,689,3,2,1,70,0,0,0,0,0
39,579,12,14,1,95,1,0,1,1,1
33,872,11,14,1,72,0,0,0,0,0
33,646,3,4,0,76,0,0,0,0,0
35,755,12,14,1,74,0,0,0,0,0
43,740,3,3,0,75,1,0,0,0,0
39,659,11,13,1,76,1,0,0,0,0
37,697,3,5,0,70,0,0,0,0,0
29,932,6,8,1,81,0,0,0,0,0
36,758,14,14,1,94,0,0,0,0,1
32,664,11,10,1,84,1,1,1,0,0
39,764,3,2,1,67,0,1,0,0,0
28,611,1,6,0,76,0,0,0,0,0
27,730,10,13,1,64,0,0,0,0,0
36,853,12,10,1,85,0,0,0,1,1
27,686,3,4,1,59,1,0,0,0,0
22,768,1,5,1,55,1,0,0,0,0
40,759,3,2,0,79,1,0,0,0,0
32,545,14,13,1,88,0,1,0,1,1
34,538,12,12,1,96,0,1,0,0,1
25,706,1,4,1,80,0,1,1,0,0
42,821,4,3,1,60,1,0,0,0,0
24,690,2,6,1,65,0,0,0,0,0
22,791,3,2,1,78,0,0,0,0,0
34,562,11,11,1,82,0,0,0,0,0
26,659,2,3,1,86,0,0,0,0,0
31,631,3,5,1,75,1,0,0,0,0
41,476,11,11,1,80,0,0,0,0,0
43,621,12,15,1,77,0,1,0,0,0
42,732,4,5,1,65,0,0,0,0,0
41,694,4,3,0,85,0,0,0,1,0
33,675,11,15,1,93,0,0,0,1,1
31,787,3,2,0,69,0,0,0,0,0
30,695,12,11,1,51,1,0,0,0,0
42,782,12,10,1,79,0,0,0,0,0
27,734,10,11,0,88,0,0,1,1,1
27,721,1,3,1,61,0,0,0,0,0
25,676,1,6,1,73,0,0,0,0,0
38,874,11,14,1,61,0,0,0,0,0
42,659,11,15,1,75,0,0,0,0,0
39,754,11,14,0,78,0,1,0,0,0
22,855,2,4,1,91,1,1,0,1,0
43,635,2,5,1,56,0,0,0,0,0
22,725,4,3,1,83,0,0,0,1,0
32,749,3,6,1,67,1,1,0,0,0
25,376,1,3,1,67,1,1,1,0,0
34,704,3,5,1,83,1,0,0,0,0
30,604,11,10,0,72,0,1,0,0,0
40,745,2,4,0,56,0,0,0,0,0
32,721,13,10,1,82,0,1,0,0,0
26,753,3,4,1,62,0,1,0,0,0
44,649,2,2,1,89,1,0,0,1,0
27,873,3,5,1,78,0,0,0,0,0
39,711,4,6,1,85,0,0,1,0,0
38,548,3,6,1,96,0,0,0,0,0
35,523,3,3,1,86,0,0,0,0,0
43,631,12,10,1,75,0,0,0,0,0
32,610,12,14,1,65,0,0,0,0,0
30,811,2,5,1,71,0,1,0,0,0
33,816,3,6,1,81,0,0,0,1,0
27,696,1,4,1,78,0,0,0,0,0
43,879,3,4,0,86,0,0,1,0,0
25,727,9,12,1,69,0,0,1,0,0
23,874,1,2,0,78,0,0,0,0,0
28,490,6,12,1,72,0,1,0,0,0
32,716,13,14,1,78,0,1,1,0,1
32,767,4,3,1,58,0,1,0,0,0
30,669,13,13,1,78,0,0,0,0,0
43,856,12,14,1,93,0,0,0,0,1
34,950,11,11,1,71,0,1,0,0,0
26,718,7,12,1,71,0,0,0,0,0
32,770,2,2,0,87,0,0,1,0,0
40,746,12,11,1,94,0,0,0,0,0
35,688,14,14,0,78,0,0,0,0,0
27,669,8,8,1,82,0,0,0,0,0
36,816,13,13,0,68,1,0,0,0,0
34,671,3,2,1,89,0,0,0,1,0
31,682,11,14,1,81,1,1,0,1,1
33,686,4,2,0,68,0,0,0,0,0
41,755,13,11,1,64,0,0,0,0,0
40,603,13,12,1,68,0,0,0,0,0
35,666,3,3,1,66,0,0,0,0,0
28,526,1,4,1,79,1,1,0,0,0
45,776,4,4,1,70,0,1,0,0,0
34,676,12,14,1,73,0,0,0,0,0
38,612,4,5,1,84,0,0,0,0,0
40,950,12,15,1,75,0,0,0,0,0
43,727,11,10,1,81,0,0,1,0,0
24,650,2,3,1,94,0,0,0,1,0
41,593,4,3,1,73,0,0,0,0,0
39,685,14,11,1,60,0,0,0,0,0
31,598,11,11,1,87,0,0,0,0,0
35,791,2,5,1,86,0,1,0,1,0
41,877,3,6,0,69,0,0,0,0,0
24,875,3,2,1,70,0,1,1,0,0
24,543,3,4,0,83,0,1,0,1,0
23,602,1,2,0,66,0,0,0,0,0
36,575,3,2,1,86,0,0,0,0,0
23,581,3,5,1,80,0,0,0,0,0
28,722,6,7,1,83,0,0,0,1,0
37,645,11,14,0,70,1,1,0,0,1
40,736,2,2,1,83,0,0,0,1,0
38,621,14,10,1,90,1,0,1,1,1
36,818,4,3,1,73,0,0,1,0,0
39,769,13,12,1,77,0,0,0,0,0
45,746,3,4,0,70,1,0,0,0,0
24,718,2,6,0,62,0,0,1,0,0
39,854,12,15,1,71,0,0,0,0,0
37,561,12,14,1,67,0,0,0,0,0
27,648,10,10,0,78,0,0,0,0,0
42,718,4,4,1,77,0,1,0,0,0
28,853,1,4,1,76,0,0,0,0,0
28,643,6,7,1,77,0,0,0,0,0
39,718,13,13,1,77,0,0,0,0,0
29,745,2,5,0,63,1,0,1,0,0
35,668,11,12,1,86,0,0,0,0,1
45,634,4,2,1,84,1,0,0,1,0
29,886,1,4,1,82,0,1,1,1,0
40,632,13,13,0,86,0,0,0,1,1
32,748,13,10,1,65,0,0,0,0,0
44,838,2,5,1,73,0,0,0,0,0
44,852,11,11,1,65,0,0,0,0,0
38,610,14,15,1,68,0,0,0,0,0
25,659,2,3,1,68,0,0,1,0,0
31,653,2,4,1,63,0,1,0,0,0
35,761,11,13,0,68,1,0,0,0,0
33,715,4,6,0,69,0,0,0,0,0
41,604,3,2,1,66,0,0,1,0,0
23,528,2,3,0,75,0,0,0,0,0
42,690,12,15,1,69,1,0,0,0,0
34,620,14,12,1,69,0,0,0,0,0
24,723,2,6,1,83,0,0,0,0,0
41,479,14,15,1,75,0,0,0,0,0
25,842,1,2,0,70,0,0,0,0,0
31,565,3,5,0,84,0,0,1,1,0
33,804,4,6,1,99,1,0,0,1,0
45,667,14,11,1,71,0,1,0,0,0
39,797,12,10,0,77,0,1,1,0,0
39,575,14,12,0,64,0,0,0,0,0
34,582,12,12,1,51,0,0,0,0,0
34,692,3,3,1,71,0,0,0,0,0
29,350,2,6,1,91,0,0,0,1,0
25,627,6,7,1,60,0,0,0,0,0
26,687,3,3,1,66,0,0,1,0,0
41,693,2,4,1,49,1,0,1,0,0
29,608,9,12,1,66,0,0,1,0,0
29,631,10,14,0,68,0,0,0,0,0
41,510,4,5,1,81,0,0,0,0,0
25,722,3,6,0,66,0,1,0,0,0
44,735,13,13,1,63,1,0,0,0,0
29,487,9,10,1,75,0,1,0,0,0
23,735,1,6,1,78,0,0,0,0,0
43,591,14,12,1,75,0,0,0,0,0
22,826,3,2,1,73,0,0,0,0,0
42,619,3,4,1,65,1,0,0,0,0
38,622,4,2,1,97,0,0,0,1,0
45,552,13,15,1,80,0,0,1,0,0
40,702,14,10,1,74,0,0,0,0,0
26,834,1,5,1,74,1,1,0,0,0
30,707,4,5,1,69,0,0,0,0,0
32,690,12,10,1,53,0,0,0,0,0
34,727,2,3,1,81,0,0,1,1,0
31,621,2,6,1,56,0,0,0,0,0
28,776,10,12,0,56,0,0,0,0,0
42,631,14,15,0,61,0,0,0,0,0
41,700,3,5,1,61,0,0,0,0,0
23,589,2,5,1,62,0,0,0,0,0
31,750,4,6,1,66,0,0,1,0,0
38,661,14,15,0,71,0,0,0,0,0
42,862,4,3,1,79,0,0,0,0,0
42,806,3,4,0,73,0,1,1,0,0
37,529,3,2,0,73,0,0,0,0,0
38,672,13,15,1,65,1,0,0,0,0
41,694,13,13,1,82,0,1,0,1,1
23,686,1,4,1,86,1,0,1,1,0
29,780,10,13,0,69,0,0,0,0,0
22,741,3,5,1,70,0,0,0,0,0
41,767,3,5,1,86,0,0,0,0,0
41,583,14,12,1,72,0,0,1,0,0
32,618,2,3,1,68,0,0,0,0,0
36,656,4,3,1,97,0,0,0,1,0
36,593,2,6,0,89,0,0,1,0,0
45,661,2,4,1,92,1,0,0,1,0
43,832,2,3,1,86,0,0,0,1,0
34,491,3,3,1,85,0,1,0,1,0
45,602,14,10,1,68,0,0,0,0,0
40,782,4,2,1,82,0,0,0,1,0
34,625,4,6,1,68,0,0,0,0,0
34,691,4,6,1,75,0,0,0,0,0
35,786,14,12,1,65,0,0,0,0,0
36,813,14,10,1,86,0,0,0,1,1
26,843,7,9,1,76,0,0,1,0,0
40,798,4,6,1,72,0,1,0,0,0
43,754,14,12,0,92,0,0,1,0,1
36,544,12,12,1,62,0,0,1,0,0
36,819,2,5,1,64,0,0,0,0,0
33,513,12,15,0,83,0,0,1,1,1
37,694,14,11,1,80,1,0,0,0,0
34,781,11,14,0,58,0,0,0,0,0
43,779,11,12,1,93,0,1,1,0,1
35,710,14,10,0,71,1,0,1,0,0
39,842,11,13,1,73,0,0,0,0,0
34,795,2,4,1,92,0,0,0,1,0
22,752,2,3,1,76,0,0,0,0,0
22,678,5,2,1,78,0,0,0,0,0
41,904,13,11,0,70,0,0,1,0,0
31,646,3,2,1,94,1,0,0,1,0
25,659,6,9,1,59,0,0,0,0,0
23,703,2,6,1,100,0,0,0,1,0
42,588,3,4,1,84,0,0,1,1,0
34,649,11,11,1,65,1,0,0,0,0
34,745,13,12,1,73,0,0,1,0,0
36,771,13,10,1,79,0,0,0,0,0
32,705,11,11,0,71,0,1,0,0,0
34,746,14,12,1,83,0,0,1,1,1
38,631,14,10,0,90,0,0,0,1,1
36,619,11,12,1,68,1,0,1,0,0
22,576,2,4,1,62,1,0,0,0,0
31,578,2,5,1,80,0,1,0,0,0
40,583,3,5,1,63,0,0,0,0,0
22,736,3,6,1,77,0,0,0,0,0
39,733,2,2,1,64,0,1,0,0,0
39,744,2,2,0,74,0,0,1,0,0
36,643,13,10,0,66,1,1,0,0,0
37,524,13,13,1,70,0,0,0,0,0
30,661,12,10,1,85,0,0,0,1,1
43,760,3,4,1,68,0,0,1,0,0
24,728,1,5,1,72,0,0,0,0,0
41,710,3,4,1,78,0,0,1,0,0
44,839,11,12,1,87,1,0,1,1,1
29,654,10,15,0,70,0,1,0,0,0
40,572,13,15,0,79,0,0,0,0,0
44,686,3,4,0,72,0,1,1,0,0
44,587,13,15,0,75,0,0,0,0,0
34,632,11,12,1,81,0,1,0,1,1
25,851,1,3,1,77,0,0,0,0,0
37,888,12,10,1,83,1,1,0,1,1
25,752,8,11,1,91,1,1,0,1,1
41,797,3,5,1,69,1,0,0,0,0
25,746,2,4,1,84,0,1,0,1,0
26,584,10,12,1,88,0,0,0,1,1
22,687,1,5,1,69,0,0,0,0,0
41,506,2,6,0,68,0,1,0,0,0
45,584,4,5,1,60,0,1,0,0,0
30,712,3,3,1,64,0,0,0,0,0
38,771,12,12,1,78,0,1,0,0,0
29,673,3,5,1,72,0,0,0,0,0
42,540,2,2,0,79,0,0,0,0,0
36,637,4,6,1,86,0,1,1,0,0
24,620,3,3,0,62,0,0,0,0,0
38,800,3,2,1,66,0,0,0,0,0
34,929,3,3,0,77,0,0,0,0,0
32,801,2,3,1,64,0,1,0,0,0
44,775,2,5,1,78,0,0,1,0,0
24,620,5,2,0,59,0,1,0,0,0
28,673,1,6,1,79,1,1,0,0,0
45,755,12,11,0,61,0,0,0,0,0
45,738,4,5,1,68,0,1,0,0,0
39,818,13,14,1,77,0,0,0,0,0
31,628,4,3,1,72,0,0,1,0,0
44,779,2,4,0,60,0,0,0,0,0
31,762,12,12,1,74,0,0,0,0,0
45,911,3,6,1,70,0,0,0,0,0
25,779,6,12,1,73,0,0,0,0,0
42,851,13,13,1,74,0,0,1,0,1
37,756,12,13,1,89,0,0,1,1,1
38,698,4,3,1,73,0,0,0,0,0
37,835,3,4,1,72,0,1,0,0,0
26,748,8,7,1,71,0,0,0,0,0
34,780,13,14,1,72,0,0,0,0,0
30,751,3,2,1,76,1,0,0,0,0
44,491,11,10,1,64,1,0,0,0,0
35,656,11,11,1,65,0,1,0,0,0
32,745,3,2,0,79,0,0,1,0,0
37,767,12,12,1,82,0,0,0,0,0
27,719,7,12,0,68,0,0,1,0,0
28,877,3,3,0,77,0,0,0,0,0
26,749,1,4,0,100,0,0,0,1,0
45,557,3,6,0,70,0,0,0,0,0
43,590,12,15,1,88,0,0,0,0,0
27,887,3,2,1,78,0,0,0,0,0
36,776,13,14,1,80,0,1,0,0,0
30,766,14,14,0,72,1,0,0,0,0
38,632,2,4,1,89,0,1,0,1,0
39,931,13,15,0,75,0,0,0,0,0
43,629,4,6,1,72,0,0,1,0,0
36,599,2,4,0,68,0,0,0,0,0
28,771,7,10,1,73,0,0,0,0,0
45,844,12,10,1,72,1,0,0,0,0
40,721,3,4,0,62,1,0,0,0,0
38,709,14,13,1,77,1,0,0,0,0
43,713,14,15,1,70,0,0,0,0,0
25,739,1,2,1,82,0,0,0,1,0
43,821,11,14,1,80,0,0,0,0,0
45,738,4,2,1,65,0,0,1,0,0
24,749,5,4,0,64,0,0,0,0,0
39,659,13,13,0,89,0,0,0,0,1
28,651,7,12,0,85,0,1,0,0,0
42,888,14,10,0,61,0,0,0,0,0
37,593,12,15,1,77,0,0,0,0,0
30,860,4,6,1,55,0,0,1,0,0
34,704,3,2,1,82,0,0,0,0,0
31,794,14,12,1,83,0,0,1,1,1
40,732,3,6,1,61,0,0,0,0,0
37,691,3,4,1,67,0,0,1,0,0
28,487,10,15,1,77,0,1,0,0,0
23,737,1,3,1,70,0,0,0,0,0
29,758,1,5,0,74,0,0,0,0,0
34,527,3,5,1,66,0,1,0,0,0
36,750,3,6,0,66,0,1,1,0,0
24,669,1,3,1,50,0,1,1,0,0
28,682,2,3,0,67,0,1,0,0,0
42,775,13,13,1,83,0,0,0,1,1
39,902,12,14,1,78,0,0,1,0,1
23,807,3,4,1,82,0,0,1,1,0
27,721,2,4,1,75,0,0,0,0,0
30,629,11,11,0,68,0,0,0,0,0
24,440,3,4,0,68,0,0,1,0,0
43,634,3,4,1,67,1,0,0,0,0
35,659,13,12,1,68,0,0,0,0,0
32,595,11,11,1,90,0,1,0,0,0
31,645,3,4,1,72,0,0,0,0,0
36,717,14,12,1,82,0,0,0,1,1
30,668,11,15,0,74,1,0,0,0,0
30,556,12,14,1,83,0,0,0,1,0
34,692,11,15,1,65,0,0,0,0,0
33,710,11,13,1,73,1,0,0,0,0
28,729,1,3,0,85,0,1,0,1,0
39,690,12,12,1,80,0,0,0,0,0
32,656,4,5,0,90,0,0,0,0,0
30,686,2,3,1,78,1,0,0,0,0
35,668,4,4,1,79,1,0,0,0,0
41,841,12,13,1,61,0,0,0,0,0
30,666,13,12,1,64,0,0,0,0,0
34,641,2,5,1,59,0,0,1,0,0
27,746,3,6,0,68,0,0,0,0,0
37,588,13,13,1,71,1,0,0,0,0
41,940,2,6,1,87,1,1,0,1,0
30,699,11,10,0,84,1,0,0,0,0
28,902,9,10,0,84,0,0,0,0,0
37,633,13,11,1,73,0,0,1,0,0
23,600,2,3,1,77,0,0,0,0,0
30,758,13,10,1,68,0,0,0,0,0
39,741,11,14,1,62,0,1,0,0,0
36,646,3,2,1,65,0,0,0,0,0
38,725,14,10,1,76,0,0,0,0,0
39,861,2,4,1,71,0,0,1,0,0
30,791,3,3,1,86,0,0,1,0,0
30,616,14,10,1,59,0,0,0,0,0
30,512,4,2,0,62,0,0,0,0,0
38,587,12,15,1,61,1,0,0,0,0
38,772,14,13,1,71,0,0,0,0,0
28,788,2,2,1,83,0,0,0,1,0
34,721,13,14,0,86,1,0,0,1,1
22,755,2,4,1,71,0,0,0,0,0
36,774,2,3,1,94,0,0,1,0,0
27,744,8,9,1,81,0,0,0,1,0
35,644,4,6,1,76,0,0,0,0,0
31,575,12,14,1,87,0,0,0,0,0
39,603,2,5,0,83,1,0,1,0,0
29,599,9,12,1,48,0,0,0,0,0
27,654,7,12,1,78,1,0,0,0,0
34,868,13,15,1,77,0,0,0,0,0
35,541,2,5,1,76,1,0,0,0,0
34,567,13,10,1,87,0,0,1,1,1
27,751,6,12,1,78,0,0,0,0,0
24,561,3,5,1,78,1,0,0,0,0
30,670,4,2,0,60,0,0,1,0,0
31,618,13,10,1,89,0,0,0,1,1
31,723,3,3,1,65,0,1,1,0,0
35,755,3,4,1,70,0,1,0,0,0
35,908,14,15,1,80,0,0,1,0,1
39,733,12,11,1,83,0,0,0,0,0
41,724,2,4,1,80,1,0,0,0,0
41,815,12,10,0,76,0,0,0,0,0
32,702,13,15,1,59,0,0,0,0,0
38,828,14,14,0,83,0,0,0,1,1
27,660,3,2,1,68,0,0,0,0,0
30,737,4,6,1,79,1,1,1,0,0
33,631,4,2,1,70,0,0,0,0,0
27,641,6,9,1,74,0,0,0,0,0
37,766,12,13,1,75,0,1,0,0,0
37,692,2,5,0,75,1,0,1,0,0
28,616,2,6,1,77,1,0,0,0,0
37,436,13,12,1,82,0,0,0,0,0
34,908,3,2,1,53,0,1,0,0,0
41,630,14,10,0,66,0,0,0,0,0
32,738,13,11,1,85,0,0,0,1,1
27,744,8,7,1,73,0,1,1,0,0
23,772,1,4,1,65,0,0,1,0,0
30,501,11,15,1,84,1,0,0,0,0
41,746,11,11,1,77,0,1,1,0,0
23,773,1,4,1,71,0,1,0,0,0
26,659,3,5,1,80,0,0,0,0,0
35,480,12,10,0,86,0,0,0,1,0
34,797,3,2,1,56,1,1,1,0,0
37,694,4,5,1,93,0,1,0,1,0
42,658,2,2,0,69,0,0,0,0,0
45,534,4,4,1,79,0,0,0,0,0
39,715,3,3,1,89,0,0,0,1,0
45,697,13,14,1,68,0,0,0,0,0
28,832,10,14,1,82,0,0,0,0,0
31,870,11,10,0,62,1,0,0,0,0
22,799,2,4,1,71,0,0,1,0,0
33,711,2,3,1,67,0,0,1,0,0
27,579,3,5,1,74,1,0,0,0,0
34,685,4,3,0,69,1,0,1,0,0
43,608,12,15,1,78,0,0,1,0,0
43,715,4,4,1,81,1,0,0,0,0
30,740,2,2,0,63,0,0,0,0,0
45,638,4,6,1,89,1,1,1,1,0
43,699,3,3,1,72,0,0,0,0,0
24,667,1,5,1,79,1,1,0,0,0
28,667,2,4,1,74,0,1,1,0,0
25,602,7,8,0,77,0,0,0,0,0
33,703,2,2,1,68,0,0,1,0,0
22,828,1,6,1,91,1,0,1,1,0
40,726,12,10,1,96,0,0,1,1,1
42,727,3,5,1,77,0,0,0,0,0
35,669,3,5,1,88,0,0,1,0,0
45,829,2,4,1,71,1,1,0,0,0
40,604,11,11,1,84,0,0,0,0,0
45,699,3,2,1,93,0,0,0,0,0
23,904,5,6,1,79,1,0,0,0,0
34,563,2,4,1,86,0,1,0,1,0
43,950,4,5,1,81,0,0,0,0,0
24,553,2,3,1,63,0,0,0,0,0
39,492,2,4,1,62,0,0,0,0,0
43,779,2,2,0,67,0,0,0,0,0
25,645,10,11,0,82,0,0,0,1,0
37,737,14,14,0,69,0,0,0,0,0
27,665,3,4,1,80,0,0,0,0,0
24,818,4,6,0,77,0,0,0,0,0
34,749,13,13,1,84,0,0,0,1,1
34,600,4,4,1,74,1,0,0,0,0
42,834,14,12,1,62,0,1,1,0,1
43,767,12,15,1,79,0,0,0,0,0
30,768,14,12,1,76,0,0,0,0,0
41,648,2,3,1,64,0,0,0,0,0
38,736,12,11,0,74,1,0,0,0,0
31,738,14,11,1,75,1,1,1,0,0
39,655,14,13,1,81,0,1,0,1,1
40,599,13,13,1,64,0,0,1,0,0
24,702,1,5,1,83,1,0,0,1,0
31,704,2,3,1,47,0,1,0,0,0
31,748,11,14,0,89,0,0,1,0,1
32,387,4,5,0,77,1,0,0,0,0
35,755,14,15,0,69,0,0,0,0,0
37,554,13,12,1,92,0,0,0,1,1
40,762,3,4,0,81,0,0,1,0,0
38,777,12,14,0,71,0,0,0,0,0
26,601,3,6,1,77,0,0,0,0,0
36,718,4,4,1,73,0,0,0,0,0
37,749,2,2,1,71,0,0,0,0,0
36,643,12,15,1,83,0,1,0,0,0
44,765,11,15,0,71,1,0,0,0,0
22,761,1,4,1,69,1,1,0,0,0
34,754,4,2,1,88,0,0,1,0,0
38,658,12,13,1,72,0,0,0,0,0
33,633,3,5,1,72,0,0,0,0,0
31,812,11,13,1,76,1,0,0,0,1
27,629,9,11,1,71,0,0,0,0,0
26,802,3,5,0,79,0,1,0,0,0
24,719,4,5,0,85,0,0,0,1,0
33,685,4,2,1,74,0,0,1,0,0
38,773,4,4,0,69,0,0,1,0,0
37,768,3,4,1,71,0,0,0,0,0
39,714,2,4,0,70,1,1,0,0,0
31,653,3,6,1,69,0,0,0,0,0
22,787,2,5,0,66,0,0,0,0,0
44,922,4,3,0,72,0,1,0,0,0
32,671,13,12,0,91,0,0,0,1,1
43,753,12,14,1,80,0,0,0,0,0
39,773,13,15,1,69,0,0,0,0,0
44,649,14,13,1,73,0,0,0,0,0
40,783,14,12,1,77,1,1,0,0,1
36,654,13,14,0,89,0,0,0,0,1
29,705,1,6,1,87,0,0,1,0,0
27,649,6,8,1,69,0,0,0,0,0
45,700,14,12,1,82,0,0,0,1,1
26,660,3,3,1,76,1,0,0,0,0
28,858,7,11,0,69,0,0,0,0,0
35,745,4,2,0,74,0,0,0,0,0
30,626,13,11,1,85,0,0,0,1,1
43,917,13,10,0,63,0,1,0,0,0
39,599,14,13,1,61,0,0,1,0,0
33,833,2,3,0,62,0,0,1,0,0
35,874,12,15,1,65,0,0,0,0,0
32,623,4,5,0,59,0,0,0,0,0
45,705,2,4,1,69,0,0,0,0,0
27,789,3,6,1,74,0,0,0,0,0
31,579,4,2,1,72,0,0,0,0,0
39,848,2,3,1,71,1,1,0,0,0
44,350,12,11,1,78,0,0,0,0,0
40,764,2,3,1,71,1,0,0,0,0
30,618,3,3,1,83,0,0,1,0,0
29,577,3,3,1,80,0,0,0,0,0
25,570,2,3,1,69,0,0,1,0,0
45,758,4,2,1,72,0,0,0,0,0
31,666,11,11,1,75,1,0,0,0,0
42,801,4,6,0,89,0,0,0,0,0
42,704,2,5,1,73,1,1,0,0,0
34,511,11,13,1,74,1,0,0,0,0
23,710,2,4,0,71,0,1,0,0,0
28,700,6,8,1,77,0,0,0,0,0
24,597,2,5,1,74,0,0,0,0,0
42,589,13,13,1,81,1,0,0,0,0
39,567,12,10,1,70,0,0,0,0,0
29,836,2,6,1,59,1,0,1,0,0
43,666,14,12,1,63,0,0,0,0,0
45,616,2,3,1,78,0,0,0,0,0
35,757,3,3,1,59,0,0,1,0,0
34,519,2,3,1,64,0,0,0,0,0
30,578,13,12,1,68,0,0,0,0,0
26,793,1,4,1,82,0,0,0,1,0
22,699,3,2,1,83,0,0,0,1,0
22,621,1,4,1,80,0,1,0,0,0
28,604,6,7,1,78,1,0,1,0,0
22,767,1,5,1,81,0,0,1,1,0
42,661,14,10,1,75,0,0,1,0,0
24,609,1,4,0,87,0,0,1,1,0
23,650,2,3,1,66,0,0,0,0,0
42,591,12,10,1,60,0,0,0,0,0
33,780,11,12,1,70,0,0,1,0,0
36,712,4,6,1,76,0,0,0,0,0
38,610,14,15,1,78,1,0,0,0,0
38,533,4,2,1,63,0,0,0,0,0
25,775,6,9,1,74,0,1,0,0,0
31,874,2,2,1,78,0,0,1,0,0
43,500,14,11,1,60,1,0,0,0,0
23,645,3,6,0,73,1,0,0,0,0
41,830,4,3,1,71,0,0,0,0,0
45,726,3,6,1,73,0,0,0,0,0
40,646,14,15,1,89,0,0,0,0,1
26,652,1,6,1,81,0,0,0,1,0
40,836,12,13,1,78,0,0,0,0,0
27,675,2,4,1,90,0,0,0,0,0
22,631,2,2,1,62,0,0,1,0,0
26,897,9,7,0,69,0,0,0,0,0
39,830,14,12,0,69,0,0,0,0,0
33,694,2,5,1,73,1,0,0,0,0
41,738,14,10,1,74,0,0,0,0,0
41,692,2,6,1,79,0,0,0,0,0
37,819,11,11,1,76,0,1,1,0,0
41,678,13,11,1,75,0,0,0,0,0
37,687,11,11,1,61,0,0,0,0,0
30,605,3,4,1,94,0,0,0,0,0
33,753,13,13,0,93,0,0,1,0,1
29,738,2,3,1,86,1,1,0,0,0
40,867,4,3,1,80,1,0,0,0,0
28,617,9,12,1,82,0,0,0,0,0
26,661,1,2,1,83,0,0,0,0,0
28,687,6,12,1,60,0,0,0,0,0
37,627,13,13,0,82,0,0,0,1,1
40,700,4,4,1,82,1,0,0,1,0
41,511,4,4,1,85,0,0,0,1,0
34,741,12,12,1,68,0,1,0,0,0
28,679,6,11,1,81,0,0,0,0,0
22,882,1,3,0,70,1,0,0,0,0
38,762,2,6,1,69,0,0,0,0,0
37,688,2,6,0,82,0,1,0,1,0
36,779,3,2,1,68,0,0,1,0,0
25,671,2,4,1,77,0,1,0,0,0
44,676,2,5,1,81,0,0,0,0,0
28,718,6,10,1,87,1,0,0,1,0
27,732,2,5,1,78,0,1,1,0,0
38,688,14,12,1,73,1,0,1,0,1
40,652,11,13,1,66,0,0,1,0,0
29,653,1,5,0,90,0,0,0,0,0
26,785,8,10,1,85,0,1,0,0,0
45,524,2,4,1,68,1,0,0,0,0
30,762,14,15,1,96,0,0,0,1,1
27,434,2,6,1,76,0,0,0,0,0
42,791,14,15,1,93,0,0,0,0,1
33,610,12,15,1,69,0,0,0,0,0
24,902,1,4,1,75,0,0,0,0,0
29,724,8,10,1,71,0,1,1,0,0
25,697,3,2,1,76,1,0,0,0,0
25,627,6,8,1,73,0,1,0,0,0
37,662,3,4,1,87,0,0,0,0,0
35,809,12,15,1,60,1,0,0,0,0
37,774,13,10,1,76,1,0,0,0,0
40,679,13,14,1,89,0,0,0,0,1
38,787,12,15,0,89,0,1,0,1,1
29,624,1,4,1,90,1,0,1,0,0
34,764,13,11,1,66,0,0,0,0,0
45,789,13,12,1,59,0,0,1,0,0
28,686,3,6,1,87,0,0,1,1,0
35,771,4,6,1,63,0,0,0,0,0
44,732,4,3,1,100,1,0,0,0,0
27,636,2,6,1,58,0,0,0,0,0
45,795,2,4,1,92,0,0,0,0,0
28,714,8,9,1,96,1,1,0,0,0
37,620,2,4,1,67,0,1,0,0,0
31,624,2,5,1,73,0,0,0,0,0
43,558,2,2,1,72,0,0,0,0,0
39,694,13,13,1,75,1,0,0,0,0
30,679,2,2,1,86,0,1,1,0,0
30,552,3,4,1,85,0,0,0,0,0
44,680,2,5,1,76,0,0,0,0,0
44,746,13,12,1,92,0,0,1,0,1
38,664,11,12,1,77,0,0,0,0,0
37,698,12,13,1,62,0,0,0,0,0
38,720,4,6,1,77,0,1,1,0,0
27,504,3,5,1,78,0,0,1,0,0
23,654,3,2,1,62,0,0,1,0,0
27,726,6,9,1,80,0,0,0,0,0
28,724,9,12,1,74,0,0,0,0,0
31,693,3,2,1,74,0,0,0,0,0
35,791,2,2,0,74,0,1,0,0,0
37,558,2,2,1,61,0,1,0,0,0
34,863,14,10,0,79,0,0,0,0,0
27,599,3,2,1,83,0,0,0,1,0
22,638,3,4,1,64,0,0,0,0,0
41,728,11,15,1,82,1,0,0,1,1
42,514,12,15,1,69,0,0,0,0,0
24,553,1,3,1,80,0,0,0,0,0
37,491,12,15,0,68,0,0,0,0,0
40,786,12,12,1,56,0,0,0,0,0
25,461,1,4,1,88,1,1,0,0,0
28,575,8,8,1,71,1,0,0,0,0
29,480,7,8,0,73,0,1,0,0,0
31,716,3,5,1,87,1,0,1,1,0
37,575,14,11,1,82,1,1,0,1,0
40,770,14,13,1,77,0,1,1,0,1
39,543,3,3,1,82,0,0,1,1,0
30,950,2,4,1,73,1,0,0,0,0
37,698,11,15,1,65,0,0,0,0,0
41,816,4,2,1,76,1,0,0,0,0
44,707,12,10,1,49,1,1,0,0,0
34,721,12,12,1,73,0,0,0,0,0
28,654,9,7,1,73,0,0,0,0,0
43,603,4,3,0,89,0,0,0,0,0
39,758,3,4,1,65,0,0,0,0,0
33,703,14,10,1,67,1,0,0,0,0
38,730,14,15,1,66,0,0,0,0,0
30,711,3,5,1,72,0,1,0,0,0
26,813,2,2,0,80,0,0,0,0,0
33,633,3,5,1,85,0,1,0,0,0
39,772,11,14,0,84,0,0,0,0,0
43,817,2,5,1,67,0,1,0,0,0
29,840,8,8,1,83,1,0,0,1,0
26,621,8,7,1,69,1,1,1,0,0
38,702,3,5,1,69,1,0,0,0,0
34,744,3,2,1,90,1,1,0,0,0
26,540,10,15,1,72,0,1,0,0,0
28,641,2,5,0,69,0,0,0,0,0
39,785,14,12,1,80,0,0,0,0,0
43,542,2,5,0,93,0,0,0,0,0
37,821,4,6,0,61,0,0,0,0,0
38,642,2,2,1,66,1,0,0,0,0
31,749,12,13,1,75,1,0,0,0,0
35,767,11,11,1,61,0,0,0,0,0
41,623,3,3,1,53,0,0,0,0,0
45,875,14,12,1,64,0,0,0,0,0
22,653,1,3,1,63,0,0,0,0,0
35,652,11,10,0,89,0,0,0,0,0
43,699,3,6,1,91,0,0,1,0,0
45,626,4,2,1,59,0,1,0,0,0
39,701,14,12,1,79,0,0,0,0,0
28,636,3,2,1,78,0,0,0,0,0
37,780,12,15,1,75,1,0,0,0,0
22,632,3,3,1,84,0,0,1,0,0
35,812,3,4,1,76,0,0,0,0,0
44,587,12,15,0,94,0,1,0,0,1
28,681,8,12,1,83,0,0,0,1,0
34,696,4,2,0,89,0,0,0,1,0
28,758,3,5,1,71,0,0,0,0,0
36,710,3,5,1,73,0,0,0,0,0
42,619,2,5,1,70,0,0,0,0,0
35,621,4,4,1,84,1,0,0,1,0
27,770,8,11,1,74,0,1,0,0,0
30,782,2,3,0,76,1,0,1,0,0
38,716,2,2,1,98,0,0,0,0,0
26,699,1,4,1,59,1,0,0,0,0
40,675,4,4,0,85,0,0,0,1,0
36,731,12,12,0,64,0,0,1,0,0
37,702,4,6,0,89,1,1,1,1,0
29,634,3,2,1,77,0,0,1,0,0
44,876,11,13,1,60,0,1,0,0,0
22,553,1,3,1,78,0,1,0,0,0
41,581,13,14,1,77,1,1,1,0,1
40,678,12,14,1,77,0,1,0,0,0
32,594,14,14,1,95,0,0,0,0,1
31,829,2,2,0,73,0,0,0,0,0
43,675,12,12,1,65,0,0,0,0,0
34,689,2,2,1,71,0,0,0,0,0
38,787,14,11,1,67,0,0,0,0,0
22,718,1,4,1,89,0,0,0,1,0
40,810,4,4,1,72,0,0,1,0,0
35,768,2,3,0,63,0,0,0,0,0
29,551,7,12,1,64,1,0,0,0,0
40,771,3,5,1,83,0,0,0,1,0
22,686,2,5,1,71,0,0,0,0,0
31,867,2,6,0,86,0,1,0,0,0
22,647,3,2,1,55,1,0,0,0,0
22,742,3,4,1,75,0,0,0,0,0
34,570,3,3,0,82,0,1,1,0,0
40,750,13,15,0,71,0,0,0,0,0
44,623,12,13,1,76,0,0,0,0,0
25,601,3,4,0,49,0,0,0,0,0
40,727,4,3,1,67,0,0,0,0,0
41,683,14,15,1,83,0,0,1,1,1
34,919,2,2,1,76,0,0,0,0,0
29,801,1,4,0,76,1,0,1,0,0
30,648,13,13,1,84,0,0,0,1,1
25,810,2,2,1,77,0,0,0,0,0
23,884,2,4,1,63,0,0,0,0,0
42,577,11,10,1,77,0,1,0,0,0
43,527,3,6,1,83,1,0,0,0,0
31,734,12,10,1,73,0,0,1,0,0
44,628,13,13,1,83,0,0,0,1,1
41,747,2,2,1,78,0,0,0,0,0
38,791,3,5,1,74,0,0,0,0,0
38,614,4,4,1,64,0,0,0,0,0
24,690,3,2,1,82,0,1,0,0,0
45,695,12,13,1,63,0,0,1,0,0
37,779,12,12,1,77,0,0,1,0,0
31,782,11,10,1,67,0,0,0,0,0
37,714,3,5,1,76,0,0,0,0,0
45,821,14,15,1,74,0,0,1,0,1
44,707,4,3,1,73,0,0,0,0,0
30,668,4,6,0,78,0,0,1,0,0
24,788,3,6,1,86,0,0,0,0,0
29,713,2,6,1,75,0,0,0,0,0
37,577,3,3,1,79,0,0,0,0,0
32,569,4,6,1,75,0,0,0,0,0
33,623,14,11,0,92,0,0,1,1,1
43,919,14,15,1,68,0,0,0,0,0
39,684,2,3,1,77,1,0,0,0,0
33,641,4,2,1,62,1,0,0,0,0
34,711,3,3,1,99,0,0,0,0,0
36,654,3,4,1,61,0,0,0,0,0
23,600,3,2,1,84,0,0,0,1,0
41,672,14,11,1,93,0,0,0,0,0
35,869,14,12,1,73,0,0,0,0,0
38,524,4,3,1,65,0,0,0,0,0
26,678,6,11,0,72,0,0,0,0,0
39,788,14,15,1,66,1,0,0,0,0
41,605,4,4,1,66,0,0,0,0,0
38,753,12,14,0,78,0,0,0,0,0
32,654,13,13,1,74,0,0,0,0,0
27,782,10,13,0,67,0,0,0,0,0
25,629,2,2,1,79,0,0,0,0,0
41,834,2,4,1,93,1,0,0,0,0
38,689,2,3,1,66,0,0,0,0,0
32,755,11,13,1,64,1,0,0,0,0
32,743,3,4,1,100,0,0,0,0,0
41,688,13,14,0,91,0,1,0,1,1
41,597,14,15,1,82,0,0,0,1,0
40,821,14,12,1,71,0,1,0,0,1
29,897,3,6,1,82,0,1,0,1,0
30,768,11,14,1,61,0,0,0,0,0
31,791,11,11,1,56,0,0,0,0,0
23,613,3,6,1,66,0,0,0,0,0
45,675,11,15,1,88,0,0,0,1,1
28,739,2,6,1,96,0,0,0,1,0
41,666,2,5,1,80,0,0,0,0,0
26,950,6,11,0,67,0,0,0,0,0
29,559,7,8,1,65,1,0,0,0,0
31,739,4,2,1,89,0,1,1,1,0
30,825,14,15,1,78,0,0,1,0,1
24,743,3,4,0,54,1,1,0,0,0
32,737,11,14,1,74,1,0,0,0,0
30,675,3,5,1,69,0,0,0,0,0
25,804,10,10,1,72,0,0,0,0,0
35,717,14,13,1,80,1,0,0,0,0
26,819,1,6,1,79,0,0,0,0,0
42,705,12,13,1,60,0,0,0,0,0
30,614,14,14,1,80,0,1,0,0,0
27,750,9,12,0,79,0,0,1,0,0
30,667,14,12,1,84,0,1,0,0,0
38,776,4,3,1,98,0,0,0,0,0
39,593,3,6,1,81,0,0,0,0,0
22,811,2,5,1,86,0,0,0,0,0
40,750,3,3,1,59,0,0,0,0,0
43,513,12,14,1,67,0,1,0,0,0
24,714,5,2,1,74,0,0,0,0,0
28,736,1,4,1,83,0,0,0,0,0
41,371,12,14,1,78,0,0,0,0,0
32,695,12,11,1,62,0,0,0,0,0
39,821,13,10,1,85,0,0,0,0,0
33,489,13,13,1,76,1,0,0,0,0
32,726,4,3,0,69,0,0,0,0,0
39,603,13,11,1,65,0,0,0,0,0
45,668,2,2,1,59,0,0,0,0,0
43,780,4,6,1,61,0,0,0,0,0
24,571,5,6,1,68,0,1,0,0,0
25,788,9,9,1,78,0,0,0,0,0
37,687,2,3,1,72,0,1,0,0,0
24,668,1,3,1,83,0,0,0,0,0
31,785,11,13,1,63,1,0,0,0,0
44,828,13,13,1,69,0,0,0,0,0
24,734,2,3,0,95,0,0,0,1,0
29,703,2,3,1,75,0,0,0,0,0
23,831,1,5,0,90,0,0,0,0,0
31,636,14,15,0,71,0,0,0,0,0
30,596,2,2,1,70,1,0,0,0,0
28,670,10,15,1,62,0,0,0,0,0
25,784,7,8,0,84,0,0,1,1,0
42,719,4,4,1,79,0,1,1,0,0
31,845,3,6,0,73,0,1,0,0,0
28,727,8,9,1,77,0,0,0,0,0
30,577,12,11,1,70,0,1,1,0,0
34,726,3,6,1,75,0,0,0,0,0
27,601,8,11,1,80,0,1,0,0,0
24,697,2,4,0,65,0,0,0,0,0
26,615,8,11,0,59,0,0,1,0,0
26,764,10,11,1,72,0,0,0,0,0
41,650,12,12,1,77,0,0,1,0,0
35,950,11,12,1,91,1,0,0,0,1
39,619,3,6,1,70,0,1,0,0,0
27,591,2,3,1,71,0,0,0,0,0
32,683,2,6,1,80,0,1,0,0,0
42,741,2,3,1,71,1,0,0,0,0
41,754,2,2,1,75,0,0,0,0,0
30,664,14,12,1,73,0,0,1,0,0
33,911,4,5,1,80,0,1,0,0,0
37,604,4,4,1,68,0,0,0,0,0
22,903,2,3,1,77,0,1,0,0,0
30,716,11,13,1,84,0,1,0,1,1
38,766,13,13,1,73,1,0,0,0,0
33,738,2,6,1,60,0,0,0,0,0
41,820,4,5,1,61,0,0,0,0,0
38,590,13,12,1,70,0,0,0,0,0
24,688,2,3,1,89,0,0,0,1,0
42,664,13,14,1,78,0,0,0,0,0
44,715,4,6,1,83,0,1,0,1,0
39,605,3,6,0,77,0,0,0,0,0
38,640,12,15,1,66,0,0,1,0,0
32,632,2,6,1,75,1,0,1,0,0
29,693,2,2,1,82,0,0,0,1,0
45,528,11,15,1,70,0,1,0,0,0
23,560,3,6,1,86,0,0,0,1,0
34,594,4,6,0,80,0,1,0,0,0
22,864,3,5,0,75,0,1,0,0,0
34,631,3,3,1,78,1,0,1,0,0
40,722,11,10,1,74,0,0,0,0,0
31,741,4,5,0,65,0,0,0,0,0
34,549,13,12,0,80,0,0,0,0,0
38,604,13,12,1,64,0,0,0,0,0
24,758,3,5,1,67,0,0,0,0,0
41,767,14,10,1,55,0,0,0,0,0
44,587,14,12,1,82,0,1,0,1,1
38,775,4,2,1,85,0,0,0,1,0
45,609,2,6,1,78,0,0,0,0,0
45,848,3,5,0,59,0,0,1,0,0
44,675,2,4,1,86,0,0,0,0,0
42,440,4,6,1,83,0,0,0,0,0
39,777,14,10,1,94,0,0,1,0,0
22,505,2,4,0,71,0,0,1,0,0
40,735,3,2,1,69,0,0,0,0,0
29,623,3,2,1,81,1,0,0,0,0
26,682,8,7,1,75,0,0,1,0,0
34,641,13,15,1,70,0,0,0,0,0
33,646,3,4,1,77,0,0,0,0,0
31,852,4,6,0,62,1,0,0,0,0
22,628,1,4,1,73,0,1,0,0,0
27,634,8,8,1,68,0,0,0,0,0
44,625,2,6,0,76,0,0,0,0,0
25,721,3,2,0,59,0,0,1,0,0
44,790,13,12,0,72,0,1,0,0,0
25,739,3,5,1,67,0,0,0,0,0
39,692,14,14,1,57,0,1,0,0,0
35,704,12,14,1,56,1,0,0,0,0
32,716,4,6,0,82,0,0,0,1,0
28,711,10,13,0,75,1,1,0,0,1
44,599,2,4,1,72,0,0,0,0,0
37,660,14,11,1,69,0,1,1,0,0
38,709,11,14,1,62,0,0,0,0,0
25,597,2,4,0,74,0,0,0,0,0
34,732,13,12,1,57,0,0,0,0,0
42,721,11,15,1,57,0,1,0,0,0
27,669,3,6,1,82,0,0,0,1,0
36,642,2,2,1,73,0,0,0,0,0
36,689,3,5,0,78,0,0,0,0,0
38,701,3,5,1,69,0,1,0,0,0
37,893,4,2,0,74,0,0,1,0,0
36,817,2,3,1,76,0,0,0,0,0
41,597,2,2,1,67,0,0,0,0,0
39,747,11,10,0,92,0,0,0,1,1
36,799,3,5,1,92,0,0,0,0,0
38,749,4,6,1,72,0,0,0,0,0
28,664,9,12,1,71,0,1,0,0,0
34,586,4,6,1,85,0,1,0,1,0
30,526,4,4,1,94,0,1,0,0,0
30,577,14,15,1,77,0,0,0,0,0
42,855,13,12,1,84,0,0,0,0,0
37,711,12,10,1,80,0,0,1,0,0
33,572,14,12,1,84,0,0,0,0,0
34,739,14,12,1,73,0,0,1,0,0
35,737,4,4,1,90,0,0,1,0,0
35,715,2,4,1,60,0,1,0,0,0
37,732,12,12,1,55,1,0,0,0,0
41,708,11,12,1,72,0,0,1,0,0
38,737,13,15,1,77,0,0,0,0,0
25,671,3,3,1,83,0,0,0,0,0
37,605,2,6,1,92,0,0,0,0,0
23,733,2,6,1,59,1,1,0,0,0
27,757,6,12,1,85,0,0,0,1,1
22,753,1,5,1,68,0,0,1,0,0
28,763,10,11,0,67,1,1,1,0,0
31,705,2,5,1,80,0,0,0,0,0
39,563,12,14,0,75,0,0,0,0,0
28,667,2,5,0,74,0,0,0,0,0
22,595,3,6,1,76,0,0,0,0,0
25,643,2,4,1,64,0,0,0,0,0
29,920,7,12,1,84,0,0,1,0,0
29,630,7,12,1,68,0,0,0,0,0
38,677,2,6,1,69,1,0,1,0,0
31,902,14,12,1,87,1,0,0,0,1
38,703,4,3,1,75,0,0,0,0,0
26,680,8,11,1,72,0,0,0,0,0
34,747,13,15,1,72,0,1,0,0,0
25,735,10,11,1,65,0,0,0,0,0
37,768,13,15,1,57,0,0,0,0,0
39,950,4,4,1,90,0,0,0,0,0
44,681,4,3,1,52,0,0,0,0,0
25,826,2,5,1,91,0,0,0,0,0
36,612,13,10,1,91,0,0,0,0,0
33,808,11,12,1,65,0,0,0,0,0
32,764,2,6,0,64,1,0,1,0,0
45,868,12,10,1,54,0,0,0,0,0
35,542,13,13,1,60,0,0,0,0,0
24,778,1,4,1,67,0,1,0,0,0
35,669,2,4,1,61,0,0,0,0,0
35,910,11,10,1,85,0,0,0,0,0
41,750,12,10,0,77,0,0,0,0,0
35,651,2,3,1,66,0,1,0,0,0
45,886,11,12,0,65,0,1,0,0,0
42,814,13,13,1,68,1,1,0,0,1
45,709,12,12,1,61,0,0,1,0,0
36,644,14,14,1,86,0,0,0,0,1
35,599,2,3,0,90,0,0,1,0,0
44,861,3,2,1,79,0,0,0,0,0
37,538,13,10,1,77,1,0,0,0,0
41,817,4,3,0,77,0,0,1,0,0
32,646,4,5,1,76,0,0,0,0,0
25,689,1,2,1,63,0,0,1,0,0
31,771,11,11,1,74,0,1,1,0,0
25,531,6,10,1,78,0,1,0,0,0
32,737,3,2,1,71,1,0,0,0,0
31,610,4,5,1,100,1,1,0,1,0
28,775,2,5,1,91,0,1,0,0,0
22,567,1,2,1,89,0,0,0,1,0
32,631,12,13,1,80,1,0,0,0,0
42,730,11,15,1,66,0,0,0,0,0
27,876,1,3,1,65,1,0,0,0,0
23,791,1,4,1,68,0,0,1,0,0
29,707,8,12,1,69,0,0,0,0,0
30,724,13,15,1,67,0,0,0,0,0
45,722,11,12,1,69,0,0,0,0,0
35,621,4,3,1,75,0,1,0,0,0
41,677,14,10,1,77,0,1,0,0,0
26,839,9,9,0,73,1,0,0,0,0
37,759,3,5,1,62,0,0,0,0,0
31,771,2,4,1,67,0,0,0,0,0
36,764,4,2,1,66,0,0,0,0,0
24,799,3,2,1,51,1,1,0,0,0
34,767,11,12,1,66,1,0,0,0,0
31,636,3,5,1,84,0,0,0,1,0
27,671,9,12,0,74,0,1,1,0,0
38,604,11,12,1,75,0,0,1,0,0
31,769,3,4,0,70,1,1,0,0,0
30,672,13,10,1,86,0,1,1,1,1
43,813,3,2,0,70,1,0,0,0,0
28,736,3,4,1,68,0,1,0,0,0
43,628,14,10,1,67,0,0,1,0,0
27,651,3,3,1,87,0,1,1,1,0
26,720,9,9,1,80,0,1,1,0,0
43,748,3,2,1,68,0,0,0,0,0
45,612,4,4,1,89,0,0,0,0,0
45,830,3,4,1,96,1,1,0,1,0
38,726,3,5,1,84,1,0,1,1,0
41,582,12,11,1,65,0,1,0,0,0
23,621,3,4,1,60,1,0,0,0,0
45,718,13,10,1,61,1,0,0,0,0
43,709,3,2,1,84,0,0,0,0,0
45,664,11,11,1,79,0,0,0,0,0
27,844,7,11,1,74,1,1,0,0,0
43,762,12,15,1,81,0,0,1,1,1
24,950,5,5,0,67,0,1,0,0,0
39,792,3,2,1,84,0,0,1,1,0
35,618,13,11,1,70,0,0,0,0,0
34,808,11,13,1,62,0,0,0,0,0
42,727,13,15,1,77,0,0,0,0,0
41,620,14,14,1,87,0,0,0,0,1
31,702,13,15,1,56,0,0,0,0,0
39,778,2,5,1,61,0,0,1,0,0
41,905,13,14,1,77,0,0,0,0,0
22,667,1,3,1,61,1,0,0,0,0
25,560,2,6,1,79,0,0,0,0,0
43,842,2,4,1,94,1,0,0,0,0
24,695,2,3,1,72,0,0,0,0,0
35,592,11,12,1,67,0,1,0,0,0
45,556,11,11,0,67,0,0,0,0,0
34,729,11,14,1,78,0,0,0,0,0
22,740,3,6,1,63,0,0,0,0,0
40,752,14,15,1,71,1,0,0,0,0
36,778,13,10,1,68,0,0,1,0,0
34,731,4,4,1,77,0,0,0,0,0
44,811,2,3,1,100,0,1,0,0,0
40,751,14,10,1,55,0,0,0,0,0
36,605,2,2,1,89,0,0,0,0,0
24,680,1,6,0,80,0,0,0,0,0
30,641,13,14,1,74,0,0,1,0,0
45,640,2,5,1,68,0,0,0,0,0
36,668,4,3,1,56,0,0,0,0,0
23,685,1,4,1,81,0,1,0,1,0
42,772,11,11,1,55,0,0,0,0,0
40,658,12,14,0,74,1,1,0,0,1
25,750,3,2,0,60,0,1,0,0,0
33,626,14,11,1,75,0,0,0,0,0
25,685,2,2,0,61,0,1,0,0,0
44,777,14,13,1,75,0,0,0,0,0
31,602,13,11,1,59,1,1,0,0,0
45,637,14,15,1,75,0,1,0,0,0
37,812,13,13,1,68,0,0,0,0,0
38,704,4,6,1,82,0,0,0,0,0
34,866,11,13,1,74,0,0,0,0,0
32,647,3,6,0,80,0,0,1,0,0
39,595,4,2,1,68,1,0,0,0,0
45,686,13,13,1,74,0,0,0,0,0
22,868,4,5,1,83,0,0,0,1,0
31,669,3,2,1,81,0,0,0,0,0
23,711,1,6,0,67,0,0,0,0,0
26,674,2,2,1,81,0,0,0,1,0
24,742,1,2,1,63,1,0,0,0,0
28,649,2,3,1,95,1,0,0,0,0
22,576,5,3,1,73,0,0,1,0,0
34,704,12,14,1,82,0,0,0,1,1
38,725,4,4,1,82,0,0,0,0,0
40,681,3,5,1,83,0,0,0,1,0
34,735,11,15,1,57,0,0,0,0,0
40,603,4,6,1,68,0,0,0,0,0
44,785,12,11,1,79,0,0,0,0,0
40,653,4,3,0,71,0,0,0,0,0
32,753,11,11,1,58,0,0,1,0,0
35,721,4,5,1,57,0,0,0,0,0
36,617,13,12,1,73,0,0,0,0,0
35,657,4,6,1,58,0,0,0,0,0
27,733,1,5,1,84,0,0,0,1,0
31,601,12,15,1,65,0,0,0,0,0
42,609,4,5,1,73,0,0,0,0,0
33,740,13,11,1,75,1,1,1,0,0
38,822,4,2,1,67,0,0,0,0,0
30,690,11,13,1,66,0,0,1,0,0
41,776,4,6,1,91,0,0,0,1,0
26,696,3,2,1,76,0,0,0,0,0
45,551,13,11,1,78,0,0,0,0,0
38,755,3,4,1,62,0,1,0,0,0
33,677,12,10,1,65,0,0,1,0,0
43,821,3,4,1,78,0,0,0,0,0
24,518,1,2,1,67,1,0,0,0,0
38,831,12,13,0,61,0,0,0,0,0
36,827,2,5,1,84,0,0,0,0,0
38,913,4,4,1,63,0,1,0,0,0
43,744,2,2,1,69,0,0,0,0,0
29,645,6,7,1,62,0,0,0,0,0
40,631,14,10,1,80,0,1,0,0,0
30,796,4,4,0,50,0,1,0,0,0
29,696,8,9,1,64,0,0,0,0,0
26,678,2,2,1,58,0,1,0,0,0
39,696,4,4,1,73,0,0,1,0,0
39,688,14,12,1,74,0,0,0,0,0
36,655,2,5,1,85,1,0,0,1,0
39,824,12,14,0,76,0,0,0,0,0
39,895,14,13,1,79,0,0,0,0,0
27,817,6,10,1,71,1,0,0,0,0
33,950,13,13,1,77,1,0,0,0,1
41,665,3,3,0,80,0,0,0,0,0
35,820,2,3,1,69,0,0,0,0,0
27,833,7,11,0,79,0,0,1,0,0
33,866,13,10,1,71,0,0,0,0,0
25,632,6,11,1,82,0,0,0,1,0
27,798,1,6,1,67,0,1,0,0,0
31,584,14,11,1,88,0,0,0,1,0
40,527,4,3,1,88,0,0,1,0,0
37,784,11,11,1,57,1,0,0,0,0
39,624,11,14,1,73,1,0,0,0,0
36,690,4,2,1,80,1,1,0,0,0
37,717,4,3,1,73,0,0,1,0,0
45,634,13,10,1,63,1,0,0,0,0
39,684,11,10,1,85,1,0,0,0,0
40,748,3,2,0,92,0,1,0,1,0
28,696,9,12,1,81,0,0,0,0,0
40,860,12,10,1,62,0,0,0,0,0
39,563,3,4,1,84,1,0,0,1,0
38,841,12,10,0,56,0,0,0,0,0
33,769,14,13,0,75,0,0,0,0,0
23,753,5,5,1,94,0,0,0,1,0
26,853,10,14,0,70,0,1,0,0,1
35,718,4,5,1,61,1,0,1,0,0
23,553,1,5,0,86,0,0,0,0,0
41,843,3,3,1,82,1,1,0,0,0
26,669,3,3,1,91,0,0,0,0,0
42,617,13,14,1,64,0,0,0,0,0
38,682,2,6,1,66,1,0,0,0,0
39,514,11,14,1,72,0,0,0,0,0
44,776,3,6,1,89,0,0,0,1,0
23,835,5,3,0,68,0,0,0,0,0
41,592,3,3,1,93,0,1,0,1,0
37,541,4,4,1,76,0,1,0,0,0
26,673,2,5,1,64,0,0,0,0,0
24,587,2,6,1,65,0,0,0,0,0
22,681,3,2,1,80,1,0,0,0,0
30,815,4,4,1,99,0,1,0,1,0
42,703,13,15,0,75,0,0,0,0,0
44,598,12,11,1,69,1,0,0,0,0
35,840,14,11,1,83,0,0,0,0,0
42,599,11,15,1,77,0,0,0,0,0
37,601,2,4,1,82,0,1,1,0,0
28,729,7,9,1,77,0,0,0,0,0
29,741,8,12,1,84,0,0,0,1,0
33,928,14,15,1,76,0,0,0,0,0
40,770,11,15,1,76,0,0,1,0,0
23,618,2,4,1,68,1,0,0,0,0
24,627,1,5,1,64,0,0,0,0,0
39,718,14,15,0,72,1,0,0,0,0
37,687,4,5,1,65,0,0,0,0,0
45,597,11,11,1,79,0,0,0,0,0
45,659,14,10,1,65,1,0,0,0,0
26,798,1,3,1,72,1,0,0,0,0
37,740,4,2,0,76,0,0,0,0,0
38,760,13,15,1,55,0,0,0,0,0
42,587,14,14,0,69,0,0,1,0,0
30,600,13,13,1,77,0,0,0,0,0
25,501,10,10,0,70,1,1,0,0,0
44,564,3,2,0,65,0,0,0,0,0
25,588,7,7,0,59,0,0,0,0,0
41,723,14,14,1,69,1,0,0,0,0
34,763,14,13,1,89,0,0,0,1,1
41,785,3,2,1,80,0,0,0,0,0
42,843,12,11,0,75,1,0,0,0,0
37,842,2,5,1,84,0,0,0,1,0
34,656,14,12,1,81,0,0,0,0,0
34,709,3,4,1,78,0,0,0,0,0
40,748,11,14,1,65,0,0,0,0,0
24,749,2,3,1,79,0,0,0,0,0
43,679,13,13,0,78,0,0,0,0,0
31,596,4,5,0,56,0,0,0,0,0
29,573,9,12,1,90,0,0,0,1,0
31,810,12,10,1,65,0,0,0,0,0
44,757,4,2,1,70,0,0,0,0,0
45,848,11,14,1,70,1,0,0,0,1
30,472,2,4,1,68,1,0,0,0,0
36,714,4,3,1,81,0,0,1,1,0
31,868,12,10,1,85,1,0,0,1,1
29,606,8,9,1,99,0,0,0,1,0
45,706,4,3,1,70,0,0,0,0,0
31,714,4,6,1,74,1,0,1,0,0
31,872,12,14,1,67,0,0,0,0,0
24,420,5,4,1,66,0,0,0,0,0
25,645,7,12,1,69,0,0,0,0,0
34,572,14,15,0,48,1,1,0,0,0
38,826,4,3,1,81,0,0,0,1,0
42,772,2,3,0,72,0,1,0,0,0
30,739,4,5,1,75,0,1,0,0,0
33,710,3,6,1,96,0,0,0,1,0
25,677,2,4,0,78,1,1,0,0,0
43,766,14,15,1,65,0,0,1,0,0
36,737,2,2,1,62,0,0,0,0,0
39,736,2,4,0,79,1,1,0,0,0
34,715,2,4,1,66,0,0,0,0,0
30,605,4,4,0,84,0,1,0,0,0
39,753,14,14,1,75,0,0,0,0,0
32,826,13,15,1,53,0,0,1,0,0
27,511,7,9,1,64,0,0,0,0,0
37,549,4,5,1,66,0,0,0,0,0
41,621,13,12,1,53,0,0,0,0,0
24,714,5,2,1,68,0,1,1,0,0
30,530,11,14,1,66,0,0,0,0,0
23,684,4,4,1,73,1,0,0,0,0
23,616,3,4,1,67,0,0,0,0,0
26,520,3,5,1,81,0,0,1,0,0
23,742,1,2,1,58,0,0,1,0,0
38,819,2,5,1,76,0,0,0,0,0
28,649,8,12,1,71,1,0,0,0,0
43,656,12,15,1,73,0,0,1,0,0
34,543,13,10,1,74,1,0,0,0,0
33,670,14,12,1,71,0,0,0,0,0
23,655,3,2,0,78,0,0,0,0,0
32,603,3,3,1,78,1,1,0,0,0
23,789,1,6,1,78,0,0,0,0,0
33,766,3,4,1,85,0,1,0,1,0
22,635,2,4,0,90,0,1,0,0,0
31,663,12,14,1,91,0,0,1,1,1
38,647,3,2,1,75,0,0,0,0,0
45,942,12,10,1,67,0,1,0,0,0
31,865,2,4,1,78,0,0,0,0,0
35,606,11,13,1,79,0,0,0,0,0
31,559,12,10,1,64,1,0,0,0,0
31,746,12,10,0,80,0,0,0,0,0
22,706,2,4,1,72,0,1,0,0,0
34,761,2,2,0,73,0,0,0,0,0
36,740,11,15,0,93,1,0,0,1,1
45,950,12,10,1,74,0,0,0,0,0
35,735,4,5,1,76,0,1,1,0,0
28,812,1,4,0,62,0,0,0,0,0
27,746,1,3,1,61,0,0,1,0,0
22,737,4,4,1,79,1,0,0,0,0
35,712,11,10,0,81,1,0,0,0,0
26,866,7,7,1,71,0,0,1,0,0
32,840,2,5,0,61,0,1,0,0,0
39,827,12,12,1,80,1,0,0,0,1
42,674,11,10,1,83,0,1,0,0,0
43,770,4,3,1,87,0,1,0,0,0
44,748,2,3,0,72,0,1,0,0,0
30,640,2,5,1,79,0,0,0,0,0
37,633,12,13,0,73,0,0,0,0,0
31,714,4,6,1,72,0,0,0,0,0
40,652,2,2,0,83,1,0,1,1,0
43,639,11,13,1,80,1,1,0,0,1
27,630,3,6,0,63,0,0,1,0,0
39,700,11,14,1,70,0,1,0,0,0
41,697,14,12,1,86,0,0,0,1,1
32,508,2,5,1,67,0,0,0,0,0
22,588,3,6,0,78,0,0,0,0,0
42,631,4,4,1,54,0,0,0,0,0
31,773,11,12,1,59,1,0,0,0,0
44,746,4,6,1,65,0,0,0,0,0
35,793,4,4,1,72,0,1,0,0,0
39,744,2,5,1,72,0,0,0,0,0
36,733,11,13,1,75,0,0,0,0,0
27,589,10,12,1,80,0,0,1,0,0
23,545,4,2,1,76,0,0,0,0,0
26,818,2,2,1,93,0,0,1,0,0
23,896,1,5,1,65,0,1,0,0,0
31,645,3,3,1,64,0,0,0,0,0
44,886,4,3,1,82,0,1,0,0,0
29,753,8,10,1,68,0,0,0,0,0
41,784,13,15,1,75,0,0,1,0,0
25,778,6,7,1,58,0,0,0,0,0
23,658,2,2,1,98,0,0,0,1,0
24,746,3,6,1,81,0,0,0,0,0
44,675,2,4,1,82,0,0,0,0,0
25,618,8,9,1,73,0,1,1,0,0
27,718,8,12,0,64,1,1,0,0,0
43,729,2,2,1,62,0,0,1,0,0
39,717,2,6,1,66,0,0,1,0,0
39,607,3,6,1,79,0,0,0,0,0
22,752,1,3,1,72,0,0,0,0,0
25,836,10,10,1,74,1,0,1,0,0
34,827,11,11,1,74,0,0,1,0,0
43,621,3,3,1,65,1,0,0,0,0
30,574,2,6,1,74,0,0,0,0,0
41,765,12,14,0,81,0,0,0,0,0
43,775,2,5,1,76,0,0,0,0,0
28,649,3,3,1,83,0,0,0,1,0
43,653,2,4,1,67,0,0,0,0,0
22,503,2,2,1,59,1,0,0,0,0
23,752,2,3,1,75,0,1,0,0,0
44,893,2,3,1,87,1,0,0,1,0
42,663,4,4,1,67,0,0,0,0,0
42,751,14,11,1,70,1,0,0,0,0
24,699,1,6,1,71,0,0,0,0,0
31,791,2,6,1,84,0,0,0,0,0
40,653,3,3,1,85,0,0,0,0,0
23,889,2,2,1,62,0,1,1,0,0
30,718,2,3,0,73,0,0,0,0,0
30,770,12,13,1,58,0,0,0,0,0
35,804,3,2,1,72,0,1,0,0,0
30,605,4,3,0,89,0,0,1,1,0
35,668,3,6,1,80,0,0,0,0,0
41,840,4,6,0,78,0,0,1,0,0
45,619,14,14,0,76,0,0,0,0,0
24,635,1,5,1,80,0,0,0,0,0
23,620,4,3,1,95,0,0,0,1,0
28,671,7,11,0,81,0,0,0,1,0
28,611,7,12,1,64,1,1,0,0,0
43,688,2,5,1,92,0,0,0,0,0
41,464,3,6,1,92,1,0,0,0,0
36,885,13,15,1,78,1,0,0,0,1
33,688,2,3,1,66,0,0,0,0,0
22,559,3,6,1,78,0,0,1,0,0
42,551,14,14,1,84,0,0,0,0,0
30,637,4,4,1,58,1,0,0,0,0
33,638,14,13,0,72,0,0,0,0,0
23,748,2,4,1,64,0,1,0,0,0
33,643,12,15,1,74,0,0,0,0,0
35,560,12,15,1,76,0,0,1,0,0
28,478,9,8,1,69,0,0,0,0,0
23,648,5,4,1,72,0,0,0,0,0
26,730,9,11,1,73,0,0,0,0,0
37,613,11,13,1,66,0,0,1,0,0
24,670,5,4,1,85,0,1,1,1,0
29,734,3,4,1,61,0,0,0,0,0
29,734,1,2,1,76,1,0,0,0,0
23,643,1,3,1,81,1,0,0,0,0
24,549,3,5,1,82,0,1,0,0,0
42,626,11,14,0,82,0,0,0,0,0
23,907,1,6,1,66,0,0,0,0,0
28,828,3,5,1,88,0,0,0,1,0
25,587,8,12,1,67,0,0,0,0,0
23,548,2,4,1,76,0,0,0,0,0
29,632,3,5,1,73,0,1,0,0,0
34,617,13,10,1,57,0,0,0,0,0
32,925,4,2,1,74,0,1,0,0,0
26,712,8,7,1,59,0,0,0,0,0
41,781,13,12,1,77,0,0,0,0,0
26,705,6,8,1,77,0,0,1,0,0
28,855,8,8,1,82,0,1,0,0,0
35,780,14,13,0,82,0,0,0,1,1
30,627,2,6,1,94,0,0,1,1,0
28,706,10,13,1,71,0,0,0,0,0
44,771,11,12,1,62,0,1,0,0,0
28,838,10,13,1,61,0,0,0,0,0
30,672,4,6,1,52,0,1,0,0,0
24,565,3,2,1,84,0,0,0,0,0
44,787,14,10,1,92,0,0,0,1,1
24,817,1,5,1,78,0,0,0,0,0
41,620,12,13,0,69,1,0,0,0,0
32,638,12,15,1,72,0,1,0,0,0
39,590,13,14,1,77,0,0,0,0,0
33,750,13,10,1,67,0,0,0,0,0
37,744,11,13,1,76,1,0,0,0,0
38,569,2,3,1,66,0,0,0,0,0
38,809,14,14,0,71,0,1,1,0,1
28,707,2,3,0,71,0,0,0,0,0
44,716,4,2,1,74,0,1,1,0,0
27,840,1,2,1,60,0,0,0,0,0
26,717,9,11,1,81,0,0,1,0,0
45,814,4,5,1,75,0,0,0,0,0
45,551,4,4,1,87,0,0,0,0,0
30,699,12,12,1,67,0,0,0,0,0
25,764,2,3,1,75,0,0,0,0,0
25,751,2,3,1,89,0,0,0,1,0
33,904,11,13,1,74,0,0,0,0,0
35,661,11,14,1,75,1,0,0,0,0
26,680,7,12,1,86,0,1,1,1,1
27,742,1,5,1,73,0,0,0,0,0
38,599,11,13,0,64,0,1,0,0,0
41,684,3,3,1,68,0,0,0,0,0
36,683,4,5,1,75,1,0,0,0,0
28,673,10,10,1,51,0,1,1,0,0
31,600,11,11,1,77,0,1,0,0,0
25,647,3,4,1,70,0,0,0,0,0
23,600,2,3,1,75,0,1,0,0,0
39,747,3,6,0,65,0,0,1,0,0
33,680,11,15,1,68,0,1,0,0,0
22,859,3,6,1,67,0,0,1,0,0
37,672,14,12,1,75,0,0,0,0,0
39,737,14,12,1,77,0,0,0,0,0
24,621,2,6,1,67,1,0,0,0,0
31,691,11,13,1,74,0,0,0,0,0
45,601,14,12,1,70,0,0,0,0,0
39,791,3,4,0,68,0,0,0,0,0
28,651,2,3,1,66,0,1,0,0,0
33,595,2,2,1,81,1,0,0,0,0
28,764,1,5,0,79,0,1,0,0,0
34,651,14,12,1,75,1,1,0,0,1
45,889,3,5,0,79,0,0,0,0,0
23,564,3,2,1,65,0,0,1,0,0
44,633,11,13,0,80,0,0,0,0,0
35,824,12,10,0,72,0,0,0,0,0
28,683,1,4,1,66,0,0,0,0,0
42,563,12,15,1,78,0,0,0,0,0
35,950,14,11,0,78,1,0,0,0,0
31,758,4,2,0,83,0,0,0,1,0
37,636,11,15,0,57,1,0,0,0,0
37,741,14,13,1,64,0,0,0,0,0
33,884,4,3,0,67,0,1,0,0,0
32,752,14,12,1,57,0,0,0,0,0
43,722,14,14,1,84,0,1,0,1,1
34,553,2,3,1,67,0,1,1,0,0
24,620,2,4,1,61,0,0,0,0,0
22,776,3,5,1,55,0,0,0,0,0
44,676,3,2,1,77,1,0,0,0,0
41,658,13,11,1,69,0,0,0,0,0
39,714,11,11,1,92,1,0,0,1,1
35,748,12,14,0,55,0,0,1,0,0
39,736,11,15,1,78,1,0,0,0,0
40,854,4,6,1,98,0,0,0,1,0
27,710,3,3,1,83,0,0,1,0,0
43,666,12,10,1,78,1,0,1,0,0
32,745,13,14,1,90,1,0,0,0,1
41,680,11,14,1,67,0,0,0,0,0
24,647,2,4,0,69,0,0,0,0,0
34,603,4,4,1,58,1,1,0,0,0
23,649,2,2,1,100,0,0,0,1,0
28,684,1,6,1,78,0,0,1,0,0
32,683,4,6,1,71,0,0,0,0,0
33,638,4,2,1,71,0,0,0,0,0
37,654,2,6,1,62,0,0,0,0,0
31,761,14,15,1,69,0,0,0,0,0
24,617,5,3,1,61,0,1,0,0,0
43,661,12,13,1,55,1,0,0,0,0
43,677,13,13,1,73,0,0,0,0,0
30,664,4,6,1,81,0,0,0,0,0
33,808,11,15,1,79,0,1,1,0,1
41,639,13,10,1,59,0,0,1,0,0
29,775,8,9,1,80,0,0,0,0,0
27,660,8,12,1,79,0,0,0,0,0
41,801,11,12,1,85,0,1,0,0,1
39,830,13,14,1,70,0,1,1,0,1
44,716,14,11,1,75,1,0,0,0,0
33,574,14,13,1,94,0,0,1,0,1
38,880,2,6,1,77,1,0,0,0,0
39,598,14,10,1,63,0,1,1,0,0
23,776,2,5,1,76,0,0,1,0,0
32,643,2,2,1,54,0,0,0,0,0
28,609,6,12,0,77,0,1,0,0,0
34,822,14,11,1,77,0,0,0,0,0
37,767,2,4,1,70,0,0,0,0,0
35,645,4,3,1,100,1,0,1,0,0
35,653,14,11,0,75,0,0,0,0,0
27,611,8,9,1,61,0,0,1,0,0
31,723,2,2,0,81,0,0,0,0,0
24,728,2,2,1,98,0,0,1,1,0
35,590,4,5,1,87,0,0,1,0,0
37,728,11,11,1,84,0,1,0,1,0
23,672,1,5,1,88,0,0,1,0,0
32,783,4,6,0,70,1,0,0,0,0
25,650,3,2,0,40,0,0,0,0,0
44,665,4,6,1,66,0,1,0,0,0
30,756,14,11,1,70,0,0,1,0,0
24,737,2,6,1,67,0,0,0,0,0
36,606,12,13,1,75,0,0,0,0,0
35,811,4,6,1,71,0,0,0,0,0
27,672,2,2,1,94,0,0,0,0,0
31,605,14,11,1,77,0,1,0,0,0
41,751,4,5,1,81,0,0,0,1,0
41,776,13,13,1,64,1,0,0,0,0
37,755,2,3,1,69,0,0,0,0,0
41,640,2,3,1,67,0,0,1,0,0
36,696,4,4,1,79,0,0,0,0,0
30,678,3,4,1,74,0,0,0,0,0
28,728,6,12,1,57,1,0,0,0,0
44,714,3,2,1,84,1,0,1,0,0
39,786,3,6,1,77,0,0,1,0,0
35,699,4,5,0,86,0,0,0,1,0
40,792,2,6,1,83,0,1,0,0,0
36,801,13,14,1,86,0,0,0,0,1
27,619,1,2,1,56,0,1,0,0,0
29,616,7,7,1,78,0,0,1,0,0
41,594,12,12,1,76,0,1,1,0,0
27,626,2,5,1,78,0,1,0,0,0
29,747,3,3,0,94,0,1,0,0,0
27,653,1,4,0,74,0,0,1,0,0
45,833,3,6,1,82,1,0,0,0,0
33,950,11,15,1,90,1,0,0,1,1
37,675,3,3,0,76,1,0,0,0,0
45,777,3,6,1,85,0,0,0,1,0
27,670,7,9,1,76,0,1,0,0,0
28,636,7,10,1,87,0,0,0,0,0
39,754,11,12,0,76,0,0,0,0,0
40,789,11,11,1,77,0,1,0,0,0
43,635,14,11,1,69,0,0,0,0,0
29,734,8,12,1,68,0,1,0,0,0
26,723,1,6,0,80,0,0,0,0,0
29,597,2,3,1,80,0,0,1,0,0
44,754,14,15,1,74,0,0,1,0,0
25,826,2,3,1,75,0,1,0,0,0
41,803,4,5,1,67,0,0,0,0,0
32,730,4,5,1,82,0,0,1,1,0
32,689,11,13,1,74,0,1,0,0,0
28,762,1,2,1,96,1,0,0,0,0
45,863,3,4,0,65,0,0,0,0,0
27,574,2,2,1,60,0,0,1,0,0
35,710,14,11,1,76,0,0,0,0,0
34,586,12,14,1,85,0,1,0,0,1
37,685,3,5,1,66,0,0,1,0,0
36,762,12,15,1,95,0,1,0,0,1
34,754,3,6,1,65,0,0,0,0,0
26,585,2,5,1,74,0,0,0,0,0
30,765,13,13,1,69,0,0,0,0,0
40,643,11,11,1,65,0,1,1,0,0
28,733,8,11,0,60,0,0,0,0,0
27,633,6,9,1,73,0,0,0,0,0
33,649,11,11,1,87,1,0,1,1,1
32,701,13,15,1,96,0,1,0,0,1
30,780,4,2,1,76,1,1,0,0,0
26,687,8,7,0,89,0,0,1,0,0
44,665,13,10,1,79,0,0,0,0,0
25,686,9,8,1,70,0,0,0,0,0
40,739,2,5,1,64,0,0,0,0,0
28,686,2,4,1,89,1,0,1,1,0
40,658,14,12,1,78,0,0,0,0,0
24,767,2,6,1,47,1,0,0,0,0
33,772,2,3,1,81,0,1,1,0,0
27,808,6,10,0,73,0,0,0,0,0
25,818,2,2,1,71,0,1,0,0,0
44,597,4,5,1,84,0,0,0,0,0
39,559,11,14,0,74,0,0,1,0,0
22,636,2,6,0,72,0,1,0,0,0
40,663,3,6,1,74,0,1,0,0,0
42,607,3,6,1,69,0,1,0,0,0
39,622,11,12,1,61,0,0,1,0,0
22,806,3,5,0,83,0,0,0,0,0
37,761,4,4,0,96,0,0,0,1,0
22,722,3,2,0,86,0,0,0,0,0
22,663,2,5,1,68,0,1,1,0,0
45,786,3,4,1,80,0,0,0,0,0
39,738,4,3,1,79,1,0,0,0,0
24,763,2,4,0,91,0,0,0,1,0
24,547,4,2,1,84,0,0,0,1,0
30,729,14,12,1,73,1,0,0,0,0
39,385,3,5,0,61,0,0,1,0,0
45,669,12,15,1,69,0,0,0,0,0
26,697,8,9,1,72,0,0,0,0,0
28,713,6,7,1,78,0,0,0,0,0
42,711,4,3,1,56,0,0,0,0,0
37,798,14,12,0,76,0,0,0,0,0
39,650,4,6,1,65,0,0,0,0,0
31,939,12,12,1,74,0,0,0,0,0
24,889,4,4,1,81,0,0,0,0,0
44,692,2,5,0,63,1,0,0,0,0
26,692,8,7,1,79,0,0,0,0,0
40,741,4,6,1,78,0,0,0,0,0
45,852,13,11,1,68,1,0,0,0,0
27,629,1,4,1,81,0,0,1,1,0
39,552,4,3,0,72,0,0,0,0,0
32,753,13,15,1,66,0,1,1,0,0
42,473,2,5,0,82,0,0,0,1,0
38,679,2,6,1,85,0,0,1,0,0
29,798,10,15,1,71,0,1,0,0,0
38,779,11,11,0,93,0,0,0,0,0
39,692,4,5,1,62,0,1,0,0,0
