Age,English,Experience,Projects,Education,Python,Docker,Redis,RabbitMQ,AI,Hired,BackendSkill,ProjectCompletionExperience,InternationalExperience
29,836,2,5,1,69,0,0,0,0,0,34.5,2.5,1672
25,694,10,11,1,86,1,0,0,1,1,43.3,1.1,6940
36,827,14,15,1,89,0,1,0,1,1,44.7,1.0714285714285714,11578
39,776,14,10,1,66,0,0,1,0,0,33.0,0.7142857142857143,10864
45,677,13,13,1,73,0,0,0,0,0,36.5,1.0,8801
38,703,2,3,1,73,0,0,0,0,0,36.5,1.5,1406
29,661,3,3,1,73,0,0,1,0,0,36.5,1.0,1983
26,679,8,10,1,72,0,1,0,0,0,36.2,1.25,5432
38,593,13,13,0,62,0,0,0,0,0,31.0,1.0,7709
43,635,2,4,0,61,0,0,1,0,0,30.5,2.0,1270
35,893,4,4,0,74,0,1,0,0,0,37.2,1.0,3572
40,758,12,15,1,66,0,0,0,0,0,33.0,1.25,9096
38,797,14,11,1,74,0,0,1,0,0,37.0,0.7857142857142857,11158
32,717,2,4,1,97,0,0,0,0,0,48.5,2.0,1434
31,887,12,13,1,86,0,0,0,0,1,43.0,1.0833333333333333,10644
23,724,3,4,1,86,0,0,0,1,0,43.0,1.3333333333333333,2172
31,670,13,14,1,83,0,0,0,1,1,41.5,1.0769230769230769,8710
25,678,1,6,1,56,1,0,0,0,0,28.3,6.0,678
31,808,3,2,1,84,0,0,0,0,0,42.0,0.6666666666666666,2424
36,722,2,4,0,68,0,0,1,0,0,34.0,2.0,1444
26,666,10,12,1,67,0,0,1,0,0,33.5,1.2,6660
38,749,4,5,1,73,0,0,0,0,0,36.5,1.25,2996
24,502,1,4,1,78,1,0,1,0,0,39.3,4.0,502
44,598,4,2,1,72,1,0,0,0,0,36.3,0.5,2392
45,763,2,2,1,80,0,0,0,0,0,40.0,1.0,1526
38,767,13,11,1,61,1,0,0,0,0,30.8,0.8461538461538461,9971
31,724,2,5,1,67,1,1,1,0,0,34.0,2.5,1448
23,835,1,3,1,66,1,0,1,0,0,33.3,3.0,835
24,744,2,2,1,62,1,0,0,0,0,31.3,1.0,1488
44,629,3,2,1,70,0,0,0,0,0,35.0,0.6666666666666666,1887
32,807,4,5,1,85,0,0,0,0,0,42.5,1.25,3228
34,698,4,3,1,87,0,0,0,1,0,43.5,0.75,2792
31,503,2,3,0,85,1,0,0,0,0,42.8,1.5,1006
44,535,3,3,1,55,0,0,0,0,0,27.5,1.0,1605
39,820,2,3,1,74,0,0,0,0,0,37.0,1.5,1640
30,577,2,6,1,74,0,0,0,0,0,37.0,3.0,1154
39,620,12,15,1,100,0,0,0,0,1,50.0,1.25,7440
25,550,2,2,1,90,0,1,0,1,0,45.2,1.0,1100
32,849,3,2,1,69,0,0,0,0,0,34.5,0.6666666666666666,2547
42,771,11,14,1,85,1,0,0,0,1,42.8,1.2727272727272727,8481
36,495,3,4,1,64,0,0,0,0,0,32.0,1.3333333333333333,1485
28,742,10,11,1,80,0,1,1,0,0,40.2,1.1,7420
36,652,13,15,1,80,1,0,0,0,0,40.3,1.1538461538461537,8476
29,441,7,12,1,68,0,0,1,0,0,34.0,1.7142857142857142,3087
27,687,9,9,0,79,0,0,1,0,0,39.5,1.0,6183
26,776,3,6,1,74,0,0,0,0,0,37.0,2.0,2328
39,832,4,4,1,80,0,0,1,0,0,40.0,1.0,3328
41,580,13,14,1,84,0,0,1,0,0,42.0,1.0769230769230769,7540
41,789,4,3,1,78,0,0,0,0,0,39.0,0.75,3156
27,785,2,3,1,73,0,0,1,0,0,36.5,1.5,1570
26,724,6,9,1,83,1,0,0,0,0,41.8,1.5,4344
42,696,12,14,0,80,0,0,0,0,0,40.0,1.1666666666666667,8352
29,665,3,2,0,80,1,0,0,0,0,40.3,0.6666666666666666,1995
43,875,13,15,1,80,0,0,0,0,0,40.0,1.1538461538461537,11375
44,746,3,2,1,60,0,1,0,0,0,30.2,0.6666666666666666,2238
30,708,4,2,1,65,0,0,0,0,0,32.5,0.5,2832
26,754,6,9,0,65,1,0,1,0,0,32.8,1.5,4524
37,816,13,10,1,77,0,1,0,0,0,38.7,0.7692307692307693,10608
35,632,12,11,1,66,0,1,0,0,0,33.2,0.9166666666666666,7584
23,805,1,3,1,60,0,0,0,0,0,30.0,3.0,805
39,638,11,10,0,84,1,1,0,1,1,42.5,0.9090909090909091,7018
23,773,2,3,1,74,1,0,1,0,0,37.3,1.5,1546
45,579,11,14,0,59,0,0,0,0,0,29.5,1.2727272727272727,6369
41,661,11,12,0,54,0,0,1,0,0,27.0,1.0909090909090908,7271
28,733,3,6,1,83,0,0,0,0,0,41.5,2.0,2199
40,672,14,13,1,68,0,0,0,0,0,34.0,0.9285714285714286,9408
36,457,13,10,1,72,0,0,0,0,0,36.0,0.7692307692307693,5941
42,657,12,11,0,71,0,0,0,0,0,35.5,0.9166666666666666,7884
24,677,2,5,1,75,0,1,1,0,0,37.7,2.5,1354
37,723,4,6,0,66,0,0,0,0,0,33.0,1.5,2892
25,709,1,2,1,77,0,0,0,0,0,38.5,2.0,709
25,710,9,12,1,78,1,1,1,0,0,39.5,1.3333333333333333,6390
25,752,10,12,1,75,0,0,0,0,0,37.5,1.2,7520
25,820,7,11,1,90,0,0,0,0,0,45.0,1.5714285714285714,5740
31,574,2,4,1,65,0,0,0,0,0,32.5,2.0,1148
36,675,3,3,1,79,0,0,1,0,0,39.5,1.0,2025
32,550,12,14,1,75,0,0,0,0,0,37.5,1.1666666666666667,6600
37,589,11,15,1,67,0,1,0,0,0,33.7,1.3636363636363635,6479
24,688,4,2,1,72,1,0,1,0,0,36.3,0.5,2752
27,850,2,2,0,61,1,0,0,0,0,30.8,1.0,1700
45,738,3,4,1,81,1,0,0,1,0,40.8,1.3333333333333333,2214
24,745,1,4,1,71,1,0,0,0,0,35.8,4.0,745
42,785,3,2,1,66,0,0,0,0,0,33.0,0.6666666666666666,2355
24,614,1,5,1,77,0,1,0,0,0,38.7,5.0,614
42,521,4,6,0,75,0,0,0,0,0,37.5,1.5,2084
42,772,2,5,1,82,0,1,0,1,0,41.2,2.5,1544
31,737,14,13,1,72,0,0,0,0,0,36.0,0.9285714285714286,10318
33,657,3,4,1,89,0,0,0,0,0,44.5,1.3333333333333333,1971
22,670,1,5,1,60,1,0,0,0,0,30.3,5.0,670
32,650,3,5,1,78,0,0,0,0,0,39.0,1.6666666666666667,1950
29,950,2,5,1,100,0,1,0,0,0,50.2,2.5,1900
34,617,4,4,1,59,0,0,0,0,0,29.5,1.0,2468
44,797,14,10,1,81,0,0,0,1,0,40.5,0.7142857142857143,11158
42,744,13,15,1,71,1,0,0,0,0,35.8,1.1538461538461537,9672
44,673,3,3,1,63,0,0,0,0,0,31.5,1.0,2019
36,661,3,2,1,82,0,0,0,1,0,41.0,0.6666666666666666,1983
39,626,12,12,1,67,0,1,0,0,0,33.7,1.0,7512
35,576,3,3,0,68,0,0,0,0,0,34.0,1.0,1728
40,747,11,14,0,91,0,0,0,0,1,45.5,1.2727272727272727,8217
43,764,3,6,1,86,0,0,1,0,0,43.0,2.0,2292
42,705,12,15,1,57,0,1,0,0,0,28.7,1.25,8460
37,826,13,11,0,59,1,0,0,0,0,29.8,0.8461538461538461,10738
41,804,13,13,1,64,1,0,0,0,0,32.3,1.0,10452
39,590,11,14,1,77,1,0,0,0,0,38.8,1.2727272727272727,6490
40,783,4,5,1,78,0,0,1,0,0,39.0,1.25,3132
26,681,3,6,1,70,0,0,0,0,0,35.0,2.0,2043
40,719,2,4,1,59,1,0,0,0,0,29.8,2.0,1438
23,558,2,3,1,72,0,0,0,0,0,36.0,1.5,1116
35,740,11,11,1,90,0,0,0,0,0,45.0,1.0,8140
42,819,3,3,1,76,0,0,1,0,0,38.0,1.0,2457
43,747,12,12,1,81,0,1,0,1,1,40.7,1.0,8964
29,713,2,6,1,88,0,0,0,1,0,44.0,3.0,1426
30,749,12,12,1,72,0,1,0,0,0,36.2,1.0,8988
27,704,1,6,1,68,0,0,0,0,0,34.0,6.0,704
30,670,4,3,1,71,0,1,0,0,0,35.7,0.75,2680
33,772,14,15,0,79,0,0,0,0,0,39.5,1.0714285714285714,10808
41,635,13,13,1,67,0,1,0,0,0,33.7,1.0,8255
35,487,4,6,1,62,0,0,1,0,0,31.0,1.5,1948
45,715,14,11,0,61,0,0,1,0,0,30.5,0.7857142857142857,10010
44,847,11,10,1,69,0,0,0,0,0,34.5,0.9090909090909091,9317
24,709,1,2,1,59,0,0,0,0,0,29.5,2.0,709
37,803,12,11,0,92,0,0,0,0,0,46.0,0.9166666666666666,9636
43,723,12,13,1,79,1,0,0,0,0,39.8,1.0833333333333333,8676
22,675,2,2,1,68,0,0,0,0,0,34.0,1.0,1350
23,639,5,3,1,94,0,0,0,1,0,47.0,0.6,3195
26,701,10,13,1,74,0,0,0,0,0,37.0,1.3,7010
31,565,4,4,1,64,0,0,0,0,0,32.0,1.0,2260
34,633,3,5,0,78,0,0,0,0,0,39.0,1.6666666666666667,1899
28,554,2,6,1,76,0,1,0,0,0,38.2,3.0,1108
37,615,2,5,1,69,0,1,0,0,0,34.7,2.5,1230
27,887,1,4,1,81,1,1,0,1,0,41.0,4.0,887
27,725,10,13,1,81,1,0,0,1,1,40.8,1.3,7250
44,704,3,3,1,69,0,0,0,0,0,34.5,1.0,2112
31,838,11,13,1,83,0,0,1,1,1,41.5,1.1818181818181819,9218
40,713,12,10,0,73,0,0,1,0,0,36.5,0.8333333333333334,8556
42,742,4,4,1,71,0,0,0,0,0,35.5,1.0,2968
27,736,2,2,1,68,0,1,0,0,0,34.2,1.0,1472
45,848,12,11,1,65,0,0,0,0,0,32.5,0.9166666666666666,10176
38,745,11,13,1,58,0,0,0,0,0,29.0,1.1818181818181819,8195
41,617,14,10,1,80,0,0,0,0,0,40.0,0.7142857142857143,8638
27,730,3,6,1,57,1,0,1,0,0,28.8,2.0,2190
26,560,3,6,1,73,0,0,0,0,0,36.5,2.0,1680
24,692,2,4,1,70,0,0,0,0,0,35.0,2.0,1384
27,370,8,12,1,69,0,0,1,0,0,34.5,1.5,2960
37,571,4,5,1,74,1,0,0,0,0,37.3,1.25,2284
35,804,14,11,1,73,0,1,0,0,0,36.7,0.7857142857142857,11256
33,792,4,3,1,86,0,1,0,1,0,43.2,0.75,3168
38,766,3,6,1,73,0,0,0,0,0,36.5,2.0,2298
28,744,9,11,1,79,0,0,0,0,0,39.5,1.2222222222222223,6696
23,827,2,4,1,86,1,0,1,0,0,43.3,2.0,1654
35,590,13,13,1,80,0,0,0,0,0,40.0,1.0,7670
45,753,4,3,1,57,0,0,0,0,0,28.5,0.75,3012
33,682,14,10,1,74,0,0,0,0,0,37.0,0.7142857142857143,9548
41,692,2,3,0,59,0,0,0,0,0,29.5,1.5,1384
27,823,8,9,1,75,0,0,0,0,0,37.5,1.125,6584
43,690,2,6,1,82,1,0,0,0,0,41.3,3.0,1380
40,662,13,15,0,66,0,0,0,0,0,33.0,1.1538461538461537,8606
23,811,1,2,1,81,0,0,1,1,0,40.5,2.0,811
38,558,3,4,0,74,0,0,0,0,0,37.0,1.3333333333333333,1674
40,546,3,4,0,69,1,1,0,0,0,35.0,1.3333333333333333,1638
34,828,12,15,1,67,0,0,0,0,0,33.5,1.25,9936
45,688,4,6,1,69,0,0,0,0,0,34.5,1.5,2752
35,703,13,15,0,72,0,1,1,0,1,36.2,1.1538461538461537,9139
40,738,3,6,1,65,0,0,0,0,0,32.5,2.0,2214
31,839,13,12,0,91,0,0,1,0,1,45.5,0.9230769230769231,10907
29,759,2,5,0,85,0,0,1,1,0,42.5,2.5,1518
34,865,14,13,1,92,0,1,0,0,1,46.2,0.9285714285714286,12110
42,689,12,12,1,82,0,0,0,1,1,41.0,1.0,8268
45,722,4,3,1,60,0,0,0,0,0,30.0,0.75,2888
32,676,3,2,1,66,1,0,1,0,0,33.3,0.6666666666666666,2028
27,608,2,4,0,68,0,0,0,0,0,34.0,2.0,1216
44,510,2,6,1,71,0,0,0,0,0,35.5,3.0,1020
40,668,12,14,1,87,0,0,1,1,1,43.5,1.1666666666666667,8016
31,686,14,15,0,63,0,0,0,0,0,31.5,1.0714285714285714,9604
25,732,1,6,1,64,0,0,0,0,0,32.0,6.0,732
32,688,2,3,1,84,0,1,0,0,0,42.2,1.5,1376
34,714,2,3,1,74,0,0,1,0,0,37.0,1.5,1428
24,758,1,5,1,68,0,0,0,0,0,34.0,5.0,758
32,873,3,4,1,86,1,0,0,0,0,43.3,1.3333333333333333,2619
30,652,13,15,1,88,1,0,0,0,1,44.3,1.1538461538461537,8476
25,822,9,7,1,66,1,1,0,0,0,33.5,0.7777777777777778,7398
42,712,2,6,1,86,1,0,0,0,0,43.3,3.0,1424
40,731,4,5,1,74,0,0,1,0,0,37.0,1.25,2924
43,466,4,5,1,92,0,0,0,1,0,46.0,1.25,1864
28,764,3,2,1,78,0,0,0,0,0,39.0,0.6666666666666666,2292
22,598,3,5,0,72,0,0,0,0,0,36.0,1.6666666666666667,1794
44,625,12,15,1,55,0,0,0,0,0,27.5,1.25,7500
44,575,14,15,1,87,0,1,0,1,1,43.7,1.0714285714285714,8050
32,802,11,10,1,83,1,0,1,1,1,41.8,0.9090909090909091,8822
42,648,11,14,1,74,0,0,0,0,0,37.0,1.2727272727272727,7128
23,733,4,4,1,74,0,0,1,0,0,37.0,1.0,2932
43,738,11,10,0,91,0,0,0,1,1,45.5,0.9090909090909091,8118
28,592,6,11,0,67,0,0,0,0,0,33.5,1.8333333333333333,3552
25,826,2,2,1,84,0,0,0,1,0,42.0,1.0,1652
42,631,4,4,0,69,1,0,0,0,0,34.8,1.0,2524
37,520,13,14,1,83,0,0,0,1,0,41.5,1.0769230769230769,6760
36,539,4,5,1,74,1,0,0,0,0,37.3,1.25,2156
34,647,3,3,1,70,0,1,0,0,0,35.2,1.0,1941
25,577,8,9,1,68,0,1,0,0,0,34.2,1.125,4616
34,671,13,12,1,76,0,0,0,0,0,38.0,0.9230769230769231,8723
27,862,3,2,0,78,0,0,0,0,0,39.0,0.6666666666666666,2586
24,723,4,2,0,86,1,1,1,1,0,43.5,0.5,2892
45,905,14,10,1,63,1,0,0,0,0,31.8,0.7142857142857143,12670
30,575,3,6,1,61,0,0,0,0,0,30.5,2.0,1725
38,898,11,10,1,70,0,0,0,0,0,35.0,0.9090909090909091,9878
26,758,2,2,1,70,0,0,1,0,0,35.0,1.0,1516
44,554,12,13,1,77,0,0,0,0,0,38.5,1.0833333333333333,6648
23,546,1,2,1,67,0,0,1,0,0,33.5,2.0,546
40,668,14,11,1,76,0,0,0,0,0,38.0,0.7857142857142857,9352
40,813,14,12,0,83,0,0,1,0,1,41.5,0.8571428571428571,11382
27,706,9,7,0,70,0,0,0,0,0,35.0,0.7777777777777778,6354
31,693,14,14,0,88,0,1,0,0,1,44.2,1.0,9702
31,584,14,11,1,79,1,0,0,0,0,39.8,0.7857142857142857,8176
31,700,13,12,1,71,0,0,0,0,0,35.5,0.9230769230769231,9100
26,764,2,2,1,71,0,0,1,0,0,35.5,1.0,1528
24,718,2,3,1,60,1,0,0,0,0,30.3,1.5,1436
34,780,12,12,1,53,0,0,1,0,0,26.5,1.0,9360
44,746,4,4,0,68,0,0,1,0,0,34.0,1.0,2984
29,566,7,8,1,76,1,0,1,0,0,38.3,1.1428571428571428,3962
35,799,2,5,0,70,1,0,0,0,0,35.3,2.5,1598
23,950,3,3,0,68,0,1,0,0,0,34.2,1.0,2850
44,818,2,2,1,69,0,0,1,0,0,34.5,1.0,1636
28,612,1,6,0,85,0,0,0,1,0,42.5,6.0,612
39,666,14,13,1,87,0,0,0,1,1,43.5,0.9285714285714286,9324
42,656,3,2,1,87,0,0,1,0,0,43.5,0.6666666666666666,1968
42,567,3,3,1,75,0,0,0,0,0,37.5,1.0,1701
43,519,4,6,1,87,0,0,0,1,0,43.5,1.5,2076
31,499,3,2,1,84,0,0,0,1,0,42.0,0.6666666666666666,1497
26,765,3,6,1,59,0,0,0,0,0,29.5,2.0,2295
28,721,10,15,1,75,0,1,0,0,0,37.7,1.5,7210
43,765,11,10,1,77,0,0,0,0,0,38.5,0.9090909090909091,8415
27,835,1,5,1,79,0,0,0,0,0,39.5,5.0,835
36,567,14,10,1,67,0,0,1,0,0,33.5,0.7142857142857143,7938
43,770,3,5,1,57,0,0,0,0,0,28.5,1.6666666666666667,2310
32,724,12,12,1,84,1,1,0,1,1,42.5,1.0,8688
38,551,12,12,1,70,0,0,1,0,0,35.0,1.0,6612
23,553,2,5,1,86,0,0,0,0,0,43.0,2.5,1106
35,677,4,6,1,69,1,1,0,0,0,35.0,1.5,2708
45,759,11,14,0,65,0,1,0,0,0,32.7,1.2727272727272727,8349
34,524,14,14,1,87,0,0,0,1,1,43.5,1.0,7336
27,657,2,4,1,86,0,0,0,1,0,43.0,2.0,1314
23,679,5,4,1,81,0,0,0,1,0,40.5,0.8,3395
40,721,3,5,1,62,0,1,1,0,0,31.2,1.6666666666666667,2163
37,787,14,13,1,85,0,0,0,1,1,42.5,0.9285714285714286,11018
29,749,6,12,1,70,0,0,0,0,0,35.0,2.0,4494
31,821,13,12,1,76,0,0,0,0,0,38.0,0.9230769230769231,10673
35,554,13,12,1,76,1,0,0,0,0,38.3,0.9230769230769231,7202
27,722,1,4,1,77,0,0,0,0,0,38.5,4.0,722
44,685,11,12,1,62,0,0,0,0,0,31.0,1.0909090909090908,7535
25,793,3,5,0,59,0,0,0,0,0,29.5,1.6666666666666667,2379
22,805,4,3,1,80,0,0,0,0,0,40.0,0.75,3220
37,619,3,6,0,70,0,0,1,0,0,35.0,2.0,1857
24,810,1,2,1,64,0,0,0,0,0,32.0,2.0,810
28,590,3,4,1,79,0,0,0,0,0,39.5,1.3333333333333333,1770
41,694,13,10,1,51,0,0,0,0,0,25.5,0.7692307692307693,9022
41,750,4,2,1,84,0,0,0,0,0,42.0,0.5,3000
41,579,2,3,1,81,0,0,0,0,0,40.5,1.5,1158
35,762,11,14,1,64,0,0,0,0,0,32.0,1.2727272727272727,8382
25,605,6,8,1,83,0,1,0,0,0,41.7,1.3333333333333333,3630
39,569,12,12,1,83,0,0,1,0,0,41.5,1.0,6828
23,627,1,3,0,65,1,0,0,0,0,32.8,3.0,627
30,693,4,5,1,62,0,0,1,0,0,31.0,1.25,2772
26,743,1,5,0,78,0,0,0,0,0,39.0,5.0,743
24,778,2,5,1,87,0,0,1,0,0,43.5,2.5,1556
43,702,2,6,1,70,1,0,0,0,0,35.3,3.0,1404
41,837,11,10,0,75,0,0,0,0,0,37.5,0.9090909090909091,9207
24,537,3,2,0,85,0,0,0,1,0,42.5,0.6666666666666666,1611
28,792,2,3,1,76,0,0,0,0,0,38.0,1.5,1584
27,624,3,6,1,73,0,0,0,0,0,36.5,2.0,1872
26,777,1,6,0,83,0,0,0,0,0,41.5,6.0,777
27,685,9,11,1,93,0,1,0,1,0,46.7,1.2222222222222223,6165
26,696,10,13,1,93,0,0,1,1,1,46.5,1.3,6960
45,803,13,10,0,71,0,1,0,0,0,35.7,0.7692307692307693,10439
31,793,13,12,1,89,0,0,0,0,1,44.5,0.9230769230769231,10309
34,722,2,4,1,75,0,0,0,0,0,37.5,2.0,1444
37,942,3,4,1,74,0,1,0,0,0,37.2,1.3333333333333333,2826
40,769,4,5,1,58,0,1,0,0,0,29.2,1.25,3076
34,459,11,10,1,75,0,0,1,0,0,37.5,0.9090909090909091,5049
30,738,3,4,1,82,1,0,0,0,0,41.3,1.3333333333333333,2214
34,827,3,2,1,70,0,1,0,0,0,35.2,0.6666666666666666,2481
43,640,2,4,1,65,0,0,1,0,0,32.5,2.0,1280
42,788,4,4,0,61,0,0,0,0,0,30.5,1.0,3152
44,838,12,15,1,64,1,0,0,0,0,32.3,1.25,10056
38,634,2,3,1,79,0,1,0,0,0,39.7,1.5,1268
24,685,1,6,1,60,0,0,0,0,0,30.0,6.0,685
44,733,13,10,1,72,0,0,0,0,0,36.0,0.7692307692307693,9529
41,653,11,11,1,80,0,0,0,0,0,40.0,1.0,7183
32,663,3,5,1,85,0,1,1,0,0,42.7,1.6666666666666667,1989
23,772,2,3,1,81,0,1,0,1,0,40.7,1.5,1544
28,829,8,9,0,70,1,0,1,0,0,35.3,1.125,6632
26,836,7,10,1,90,0,0,0,0,0,45.0,1.4285714285714286,5852
44,639,13,15,0,89,0,0,0,1,1,44.5,1.1538461538461537,8307
45,721,11,14,1,70,0,1,0,0,0,35.2,1.2727272727272727,7931
28,712,2,5,1,46,0,0,0,0,0,23.0,2.5,1424
44,842,4,5,1,63,0,0,0,0,0,31.5,1.25,3368
24,705,1,2,0,73,1,0,0,0,0,36.8,2.0,705
23,555,5,2,1,77,0,1,0,0,0,38.7,0.4,2775
36,642,13,14,1,83,0,0,0,0,0,41.5,1.0769230769230769,8346
34,908,13,13,0,69,0,1,0,0,0,34.7,1.0,11804
33,527,3,6,0,63,0,0,0,0,0,31.5,2.0,1581
41,679,12,10,1,88,0,0,0,0,0,44.0,0.8333333333333334,8148
24,792,1,6,1,74,0,1,0,0,0,37.2,6.0,792
23,738,3,2,1,78,0,0,0,0,0,39.0,0.6666666666666666,2214
22,697,3,2,1,73,1,0,0,0,0,36.8,0.6666666666666666,2091
41,583,14,11,1,72,0,0,0,0,0,36.0,0.7857142857142857,8162
41,617,2,3,1,79,0,0,0,0,0,39.5,1.5,1234
42,741,2,4,1,59,0,0,0,0,0,29.5,2.0,1482
38,755,14,14,1,72,0,0,0,0,0,36.0,1.0,10570
44,950,4,4,1,94,0,0,0,0,0,47.0,1.0,3800
34,711,3,3,0,94,0,0,0,0,0,47.0,1.0,2133
30,794,3,3,0,57,0,0,0,0,0,28.5,1.0,2382
33,664,11,14,1,83,1,0,0,0,0,41.8,1.2727272727272727,7304
34,685,3,5,0,88,0,0,0,0,0,44.0,1.6666666666666667,2055
40,720,13,11,0,75,0,0,0,0,0,37.5,0.8461538461538461,9360
25,755,3,2,1,85,0,0,0,1,0,42.5,0.6666666666666666,2265
27,723,7,9,1,72,0,0,1,0,0,36.0,1.2857142857142858,5061
22,675,3,6,1,65,0,1,0,0,0,32.7,2.0,2025
28,659,7,8,1,68,0,0,1,0,0,34.0,1.1428571428571428,4613
31,793,3,4,1,83,0,0,0,1,0,41.5,1.3333333333333333,2379
44,694,14,15,1,68,0,0,1,0,0,34.0,1.0714285714285714,9716
41,831,14,15,0,65,0,0,1,0,0,32.5,1.0714285714285714,11634
37,722,2,2,1,71,0,0,0,0,0,35.5,1.0,1444
29,889,3,3,1,63,0,0,0,0,0,31.5,1.0,2667
31,620,4,6,0,91,0,0,0,1,0,45.5,1.5,2480
35,569,11,11,1,72,0,0,0,0,0,36.0,1.0,6259
41,620,2,2,1,68,0,0,0,0,0,34.0,1.0,1240
34,744,3,4,1,86,1,0,0,1,0,43.3,1.3333333333333333,2232
34,662,12,15,0,71,0,0,0,0,0,35.5,1.25,7944
22,742,3,6,1,60,1,0,1,0,0,30.3,2.0,2226
39,683,14,11,1,80,0,0,0,0,0,40.0,0.7857142857142857,9562
23,506,1,5,1,97,0,0,0,1,0,48.5,5.0,506
43,619,4,5,1,83,0,1,1,0,0,41.7,1.25,2476
41,829,14,15,1,80,0,0,1,0,1,40.0,1.0714285714285714,11606
27,731,7,8,0,70,0,0,0,0,0,35.0,1.1428571428571428,5117
26,800,9,8,1,95,0,0,0,0,0,47.5,0.8888888888888888,7200
29,551,10,10,1,76,0,1,0,0,0,38.2,1.0,5510
44,645,13,11,1,84,0,0,1,1,0,42.0,0.8461538461538461,8385
25,830,10,14,1,68,1,1,0,0,1,34.5,1.4,8300
22,740,3,5,1,68,1,0,0,0,0,34.3,1.6666666666666667,2220
40,697,13,14,0,53,0,0,0,0,0,26.5,1.0769230769230769,9061
41,577,3,5,1,81,0,0,0,0,0,40.5,1.6666666666666667,1731
41,742,13,15,1,83,1,0,0,1,1,41.8,1.1538461538461537,9646
41,710,4,2,1,93,1,0,0,0,0,46.8,0.5,2840
36,628,14,12,1,91,0,0,1,1,1,45.5,0.8571428571428571,8792
26,599,2,4,1,72,1,0,0,0,0,36.3,2.0,1198
37,677,11,14,1,69,0,0,0,0,0,34.5,1.2727272727272727,7447
39,748,13,13,1,80,0,0,0,0,0,40.0,1.0,9724
37,636,3,4,0,78,1,0,0,0,0,39.3,1.3333333333333333,1908
23,525,4,5,1,68,0,0,0,0,0,34.0,1.25,2100
44,803,2,5,1,69,0,0,0,0,0,34.5,2.5,1606
27,553,2,4,0,73,0,1,1,0,0,36.7,2.0,1106
36,661,3,3,1,85,1,0,0,1,0,42.8,1.0,1983
26,723,2,2,1,50,0,0,0,0,0,25.0,1.0,1446
33,631,3,4,1,76,1,1,0,0,0,38.5,1.3333333333333333,1893
39,823,2,6,1,61,0,0,0,0,0,30.5,3.0,1646
28,520,2,3,1,79,0,0,0,0,0,39.5,1.5,1040
39,620,11,12,1,70,1,0,1,0,1,35.3,1.0909090909090908,6820
28,580,7,8,1,80,1,0,1,0,0,40.3,1.1428571428571428,4060
22,648,3,5,1,63,1,0,1,0,0,31.8,1.6666666666666667,1944
25,770,2,3,1,100,0,0,0,1,0,50.0,1.5,1540
22,809,1,4,1,76,0,0,0,0,0,38.0,4.0,809
22,809,3,6,1,79,1,0,0,0,0,39.8,2.0,2427
25,606,7,11,0,81,0,1,0,0,0,40.7,1.5714285714285714,4242
42,671,3,6,1,84,0,0,0,0,0,42.0,2.0,2013
41,719,3,2,1,85,1,1,0,1,0,43.0,0.6666666666666666,2157
45,807,4,3,1,82,1,1,0,1,0,41.5,0.75,3228
30,765,4,3,1,64,0,1,0,0,0,32.2,0.75,3060
35,721,12,12,1,61,0,0,0,0,0,30.5,1.0,8652
29,540,2,5,0,83,0,0,0,0,0,41.5,2.5,1080
38,723,4,6,1,89,0,1,0,1,0,44.7,1.5,2892
26,828,8,9,1,79,1,0,1,0,0,39.8,1.125,6624
33,769,12,15,1,69,0,0,0,0,0,34.5,1.25,9228
22,787,1,4,1,62,0,0,0,0,0,31.0,4.0,787
23,870,4,2,1,87,0,0,0,1,0,43.5,0.5,3480
34,543,14,12,1,81,0,1,0,1,1,40.7,0.8571428571428571,7602
38,910,3,5,1,71,0,1,0,0,0,35.7,1.6666666666666667,2730
22,720,2,5,0,61,1,0,0,0,0,30.8,2.5,1440
42,809,2,3,1,79,0,0,0,0,0,39.5,1.5,1618
37,877,12,15,1,87,1,1,0,1,1,44.0,1.25,10524
24,563,3,4,1,76,1,0,0,0,0,38.3,1.3333333333333333,1689
44,625,2,6,1,79,0,0,0,0,0,39.5,3.0,1250
23,449,1,3,1,76,0,0,0,0,0,38.0,3.0,449
40,786,14,13,1,64,0,0,0,0,0,32.0,0.9285714285714286,11004
30,680,3,5,1,79,0,0,0,0,0,39.5,1.6666666666666667,2040
29,661,1,2,1,80,0,0,0,0,0,40.0,2.0,661
39,735,2,5,1,74,1,0,1,0,0,37.3,2.5,1470
31,729,13,11,1,69,0,0,0,0,0,34.5,0.8461538461538461,9477
43,843,4,4,1,85,0,0,0,0,0,42.5,1.0,3372
42,726,11,12,0,77,0,1,0,0,0,38.7,1.0909090909090908,7986
31,610,4,3,0,85,0,0,0,0,0,42.5,0.75,2440
37,727,3,4,1,64,0,0,0,0,0,32.0,1.3333333333333333,2181
42,764,3,2,1,55,0,0,0,0,0,27.5,0.6666666666666666,2292
29,661,2,5,1,75,0,0,0,0,0,37.5,2.5,1322
31,547,13,13,1,59,0,0,0,0,0,29.5,1.0,7111
30,784,11,11,1,78,0,0,0,0,0,39.0,1.0,8624
22,748,3,3,1,91,0,0,1,0,0,45.5,1.0,2244
38,789,14,13,1,84,0,0,0,0,0,42.0,0.9285714285714286,11046
22,706,4,3,1,82,0,0,1,1,0,41.0,0.75,2824
43,720,14,11,1,72,0,0,0,0,0,36.0,0.7857142857142857,10080
24,682,5,3,1,87,0,0,0,0,0,43.5,0.6,3410
26,697,1,3,1,90,0,0,0,1,0,45.0,3.0,697
22,875,2,6,1,66,0,0,0,0,0,33.0,3.0,1750
26,350,2,5,1,61,0,0,0,0,0,30.5,2.5,700
32,599,11,12,1,78,0,0,0,0,0,39.0,1.0909090909090908,6589
43,653,13,10,0,74,0,0,0,0,0,37.0,0.7692307692307693,8489
44,794,14,11,0,68,1,0,0,0,0,34.3,0.7857142857142857,11116
24,817,2,4,0,69,0,1,0,0,0,34.7,2.0,1634
28,758,6,10,0,65,0,0,0,0,0,32.5,1.6666666666666667,4548
36,740,3,5,1,65,0,0,0,0,0,32.5,1.6666666666666667,2220
33,789,13,14,1,75,0,0,1,0,0,37.5,1.0769230769230769,10257
44,930,13,11,1,83,0,0,1,1,1,41.5,0.8461538461538461,12090
43,593,13,12,1,73,0,0,0,0,0,36.5,0.9230769230769231,7709
42,613,11,15,1,89,0,0,1,1,1,44.5,1.3636363636363635,6743
23,704,3,3,1,76,1,0,1,0,0,38.3,1.0,2112
41,706,3,6,0,58,1,0,1,0,0,29.3,2.0,2118
40,675,4,4,1,69,0,0,0,0,0,34.5,1.0,2700
45,703,12,14,1,75,0,0,0,0,0,37.5,1.1666666666666667,8436
22,745,3,3,0,81,1,0,0,1,0,40.8,1.0,2235
44,653,14,15,1,77,1,0,0,0,0,38.8,1.0714285714285714,9142
37,744,4,3,0,75,0,0,0,0,0,37.5,0.75,2976
43,546,11,14,1,75,0,0,0,0,0,37.5,1.2727272727272727,6006
43,536,2,4,1,61,0,0,1,0,0,30.5,2.0,1072
25,700,9,11,1,64,0,0,0,0,0,32.0,1.2222222222222223,6300
41,711,3,4,1,67,0,0,0,0,0,33.5,1.3333333333333333,2133
34,707,13,10,1,70,0,0,0,0,0,35.0,0.7692307692307693,9191
40,514,3,5,0,78,1,0,0,0,0,39.3,1.6666666666666667,1542
40,692,4,3,1,97,0,0,0,1,0,48.5,0.75,2768
35,540,2,4,0,77,0,0,0,0,0,38.5,2.0,1080
32,629,4,4,1,73,0,0,0,0,0,36.5,1.0,2516
24,841,4,3,1,70,0,0,0,0,0,35.0,0.75,3364
26,657,10,11,1,83,0,0,0,0,0,41.5,1.1,6570
27,795,9,12,0,75,0,0,1,0,0,37.5,1.3333333333333333,7155
36,728,3,5,0,81,0,0,0,1,0,40.5,1.6666666666666667,2184
34,680,12,14,1,83,0,1,0,0,0,41.7,1.1666666666666667,8160
41,813,2,4,1,81,1,0,0,1,0,40.8,2.0,1626
35,722,14,13,1,90,0,0,0,1,1,45.0,0.9285714285714286,10108
37,421,12,15,1,74,1,0,1,0,0,37.3,1.25,5052
40,894,14,15,1,67,1,0,1,0,1,33.8,1.0714285714285714,12516
22,695,2,3,1,80,1,0,0,0,0,40.3,1.5,1390
44,820,3,5,1,83,0,1,0,1,0,41.7,1.6666666666666667,2460
34,599,3,3,1,87,0,0,0,0,0,43.5,1.0,1797
22,800,3,2,1,83,1,0,0,0,0,41.8,0.6666666666666666,2400
37,777,4,2,1,59,0,0,0,0,0,29.5,0.5,3108
37,622,3,5,0,69,0,0,0,0,0,34.5,1.6666666666666667,1866
40,662,3,6,1,75,0,0,0,0,0,37.5,2.0,1986
44,730,14,15,1,89,0,0,0,1,1,44.5,1.0714285714285714,10220
35,616,14,10,1,76,0,0,0,0,0,38.0,0.7142857142857143,8624
26,638,6,9,1,73,1,0,1,0,0,36.8,1.5,3828
34,846,3,5,1,62,0,0,1,0,0,31.0,1.6666666666666667,2538
23,636,1,6,1,91,0,1,0,0,0,45.7,6.0,636
26,697,7,12,1,68,1,1,0,0,0,34.5,1.7142857142857142,4879
44,691,14,10,1,72,0,1,0,0,0,36.2,0.7142857142857143,9674
39,726,14,11,1,80,0,0,1,0,0,40.0,0.7857142857142857,10164
22,816,3,2,1,70,0,0,1,0,0,35.0,0.6666666666666666,2448
29,759,7,8,1,59,0,0,0,0,0,29.5,1.1428571428571428,5313
45,837,3,3,0,42,0,0,0,0,0,21.0,1.0,2511
37,696,14,13,1,88,1,0,0,0,1,44.3,0.9285714285714286,9744
45,725,3,4,1,78,0,0,0,0,0,39.0,1.3333333333333333,2175
37,694,11,10,1,45,0,1,0,0,0,22.7,0.9090909090909091,7634
26,783,6,8,1,83,1,0,1,1,0,41.8,1.3333333333333333,4698
36,676,4,6,1,82,1,0,0,0,0,41.3,1.5,2704
27,950,2,3,1,66,0,0,0,0,0,33.0,1.5,1900
23,781,3,6,1,78,0,1,1,0,0,39.2,2.0,2343
36,592,4,5,1,90,0,0,0,0,0,45.0,1.25,2368
36,712,4,5,1,78,0,0,0,0,0,39.0,1.25,2848
42,921,4,6,1,57,0,0,0,0,0,28.5,1.5,3684
39,742,2,5,1,96,0,0,0,1,0,48.0,2.5,1484
42,725,11,14,1,74,0,0,0,0,0,37.0,1.2727272727272727,7975
36,654,3,3,1,73,1,0,1,0,0,36.8,1.0,1962
32,696,3,3,1,84,0,1,0,0,0,42.2,1.0,2088
25,741,1,3,0,72,0,0,1,0,0,36.0,3.0,741
26,733,3,4,1,73,0,0,0,0,0,36.5,1.3333333333333333,2199
34,601,14,12,0,87,0,0,0,1,1,43.5,0.8571428571428571,8414
38,638,12,12,1,66,0,0,0,0,0,33.0,1.0,7656
42,802,3,4,0,71,0,0,1,0,0,35.5,1.3333333333333333,2406
33,568,3,4,1,78,1,0,0,0,0,39.3,1.3333333333333333,1704
44,696,2,4,1,76,1,0,0,0,0,38.3,2.0,1392
24,711,1,3,0,83,0,0,0,1,0,41.5,3.0,711
33,753,4,4,1,59,0,0,0,0,0,29.5,1.0,3012
38,677,14,10,1,62,0,0,0,0,0,31.0,0.7142857142857143,9478
31,790,12,10,1,68,1,0,1,0,0,34.3,0.8333333333333334,9480
27,580,3,2,1,72,0,1,1,0,0,36.2,0.6666666666666666,1740
31,739,2,6,1,61,0,0,0,0,0,30.5,3.0,1478
27,609,8,10,1,67,0,1,0,0,0,33.7,1.25,4872
27,547,1,3,1,93,0,0,0,1,0,46.5,3.0,547
27,754,1,2,1,62,0,1,0,0,0,31.2,2.0,754
39,690,4,4,1,60,0,0,0,0,0,30.0,1.0,2760
35,918,2,2,1,80,0,0,0,0,0,40.0,1.0,1836
27,625,9,11,1,93,0,0,0,1,0,46.5,1.2222222222222223,5625
41,950,2,4,0,67,0,0,0,0,0,33.5,2.0,1900
36,680,14,11,1,75,0,0,0,0,0,37.5,0.7857142857142857,9520
43,853,3,4,1,56,0,1,0,0,0,28.2,1.3333333333333333,2559
29,620,3,3,0,74,1,0,0,0,0,37.3,1.0,1860
44,594,4,6,1,75,0,0,0,0,0,37.5,1.5,2376
23,657,1,6,1,70,0,0,1,0,0,35.0,6.0,657
30,596,2,4,1,77,0,0,0,0,0,38.5,2.0,1192
43,704,3,2,1,90,1,0,0,1,0,45.3,0.6666666666666666,2112
40,897,11,10,1,71,0,0,0,0,0,35.5,0.9090909090909091,9867
23,684,3,6,1,71,1,0,0,0,0,35.8,2.0,2052
40,774,14,15,1,64,0,0,0,0,0,32.0,1.0714285714285714,10836
35,792,11,11,0,84,1,1,0,1,1,42.5,1.0,8712
36,620,2,3,0,58,0,0,0,0,0,29.0,1.5,1240
31,549,4,4,1,68,0,0,0,0,0,34.0,1.0,2196
38,591,12,10,1,73,0,0,0,0,0,36.5,0.8333333333333334,7092
38,863,2,2,1,79,0,1,0,0,0,39.7,1.0,1726
41,765,13,11,1,76,0,1,0,0,0,38.2,0.8461538461538461,9945
45,619,12,11,1,88,0,0,0,1,1,44.0,0.9166666666666666,7428
23,766,2,6,1,72,0,1,1,0,0,36.2,3.0,1532
44,614,3,3,1,62,0,1,0,0,0,31.2,1.0,1842
22,636,3,2,1,73,0,0,0,0,0,36.5,0.6666666666666666,1908
38,572,11,15,1,66,0,0,0,0,0,33.0,1.3636363636363635,6292
27,809,3,6,1,78,0,1,0,0,0,39.2,2.0,2427
44,744,11,13,1,77,0,0,0,0,0,38.5,1.1818181818181819,8184
39,669,14,12,1,66,0,0,0,0,0,33.0,0.8571428571428571,9366
27,730,1,4,0,63,0,0,0,0,0,31.5,4.0,730
41,573,13,11,0,78,1,0,0,0,0,39.3,0.8461538461538461,7449
24,718,3,2,1,92,0,0,1,1,0,46.0,0.6666666666666666,2154
44,719,3,5,1,84,0,1,0,0,0,42.2,1.6666666666666667,2157
43,544,2,4,0,68,1,0,0,0,0,34.3,2.0,1088
27,590,6,10,1,55,1,1,1,0,0,28.0,1.6666666666666667,3540
26,773,1,4,1,79,1,0,0,0,0,39.8,4.0,773
33,627,14,13,1,80,0,0,0,0,0,40.0,0.9285714285714286,8778
44,818,4,3,0,74,0,0,0,0,0,37.0,0.75,3272
28,572,3,2,0,87,0,0,1,1,0,43.5,0.6666666666666666,1716
32,555,13,12,1,91,0,0,0,1,1,45.5,0.9230769230769231,7215
28,632,7,11,1,69,1,0,0,0,0,34.8,1.5714285714285714,4424
30,742,4,5,1,48,0,1,1,0,0,24.2,1.25,2968
25,602,6,10,1,71,0,0,1,0,0,35.5,1.6666666666666667,3612
33,662,4,3,1,87,0,0,0,1,0,43.5,0.75,2648
36,695,3,2,1,72,1,0,0,0,0,36.3,0.6666666666666666,2085
35,565,14,13,1,70,0,0,0,0,0,35.0,0.9285714285714286,7910
33,815,3,5,1,76,0,1,0,0,0,38.2,1.6666666666666667,2445
22,636,1,4,0,74,1,0,0,0,0,37.3,4.0,636
28,785,10,10,0,72,0,0,0,0,0,36.0,1.0,7850
28,837,8,9,1,87,0,0,0,1,0,43.5,1.125,6696
44,803,13,13,1,80,0,0,0,0,0,40.0,1.0,10439
44,615,3,4,0,80,0,0,0,0,0,40.0,1.3333333333333333,1845
39,562,13,15,1,65,0,0,0,0,0,32.5,1.1538461538461537,7306
31,544,12,11,1,87,0,0,0,0,0,43.5,0.9166666666666666,6528
37,701,2,2,1,87,0,0,0,1,0,43.5,1.0,1402
39,808,13,10,1,71,0,0,0,0,0,35.5,0.7692307692307693,10504
37,628,12,14,1,89,0,0,0,0,1,44.5,1.1666666666666667,7536
32,743,2,2,1,85,0,0,0,0,0,42.5,1.0,1486
42,705,2,4,1,73,0,0,0,0,0,36.5,2.0,1410
42,780,2,3,1,90,0,1,0,1,0,45.2,1.5,1560
42,596,13,12,1,74,0,0,0,0,0,37.0,0.9230769230769231,7748
31,721,12,14,1,76,0,0,0,0,0,38.0,1.1666666666666667,8652
31,647,12,11,0,65,0,0,0,0,0,32.5,0.9166666666666666,7764
32,654,12,15,1,55,0,1,1,0,0,27.7,1.25,7848
22,828,2,3,1,59,0,0,0,0,0,29.5,1.5,1656
44,603,14,13,1,84,1,0,0,1,1,42.3,0.9285714285714286,8442
42,774,2,5,1,74,0,0,1,0,0,37.0,2.5,1548
42,787,4,3,1,77,0,1,0,0,0,38.7,0.75,3148
24,839,1,4,1,68,0,0,0,0,0,34.0,4.0,839
40,612,4,5,1,80,1,0,0,0,0,40.3,1.25,2448
29,653,7,10,1,88,1,1,0,1,1,44.5,1.4285714285714286,4571
42,587,11,14,1,77,0,1,1,0,0,38.7,1.2727272727272727,6457
37,684,3,6,0,74,0,1,0,0,0,37.2,2.0,2052
35,823,4,6,1,62,0,0,0,0,0,31.0,1.5,3292
26,872,6,9,1,74,1,0,1,0,0,37.3,1.5,5232
30,613,3,5,0,76,0,1,0,0,0,38.2,1.6666666666666667,1839
34,909,4,4,1,78,0,0,0,0,0,39.0,1.0,3636
26,706,7,10,1,63,0,0,0,0,0,31.5,1.4285714285714286,4942
27,789,7,7,1,69,0,0,0,0,0,34.5,1.0,5523
38,721,13,10,1,82,0,0,0,1,0,41.0,0.7692307692307693,9373
22,784,2,6,1,71,0,0,0,0,0,35.5,3.0,1568
38,750,3,5,1,84,0,0,0,0,0,42.0,1.6666666666666667,2250
40,767,4,5,1,79,0,0,0,0,0,39.5,1.25,3068
43,890,13,11,1,81,0,1,1,0,0,40.7,0.8461538461538461,11570
45,721,3,4,1,53,1,0,0,0,0,26.8,1.3333333333333333,2163
40,687,13,13,1,66,0,0,0,0,0,33.0,1.0,8931
41,745,2,3,0,65,0,0,0,0,0,32.5,1.5,1490
38,847,11,15,0,76,0,0,0,0,0,38.0,1.3636363636363635,9317
44,621,3,5,1,69,1,1,0,0,0,35.0,1.6666666666666667,1863
27,797,7,8,1,61,1,0,0,0,0,30.8,1.1428571428571428,5579
25,723,2,5,1,76,0,0,0,0,0,38.0,2.5,1446
30,733,11,11,1,71,0,0,0,0,0,35.5,1.0,8063
43,603,14,14,1,60,0,0,0,0,0,30.0,1.0,8442
28,730,2,4,0,89,1,0,0,0,0,44.8,2.0,1460
35,729,2,3,0,75,0,0,0,0,0,37.5,1.5,1458
33,500,2,4,1,71,0,1,0,0,0,35.7,2.0,1000
31,758,11,13,1,76,0,1,0,0,0,38.2,1.1818181818181819,8338
26,744,3,4,1,70,0,1,0,0,0,35.2,1.3333333333333333,2232
37,674,2,4,1,74,1,0,0,0,0,37.3,2.0,1348
43,564,3,4,1,76,0,0,1,0,0,38.0,1.3333333333333333,1692
24,692,3,3,1,66,0,0,0,0,0,33.0,1.0,2076
41,728,4,5,1,83,0,0,0,1,0,41.5,1.25,2912
25,778,3,6,1,75,0,0,1,0,0,37.5,2.0,2334
43,614,11,12,1,82,0,0,0,0,0,41.0,1.0909090909090908,6754
43,721,2,3,1,70,1,0,1,0,0,35.3,1.5,1442
44,659,13,15,0,71,1,0,0,0,0,35.8,1.1538461538461537,8567
27,777,6,11,1,52,0,0,0,0,0,26.0,1.8333333333333333,4662
27,689,2,5,1,62,0,0,0,0,0,31.0,2.5,1378
37,817,12,13,1,76,1,1,0,0,1,38.5,1.0833333333333333,9804
35,602,13,15,1,84,0,0,0,1,1,42.0,1.1538461538461537,7826
37,744,13,12,1,66,1,1,0,0,0,33.5,0.9230769230769231,9672
34,798,3,4,0,69,1,0,0,0,0,34.8,1.3333333333333333,2394
29,350,9,11,1,71,0,0,0,0,0,35.5,1.2222222222222223,3150
42,681,4,4,1,71,1,0,0,0,0,35.8,1.0,2724
27,589,2,3,1,79,0,0,0,0,0,39.5,1.5,1178
43,740,2,3,1,70,0,0,1,0,0,35.0,1.5,1480
23,740,3,6,1,75,0,0,0,0,0,37.5,2.0,2220
26,829,8,8,1,71,1,1,0,0,0,36.0,1.0,6632
38,739,12,13,1,65,0,0,0,0,0,32.5,1.0833333333333333,8868
34,641,2,3,1,56,0,1,1,0,0,28.2,1.5,1282
27,706,3,5,0,72,1,0,0,0,0,36.3,1.6666666666666667,2118
27,523,8,7,1,70,1,0,0,0,0,35.3,0.875,4184
32,557,13,11,1,68,1,0,0,0,0,34.3,0.8461538461538461,7241
26,800,2,5,1,76,0,0,0,0,0,38.0,2.5,1600
26,605,8,10,0,72,0,0,0,0,0,36.0,1.25,4840
35,892,4,4,1,67,0,1,0,0,0,33.7,1.0,3568
23,664,2,3,1,75,1,0,0,0,0,37.8,1.5,1328
30,849,11,12,1,70,1,1,1,0,1,35.5,1.0909090909090908,9339
45,661,2,2,0,87,0,1,0,0,0,43.7,1.0,1322
28,628,9,10,1,51,1,0,0,0,0,25.8,1.1111111111111112,5652
35,712,11,15,1,87,0,0,1,0,1,43.5,1.3636363636363635,7832
32,712,13,14,1,87,0,0,0,0,1,43.5,1.0769230769230769,9256
32,734,3,6,0,67,0,0,1,0,0,33.5,2.0,2202
26,736,10,11,1,89,0,0,1,0,0,44.5,1.1,7360
28,728,6,9,0,92,0,0,1,0,0,46.0,1.5,4368
45,790,4,4,1,84,0,0,0,1,0,42.0,1.0,3160
33,865,14,12,1,68,0,0,0,0,0,34.0,0.8571428571428571,12110
31,722,12,15,0,76,1,0,0,0,0,38.3,1.25,8664
22,808,5,2,1,79,0,0,0,0,0,39.5,0.4,4040
41,800,11,14,0,87,1,0,1,1,1,43.8,1.2727272727272727,8800
37,700,13,13,1,65,1,0,0,0,0,32.8,1.0,9100
42,665,13,11,1,83,0,0,0,1,0,41.5,0.8461538461538461,8645
33,882,4,3,1,77,1,0,0,0,0,38.8,0.75,3528
34,778,11,15,1,74,0,1,1,0,1,37.2,1.3636363636363635,8558
33,816,11,14,1,86,0,0,0,0,1,43.0,1.2727272727272727,8976
26,773,6,7,1,71,0,1,1,0,0,35.7,1.1666666666666667,4638
25,657,9,8,0,87,0,0,1,1,0,43.5,0.8888888888888888,5913
27,718,3,5,0,65,0,1,0,0,0,32.7,1.6666666666666667,2154
35,647,2,3,1,71,1,0,0,0,0,35.8,1.5,1294
27,574,1,5,0,80,1,0,0,0,0,40.3,5.0,574
31,727,3,6,1,78,0,0,1,0,0,39.0,2.0,2181
33,592,12,11,1,80,0,0,1,0,0,40.0,0.9166666666666666,7104
27,613,1,4,1,86,1,1,0,1,0,43.5,4.0,613
29,743,7,8,1,71,1,0,0,0,0,35.8,1.1428571428571428,5201
27,737,7,7,1,75,0,0,1,0,0,37.5,1.0,5159
41,649,2,5,1,91,0,0,0,0,0,45.5,2.5,1298
30,686,3,5,1,73,0,0,0,0,0,36.5,1.6666666666666667,2058
29,484,8,12,1,76,0,0,0,0,0,38.0,1.5,3872
43,625,14,13,1,68,0,0,1,0,0,34.0,0.9285714285714286,8750
34,697,11,15,1,78,1,0,0,0,0,39.3,1.3636363636363635,7667
29,655,8,12,1,80,0,0,0,0,0,40.0,1.5,5240
34,790,4,3,1,76,0,0,1,0,0,38.0,0.75,3160
45,863,11,12,1,88,0,0,0,1,1,44.0,1.0909090909090908,9493
26,629,2,5,1,59,0,0,0,0,0,29.5,2.5,1258
29,797,3,3,0,94,0,1,0,1,0,47.2,1.0,2391
25,647,3,6,1,86,0,0,0,0,0,43.0,2.0,1941
44,655,12,13,0,84,0,0,1,0,0,42.0,1.0833333333333333,7860
27,641,9,9,1,81,0,0,0,0,0,40.5,1.0,5769
44,549,3,4,1,65,0,0,0,0,0,32.5,1.3333333333333333,1647
22,717,2,2,0,72,0,0,0,0,0,36.0,1.0,1434
44,768,11,12,1,75,0,1,1,0,1,37.7,1.0909090909090908,8448
25,735,6,9,1,73,0,0,0,0,0,36.5,1.5,4410
28,627,7,8,1,90,0,0,0,1,0,45.0,1.1428571428571428,4389
37,597,3,6,1,78,0,0,1,0,0,39.0,2.0,1791
41,713,3,3,1,62,0,1,1,0,0,31.2,1.0,2139
34,848,4,4,1,74,0,0,0,0,0,37.0,1.0,3392
25,643,8,7,0,76,0,1,0,0,0,38.2,0.875,5144
42,630,3,4,1,80,0,0,0,0,0,40.0,1.3333333333333333,1890
33,770,13,10,1,94,0,1,0,1,1,47.2,0.7692307692307693,10010
25,653,2,6,1,71,0,0,0,0,0,35.5,3.0,1306
33,699,4,4,1,84,0,1,0,1,0,42.2,1.0,2796
37,776,4,5,1,58,0,0,0,0,0,29.0,1.25,3104
29,742,10,15,1,71,0,1,0,0,0,35.7,1.5,7420
25,472,7,11,1,73,1,0,0,0,0,36.8,1.5714285714285714,3304
35,801,14,15,1,80,0,0,0,0,0,40.0,1.0714285714285714,11214
43,653,12,14,1,73,1,1,1,0,1,37.0,1.1666666666666667,7836
22,618,1,3,1,76,1,0,0,0,0,38.3,3.0,618
26,818,10,10,1,75,1,0,0,0,0,37.8,1.0,8180
37,560,14,14,0,57,0,0,0,0,0,28.5,1.0,7840
35,747,3,4,1,84,0,0,0,1,0,42.0,1.3333333333333333,2241
35,475,2,3,1,74,0,0,0,0,0,37.0,1.5,950
33,636,4,4,0,77,0,1,0,0,0,38.7,1.0,2544
44,478,11,11,1,84,1,0,0,1,0,42.3,1.0,5258
22,709,4,6,1,84,0,0,0,0,0,42.0,1.5,2836
45,880,12,13,0,85,0,1,0,1,1,42.7,1.0833333333333333,10560
43,489,2,6,1,85,0,0,0,0,0,42.5,3.0,978
44,595,3,2,1,87,1,0,0,0,0,43.8,0.6666666666666666,1785
22,719,4,3,0,86,0,1,1,0,0,43.2,0.75,2876
25,693,1,6,0,71,0,0,0,0,0,35.5,6.0,693
29,797,7,10,0,71,1,0,0,0,0,35.8,1.4285714285714286,5579
30,915,2,3,1,50,0,0,1,0,0,25.0,1.5,1830
23,789,2,4,1,89,0,0,0,0,0,44.5,2.0,1578
38,627,2,4,1,78,0,0,1,0,0,39.0,2.0,1254
44,814,12,14,1,76,0,0,0,0,0,38.0,1.1666666666666667,9768
44,668,2,2,1,59,0,0,0,0,0,29.5,1.0,1336
38,647,3,4,1,86,1,0,0,1,0,43.3,1.3333333333333333,1941
44,897,2,2,1,85,0,0,0,0,0,42.5,1.0,1794
30,669,13,12,1,93,0,0,0,1,1,46.5,0.9230769230769231,8697
25,632,2,6,0,81,0,0,1,0,0,40.5,3.0,1264
26,658,2,2,1,64,0,0,0,0,0,32.0,1.0,1316
36,736,3,6,1,73,0,0,1,0,0,36.5,2.0,2208
37,735,12,15,1,76,0,0,0,0,0,38.0,1.25,8820
30,603,4,3,1,88,1,0,0,1,0,44.3,0.75,2412
30,611,3,6,1,75,1,1,0,0,0,38.0,2.0,1833
24,736,2,2,1,84,1,1,0,0,0,42.5,1.0,1472
36,861,14,10,1,76,0,0,0,0,0,38.0,0.7142857142857143,12054
43,634,14,11,0,83,0,0,0,0,0,41.5,0.7857142857142857,8876
22,777,3,6,1,70,0,1,0,0,0,35.2,2.0,2331
29,585,2,6,1,68,1,0,0,0,0,34.3,3.0,1170
30,748,12,11,0,72,0,0,0,0,0,36.0,0.9166666666666666,8976
22,550,1,5,1,93,0,0,0,0,0,46.5,5.0,550
25,820,2,2,1,74,0,0,0,0,0,37.0,1.0,1640
37,691,13,10,1,58,0,0,0,0,0,29.0,0.7692307692307693,8983
22,702,3,5,0,88,0,0,0,0,0,44.0,1.6666666666666667,2106
33,565,4,4,1,61,0,0,0,0,0,30.5,1.0,2260
35,668,12,14,0,61,0,0,0,0,0,30.5,1.1666666666666667,8016
22,772,2,2,1,88,1,0,0,0,0,44.3,1.0,1544
39,671,14,15,1,92,0,1,0,1,1,46.2,1.0714285714285714,9394
40,644,2,2,1,93,0,0,0,0,0,46.5,1.0,1288
31,780,12,11,1,83,1,0,0,0,0,41.8,0.9166666666666666,9360
33,600,3,6,1,76,1,1,0,0,0,38.5,2.0,1800
32,613,14,15,1,60,0,0,0,0,0,30.0,1.0714285714285714,8582
32,714,4,4,0,85,0,0,0,1,0,42.5,1.0,2856
29,687,2,6,1,80,1,1,0,0,0,40.5,3.0,1374
36,801,4,2,0,73,0,0,0,0,0,36.5,0.5,3204
23,789,4,2,1,75,0,0,0,0,0,37.5,0.5,3156
23,720,1,2,1,86,0,1,1,1,0,43.2,2.0,720
27,813,10,11,1,72,1,0,0,0,0,36.3,1.1,8130
35,548,11,10,1,86,0,0,0,0,0,43.0,0.9090909090909091,6028
37,602,14,13,1,93,0,0,0,0,1,46.5,0.9285714285714286,8428
40,720,11,12,1,78,0,1,0,0,0,39.2,1.0909090909090908,7920
23,641,1,4,0,62,1,1,1,0,0,31.5,4.0,641
36,697,3,3,1,80,1,0,0,0,0,40.3,1.0,2091
26,785,2,6,1,66,0,0,0,0,0,33.0,3.0,1570
28,702,1,4,1,82,0,0,0,0,0,41.0,4.0,702
33,568,14,12,0,71,0,0,0,0,0,35.5,0.8571428571428571,7952
28,560,7,8,1,80,0,0,0,0,0,40.0,1.1428571428571428,3920
43,680,13,14,0,90,0,0,0,1,1,45.0,1.0769230769230769,8840
41,663,12,10,1,67,0,0,0,0,0,33.5,0.8333333333333334,7956
41,831,4,6,1,68,0,0,0,0,0,34.0,1.5,3324
24,665,1,2,1,62,0,0,0,0,0,31.0,2.0,665
37,762,13,12,1,73,0,0,1,0,0,36.5,0.9230769230769231,9906
36,844,12,13,1,75,0,0,0,0,0,37.5,1.0833333333333333,10128
31,796,13,11,0,63,0,0,0,0,0,31.5,0.8461538461538461,10348
43,668,13,10,1,76,0,0,1,0,0,38.0,0.7692307692307693,8684
22,771,3,4,1,68,0,0,0,0,0,34.0,1.3333333333333333,2313
28,819,9,10,1,72,0,0,0,0,0,36.0,1.1111111111111112,7371
35,734,4,3,0,79,0,0,0,0,0,39.5,0.75,2936
36,758,13,13,1,72,0,1,0,0,0,36.2,1.0,9854
38,547,11,11,1,75,0,1,0,0,0,37.7,1.0,6017
40,693,14,12,1,64,0,0,0,0,0,32.0,0.8571428571428571,9702
34,633,4,4,1,85,0,0,0,0,0,42.5,1.0,2532
37,713,12,15,1,68,0,0,1,0,0,34.0,1.25,8556
30,679,13,12,1,85,0,0,1,0,1,42.5,0.9230769230769231,8827
23,668,3,4,1,74,1,0,0,0,0,37.3,1.3333333333333333,2004
38,653,12,13,0,68,1,0,0,0,0,34.3,1.0833333333333333,7836
33,601,11,11,0,91,0,1,1,1,1,45.7,1.0,6611
22,607,1,5,1,91,0,1,1,0,0,45.7,5.0,607
45,703,4,3,1,82,1,0,1,0,0,41.3,0.75,2812
31,589,4,5,1,67,0,0,0,0,0,33.5,1.25,2356
39,850,11,13,1,61,0,0,0,0,0,30.5,1.1818181818181819,9350
43,661,13,10,1,59,0,0,0,0,0,29.5,0.7692307692307693,8593
42,686,12,11,0,76,1,0,0,0,0,38.3,0.9166666666666666,8232
44,624,3,4,1,80,0,0,0,0,0,40.0,1.3333333333333333,1872
45,576,4,5,1,55,1,1,0,0,0,28.0,1.25,2304
25,554,2,4,1,86,0,0,1,0,0,43.0,2.0,1108
29,423,1,5,1,71,0,1,0,0,0,35.7,5.0,423
23,527,2,5,0,69,0,0,0,0,0,34.5,2.5,1054
27,673,9,9,1,79,0,1,0,0,0,39.7,1.0,6057
23,731,1,2,1,72,0,0,0,0,0,36.0,2.0,731
30,763,14,15,1,43,1,0,0,0,0,21.8,1.0714285714285714,10682
29,624,8,11,1,69,0,0,0,0,0,34.5,1.375,4992
22,638,1,2,0,72,0,1,0,0,0,36.2,2.0,638
39,615,14,15,1,60,1,0,0,0,0,30.3,1.0714285714285714,8610
31,814,13,15,0,91,0,0,1,1,1,45.5,1.1538461538461537,10582
24,635,3,2,1,72,0,1,0,0,0,36.2,0.6666666666666666,1905
45,879,14,11,1,66,0,0,0,0,0,33.0,0.7857142857142857,12306
37,675,14,10,1,65,0,0,0,0,0,32.5,0.7142857142857143,9450
34,669,11,15,1,69,0,0,0,0,0,34.5,1.3636363636363635,7359
32,506,14,14,0,60,0,0,0,0,0,30.0,1.0,7084
28,748,8,12,1,73,0,0,0,0,0,36.5,1.5,5984
38,456,4,3,1,64,0,0,0,0,0,32.0,0.75,1824
44,699,2,4,1,57,0,0,1,0,0,28.5,2.0,1398
31,732,11,11,1,68,0,0,0,0,0,34.0,1.0,8052
30,534,14,12,1,74,0,0,1,0,0,37.0,0.8571428571428571,7476
27,737,10,10,1,87,0,1,0,1,1,43.7,1.0,7370
22,802,5,5,1,92,0,0,1,1,1,46.0,1.0,4010
34,679,11,15,0,79,0,1,1,0,1,39.7,1.3636363636363635,7469
39,526,4,2,1,79,0,0,0,0,0,39.5,0.5,2104
26,716,1,6,1,74,1,0,0,0,0,37.3,6.0,716
37,581,2,4,1,67,0,0,0,0,0,33.5,2.0,1162
32,575,4,6,1,75,0,1,0,0,0,37.7,1.5,2300
32,753,3,4,1,76,1,0,0,0,0,38.3,1.3333333333333333,2259
29,680,2,3,0,67,0,0,0,0,0,33.5,1.5,1360
43,743,13,15,0,74,0,0,0,0,0,37.0,1.1538461538461537,9659
23,782,1,4,0,75,0,0,0,0,0,37.5,4.0,782
30,612,13,13,1,69,0,1,0,0,0,34.7,1.0,7956
30,477,13,13,1,81,1,0,0,0,0,40.8,1.0,6201
44,812,3,3,1,82,0,0,0,0,0,41.0,1.0,2436
35,670,14,13,1,88,0,0,0,1,1,44.0,0.9285714285714286,9380
24,576,1,4,1,74,0,1,0,0,0,37.2,4.0,576
43,763,4,3,1,71,1,0,0,0,0,35.8,0.75,3052
28,617,3,6,0,72,0,0,0,0,0,36.0,2.0,1851
24,846,1,2,0,59,0,0,0,0,0,29.5,2.0,846
23,546,2,2,1,81,0,0,0,0,0,40.5,1.0,1092
27,601,2,6,1,73,1,1,0,0,0,37.0,3.0,1202
25,762,7,10,1,61,0,0,0,0,0,30.5,1.4285714285714286,5334
35,854,2,5,1,83,0,0,1,0,0,41.5,2.5,1708
43,942,2,5,0,84,0,1,0,1,0,42.2,2.5,1884
43,870,13,13,1,78,0,0,1,0,1,39.0,1.0,11310
42,898,12,11,1,79,0,0,0,0,0,39.5,0.9166666666666666,10776
43,850,13,10,1,86,0,0,0,1,1,43.0,0.7692307692307693,11050
32,585,14,15,1,81,1,0,0,1,1,40.8,1.0714285714285714,8190
33,695,12,12,1,74,0,1,0,0,0,37.2,1.0,8340
41,628,13,12,1,77,0,0,0,0,0,38.5,0.9230769230769231,8164
24,795,4,3,0,77,0,0,0,0,0,38.5,0.75,3180
39,661,12,11,1,81,1,1,0,1,1,41.0,0.9166666666666666,7932
23,747,2,3,0,86,0,1,0,0,0,43.2,1.5,1494
23,465,2,2,0,84,1,0,0,0,0,42.3,1.0,930
32,776,3,6,1,91,1,0,0,0,0,45.8,2.0,2328
24,494,1,2,0,94,0,0,0,0,0,47.0,2.0,494
24,722,3,3,1,80,0,0,0,0,0,40.0,1.0,2166
24,560,1,2,1,85,0,0,0,1,0,42.5,2.0,560
33,823,11,11,1,82,1,1,0,0,0,41.5,1.0,9053
44,568,11,10,1,67,0,0,0,0,0,33.5,0.9090909090909091,6248
36,747,4,3,1,80,0,0,0,0,0,40.0,0.75,2988
24,676,3,6,1,82,0,0,0,1,0,41.0,2.0,2028
31,693,14,11,1,74,0,0,0,0,0,37.0,0.7857142857142857,9702
45,718,3,3,1,57,0,1,1,0,0,28.7,1.0,2154
44,835,13,14,1,61,0,1,1,0,1,30.7,1.0769230769230769,10855
36,710,13,13,1,78,0,0,0,0,0,39.0,1.0,9230
40,846,2,2,1,81,0,0,1,1,0,40.5,1.0,1692
44,699,2,6,1,82,0,0,0,0,0,41.0,3.0,1398
43,682,4,6,1,76,1,0,0,0,0,38.3,1.5,2728
32,656,4,6,0,86,0,1,0,0,0,43.2,1.5,2624
39,577,3,3,1,87,0,0,0,0,0,43.5,1.0,1731
44,699,3,4,1,69,0,0,0,0,0,34.5,1.3333333333333333,2097
43,821,12,13,1,57,0,0,1,0,0,28.5,1.0833333333333333,9852
40,772,11,10,1,70,0,1,1,0,0,35.2,0.9090909090909091,8492
42,797,4,5,0,91,1,0,0,0,0,45.8,1.25,3188
33,784,14,13,1,64,0,0,0,0,0,32.0,0.9285714285714286,10976
34,661,13,11,1,62,1,0,0,0,0,31.3,0.8461538461538461,8593
24,673,3,4,1,77,1,0,0,0,0,38.8,1.3333333333333333,2019
44,807,11,10,1,70,0,1,0,0,0,35.2,0.9090909090909091,8877
29,889,2,6,1,71,0,0,1,0,0,35.5,3.0,1778
24,697,5,5,1,69,0,1,0,0,0,34.7,1.0,3485
31,745,4,5,1,78,0,0,1,0,0,39.0,1.25,2980
41,742,12,14,0,62,1,0,0,0,0,31.3,1.1666666666666667,8904
24,583,3,3,1,62,0,0,0,0,0,31.0,1.0,1749
27,760,10,14,1,85,1,0,0,0,1,42.8,1.4,7600
40,679,4,5,1,66,1,0,1,0,0,33.3,1.25,2716
32,700,3,2,1,74,0,0,1,0,0,37.0,0.6666666666666666,2100
41,714,14,12,1,69,0,0,0,0,0,34.5,0.8571428571428571,9996
41,832,3,2,1,63,0,0,0,0,0,31.5,0.6666666666666666,2496
35,720,12,11,1,76,0,0,0,0,0,38.0,0.9166666666666666,8640
25,833,8,10,1,78,0,0,0,0,0,39.0,1.25,6664
28,591,6,7,0,72,0,0,1,0,0,36.0,1.1666666666666667,3546
36,603,11,14,1,87,0,0,0,1,1,43.5,1.2727272727272727,6633
43,694,2,3,0,91,0,1,0,1,0,45.7,1.5,1388
23,853,2,2,1,85,0,0,1,0,0,42.5,1.0,1706
37,802,4,2,1,81,0,0,0,0,0,40.5,0.5,3208
32,669,12,14,1,76,1,1,0,0,1,38.5,1.1666666666666667,8028
40,779,11,13,1,77,0,0,1,0,0,38.5,1.1818181818181819,8569
40,679,3,4,1,92,0,0,0,0,0,46.0,1.3333333333333333,2037
29,731,8,9,0,73,0,0,0,0,0,36.5,1.125,5848
35,684,3,6,1,76,1,0,1,0,0,38.3,2.0,2052
45,745,11,13,0,62,0,0,0,0,0,31.0,1.1818181818181819,8195
26,703,2,4,1,77,0,0,0,0,0,38.5,2.0,1406
40,756,14,12,1,78,0,0,1,0,0,39.0,0.8571428571428571,10584
39,578,11,14,1,81,1,1,0,0,0,41.0,1.2727272727272727,6358
30,767,2,6,1,79,0,1,1,0,0,39.7,3.0,1534
29,715,3,4,0,71,0,0,0,0,0,35.5,1.3333333333333333,2145
35,703,4,2,0,86,0,0,0,0,0,43.0,0.5,2812
44,741,2,5,1,91,0,0,0,1,0,45.5,2.5,1482
40,651,14,11,1,80,1,0,0,0,0,40.3,0.7857142857142857,9114
38,637,12,10,1,69,0,1,0,0,0,34.7,0.8333333333333334,7644
36,593,4,6,1,60,0,1,1,0,0,30.2,1.5,2372
23,625,2,2,1,78,0,0,1,0,0,39.0,1.0,1250
38,750,11,13,1,78,0,0,0,0,0,39.0,1.1818181818181819,8250
37,698,12,10,1,86,0,0,0,1,1,43.0,0.8333333333333334,8376
41,669,14,14,1,73,0,0,0,0,0,36.5,1.0,9366
24,740,1,3,1,83,0,0,0,0,0,41.5,3.0,740
24,588,3,2,1,76,0,0,0,0,0,38.0,0.6666666666666666,1764
28,720,7,12,1,79,0,0,0,0,0,39.5,1.7142857142857142,5040
35,612,11,14,0,83,0,0,0,1,1,41.5,1.2727272727272727,6732
24,613,1,5,1,60,1,0,0,0,0,30.3,5.0,613
41,619,13,15,1,78,0,0,0,0,0,39.0,1.1538461538461537,8047
25,843,9,11,1,75,0,0,0,0,0,37.5,1.2222222222222223,7587
30,628,11,13,1,64,0,0,0,0,0,32.0,1.1818181818181819,6908
27,713,7,9,1,89,1,0,0,1,0,44.8,1.2857142857142858,4991
44,789,11,13,1,52,0,0,0,0,0,26.0,1.1818181818181819,8679
42,671,2,5,1,68,0,0,1,0,0,34.0,2.5,1342
25,726,3,2,1,77,0,0,0,0,0,38.5,0.6666666666666666,2178
38,609,13,15,1,67,0,0,0,0,0,33.5,1.1538461538461537,7917
22,706,5,2,0,78,0,1,1,0,0,39.2,0.4,3530
42,688,3,2,0,86,0,0,0,1,0,43.0,0.6666666666666666,2064
27,606,8,9,1,95,0,1,0,0,0,47.7,1.125,4848
45,896,4,4,1,80,0,0,0,0,0,40.0,1.0,3584
27,732,8,7,1,73,0,1,0,0,0,36.7,0.875,5856
45,708,3,6,1,81,0,0,0,1,0,40.5,2.0,2124
37,746,3,2,1,74,0,1,0,0,0,37.2,0.6666666666666666,2238
38,664,13,12,1,77,1,1,0,0,1,39.0,0.9230769230769231,8632
22,715,5,6,1,60,1,0,0,0,0,30.3,1.2,3575
39,663,2,6,1,73,0,0,0,0,0,36.5,3.0,1326
22,819,1,3,1,83,0,0,0,0,0,41.5,3.0,819
39,850,12,15,1,59,0,0,0,0,0,29.5,1.25,10200
22,853,4,3,1,67,0,0,1,0,0,33.5,0.75,3412
22,647,1,3,0,71,1,0,0,0,0,35.8,3.0,647
38,640,14,15,1,76,0,0,0,0,0,38.0,1.0714285714285714,8960
39,622,3,4,1,59,0,0,0,0,0,29.5,1.3333333333333333,1866
35,823,14,12,1,88,0,0,0,0,1,44.0,0.8571428571428571,11522
42,822,11,11,1,84,0,1,0,0,0,42.2,1.0,9042
39,707,11,12,1,60,1,0,0,0,0,30.3,1.0909090909090908,7777
34,756,11,13,1,75,0,0,0,0,0,37.5,1.1818181818181819,8316
30,728,2,3,1,69,1,0,0,0,0,34.8,1.5,1456
36,514,14,10,1,88,0,0,0,0,0,44.0,0.7142857142857143,7196
22,724,5,3,1,88,0,0,0,0,0,44.0,0.6,3620
43,776,14,14,1,74,0,0,0,0,0,37.0,1.0,10864
33,715,11,10,1,57,1,0,0,0,0,28.8,0.9090909090909091,7865
26,471,10,14,1,88,0,0,0,1,1,44.0,1.4,4710
28,726,7,7,0,81,0,1,0,0,0,40.7,1.0,5082
33,776,2,2,1,96,1,0,0,1,0,48.3,1.0,1552
36,682,4,6,1,93,0,1,1,1,0,46.7,1.5,2728
42,774,3,5,1,67,0,1,0,0,0,33.7,1.6666666666666667,2322
39,708,11,10,1,69,1,1,0,0,0,35.0,0.9090909090909091,7788
37,827,4,4,1,67,0,0,1,0,0,33.5,1.0,3308
38,375,3,5,0,71,0,0,0,0,0,35.5,1.6666666666666667,1125
37,695,12,10,1,65,0,0,0,0,0,32.5,0.8333333333333334,8340
38,738,11,15,1,97,0,1,0,0,1,48.7,1.3636363636363635,8118
23,825,5,5,1,65,0,0,1,0,0,32.5,1.0,4125
30,680,12,13,1,75,1,0,0,0,0,37.8,1.0833333333333333,8160
35,621,11,13,1,58,0,0,1,0,0,29.0,1.1818181818181819,6831
28,724,10,10,1,73,0,0,0,0,0,36.5,1.0,7240
36,350,4,4,1,90,0,0,0,1,0,45.0,1.0,1400
29,848,1,3,1,75,0,1,1,0,0,37.7,3.0,848
39,705,2,4,1,71,1,0,1,0,0,35.8,2.0,1410
45,724,13,11,1,88,0,0,1,0,0,44.0,0.8461538461538461,9412
37,601,3,6,1,60,0,0,0,0,0,30.0,2.0,1803
33,718,4,2,1,68,0,0,0,0,0,34.0,0.5,2872
32,841,2,4,0,74,0,0,0,0,0,37.0,2.0,1682
26,756,3,5,1,69,1,1,0,0,0,35.0,1.6666666666666667,2268
30,600,11,15,1,89,0,0,1,0,1,44.5,1.3636363636363635,6600
23,765,3,3,1,78,0,0,1,0,0,39.0,1.0,2295
35,651,4,2,0,69,0,1,1,0,0,34.7,0.5,2604
43,739,4,2,1,90,1,1,1,0,0,45.5,0.5,2956
25,534,2,5,1,68,0,1,1,0,0,34.2,2.5,1068
32,585,4,3,1,86,1,1,0,0,0,43.5,0.75,2340
32,696,2,2,1,73,0,1,0,0,0,36.7,1.0,1392
43,721,12,11,1,68,1,0,0,0,0,34.3,0.9166666666666666,8652
26,754,3,3,1,62,1,0,0,0,0,31.3,1.0,2262
38,680,2,5,1,69,1,0,0,0,0,34.8,2.5,1360
33,680,11,15,1,85,0,0,0,0,1,42.5,1.3636363636363635,7480
40,776,13,14,1,72,0,0,1,0,0,36.0,1.0769230769230769,10088
38,509,3,5,1,61,0,0,1,0,0,30.5,1.6666666666666667,1527
25,645,1,2,1,55,0,1,0,0,0,27.7,2.0,645
37,656,4,4,1,82,1,0,0,0,0,41.3,1.0,2624
40,585,4,6,0,55,1,0,0,0,0,27.8,1.5,2340
37,614,11,15,1,79,0,1,1,0,1,39.7,1.3636363636363635,6754
36,576,2,3,1,80,0,1,0,0,0,40.2,1.5,1152
24,541,2,3,1,76,0,0,1,0,0,38.0,1.5,1082
44,903,12,15,1,58,0,1,1,0,1,29.2,1.25,10836
26,746,10,13,1,78,1,1,0,0,1,39.5,1.3,7460
25,694,2,4,1,78,0,0,0,0,0,39.0,2.0,1388
23,841,1,3,1,65,0,0,0,0,0,32.5,3.0,841
41,729,4,4,1,91,0,0,0,0,0,45.5,1.0,2916
39,669,11,12,1,76,0,0,0,0,0,38.0,1.0909090909090908,7359
22,660,3,3,1,54,0,0,0,0,0,27.0,1.0,1980
39,646,4,6,1,63,0,0,1,0,0,31.5,1.5,2584
24,749,2,4,1,86,1,0,0,1,0,43.3,2.0,1498
36,713,2,3,1,71,0,0,0,0,0,35.5,1.5,1426
43,718,2,4,1,64,0,0,1,0,0,32.0,2.0,1436
28,728,3,4,1,71,0,0,0,0,0,35.5,1.3333333333333333,2184
44,907,4,6,1,63,1,1,0,0,0,32.0,1.5,3628
33,807,12,13,1,74,0,0,0,0,0,37.0,1.0833333333333333,9684
25,722,10,13,1,61,0,0,0,0,0,30.5,1.3,7220
42,565,12,15,1,64,0,0,1,0,0,32.0,1.25,6780
37,648,14,10,1,70,0,1,0,0,0,35.2,0.7142857142857143,9072
25,760,7,7,1,81,0,0,0,0,0,40.5,1.0,5320
23,657,1,4,1,58,0,0,0,0,0,29.0,4.0,657
42,727,4,5,0,89,0,0,0,0,0,44.5,1.25,2908
24,660,3,5,1,66,0,1,0,0,0,33.2,1.6666666666666667,1980
28,625,2,4,1,71,1,0,0,0,0,35.8,2.0,1250
45,615,2,3,0,61,0,0,1,0,0,30.5,1.5,1230
35,825,2,3,1,79,0,0,1,0,0,39.5,1.5,1650
44,667,3,2,1,66,0,0,0,0,0,33.0,0.6666666666666666,2001
44,573,2,6,1,72,1,1,0,0,0,36.5,3.0,1146
29,676,10,12,1,70,0,0,0,0,0,35.0,1.2,6760
25,463,7,9,0,80,0,0,1,0,0,40.0,1.2857142857142858,3241
31,704,11,12,1,55,0,0,0,0,0,27.5,1.0909090909090908,7744
30,733,14,14,1,81,0,1,0,1,1,40.7,1.0,10262
30,860,14,15,1,53,0,0,0,0,0,26.5,1.0714285714285714,12040
39,706,13,10,1,71,0,0,1,0,0,35.5,0.7692307692307693,9178
35,818,11,11,1,69,1,0,1,0,0,34.8,1.0,8998
33,828,3,6,1,78,1,0,0,0,0,39.3,2.0,2484
27,835,3,6,1,80,0,0,1,0,0,40.0,2.0,2505
42,788,13,11,0,74,0,0,0,0,0,37.0,0.8461538461538461,10244
28,680,8,8,1,60,1,0,1,0,0,30.3,1.0,5440
35,622,12,12,1,65,0,1,0,0,0,32.7,1.0,7464
24,888,2,6,0,100,1,1,0,1,1,50.5,3.0,1776
40,844,14,15,1,62,1,1,0,0,1,31.5,1.0714285714285714,11816
38,754,4,4,0,71,1,0,0,0,0,35.8,1.0,3016
37,709,14,14,1,78,0,0,1,0,0,39.0,1.0,9926
43,842,13,11,1,63,1,0,0,0,0,31.8,0.8461538461538461,10946
42,758,4,4,1,81,0,1,1,0,0,40.7,1.0,3032
32,555,4,4,1,59,0,0,0,0,0,29.5,1.0,2220
25,703,9,10,1,99,0,0,1,1,1,49.5,1.1111111111111112,6327
42,706,14,14,0,81,0,1,0,1,1,40.7,1.0,9884
22,770,5,4,0,73,0,0,0,0,0,36.5,0.8,3850
25,791,7,7,1,83,0,0,0,0,0,41.5,1.0,5537
43,559,4,5,0,69,0,0,1,0,0,34.5,1.25,2236
22,475,3,3,1,81,0,0,0,1,0,40.5,1.0,1425
23,640,2,2,1,80,0,0,0,0,0,40.0,1.0,1280
25,698,8,10,1,62,0,0,0,0,0,31.0,1.25,5584
25,502,9,10,1,71,1,1,0,0,0,36.0,1.1111111111111112,4518
45,761,12,10,0,72,0,0,0,0,0,36.0,0.8333333333333334,9132
42,664,11,13,1,99,1,0,0,0,1,49.8,1.1818181818181819,7304
38,659,3,3,1,79,1,0,0,0,0,39.8,1.0,1977
25,543,9,12,0,72,1,0,0,0,0,36.3,1.3333333333333333,4887
33,623,2,6,1,78,0,0,0,0,0,39.0,3.0,1246
42,721,13,10,1,82,0,0,1,0,0,41.0,0.7692307692307693,9373
24,705,3,5,1,86,0,0,0,1,0,43.0,1.6666666666666667,2115
41,638,13,14,1,74,0,0,0,0,0,37.0,1.0769230769230769,8294
32,701,14,14,1,80,1,0,0,0,0,40.3,1.0,9814
39,657,3,6,0,74,1,1,0,0,0,37.5,2.0,1971
42,708,14,14,0,78,0,0,1,0,0,39.0,1.0,9912
42,683,4,2,1,80,0,0,0,0,0,40.0,0.5,2732
30,727,3,3,1,75,1,0,0,0,0,37.8,1.0,2181
40,653,4,2,1,77,1,0,0,0,0,38.8,0.5,2612
28,669,6,7,1,60,0,0,0,0,0,30.0,1.1666666666666667,4014
24,827,3,2,1,80,0,0,0,0,0,40.0,0.6666666666666666,2481
43,814,11,15,1,89,0,0,0,1,1,44.5,1.3636363636363635,8954
39,854,12,11,1,78,0,1,0,0,0,39.2,0.9166666666666666,10248
22,674,2,5,1,89,0,0,0,1,0,44.5,2.5,1348
39,690,2,3,1,67,0,0,0,0,0,33.5,1.5,1380
43,654,14,15,1,80,0,0,0,0,0,40.0,1.0714285714285714,9156
35,753,3,5,1,75,0,0,1,0,0,37.5,1.6666666666666667,2259
41,606,3,4,1,70,0,0,0,0,0,35.0,1.3333333333333333,1818
36,911,12,12,0,73,1,0,0,0,1,36.8,1.0,10932
30,671,13,11,1,81,0,1,0,0,0,40.7,0.8461538461538461,8723
36,701,13,13,0,80,0,0,0,0,0,40.0,1.0,9113
43,720,3,2,0,67,0,0,1,0,0,33.5,0.6666666666666666,2160
36,702,2,4,1,74,0,0,1,0,0,37.0,2.0,1404
25,806,9,10,0,63,0,1,1,0,0,31.7,1.1111111111111112,7254
36,714,3,5,1,62,1,0,0,0,0,31.3,1.6666666666666667,2142
37,799,2,5,0,65,1,1,0,0,0,33.0,2.5,1598
37,708,12,14,1,81,0,0,0,0,0,40.5,1.1666666666666667,8496
26,706,9,7,1,73,0,0,1,0,0,36.5,0.7777777777777778,6354
45,764,12,15,0,73,1,0,0,0,0,36.8,1.25,9168
32,884,2,6,1,62,0,0,1,0,0,31.0,3.0,1768
42,674,3,6,1,90,0,0,1,0,0,45.0,2.0,2022
25,719,2,2,1,84,0,1,0,0,0,42.2,1.0,1438
22,756,4,2,1,68,0,1,0,0,0,34.2,0.5,3024
34,767,4,3,0,80,0,0,0,0,0,40.0,0.75,3068
36,677,13,14,0,65,0,0,0,0,0,32.5,1.0769230769230769,8801
45,633,14,11,0,58,0,0,0,0,0,29.0,0.7857142857142857,8862
38,846,3,3,1,76,0,0,1,0,0,38.0,1.0,2538
34,613,4,5,1,76,0,0,0,0,0,38.0,1.25,2452
34,732,2,4,1,79,0,0,0,0,0,39.5,2.0,1464
42,855,4,6,1,59,0,0,0,0,0,29.5,1.5,3420
44,811,11,12,1,72,0,1,0,0,1,36.2,1.0909090909090908,8921
40,678,3,5,1,64,0,0,1,0,0,32.0,1.6666666666666667,2034
26,630,1,4,1,66,0,1,0,0,0,33.2,4.0,630
34,655,4,6,1,77,1,1,0,0,0,39.0,1.5,2620
22,821,1,4,1,83,0,0,0,1,0,41.5,4.0,821
43,573,11,11,1,73,0,0,1,0,0,36.5,1.0,6303
37,859,2,3,1,76,1,0,0,0,0,38.3,1.5,1718
37,609,14,13,1,82,0,1,1,0,1,41.2,0.9285714285714286,8526
34,660,4,2,1,89,0,0,0,0,0,44.5,0.5,2640
27,432,7,12,1,77,0,0,0,0,0,38.5,1.7142857142857142,3024
34,718,3,2,0,78,0,0,0,0,0,39.0,0.6666666666666666,2154
24,810,4,4,1,78,1,0,0,0,0,39.3,1.0,3240
32,611,4,5,1,72,0,0,1,0,0,36.0,1.25,2444
25,600,9,7,0,63,0,1,1,0,0,31.7,0.7777777777777778,5400
45,850,4,6,0,81,0,0,0,0,0,40.5,1.5,3400
45,691,3,5,0,86,0,0,1,1,0,43.0,1.6666666666666667,2073
45,498,12,10,1,66,0,0,0,0,0,33.0,0.8333333333333334,5976
30,465,3,4,0,64,0,0,0,0,0,32.0,1.3333333333333333,1395
23,814,2,4,0,69,0,0,0,0,0,34.5,2.0,1628
42,671,13,15,1,83,0,0,0,0,0,41.5,1.1538461538461537,8723
30,718,14,13,1,66,0,0,0,0,0,33.0,0.9285714285714286,10052
37,730,2,2,0,82,0,0,0,1,0,41.0,1.0,1460
44,815,12,14,1,68,1,1,0,0,1,34.5,1.1666666666666667,9780
28,583,7,8,1,78,0,0,0,0,0,39.0,1.1428571428571428,4081
32,796,13,15,0,87,0,0,0,0,1,43.5,1.1538461538461537,10348
31,706,12,14,1,96,1,0,0,1,1,48.3,1.1666666666666667,8472
41,799,3,6,1,71,0,0,0,0,0,35.5,2.0,2397
32,675,11,12,1,91,0,0,0,0,1,45.5,1.0909090909090908,7425
38,551,13,12,1,72,1,1,0,0,0,36.5,0.9230769230769231,7163
23,684,4,4,0,65,0,0,0,0,0,32.5,1.0,2736
25,845,8,8,1,64,0,0,0,0,0,32.0,1.0,6760
43,681,2,2,1,86,0,1,0,0,0,43.2,1.0,1362
28,821,10,15,0,70,0,0,0,0,0,35.0,1.5,8210
41,704,13,12,1,89,0,0,0,1,1,44.5,0.9230769230769231,9152
40,783,4,3,1,95,0,0,1,0,0,47.5,0.75,3132
38,845,3,6,1,68,0,0,0,0,0,34.0,2.0,2535
37,630,4,3,0,64,1,0,1,0,0,32.3,0.75,2520
45,837,11,13,1,82,0,1,0,0,1,41.2,1.1818181818181819,9207
26,851,3,2,1,74,0,0,0,0,0,37.0,0.6666666666666666,2553
32,722,3,3,1,68,0,0,0,0,0,34.0,1.0,2166
42,886,4,5,1,82,0,0,0,0,0,41.0,1.25,3544
23,721,5,2,1,73,0,0,0,0,0,36.5,0.4,3605
41,789,14,14,1,77,0,0,0,0,0,38.5,1.0,11046
42,499,11,15,1,72,0,0,0,0,0,36.0,1.3636363636363635,5489
43,556,3,2,0,77,1,1,0,0,0,39.0,0.6666666666666666,1668
35,795,3,5,1,59,0,0,0,0,0,29.5,1.6666666666666667,2385
39,667,2,5,1,94,0,1,0,0,0,47.2,2.5,1334
22,614,2,3,1,73,0,0,0,0,0,36.5,1.5,1228
33,649,13,13,1,75,0,0,0,0,0,37.5,1.0,8437
42,695,13,14,0,72,0,0,0,0,0,36.0,1.0769230769230769,9035
45,671,13,11,1,77,0,0,0,0,0,38.5,0.8461538461538461,8723
26,665,10,14,1,45,1,0,1,0,0,22.8,1.4,6650
33,765,13,12,1,75,0,0,0,0,0,37.5,0.9230769230769231,9945
42,863,2,3,1,76,1,0,1,0,0,38.3,1.5,1726
36,671,3,4,1,73,0,0,1,0,0,36.5,1.3333333333333333,2013
33,642,3,5,1,74,0,0,0,0,0,37.0,1.6666666666666667,1926
30,756,13,10,0,89,0,0,0,0,0,44.5,0.7692307692307693,9828
37,618,14,11,1,75,0,0,0,0,0,37.5,0.7857142857142857,8652
29,651,2,6,1,85,0,0,0,1,0,42.5,3.0,1302
30,782,12,13,0,77,1,0,0,0,0,38.8,1.0833333333333333,9384
45,594,2,5,1,77,0,0,1,0,0,38.5,2.5,1188
43,637,11,12,0,75,0,0,1,0,0,37.5,1.0909090909090908,7007
27,557,8,8,0,55,0,0,0,0,0,27.5,1.0,4456
43,768,11,10,1,57,1,0,0,0,0,28.8,0.9090909090909091,8448
42,694,2,2,1,90,1,0,0,1,0,45.3,1.0,1388
42,709,2,6,1,62,0,0,0,0,0,31.0,3.0,1418
43,692,3,5,1,74,0,0,0,0,0,37.0,1.6666666666666667,2076
31,804,4,5,0,99,0,0,0,0,0,49.5,1.25,3216
28,779,7,9,1,71,0,1,0,0,0,35.7,1.2857142857142858,5453
42,755,11,15,1,61,0,0,1,0,0,30.5,1.3636363636363635,8305
32,815,4,6,1,71,0,0,0,0,0,35.5,1.5,3260
24,821,1,4,0,73,0,0,0,0,0,36.5,4.0,821
38,784,2,5,1,91,0,0,0,0,0,45.5,2.5,1568
45,823,3,2,0,68,1,1,0,0,0,34.5,0.6666666666666666,2469
36,522,3,6,1,70,1,1,0,0,0,35.5,2.0,1566
40,871,11,11,1,90,0,0,1,0,1,45.0,1.0,9581
43,512,11,11,0,61,0,0,0,0,0,30.5,1.0,5632
32,799,13,11,0,73,0,0,0,0,0,36.5,0.8461538461538461,10387
42,722,14,14,1,80,0,0,0,0,0,40.0,1.0,10108
32,638,4,3,0,66,1,0,0,0,0,33.3,0.75,2552
41,748,11,13,1,78,0,1,1,0,1,39.2,1.1818181818181819,8228
37,739,3,4,1,77,0,0,1,0,0,38.5,1.3333333333333333,2217
23,696,1,6,1,91,0,0,0,1,0,45.5,6.0,696
29,608,1,4,0,83,0,1,0,1,0,41.7,4.0,608
44,730,2,6,1,72,0,0,1,0,0,36.0,3.0,1460
36,777,14,10,0,84,0,0,0,0,0,42.0,0.7142857142857143,10878
27,697,2,2,1,85,0,0,1,0,0,42.5,1.0,1394
38,757,13,13,1,72,0,0,0,0,0,36.0,1.0,9841
45,591,13,11,1,56,0,0,0,0,0,28.0,0.8461538461538461,7683
36,730,4,5,1,76,0,0,0,0,0,38.0,1.25,2920
34,864,11,13,1,100,0,1,0,1,1,50.2,1.1818181818181819,9504
38,625,13,12,1,77,0,0,0,0,0,38.5,0.9230769230769231,8125
35,609,14,10,1,67,0,0,0,0,0,33.5,0.7142857142857143,8526
36,633,3,6,1,76,0,0,1,0,0,38.0,2.0,1899
25,600,8,7,1,57,0,0,1,0,0,28.5,0.875,4800
38,685,12,11,0,66,0,0,0,0,0,33.0,0.9166666666666666,8220
40,829,4,4,1,63,0,1,0,0,0,31.7,1.0,3316
37,742,4,2,1,69,0,1,0,0,0,34.7,0.5,2968
42,729,14,14,1,81,1,0,0,0,0,40.8,1.0,10206
39,567,13,12,0,76,1,0,1,0,0,38.3,0.9230769230769231,7371
38,788,2,5,1,65,1,0,0,0,0,32.8,2.5,1576
25,787,7,12,1,77,0,0,0,0,0,38.5,1.7142857142857142,5509
29,667,2,5,1,56,0,0,0,0,0,28.0,2.5,1334
41,545,11,15,0,76,0,1,0,0,0,38.2,1.3636363636363635,5995
33,605,13,15,1,72,0,0,0,0,0,36.0,1.1538461538461537,7865
36,704,3,5,1,81,0,1,0,0,0,40.7,1.6666666666666667,2112
25,729,6,9,1,86,0,1,1,1,1,43.2,1.5,4374
40,625,13,11,1,76,0,0,1,0,0,38.0,0.8461538461538461,8125
44,797,12,10,1,99,0,0,0,1,1,49.5,0.8333333333333334,9564
28,697,8,9,1,73,1,0,0,0,0,36.8,1.125,5576
35,846,4,2,1,64,0,0,0,0,0,32.0,0.5,3384
27,811,2,6,1,76,0,0,1,0,0,38.0,3.0,1622
27,659,2,5,1,65,0,0,0,0,0,32.5,2.5,1318
25,751,2,2,1,71,0,0,0,0,0,35.5,1.0,1502
32,697,14,11,1,71,0,0,0,0,0,35.5,0.7857142857142857,9758
38,840,4,4,0,74,0,0,1,0,0,37.0,1.0,3360
22,875,3,5,1,69,0,1,0,0,0,34.7,1.6666666666666667,2625
44,531,12,13,1,89,0,0,1,0,1,44.5,1.0833333333333333,6372
43,758,12,15,1,70,0,0,0,0,0,35.0,1.25,9096
29,710,8,8,1,71,0,0,0,0,0,35.5,1.0,5680
34,633,14,13,1,74,0,1,0,0,0,37.2,0.9285714285714286,8862
36,813,12,13,1,76,0,0,0,0,0,38.0,1.0833333333333333,9756
31,690,4,2,1,80,0,0,0,0,0,40.0,0.5,2760
24,558,2,6,1,58,0,0,0,0,0,29.0,3.0,1116
34,950,4,2,1,81,0,0,0,1,0,40.5,0.5,3800
22,747,3,6,1,83,0,0,0,1,0,41.5,2.0,2241
38,567,2,2,0,69,0,0,0,0,0,34.5,1.0,1134
38,565,3,4,0,72,0,0,0,0,0,36.0,1.3333333333333333,1695
39,634,4,6,1,59,1,0,0,0,0,29.8,1.5,2536
34,539,3,4,1,81,1,0,0,0,0,40.8,1.3333333333333333,1617
42,847,4,5,0,84,0,0,0,1,0,42.0,1.25,3388
37,613,14,15,0,75,0,0,0,0,0,37.5,1.0714285714285714,8582
40,731,3,3,0,88,0,0,0,0,0,44.0,1.0,2193
24,633,2,5,1,79,1,0,0,0,0,39.8,2.5,1266
36,888,2,2,1,74,0,0,0,0,0,37.0,1.0,1776
44,654,3,6,0,69,1,0,0,0,0,34.8,2.0,1962
28,892,9,12,0,69,0,1,0,0,0,34.7,1.3333333333333333,8028
29,654,1,5,1,90,0,0,1,0,0,45.0,5.0,654
34,698,4,2,1,68,0,1,1,0,0,34.2,0.5,2792
41,554,4,2,1,79,0,0,0,0,0,39.5,0.5,2216
30,490,14,12,0,100,0,1,1,0,1,50.2,0.8571428571428571,6860
28,671,1,5,1,80,1,0,0,0,0,40.3,5.0,671
39,777,3,2,1,71,0,0,0,0,0,35.5,0.6666666666666666,2331
24,826,2,3,1,77,0,1,1,0,0,38.7,1.5,1652
42,376,12,11,1,57,0,1,0,0,0,28.7,0.9166666666666666,4512
30,684,3,6,1,79,0,0,0,0,0,39.5,2.0,2052
34,697,3,3,1,65,1,0,1,0,0,32.8,1.0,2091
22,751,3,2,1,79,0,0,0,0,0,39.5,0.6666666666666666,2253
31,861,14,14,1,61,0,0,0,0,0,30.5,1.0,12054
26,539,7,10,1,89,0,0,0,1,0,44.5,1.4285714285714286,3773
45,612,14,10,1,89,0,1,0,1,1,44.7,0.7142857142857143,8568
32,726,11,10,1,79,0,0,0,0,0,39.5,0.9090909090909091,7986
39,568,2,6,0,64,0,0,0,0,0,32.0,3.0,1136
40,768,13,10,0,68,0,0,0,0,0,34.0,0.7692307692307693,9984
26,731,2,2,1,74,1,0,0,0,0,37.3,1.0,1462
29,719,7,12,1,70,0,1,1,0,0,35.2,1.7142857142857142,5033
29,667,9,12,1,80,0,0,0,0,0,40.0,1.3333333333333333,6003
41,689,11,11,1,63,0,0,0,0,0,31.5,1.0,7579
27,487,3,6,1,71,0,0,0,0,0,35.5,2.0,1461
34,601,2,5,0,76,0,0,0,0,0,38.0,2.5,1202
22,684,1,6,1,70,0,1,1,0,0,35.2,6.0,684
41,653,12,14,1,81,0,1,1,1,1,40.7,1.1666666666666667,7836
28,843,1,3,1,88,0,0,1,1,0,44.0,3.0,843
27,790,7,8,1,81,0,0,0,1,0,40.5,1.1428571428571428,5530
28,595,2,6,1,84,0,0,1,0,0,42.0,3.0,1190
22,697,2,4,0,70,0,0,0,0,0,35.0,2.0,1394
38,758,11,12,1,61,0,0,0,0,0,30.5,1.0909090909090908,8338
27,855,9,10,1,78,0,0,0,0,0,39.0,1.1111111111111112,7695
36,689,14,10,0,70,0,0,0,0,0,35.0,0.7142857142857143,9646
26,799,2,6,1,89,0,0,0,1,0,44.5,3.0,1598
36,873,11,13,1,62,0,0,0,0,0,31.0,1.1818181818181819,9603
36,611,4,3,1,70,0,0,0,0,0,35.0,0.75,2444
23,650,3,2,1,83,0,0,0,1,0,41.5,0.6666666666666666,1950
24,610,4,6,1,61,0,0,1,0,0,30.5,1.5,2440
41,947,3,3,1,51,1,0,0,0,0,25.8,1.0,2841
28,638,8,8,1,72,0,0,0,0,0,36.0,1.0,5104
36,766,11,12,1,76,0,0,0,0,0,38.0,1.0909090909090908,8426
36,732,2,3,1,82,1,0,0,0,0,41.3,1.5,1464
24,627,2,5,1,87,0,0,0,1,0,43.5,2.5,1254
23,516,3,5,1,72,0,0,0,0,0,36.0,1.6666666666666667,1548
28,737,7,8,1,71,1,0,1,0,0,35.8,1.1428571428571428,5159
34,652,2,5,0,66,0,0,1,0,0,33.0,2.5,1304
33,614,12,13,1,59,1,0,0,0,0,29.8,1.0833333333333333,7368
38,813,4,6,1,74,0,0,0,0,0,37.0,1.5,3252
23,783,3,5,1,79,0,0,0,0,0,39.5,1.6666666666666667,2349
28,699,10,15,1,63,0,0,1,0,0,31.5,1.5,6990
41,586,12,10,1,87,0,1,0,0,0,43.7,0.8333333333333334,7032
33,717,4,3,1,64,0,0,0,0,0,32.0,0.75,2868
45,574,4,3,1,73,0,1,0,0,0,36.7,0.75,2296
41,895,4,5,1,84,0,0,0,0,0,42.0,1.25,3580
27,670,1,6,1,88,0,0,0,1,0,44.0,6.0,670
29,688,9,10,1,75,0,1,1,0,0,37.7,1.1111111111111112,6192
34,706,2,6,0,84,0,0,0,1,0,42.0,3.0,1412
33,725,2,6,1,59,0,1,0,0,0,29.7,3.0,1450
44,592,3,5,1,75,0,0,0,0,0,37.5,1.6666666666666667,1776
31,687,12,11,0,72,0,0,0,0,0,36.0,0.9166666666666666,8244
37,736,12,11,1,80,1,1,0,0,0,40.5,0.9166666666666666,8832
27,772,2,3,1,65,0,0,0,0,0,32.5,1.5,1544
31,566,14,11,1,65,0,0,0,0,0,32.5,0.7857142857142857,7924
28,722,8,9,1,72,0,0,0,0,0,36.0,1.125,5776
23,838,4,6,1,49,0,0,0,0,0,24.5,1.5,3352
26,523,7,10,1,79,0,0,0,0,0,39.5,1.4285714285714286,3661
27,601,6,9,0,69,0,0,0,0,0,34.5,1.5,3606
26,560,1,6,1,75,0,1,0,0,0,37.7,6.0,560
23,598,5,6,1,80,0,1,1,0,0,40.2,1.2,2990
23,740,5,3,1,74,0,0,1,0,0,37.0,0.6,3700
22,769,1,4,1,69,0,0,0,0,0,34.5,4.0,769
24,654,3,3,1,70,0,0,0,0,0,35.0,1.0,1962
25,694,9,12,1,70,0,0,0,0,0,35.0,1.3333333333333333,6246
41,851,2,4,1,64,0,0,0,0,0,32.0,2.0,1702
27,646,2,2,1,76,0,0,0,0,0,38.0,1.0,1292
25,636,1,3,1,61,0,0,0,0,0,30.5,3.0,636
40,468,14,10,1,74,0,1,1,0,0,37.2,0.7142857142857143,6552
44,626,3,2,1,73,0,0,1,0,0,36.5,0.6666666666666666,1878
40,787,2,3,1,69,0,0,1,0,0,34.5,1.5,1574
29,815,10,11,1,67,0,0,1,0,0,33.5,1.1,8150
31,594,12,14,1,67,0,0,1,0,0,33.5,1.1666666666666667,7128
42,613,12,13,1,76,0,0,0,0,0,38.0,1.0833333333333333,7356
26,555,8,10,1,85,0,0,0,1,0,42.5,1.25,4440
29,734,9,11,0,69,0,0,1,0,0,34.5,1.2222222222222223,6606
24,807,4,3,1,73,0,0,0,0,0,36.5,0.75,3228
37,564,14,14,1,80,0,1,0,0,0,40.2,1.0,7896
44,678,3,5,1,80,0,0,0,0,0,40.0,1.6666666666666667,2034
44,831,14,13,0,65,1,0,0,0,0,32.8,0.9285714285714286,11634
44,650,3,5,0,53,1,0,0,0,0,26.8,1.6666666666666667,1950
30,768,12,11,1,67,0,0,0,0,0,33.5,0.9166666666666666,9216
32,557,14,15,1,71,0,0,0,0,0,35.5,1.0714285714285714,7798
39,703,2,3,0,72,0,0,1,0,0,36.0,1.5,1406
28,828,1,5,1,73,0,1,0,0,0,36.7,5.0,828
27,586,8,11,1,69,0,0,0,0,0,34.5,1.375,4688
30,778,4,5,1,58,0,1,0,0,0,29.2,1.25,3112
32,452,12,13,1,73,0,0,0,0,0,36.5,1.0833333333333333,5424
38,609,3,4,1,65,0,0,0,0,0,32.5,1.3333333333333333,1827
32,934,12,13,0,73,0,0,0,0,0,36.5,1.0833333333333333,11208
38,756,3,3,1,83,1,0,1,0,0,41.8,1.0,2268
27,843,3,3,1,100,0,0,1,1,0,50.0,1.0,2529
30,950,11,12,1,85,0,0,0,0,1,42.5,1.0909090909090908,10450
34,462,14,15,1,87,0,0,1,1,1,43.5,1.0714285714285714,6468
35,806,13,12,1,58,0,0,0,0,0,29.0,0.9230769230769231,10478
25,763,1,4,1,75,0,0,0,0,0,37.5,4.0,763
24,770,2,4,1,70,0,1,1,0,0,35.2,2.0,1540
42,734,2,6,1,68,0,0,1,0,0,34.0,3.0,1468
38,844,4,5,0,84,0,0,0,0,0,42.0,1.25,3376
28,764,1,4,1,89,0,0,0,1,0,44.5,4.0,764
37,841,14,13,1,65,1,0,1,0,1,32.8,0.9285714285714286,11774
33,607,12,13,1,80,1,0,0,0,0,40.3,1.0833333333333333,7284
44,818,13,10,0,96,0,0,1,1,1,48.0,0.7692307692307693,10634
40,599,3,4,1,91,0,0,1,0,0,45.5,1.3333333333333333,1797
45,685,12,14,1,81,0,0,0,0,0,40.5,1.1666666666666667,8220
31,650,14,15,1,65,0,0,1,0,0,32.5,1.0714285714285714,9100
28,710,3,2,1,84,0,0,0,0,0,42.0,0.6666666666666666,2130
23,797,2,4,1,59,0,0,0,0,0,29.5,2.0,1594
42,680,14,14,1,88,0,0,0,0,1,44.0,1.0,9520
40,794,12,14,1,65,0,0,0,0,0,32.5,1.1666666666666667,9528
40,567,14,15,1,54,0,0,0,0,0,27.0,1.0714285714285714,7938
26,715,6,11,1,92,0,0,1,1,0,46.0,1.8333333333333333,4290
41,624,11,13,0,75,0,0,0,0,0,37.5,1.1818181818181819,6864
43,685,3,2,0,65,0,0,1,0,0,32.5,0.6666666666666666,2055
27,678,3,6,1,78,0,0,0,0,0,39.0,2.0,2034
37,876,2,5,1,89,0,0,0,1,0,44.5,2.5,1752
45,763,4,5,1,72,0,0,0,0,0,36.0,1.25,3052
24,822,1,6,1,77,0,0,1,0,0,38.5,6.0,822
26,743,1,5,1,64,0,0,0,0,0,32.0,5.0,743
39,806,11,10,1,69,0,1,0,0,0,34.7,0.9090909090909091,8866
25,789,8,8,1,76,0,1,0,0,0,38.2,1.0,6312
24,753,3,4,1,69,0,0,0,0,0,34.5,1.3333333333333333,2259
45,801,2,3,0,97,0,1,0,0,0,48.7,1.5,1602
39,736,11,14,1,75,0,0,0,0,0,37.5,1.2727272727272727,8096
25,910,1,4,1,70,0,0,0,0,0,35.0,4.0,910
45,667,12,12,1,77,1,0,1,0,1,38.8,1.0,8004
41,653,2,5,1,82,0,0,0,1,0,41.0,2.5,1306
37,561,4,3,0,74,0,1,0,0,0,37.2,0.75,2244
33,590,13,10,1,60,0,0,0,0,0,30.0,0.7692307692307693,7670
40,769,13,13,1,89,0,0,0,0,1,44.5,1.0,9997
43,574,13,15,0,60,0,1,0,0,0,30.2,1.1538461538461537,7462
36,775,14,10,0,76,0,1,0,0,0,38.2,0.7142857142857143,10850
43,451,11,15,1,74,0,1,0,0,0,37.2,1.3636363636363635,4961
27,697,3,3,1,70,0,1,1,0,0,35.2,1.0,2091
34,647,13,11,1,82,0,0,0,0,0,41.0,0.8461538461538461,8411
45,730,3,2,0,75,0,0,0,0,0,37.5,0.6666666666666666,2190
34,819,11,12,1,67,1,1,0,0,1,34.0,1.0909090909090908,9009
38,713,2,6,1,73,0,0,0,0,0,36.5,3.0,1426
39,675,3,6,1,71,0,0,0,0,0,35.5,2.0,2025
31,693,14,12,1,73,0,0,0,0,0,36.5,0.8571428571428571,9702
22,473,3,6,1,73,0,0,1,0,0,36.5,2.0,1419
43,731,4,2,1,56,0,0,1,0,0,28.0,0.5,2924
33,696,14,14,0,82,1,0,0,0,0,41.3,1.0,9744
44,776,3,5,1,81,0,0,0,1,0,40.5,1.6666666666666667,2328
30,912,2,6,1,96,0,0,1,0,0,48.0,3.0,1824
22,706,2,6,1,84,1,0,0,0,0,42.3,3.0,1412
28,701,2,3,1,65,0,0,0,0,0,32.5,1.5,1402
23,686,1,2,0,64,0,0,0,0,0,32.0,2.0,686
27,656,9,9,1,90,0,0,0,1,0,45.0,1.0,5904
41,801,11,15,1,71,0,1,0,0,1,35.7,1.3636363636363635,8811
33,838,11,15,1,70,0,0,0,0,0,35.0,1.3636363636363635,9218
23,655,4,5,1,66,0,1,1,0,0,33.2,1.25,2620
43,627,4,3,1,74,0,0,1,0,0,37.0,0.75,2508
22,692,1,6,1,66,1,0,0,0,0,33.3,6.0,692
41,720,2,6,1,68,0,0,0,0,0,34.0,3.0,1440
37,819,13,11,1,92,0,0,0,1,1,46.0,0.8461538461538461,10647
27,774,6,8,1,91,0,0,0,0,0,45.5,1.3333333333333333,4644
24,606,3,4,1,55,0,0,0,0,0,27.5,1.3333333333333333,1818
35,636,4,2,0,70,0,1,0,0,0,35.2,0.5,2544
38,662,3,2,1,61,0,0,1,0,0,30.5,0.6666666666666666,1986
44,842,12,14,1,81,0,0,0,0,0,40.5,1.1666666666666667,10104
22,783,1,3,1,76,0,0,0,0,0,38.0,3.0,783
23,621,2,4,1,80,1,0,0,0,0,40.3,2.0,1242
33,849,3,3,1,73,0,0,0,0,0,36.5,1.0,2547
33,639,3,5,1,83,1,1,0,1,0,42.0,1.6666666666666667,1917
41,668,13,10,1,72,0,0,1,0,0,36.0,0.7692307692307693,8684
43,655,12,15,1,77,0,0,0,0,0,38.5,1.25,7860
44,678,11,12,1,73,0,0,0,0,0,36.5,1.0909090909090908,7458
29,608,1,6,1,64,0,0,0,0,0,32.0,6.0,608
33,806,2,4,1,65,0,0,0,0,0,32.5,2.0,1612
43,637,13,11,1,69,0,0,0,0,0,34.5,0.8461538461538461,8281
45,746,14,13,0,71,0,1,0,0,0,35.7,0.9285714285714286,10444
36,585,2,5,1,80,0,0,0,0,0,40.0,2.5,1170
36,803,11,10,1,80,0,1,0,0,0,40.2,0.9090909090909091,8833
23,582,1,5,1,75,0,1,0,0,0,37.7,5.0,582
41,609,2,3,0,86,0,0,1,0,0,43.0,1.5,1218
39,411,3,4,1,69,0,0,1,0,0,34.5,1.3333333333333333,1233
26,849,8,7,1,79,1,0,0,0,0,39.8,0.875,6792
39,823,4,2,1,53,0,0,0,0,0,26.5,0.5,3292
25,545,1,3,1,76,0,0,0,0,0,38.0,3.0,545
39,885,14,15,1,70,0,1,0,0,1,35.2,1.0714285714285714,12390
28,705,3,3,1,77,0,0,0,0,0,38.5,1.0,2115
33,613,2,3,1,73,0,1,0,0,0,36.7,1.5,1226
29,685,2,5,1,66,0,0,0,0,0,33.0,2.5,1370
43,703,2,6,1,67,0,0,0,0,0,33.5,3.0,1406
28,909,1,5,0,75,0,0,0,0,0,37.5,5.0,909
28,804,10,15,1,77,1,0,0,0,1,38.8,1.5,8040
36,667,12,11,1,90,0,0,0,1,1,45.0,0.9166666666666666,8004
30,559,2,3,1,75,1,0,0,0,0,37.8,1.5,1118
43,877,4,2,1,62,0,0,0,0,0,31.0,0.5,3508
26,835,3,2,1,73,0,0,0,0,0,36.5,0.6666666666666666,2505
41,741,14,11,1,65,0,0,0,0,0,32.5,0.7857142857142857,10374
31,693,4,4,1,54,0,0,0,0,0,27.0,1.0,2772
30,728,3,3,1,80,0,0,0,0,0,40.0,1.0,2184
27,759,6,12,0,67,0,0,0,0,0,33.5,2.0,4554
31,697,3,6,1,70,0,0,1,0,0,35.0,2.0,2091
24,576,1,5,1,85,0,0,1,0,0,42.5,5.0,576
43,787,2,2,1,55,0,0,1,0,0,27.5,1.0,1574
35,545,14,11,1,100,0,0,0,1,1,50.0,0.7857142857142857,7630
42,655,11,14,1,67,1,0,0,0,0,33.8,1.2727272727272727,7205
23,644,2,4,1,68,0,0,0,0,0,34.0,2.0,1288
40,616,3,5,0,70,0,0,0,0,0,35.0,1.6666666666666667,1848
23,767,5,6,1,57,0,0,0,0,0,28.5,1.2,3835
43,632,2,5,0,75,0,0,0,0,0,37.5,2.5,1264
42,676,2,2,1,77,1,0,0,0,0,38.8,1.0,1352
41,665,14,11,1,77,0,0,0,0,0,38.5,0.7857142857142857,9310
32,855,4,6,1,76,0,0,0,0,0,38.0,1.5,3420
36,539,14,10,1,77,0,0,0,0,0,38.5,0.7142857142857143,7546
30,464,14,14,1,95,0,0,0,1,1,47.5,1.0,6496
24,593,2,2,1,75,0,0,0,0,0,37.5,1.0,1186
22,737,5,6,0,67,0,1,0,0,0,33.7,1.2,3685
24,668,4,4,0,62,0,0,0,0,0,31.0,1.0,2672
40,745,12,13,1,84,0,0,0,1,1,42.0,1.0833333333333333,8940
39,636,3,2,1,74,0,0,0,0,0,37.0,0.6666666666666666,1908
29,684,8,12,1,83,1,0,0,0,0,41.8,1.5,5472
34,597,3,4,1,74,0,1,0,0,0,37.2,1.3333333333333333,1791
32,777,4,5,0,77,0,0,0,0,0,38.5,1.25,3108
26,709,9,9,0,60,1,1,0,0,0,30.5,1.0,6381
30,630,4,3,1,83,1,0,1,1,0,41.8,0.75,2520
42,641,2,5,0,88,0,0,0,1,0,44.0,2.5,1282
35,750,4,5,1,64,0,1,0,0,0,32.2,1.25,3000
32,736,13,15,0,65,0,1,0,0,0,32.7,1.1538461538461537,9568
36,787,3,2,1,70,0,0,1,0,0,35.0,0.6666666666666666,2361
28,716,2,6,1,73,0,0,0,0,0,36.5,3.0,1432
45,525,2,2,1,80,0,0,0,0,0,40.0,1.0,1050
31,655,2,4,1,63,0,0,1,0,0,31.5,2.0,1310
45,884,14,13,1,56,0,0,0,0,0,28.0,0.9285714285714286,12376
45,879,4,6,1,64,0,0,1,0,0,32.0,1.5,3516
29,532,7,7,1,65,0,0,0,0,0,32.5,1.0,3724
23,647,4,5,1,79,0,0,0,0,0,39.5,1.25,2588
28,543,3,6,0,63,0,0,0,0,0,31.5,2.0,1629
34,646,4,2,1,88,0,0,0,0,0,44.0,0.5,2584
40,770,4,5,0,100,0,0,0,1,0,50.0,1.25,3080
28,559,9,7,1,91,1,0,0,1,0,45.8,0.7777777777777778,5031
22,615,4,3,1,92,1,0,0,0,0,46.3,0.75,2460
31,721,2,6,0,60,0,1,0,0,0,30.2,3.0,1442
39,687,3,3,1,71,0,0,0,0,0,35.5,1.0,2061
39,705,3,4,1,77,0,0,0,0,0,38.5,1.3333333333333333,2115
44,629,4,5,1,59,0,0,0,0,0,29.5,1.25,2516
33,698,11,12,1,73,0,0,0,0,0,36.5,1.0909090909090908,7678
42,645,3,3,1,86,0,0,1,1,0,43.0,1.0,1935
44,639,14,11,1,67,0,0,0,0,0,33.5,0.7857142857142857,8946
31,669,14,13,0,76,0,0,0,0,0,38.0,0.9285714285714286,9366
28,810,3,3,1,58,1,1,0,0,0,29.5,1.0,2430
33,803,3,4,1,82,0,1,1,0,0,41.2,1.3333333333333333,2409
45,786,2,2,1,71,0,0,0,0,0,35.5,1.0,1572
39,662,2,4,1,86,1,0,0,0,0,43.3,2.0,1324
39,592,4,6,0,98,0,1,0,1,0,49.2,1.5,2368
37,690,13,15,0,63,0,0,0,0,0,31.5,1.1538461538461537,8970
37,793,2,6,1,64,0,0,1,0,0,32.0,3.0,1586
34,549,3,2,1,87,0,0,0,0,0,43.5,0.6666666666666666,1647
34,660,3,3,1,71,0,0,0,0,0,35.5,1.0,1980
38,743,4,3,1,72,0,1,0,0,0,36.2,0.75,2972
22,654,1,4,1,80,0,0,1,0,0,40.0,4.0,654
32,846,11,14,1,75,1,0,1,0,1,37.8,1.2727272727272727,9306
38,836,2,4,1,70,0,0,0,0,0,35.0,2.0,1672
31,866,11,10,1,64,0,1,0,0,0,32.2,0.9090909090909091,9526
39,806,4,3,1,48,1,0,0,0,0,24.3,0.75,3224
23,598,1,3,1,63,0,1,1,0,0,31.7,3.0,598
35,580,14,13,1,90,0,0,1,0,1,45.0,0.9285714285714286,8120
28,678,6,10,0,76,1,0,1,0,0,38.3,1.6666666666666667,4068
40,580,2,5,1,91,0,0,0,0,0,45.5,2.5,1160
30,854,12,14,1,60,0,0,0,0,0,30.0,1.1666666666666667,10248
33,718,13,13,0,75,0,0,0,0,0,37.5,1.0,9334
43,709,13,14,1,87,0,0,0,1,1,43.5,1.0769230769230769,9217
30,745,3,2,1,63,0,0,0,0,0,31.5,0.6666666666666666,2235
30,674,14,10,1,70,0,0,0,0,0,35.0,0.7142857142857143,9436
28,610,6,10,1,58,0,0,1,0,0,29.0,1.6666666666666667,3660
24,717,4,5,0,73,0,0,0,0,0,36.5,1.25,2868
41,641,13,14,1,67,1,1,0,0,0,34.0,1.0769230769230769,8333
39,758,4,5,1,72,0,0,0,0,0,36.0,1.25,3032
35,732,13,14,1,75,0,0,0,0,0,37.5,1.0769230769230769,9516
34,700,4,4,1,75,0,0,0,0,0,37.5,1.0,2800
27,786,1,5,0,60,0,0,1,0,0,30.0,5.0,786
43,867,14,12,1,80,0,0,0,0,0,40.0,0.8571428571428571,12138
45,802,4,6,1,71,0,1,0,0,0,35.7,1.5,3208
41,766,2,5,1,74,0,0,0,0,0,37.0,2.5,1532
30,688,3,4,1,75,0,0,0,0,0,37.5,1.3333333333333333,2064
23,634,2,4,0,73,0,0,0,0,0,36.5,2.0,1268
35,704,4,3,0,70,0,0,0,0,0,35.0,0.75,2816
33,630,12,12,1,79,0,0,1,0,0,39.5,1.0,7560
30,677,2,6,0,81,0,0,0,0,0,40.5,3.0,1354
40,685,3,5,1,67,0,0,0,0,0,33.5,1.6666666666666667,2055
30,471,14,15,0,77,0,0,0,0,0,38.5,1.0714285714285714,6594
44,765,11,11,1,88,1,1,0,1,1,44.5,1.0,8415
35,730,12,14,1,59,0,1,0,0,0,29.7,1.1666666666666667,8760
43,613,3,6,0,57,1,0,0,0,0,28.8,2.0,1839
41,596,3,6,1,53,0,0,1,0,0,26.5,2.0,1788
32,734,11,13,1,89,0,0,0,1,1,44.5,1.1818181818181819,8074
29,769,2,4,0,74,1,0,1,0,0,37.3,2.0,1538
34,708,3,5,0,83,0,0,0,0,0,41.5,1.6666666666666667,2124
35,837,14,10,1,97,1,0,0,0,1,48.8,0.7142857142857143,11718
23,718,1,2,1,76,0,1,0,0,0,38.2,2.0,718
36,704,12,11,1,63,0,0,0,0,0,31.5,0.9166666666666666,8448
26,692,2,5,0,62,0,0,0,0,0,31.0,2.5,1384
23,565,2,2,0,76,1,0,0,0,0,38.3,1.0,1130
25,818,1,3,0,71,0,1,0,0,0,35.7,3.0,818
25,802,1,5,0,76,1,0,0,0,0,38.3,5.0,802
36,661,4,5,1,78,1,0,1,0,0,39.3,1.25,2644
31,680,13,15,1,78,0,1,0,0,0,39.2,1.1538461538461537,8840
32,660,4,6,0,78,0,0,0,0,0,39.0,1.5,2640
22,635,1,2,1,77,1,0,0,0,0,38.8,2.0,635
35,595,14,10,1,68,1,0,0,0,0,34.3,0.7142857142857143,8330
42,786,14,10,1,68,0,0,0,0,0,34.0,0.7142857142857143,11004
22,837,2,6,1,67,0,0,0,0,0,33.5,3.0,1674
28,741,1,3,1,80,0,0,1,0,0,40.0,3.0,741
27,848,9,8,1,63,1,1,1,0,0,32.0,0.8888888888888888,7632
42,882,11,15,1,66,0,0,0,0,0,33.0,1.3636363636363635,9702
35,815,14,14,1,91,1,0,1,0,1,45.8,1.0,11410
30,816,12,13,1,55,0,0,0,0,0,27.5,1.0833333333333333,9792
41,883,12,12,1,68,1,0,0,0,0,34.3,1.0,10596
41,625,14,12,1,86,0,0,0,1,1,43.0,0.8571428571428571,8750
36,623,2,3,1,67,0,0,0,0,0,33.5,1.5,1246
42,760,3,2,1,59,0,1,1,0,0,29.7,0.6666666666666666,2280
41,855,12,12,1,72,0,0,0,0,0,36.0,1.0,10260
23,776,2,5,1,79,0,1,1,0,0,39.7,2.5,1552
45,798,4,5,0,71,1,0,0,0,0,35.8,1.25,3192
33,692,14,14,1,71,1,1,1,0,1,36.0,1.0,9688
23,718,1,6,0,94,0,0,0,1,0,47.0,6.0,718
34,722,2,5,0,69,0,1,0,0,0,34.7,2.5,1444
31,749,14,11,1,89,1,0,1,0,1,44.8,0.7857142857142857,10486
24,759,2,2,1,70,0,0,0,0,0,35.0,1.0,1518
45,881,4,3,1,70,0,1,1,0,0,35.2,0.75,3524
41,712,14,15,1,73,0,0,0,0,0,36.5,1.0714285714285714,9968
30,664,12,10,1,68,0,0,0,0,0,34.0,0.8333333333333334,7968
36,596,2,6,0,74,1,0,0,0,0,37.3,3.0,1192
25,680,7,7,0,73,0,1,0,0,0,36.7,1.0,4760
39,889,12,15,1,70,0,1,0,0,1,35.2,1.25,10668
28,634,2,3,1,58,0,0,0,0,0,29.0,1.5,1268
34,725,13,15,1,73,1,0,0,0,0,36.8,1.1538461538461537,9425
26,708,7,7,1,67,0,1,0,0,0,33.7,1.0,4956
42,740,12,11,1,60,0,0,0,0,0,30.0,0.9166666666666666,8880
23,793,1,2,1,92,0,0,1,0,0,46.0,2.0,793
40,719,3,2,1,71,1,1,0,0,0,36.0,0.6666666666666666,2157
27,850,7,10,1,63,0,1,0,0,0,31.7,1.4285714285714286,5950
35,828,14,14,1,62,0,0,0,0,0,31.0,1.0,11592
28,652,3,6,1,87,0,0,1,0,0,43.5,2.0,1956
37,500,11,11,1,67,0,0,0,0,0,33.5,1.0,5500
33,670,11,13,1,92,0,1,0,1,1,46.2,1.1818181818181819,7370
28,658,6,8,0,66,0,0,0,0,0,33.0,1.3333333333333333,3948
44,722,12,11,0,88,0,0,0,1,1,44.0,0.9166666666666666,8664
43,685,14,14,1,85,1,0,0,0,1,42.8,1.0,9590
33,828,3,3,0,69,0,0,0,0,0,34.5,1.0,2484
32,630,4,5,1,70,0,0,0,0,0,35.0,1.25,2520
41,688,4,3,1,72,0,1,0,0,0,36.2,0.75,2752
42,667,11,14,0,90,0,1,0,0,1,45.2,1.2727272727272727,7337
40,844,14,14,1,93,1,0,0,1,1,46.8,1.0,11816
45,867,12,14,1,98,0,0,0,1,1,49.0,1.1666666666666667,10404
32,746,4,5,0,42,1,0,0,0,0,21.3,1.25,2984
27,703,7,10,1,72,0,0,1,0,0,36.0,1.4285714285714286,4921
33,689,2,4,1,66,0,1,1,0,0,33.2,2.0,1378
40,559,3,3,1,98,0,1,0,0,0,49.2,1.0,1677
33,774,2,4,1,82,0,0,0,0,0,41.0,2.0,1548
28,817,1,5,0,79,1,0,0,0,0,39.8,5.0,817
44,581,3,5,1,85,1,0,1,0,0,42.8,1.6666666666666667,1743
36,542,3,2,0,66,1,0,0,0,0,33.3,0.6666666666666666,1626
29,509,2,3,1,67,0,0,0,0,0,33.5,1.5,1018
25,661,6,9,1,80,1,0,0,0,0,40.3,1.5,3966
29,750,2,5,1,61,0,1,0,0,0,30.7,2.5,1500
35,530,2,2,1,74,0,0,0,0,0,37.0,1.0,1060
31,684,13,10,1,70,1,1,0,0,0,35.5,0.7692307692307693,8892
30,569,2,5,0,73,0,0,0,0,0,36.5,2.5,1138
34,665,13,11,1,67,0,0,1,0,0,33.5,0.8461538461538461,8645
34,608,13,14,1,63,1,0,0,0,0,31.8,1.0769230769230769,7904
39,617,13,10,1,73,0,0,0,0,0,36.5,0.7692307692307693,8021
23,882,3,4,1,81,0,1,0,0,0,40.7,1.3333333333333333,2646
34,778,2,6,0,72,0,0,0,0,0,36.0,3.0,1556
45,713,2,4,1,40,0,1,0,0,0,20.2,2.0,1426
30,586,2,3,0,97,0,0,0,1,0,48.5,1.5,1172
38,598,2,2,1,81,0,0,0,0,0,40.5,1.0,1196
33,646,3,3,1,75,0,0,0,0,0,37.5,1.0,1938
30,831,13,10,1,80,0,0,0,0,0,40.0,0.7692307692307693,10803
35,765,4,3,1,61,0,0,0,0,0,30.5,0.75,3060
43,723,2,6,1,67,1,0,0,0,0,33.8,3.0,1446
37,924,13,15,1,99,1,0,0,1,1,49.8,1.1538461538461537,12012
38,536,11,14,1,66,0,0,0,0,0,33.0,1.2727272727272727,5896
34,673,3,4,1,74,0,0,0,0,0,37.0,1.3333333333333333,2019
33,816,11,14,1,71,0,0,1,0,1,35.5,1.2727272727272727,8976
36,651,3,5,1,80,0,0,0,0,0,40.0,1.6666666666666667,1953
37,722,12,10,1,79,1,0,0,0,0,39.8,0.8333333333333334,8664
24,717,2,4,1,100,1,0,0,1,0,50.3,2.0,1434
30,726,2,5,1,84,0,0,0,0,0,42.0,2.5,1452
32,788,14,14,1,74,0,0,0,0,0,37.0,1.0,11032
40,758,3,6,1,84,0,0,0,1,0,42.0,2.0,2274
30,572,2,5,1,62,0,0,0,0,0,31.0,2.5,1144
41,854,3,6,1,64,0,0,0,0,0,32.0,2.0,2562
43,542,4,4,1,58,1,0,1,0,0,29.3,1.0,2168
36,540,14,13,1,67,0,0,0,0,0,33.5,0.9285714285714286,7560
27,652,1,6,1,83,0,0,0,1,0,41.5,6.0,652
31,801,12,13,1,55,1,0,1,0,1,27.8,1.0833333333333333,9612
43,728,13,13,1,73,0,0,0,0,0,36.5,1.0,9464
42,654,13,14,1,77,1,0,0,0,0,38.8,1.0769230769230769,8502
45,736,4,3,0,75,0,0,0,0,0,37.5,0.75,2944
35,763,4,5,0,68,0,0,1,0,0,34.0,1.25,3052
34,557,14,12,1,74,0,1,0,0,0,37.2,0.8571428571428571,7798
43,834,2,6,1,62,0,0,0,0,0,31.0,3.0,1668
45,714,3,6,1,66,0,0,0,0,0,33.0,2.0,2142
36,717,14,14,1,68,0,1,0,0,0,34.2,1.0,10038
38,607,2,6,1,95,0,0,0,0,0,47.5,3.0,1214
41,699,4,3,0,55,0,0,0,0,0,27.5,0.75,2796
24,828,2,5,0,88,1,0,1,0,0,44.3,2.5,1656
23,779,1,2,1,86,0,0,1,0,0,43.0,2.0,779
25,760,10,13,1,53,0,1,0,0,0,26.7,1.3,7600
31,840,4,2,1,67,0,0,0,0,0,33.5,0.5,3360
23,711,3,5,1,78,0,0,1,0,0,39.0,1.6666666666666667,2133
37,711,3,4,1,70,0,0,1,0,0,35.0,1.3333333333333333,2133
30,839,2,5,1,95,0,0,0,0,0,47.5,2.5,1678
27,481,9,9,1,81,0,0,0,1,0,40.5,1.0,4329
24,723,3,4,0,61,0,0,0,0,0,30.5,1.3333333333333333,2169
38,695,3,6,0,72,0,0,0,0,0,36.0,2.0,2085
27,672,2,6,1,71,0,0,0,0,0,35.5,3.0,1344
41,673,2,6,1,81,0,0,0,1,0,40.5,3.0,1346
38,746,12,13,1,94,0,0,0,0,1,47.0,1.0833333333333333,8952
24,869,3,2,1,84,0,0,0,1,0,42.0,0.6666666666666666,2607
26,726,7,7,1,75,0,0,0,0,0,37.5,1.0,5082
25,639,1,3,1,86,0,0,0,1,0,43.0,3.0,639
22,684,3,6,1,75,1,0,0,0,0,37.8,2.0,2052
36,789,4,5,1,67,0,1,0,0,0,33.7,1.25,3156
44,696,3,4,1,75,0,0,0,0,0,37.5,1.3333333333333333,2088
24,821,2,6,1,68,0,1,0,0,0,34.2,3.0,1642
44,515,14,12,0,92,0,0,0,0,0,46.0,0.8571428571428571,7210
39,689,12,11,1,61,1,1,0,0,0,31.0,0.9166666666666666,8268
37,756,12,12,1,70,1,0,0,0,0,35.3,1.0,9072
26,631,7,11,1,82,0,0,0,0,0,41.0,1.5714285714285714,4417
23,607,2,6,1,71,0,1,0,0,0,35.7,3.0,1214
31,755,14,10,0,80,0,1,0,0,0,40.2,0.7142857142857143,10570
38,658,11,11,0,71,0,1,0,0,0,35.7,1.0,7238
32,749,14,15,0,78,0,1,0,0,0,39.2,1.0714285714285714,10486
45,658,2,2,1,71,0,0,0,0,0,35.5,1.0,1316
37,790,13,12,1,67,0,0,1,0,0,33.5,0.9230769230769231,10270
39,722,12,11,1,82,0,0,0,1,0,41.0,0.9166666666666666,8664
31,517,14,14,1,87,1,0,0,1,1,43.8,1.0,7238
44,702,14,15,1,79,0,0,0,0,0,39.5,1.0714285714285714,9828
45,711,11,11,1,84,0,0,0,0,0,42.0,1.0,7821
41,742,14,12,1,77,0,0,0,0,0,38.5,0.8571428571428571,10388
29,638,1,2,1,82,0,1,0,0,0,41.2,2.0,638
42,566,4,4,1,79,0,0,0,0,0,39.5,1.0,2264
23,615,1,6,1,77,0,0,0,0,0,38.5,6.0,615
34,628,14,14,1,78,0,0,0,0,0,39.0,1.0,8792
30,726,12,13,1,58,0,1,0,0,0,29.2,1.0833333333333333,8712
30,733,12,10,1,73,0,0,0,0,0,36.5,0.8333333333333334,8796
26,788,7,12,1,78,0,0,1,0,0,39.0,1.7142857142857142,5516
32,623,3,2,1,59,0,0,0,0,0,29.5,0.6666666666666666,1869
29,805,1,4,1,75,0,0,0,0,0,37.5,4.0,805
34,580,2,5,1,76,0,0,0,0,0,38.0,2.5,1160
35,582,12,12,1,89,0,1,0,1,1,44.7,1.0,6984
27,743,2,6,0,79,0,0,0,0,0,39.5,3.0,1486
28,717,3,3,1,60,0,0,0,0,0,30.0,1.0,2151
40,648,4,5,1,85,0,0,0,0,0,42.5,1.25,2592
28,778,1,4,1,72,0,0,0,0,0,36.0,4.0,778
44,620,4,5,1,78,0,0,0,0,0,39.0,1.25,2480
35,586,14,10,1,62,0,0,1,0,0,31.0,0.7142857142857143,8204
30,950,12,11,1,66,0,0,0,0,0,33.0,0.9166666666666666,11400
29,631,2,6,1,78,1,0,0,0,0,39.3,3.0,1262
34,780,12,10,1,70,0,1,0,0,0,35.2,0.8333333333333334,9360
36,498,2,4,1,90,0,1,0,0,0,45.2,2.0,996
28,611,6,12,1,65,0,0,0,0,0,32.5,2.0,3666
39,718,14,11,1,68,0,0,0,0,0,34.0,0.7857142857142857,10052
41,831,4,3,0,82,1,1,0,1,0,41.5,0.75,3324
37,472,4,5,1,71,0,0,0,0,0,35.5,1.25,1888
22,471,2,3,1,82,0,0,0,1,0,41.0,1.5,942
26,696,3,4,0,78,0,0,1,0,0,39.0,1.3333333333333333,2088
25,753,1,5,0,95,0,0,0,1,0,47.5,5.0,753
32,525,11,14,1,79,0,0,0,0,0,39.5,1.2727272727272727,5775
25,623,3,6,1,74,0,0,1,0,0,37.0,2.0,1869
26,599,7,7,0,55,0,0,0,0,0,27.5,1.0,4193
32,836,14,13,1,74,0,0,0,0,0,37.0,0.9285714285714286,11704
26,694,2,5,1,75,0,0,0,0,0,37.5,2.5,1388
42,721,3,6,1,75,0,0,0,0,0,37.5,2.0,2163
39,753,3,4,1,81,0,0,0,1,0,40.5,1.3333333333333333,2259
40,727,11,10,1,85,0,0,0,1,1,42.5,0.9090909090909091,7997
39,650,4,6,0,74,0,1,0,0,0,37.2,1.5,2600
24,792,3,3,1,73,0,0,0,0,0,36.5,1.0,2376
30,663,3,6,1,56,0,0,0,0,0,28.0,2.0,1989
28,902,1,5,0,82,0,0,0,1,0,41.0,5.0,902
37,592,3,3,1,81,0,0,0,0,0,40.5,1.0,1776
27,642,7,10,1,65,0,0,1,0,0,32.5,1.4285714285714286,4494
26,783,7,8,0,87,0,0,0,1,0,43.5,1.1428571428571428,5481
45,718,14,14,1,66,0,0,0,0,0,33.0,1.0,10052
37,789,4,2,1,81,1,0,0,0,0,40.8,0.5,3156
44,622,14,11,0,72,0,0,0,0,0,36.0,0.7857142857142857,8708
42,859,3,4,1,69,1,0,1,0,0,34.8,1.3333333333333333,2577
42,636,4,2,1,64,0,1,0,0,0,32.2,0.5,2544
39,710,12,12,1,81,0,0,1,1,1,40.5,1.0,8520
26,608,2,6,0,67,1,1,0,0,0,34.0,3.0,1216
31,778,2,2,1,81,0,0,1,1,0,40.5,1.0,1556
31,629,2,2,0,76,0,0,0,0,0,38.0,1.0,1258
42,709,4,3,1,75,0,0,0,0,0,37.5,0.75,2836
27,764,9,7,1,70,0,1,1,0,0,35.2,0.7777777777777778,6876
24,770,2,6,1,77,1,0,0,0,0,38.8,3.0,1540
34,592,13,15,0,91,0,0,1,1,1,45.5,1.1538461538461537,7696
38,754,3,3,1,79,0,0,0,0,0,39.5,1.0,2262
40,700,2,3,1,73,0,0,0,0,0,36.5,1.5,1400
35,780,3,5,0,78,0,1,0,0,0,39.2,1.6666666666666667,2340
26,613,10,10,0,52,1,0,0,0,0,26.3,1.0,6130
22,738,1,6,1,68,0,0,0,0,0,34.0,6.0,738
30,767,4,3,0,67,0,0,0,0,0,33.5,0.75,3068
24,855,1,6,1,68,0,0,0,0,0,34.0,6.0,855
29,753,2,5,1,77,1,1,0,0,0,39.0,2.5,1506
30,708,14,10,1,85,0,1,0,0,0,42.7,0.7142857142857143,9912
23,583,4,3,1,74,1,1,0,0,0,37.5,0.75,2332
28,763,1,4,1,72,0,1,0,0,0,36.2,4.0,763
23,812,3,5,1,78,0,0,1,0,0,39.0,1.6666666666666667,2436
23,693,5,2,0,94,0,0,0,1,0,47.0,0.4,3465
23,649,2,3,1,73,0,0,0,0,0,36.5,1.5,1298
24,790,3,2,1,83,0,0,1,1,0,41.5,0.6666666666666666,2370
38,815,11,11,1,95,0,0,0,1,1,47.5,1.0,8965
37,575,12,10,1,79,0,0,0,0,0,39.5,0.8333333333333334,6900
45,843,14,13,1,59,0,0,0,0,0,29.5,0.9285714285714286,11802
31,672,4,4,0,56,0,0,0,0,0,28.0,1.0,2688
28,559,2,4,1,79,0,0,0,0,0,39.5,2.0,1118
23,700,1,2,1,70,0,0,0,0,0,35.0,2.0,700
28,672,1,5,1,72,1,0,0,0,0,36.3,5.0,672
38,884,13,11,1,66,0,0,0,0,0,33.0,0.8461538461538461,11492
25,608,9,9,1,74,0,1,0,0,0,37.2,1.0,5472
31,700,3,4,1,79,0,0,1,0,0,39.5,1.3333333333333333,2100
44,640,13,11,1,55,0,1,1,0,0,27.7,0.8461538461538461,8320
45,660,4,6,1,73,0,0,0,0,0,36.5,1.5,2640
22,617,3,2,1,96,0,0,0,1,0,48.0,0.6666666666666666,1851
37,771,3,6,1,55,0,0,0,0,0,27.5,2.0,2313
31,807,14,14,1,82,0,0,0,1,1,41.0,1.0,11298
29,787,6,10,0,80,0,1,1,0,0,40.2,1.6666666666666667,4722
34,624,11,15,1,77,1,0,1,0,1,38.8,1.3636363636363635,6864
32,641,12,12,0,84,0,1,0,1,1,42.2,1.0,7692
38,603,12,15,1,92,1,0,0,0,1,46.3,1.25,7236
22,755,1,5,1,87,0,1,0,0,0,43.7,5.0,755
34,674,14,10,1,69,0,1,0,0,0,34.7,0.7142857142857143,9436
26,915,8,8,0,76,0,0,0,0,0,38.0,1.0,7320
31,700,3,5,1,81,0,0,0,1,0,40.5,1.6666666666666667,2100
26,662,3,2,1,83,0,0,1,1,0,41.5,0.6666666666666666,1986
28,623,3,5,0,84,0,0,1,0,0,42.0,1.6666666666666667,1869
26,643,3,6,0,56,0,0,0,0,0,28.0,2.0,1929
22,715,1,3,1,67,1,0,0,0,0,33.8,3.0,715
23,649,5,3,1,44,0,0,0,0,0,22.0,0.6,3245
45,728,2,4,1,78,0,1,1,0,0,39.2,2.0,1456
27,782,6,7,0,74,0,0,0,0,0,37.0,1.1666666666666667,4692
44,737,12,15,1,63,1,1,0,0,0,32.0,1.25,8844
25,805,1,5,1,78,0,0,0,0,0,39.0,5.0,805
37,676,4,5,1,66,1,0,0,0,0,33.3,1.25,2704
43,739,14,11,1,92,0,0,0,1,1,46.0,0.7857142857142857,10346
28,531,3,5,1,76,0,0,0,0,0,38.0,1.6666666666666667,1593
43,635,4,6,1,70,1,0,0,0,0,35.3,1.5,2540
33,830,4,3,0,81,0,0,0,0,0,40.5,0.75,3320
39,772,12,13,1,85,0,0,1,1,1,42.5,1.0833333333333333,9264
24,709,3,4,1,79,1,0,0,0,0,39.8,1.3333333333333333,2127
36,628,14,12,1,71,0,1,1,0,1,35.7,0.8571428571428571,8792
29,720,8,7,1,64,0,0,0,0,0,32.0,0.875,5760
43,870,4,6,1,92,0,0,0,1,0,46.0,1.5,3480
40,756,13,15,1,72,0,0,1,0,0,36.0,1.1538461538461537,9828
35,677,14,15,1,80,0,0,0,0,0,40.0,1.0714285714285714,9478
30,546,11,14,0,83,0,0,1,1,1,41.5,1.2727272727272727,6006
34,540,3,5,1,75,0,1,0,0,0,37.7,1.6666666666666667,1620
36,566,4,4,1,81,0,0,0,0,0,40.5,1.0,2264
35,763,11,10,1,91,1,0,0,0,0,45.8,0.9090909090909091,8393
44,669,4,4,1,84,0,0,0,1,0,42.0,1.0,2676
27,733,8,9,0,73,0,0,0,0,0,36.5,1.125,5864
23,727,3,4,1,77,0,0,0,0,0,38.5,1.3333333333333333,2181
34,677,11,14,1,65,0,0,0,0,0,32.5,1.2727272727272727,7447
32,437,2,5,1,77,0,0,0,0,0,38.5,2.5,874
44,905,13,15,1,69,0,0,1,0,0,34.5,1.1538461538461537,11765
32,744,12,11,1,58,0,0,0,0,0,29.0,0.9166666666666666,8928
29,845,3,5,1,76,0,1,0,0,0,38.2,1.6666666666666667,2535
35,655,13,13,1,61,0,0,0,0,0,30.5,1.0,8515
24,744,2,4,1,67,0,0,0,0,0,33.5,2.0,1488
33,512,12,11,1,86,0,0,1,0,0,43.0,0.9166666666666666,6144
44,749,11,14,1,81,0,0,0,1,1,40.5,1.2727272727272727,8239
41,682,11,15,1,70,0,0,1,0,0,35.0,1.3636363636363635,7502
44,740,13,14,0,90,0,0,0,1,1,45.0,1.0769230769230769,9620
27,716,9,8,1,89,1,1,0,1,1,45.0,0.8888888888888888,6444
32,764,3,4,1,69,1,0,0,0,0,34.8,1.3333333333333333,2292
27,798,7,10,1,84,1,1,1,0,0,42.5,1.4285714285714286,5586
27,764,3,5,0,76,0,0,0,0,0,38.0,1.6666666666666667,2292
43,780,4,3,1,84,0,0,0,0,0,42.0,0.75,3120
30,779,13,15,1,83,0,0,0,1,1,41.5,1.1538461538461537,10127
29,783,9,11,0,74,0,1,0,0,0,37.2,1.2222222222222223,7047
38,713,14,10,1,82,0,0,0,0,0,41.0,0.7142857142857143,9982
32,756,4,3,0,74,0,1,0,0,0,37.2,0.75,3024
36,734,3,3,1,76,0,0,0,0,0,38.0,1.0,2202
37,645,11,10,0,72,0,0,0,0,0,36.0,0.9090909090909091,7095
41,608,2,4,1,69,0,1,0,0,0,34.7,2.0,1216
45,779,4,6,1,57,0,1,0,0,0,28.7,1.5,3116
36,683,4,4,1,77,0,0,0,0,0,38.5,1.0,2732
40,626,4,4,1,59,0,0,1,0,0,29.5,1.0,2504
45,852,11,15,1,67,0,0,0,0,0,33.5,1.3636363636363635,9372
38,705,13,10,1,83,0,0,1,1,0,41.5,0.7692307692307693,9165
27,582,9,7,1,63,1,0,0,0,0,31.8,0.7777777777777778,5238
25,615,3,6,0,75,1,1,0,0,0,38.0,2.0,1845
41,861,4,2,0,71,1,0,0,0,0,35.8,0.5,3444
42,780,2,6,1,56,0,0,0,0,0,28.0,3.0,1560
31,950,14,10,1,59,0,0,0,0,0,29.5,0.7142857142857143,13300
38,905,12,13,1,67,0,1,0,0,0,33.7,1.0833333333333333,10860
26,586,6,12,1,81,0,0,1,0,0,40.5,2.0,3516
45,823,3,4,1,100,0,0,0,1,0,50.0,1.3333333333333333,2469
23,682,3,2,1,77,0,0,0,0,0,38.5,0.6666666666666666,2046
29,773,10,11,1,92,1,0,0,0,0,46.3,1.1,7730
31,682,3,5,0,74,0,0,0,0,0,37.0,1.6666666666666667,2046
36,713,11,14,0,75,0,0,0,0,0,37.5,1.2727272727272727,7843
32,595,4,5,0,70,0,0,1,0,0,35.0,1.25,2380
27,439,2,6,0,62,1,0,0,0,0,31.3,3.0,878
29,755,9,9,1,86,1,1,0,1,1,43.5,1.0,6795
45,503,3,2,1,91,0,0,0,0,0,45.5,0.6666666666666666,1509
29,750,7,8,1,78,0,1,0,0,0,39.2,1.1428571428571428,5250
42,762,14,15,0,84,0,1,0,1,1,42.2,1.0714285714285714,10668
22,799,3,3,1,75,0,1,0,0,0,37.7,1.0,2397
31,652,11,12,0,71,1,0,0,0,0,35.8,1.0909090909090908,7172
40,651,13,12,1,62,0,0,0,0,0,31.0,0.9230769230769231,8463
42,695,2,3,1,81,0,0,0,0,0,40.5,1.5,1390
33,661,4,4,0,66,1,0,0,0,0,33.3,1.0,2644
38,677,2,4,1,68,0,0,1,0,0,34.0,2.0,1354
30,645,14,12,0,73,0,0,0,0,0,36.5,0.8571428571428571,9030
45,590,3,3,1,67,1,0,0,0,0,33.8,1.0,1770
37,696,2,6,1,79,1,0,1,0,0,39.8,3.0,1392
34,690,3,2,1,76,0,0,0,0,0,38.0,0.6666666666666666,2070
26,519,7,12,1,94,1,0,0,1,1,47.3,1.7142857142857142,3633
39,836,11,15,1,95,0,0,1,0,1,47.5,1.3636363636363635,9196
27,724,8,8,1,59,1,0,1,0,0,29.8,1.0,5792
37,737,2,3,1,79,0,0,0,0,0,39.5,1.5,1474
37,864,13,13,1,70,0,0,0,0,0,35.0,1.0,11232
43,685,14,15,1,74,0,0,0,0,0,37.0,1.0714285714285714,9590
43,716,3,4,1,80,0,0,0,0,0,40.0,1.3333333333333333,2148
40,716,2,2,1,52,1,0,0,0,0,26.3,1.0,1432
34,721,14,11,1,93,0,0,0,1,1,46.5,0.7857142857142857,10094
38,780,14,12,1,65,0,0,0,0,0,32.5,0.8571428571428571,10920
29,489,2,5,1,70,0,0,0,0,0,35.0,2.5,978
38,853,13,12,1,74,0,0,0,0,0,37.0,0.9230769230769231,11089
35,673,13,14,0,65,0,1,0,0,0,32.7,1.0769230769230769,8749
45,547,13,10,1,70,0,0,0,0,0,35.0,0.7692307692307693,7111
26,778,7,8,1,83,0,0,1,0,0,41.5,1.1428571428571428,5446
37,733,12,15,1,85,1,1,0,0,1,43.0,1.25,8796
25,845,2,2,1,82,0,0,1,0,0,41.0,1.0,1690
29,734,3,5,1,91,1,1,1,0,0,46.0,1.6666666666666667,2202
37,745,2,5,1,74,0,1,0,0,0,37.2,2.5,1490
35,754,11,12,1,87,0,0,0,1,1,43.5,1.0909090909090908,8294
44,755,2,3,1,80,0,1,0,0,0,40.2,1.5,1510
28,854,9,11,1,73,0,1,0,0,0,36.7,1.2222222222222223,7686
31,857,2,2,0,69,0,0,1,0,0,34.5,1.0,1714
23,701,5,5,1,74,0,0,1,0,0,37.0,1.0,3505
37,775,2,4,1,85,1,0,1,0,0,42.8,2.0,1550
25,607,3,6,1,100,0,0,1,0,0,50.0,2.0,1821
43,648,11,14,1,76,0,0,0,0,0,38.0,1.2727272727272727,7128
38,790,3,5,0,76,1,1,0,0,0,38.5,1.6666666666666667,2370
24,751,3,5,1,81,1,0,0,1,0,40.8,1.6666666666666667,2253
36,848,13,11,0,66,0,0,0,0,0,33.0,0.8461538461538461,11024
45,744,2,6,1,75,0,0,1,0,0,37.5,3.0,1488
41,786,14,11,1,82,1,0,0,0,0,41.3,0.7857142857142857,11004
38,774,2,3,1,64,0,0,0,0,0,32.0,1.5,1548
37,689,2,5,1,85,0,0,1,1,0,42.5,2.5,1378
31,589,3,6,1,66,0,1,0,0,0,33.2,2.0,1767
27,571,10,13,0,72,0,0,0,0,0,36.0,1.3,5710
27,765,3,3,1,67,0,0,0,0,0,33.5,1.0,2295
34,865,2,3,0,59,0,0,0,0,0,29.5,1.5,1730
43,785,4,4,1,68,0,0,1,0,0,34.0,1.0,3140
41,651,12,15,0,79,0,0,0,0,0,39.5,1.25,7812
43,808,12,13,1,81,0,0,0,0,0,40.5,1.0833333333333333,9696
28,765,3,5,1,96,0,0,1,0,0,48.0,1.6666666666666667,2295
40,846,3,3,1,87,0,0,1,0,0,43.5,1.0,2538
25,818,1,2,1,72,1,0,0,0,0,36.3,2.0,818
38,707,14,11,1,65,1,1,1,0,0,33.0,0.7857142857142857,9898
22,809,3,6,1,62,0,1,0,0,0,31.2,2.0,2427
29,692,10,15,0,75,0,1,0,0,0,37.7,1.5,6920
35,865,2,6,1,78,0,1,1,0,0,39.2,3.0,1730
28,663,9,12,1,71,0,0,0,0,0,35.5,1.3333333333333333,5967
25,759,7,11,1,70,0,0,0,0,0,35.0,1.5714285714285714,5313
25,843,9,11,1,78,0,0,0,0,0,39.0,1.2222222222222223,7587
36,710,4,3,1,70,0,1,0,0,0,35.2,0.75,2840
23,872,2,2,1,68,0,0,0,0,0,34.0,1.0,1744
34,625,2,2,1,62,0,0,0,0,0,31.0,1.0,1250
36,664,2,3,0,76,0,0,1,0,0,38.0,1.5,1328
40,679,3,2,1,73,0,0,1,0,0,36.5,0.6666666666666666,2037
43,820,2,6,1,79,0,0,0,0,0,39.5,3.0,1640
31,657,13,14,1,88,0,0,0,1,1,44.0,1.0769230769230769,8541
36,749,4,3,1,91,0,0,0,0,0,45.5,0.75,2996
28,723,3,2,0,67,1,0,0,0,0,33.8,0.6666666666666666,2169
43,650,13,15,1,64,0,1,1,0,0,32.2,1.1538461538461537,8450
33,725,3,3,0,80,0,1,0,0,0,40.2,1.0,2175
25,736,2,5,0,83,0,0,0,1,0,41.5,2.5,1472
32,773,3,6,1,83,0,0,0,1,0,41.5,2.0,2319
36,523,2,5,1,81,0,0,1,0,0,40.5,2.5,1046
23,767,2,5,0,78,0,0,1,0,0,39.0,2.5,1534
36,950,12,15,1,76,0,0,0,0,0,38.0,1.25,11400
27,566,8,10,1,80,0,0,1,0,0,40.0,1.25,4528
29,771,8,11,1,73,0,1,1,0,0,36.7,1.375,6168
43,749,12,11,1,76,0,0,0,0,0,38.0,0.9166666666666666,8988
37,652,13,11,1,70,0,0,0,0,0,35.0,0.8461538461538461,8476
31,727,2,5,1,65,0,1,0,0,0,32.7,2.5,1454
33,885,14,11,1,63,0,0,0,0,0,31.5,0.7857142857142857,12390
40,701,13,12,1,76,1,0,0,0,0,38.3,0.9230769230769231,9113
39,570,14,10,1,73,0,0,0,0,0,36.5,0.7142857142857143,7980
27,861,2,3,1,67,0,1,0,0,0,33.7,1.5,1722
31,539,13,15,1,66,0,0,0,0,0,33.0,1.1538461538461537,7007
33,738,12,11,1,72,0,1,0,0,0,36.2,0.9166666666666666,8856
33,732,3,4,1,68,0,0,0,0,0,34.0,1.3333333333333333,2196
26,648,9,11,1,72,0,1,0,0,0,36.2,1.2222222222222223,5832
44,632,13,14,0,92,0,0,0,0,1,46.0,1.0769230769230769,8216
32,569,13,15,0,89,1,0,0,0,1,44.8,1.1538461538461537,7397
29,678,10,12,0,67,0,0,0,0,0,33.5,1.2,6780
39,802,4,5,1,65,0,0,1,0,0,32.5,1.25,3208
23,700,3,6,1,81,1,0,0,1,0,40.8,2.0,2100
28,715,6,10,1,84,0,0,0,0,0,42.0,1.6666666666666667,4290
30,875,4,2,1,80,0,0,0,0,0,40.0,0.5,3500
32,641,12,11,1,96,1,0,1,0,1,48.3,0.9166666666666666,7692
39,757,13,11,1,73,0,0,0,0,0,36.5,0.8461538461538461,9841
44,598,14,12,1,69,1,0,0,0,0,34.8,0.8571428571428571,8372
22,849,1,4,1,76,0,0,0,0,0,38.0,4.0,849
25,719,3,2,1,61,1,0,1,0,0,30.8,0.6666666666666666,2157
30,702,12,13,1,59,0,0,0,0,0,29.5,1.0833333333333333,8424
33,682,14,11,1,91,0,0,0,0,0,45.5,0.7857142857142857,9548
30,731,12,14,1,56,0,1,0,0,0,28.2,1.1666666666666667,8772
22,712,1,6,1,66,1,0,0,0,0,33.3,6.0,712
36,913,3,6,1,64,0,1,1,0,0,32.2,2.0,2739
22,681,2,4,1,89,0,0,1,1,0,44.5,2.0,1362
33,840,12,10,1,72,0,0,0,0,0,36.0,0.8333333333333334,10080
34,737,13,15,0,74,0,0,0,0,0,37.0,1.1538461538461537,9581
31,685,2,2,1,71,0,0,0,0,0,35.5,1.0,1370
35,822,2,3,1,65,0,0,0,0,0,32.5,1.5,1644
30,716,12,10,1,87,0,0,1,0,0,43.5,0.8333333333333334,8592
25,546,3,6,0,73,0,0,0,0,0,36.5,2.0,1638
36,796,12,10,1,73,0,0,0,0,0,36.5,0.8333333333333334,9552
34,635,4,6,1,86,0,0,0,0,0,43.0,1.5,2540
44,716,2,3,1,81,0,0,0,0,0,40.5,1.5,1432
36,939,4,6,1,63,0,1,0,0,0,31.7,1.5,3756
41,716,2,6,1,74,1,0,1,0,0,37.3,3.0,1432
40,515,4,2,1,72,0,0,0,0,0,36.0,0.5,2060
39,641,3,4,1,81,0,0,0,1,0,40.5,1.3333333333333333,1923
26,707,1,4,1,68,1,0,0,0,0,34.3,4.0,707
40,584,3,2,1,59,0,1,1,0,0,29.7,0.6666666666666666,1752
23,804,5,3,1,58,0,0,1,0,0,29.0,0.6,4020
27,641,8,8,0,69,1,0,0,0,0,34.8,1.0,5128
37,589,11,14,1,75,0,0,0,0,0,37.5,1.2727272727272727,6479
22,600,5,6,1,77,0,0,0,0,0,38.5,1.2,3000
29,617,6,10,0,81,0,0,1,1,0,40.5,1.6666666666666667,3702
23,749,2,5,1,78,1,0,0,0,0,39.3,2.5,1498
42,750,14,15,1,64,0,0,0,0,0,32.0,1.0714285714285714,10500
28,759,3,5,1,80,0,1,0,0,0,40.2,1.6666666666666667,2277
36,819,11,15,1,67,1,0,0,0,0,33.8,1.3636363636363635,9009
36,716,3,2,1,67,0,0,1,0,0,33.5,0.6666666666666666,2148
37,709,2,5,0,82,0,0,0,0,0,41.0,2.5,1418
37,720,2,6,1,67,0,1,0,0,0,33.7,3.0,1440
39,853,4,2,0,81,0,0,0,0,0,40.5,0.5,3412
30,712,3,4,0,67,1,1,0,0,0,34.0,1.3333333333333333,2136
37,678,2,3,1,88,0,0,0,1,0,44.0,1.5,1356
43,683,2,4,0,74,0,0,0,0,0,37.0,2.0,1366
39,796,12,12,1,87,0,0,0,0,1,43.5,1.0,9552
30,643,13,14,1,68,0,1,1,0,0,34.2,1.0769230769230769,8359
30,786,4,4,1,86,0,0,0,1,0,43.0,1.0,3144
41,769,2,5,1,79,0,0,0,0,0,39.5,2.5,1538
38,460,12,14,1,74,0,0,0,0,0,37.0,1.1666666666666667,5520
38,664,14,12,0,77,0,0,0,0,0,38.5,0.8571428571428571,9296
23,694,4,2,0,67,0,0,0,0,0,33.5,0.5,2776
44,875,2,3,0,69,0,1,0,0,0,34.7,1.5,1750
41,603,2,5,1,68,0,0,0,0,0,34.0,2.5,1206
28,678,3,4,1,86,0,0,0,1,0,43.0,1.3333333333333333,2034
22,903,1,2,1,86,0,0,0,0,0,43.0,2.0,903
43,751,13,11,0,67,0,1,0,0,0,33.7,0.8461538461538461,9763
29,753,2,2,1,70,0,0,1,0,0,35.0,1.0,1506
40,537,13,14,1,68,1,0,0,0,0,34.3,1.0769230769230769,6981
35,811,3,2,1,92,0,0,0,1,0,46.0,0.6666666666666666,2433
39,792,14,12,1,83,0,0,1,1,1,41.5,0.8571428571428571,11088
30,823,4,5,1,88,0,0,0,1,0,44.0,1.25,3292
23,765,2,5,1,68,0,1,0,0,0,34.2,2.5,1530
41,727,13,13,1,79,0,0,0,0,0,39.5,1.0,9451
26,665,8,8,0,89,0,1,0,1,0,44.7,1.0,5320
28,507,10,10,1,76,0,0,0,0,0,38.0,1.0,5070
24,741,1,5,1,86,0,0,1,1,0,43.0,5.0,741
27,748,1,6,1,70,0,1,0,0,0,35.2,6.0,748
41,755,12,11,1,65,0,0,0,0,0,32.5,0.9166666666666666,9060
42,747,3,5,1,73,0,0,0,0,0,36.5,1.6666666666666667,2241
39,701,4,2,1,76,0,0,0,0,0,38.0,0.5,2804
31,735,4,3,1,71,1,0,0,0,0,35.8,0.75,2940
39,652,2,4,1,79,0,1,0,0,0,39.7,2.0,1304
22,675,2,5,1,80,0,0,0,0,0,40.0,2.5,1350
22,678,3,5,1,83,1,0,1,0,0,41.8,1.6666666666666667,2034
30,644,13,11,1,72,0,0,1,0,0,36.0,0.8461538461538461,8372
40,813,14,10,1,75,0,0,0,0,0,37.5,0.7142857142857143,11382
33,802,13,14,0,81,1,0,0,0,1,40.8,1.0769230769230769,10426
37,720,12,14,1,73,1,0,0,0,0,36.8,1.1666666666666667,8640
35,623,13,13,0,75,0,1,1,0,1,37.7,1.0,8099
23,711,3,5,1,74,0,0,1,0,0,37.0,1.6666666666666667,2133
37,741,11,11,1,72,0,0,0,0,0,36.0,1.0,8151
41,625,14,13,0,79,0,0,0,0,0,39.5,0.9285714285714286,8750
45,634,4,2,1,68,0,1,0,0,0,34.2,0.5,2536
37,659,11,10,1,77,0,0,0,0,0,38.5,0.9090909090909091,7249
32,659,3,3,0,66,0,0,0,0,0,33.0,1.0,1977
36,610,12,11,1,76,0,0,1,0,0,38.0,0.9166666666666666,7320
26,755,1,4,1,83,0,1,0,0,0,41.7,4.0,755
45,606,4,5,0,73,1,1,1,0,0,37.0,1.25,2424
44,788,2,5,1,78,0,1,0,0,0,39.2,2.5,1576
25,606,2,2,0,85,0,1,0,0,0,42.7,1.0,1212
42,677,4,6,1,68,1,0,1,0,0,34.3,1.5,2708
41,767,13,12,1,74,0,1,1,0,1,37.2,0.9230769230769231,9971
25,818,1,5,1,95,0,1,0,0,0,47.7,5.0,818
32,822,2,5,1,80,0,0,0,0,0,40.0,2.5,1644
34,710,4,4,0,62,0,0,0,0,0,31.0,1.0,2840
45,740,11,12,1,80,0,1,0,0,0,40.2,1.0909090909090908,8140
41,617,12,12,0,84,0,0,0,1,1,42.0,1.0,7404
41,609,12,13,1,89,1,0,1,1,1,44.8,1.0833333333333333,7308
40,774,14,11,1,71,0,0,1,0,0,35.5,0.7857142857142857,10836
30,741,12,11,1,91,0,0,0,1,1,45.5,0.9166666666666666,8892
45,666,11,15,1,79,0,0,0,0,0,39.5,1.3636363636363635,7326
29,697,1,3,1,70,0,0,0,0,0,35.0,3.0,697
33,659,3,2,1,71,0,0,0,0,0,35.5,0.6666666666666666,1977
33,740,2,2,1,80,0,0,0,0,0,40.0,1.0,1480
30,635,12,10,1,92,0,0,0,0,0,46.0,0.8333333333333334,7620
23,751,3,4,1,75,0,0,0,0,0,37.5,1.3333333333333333,2253
31,789,3,5,0,57,1,0,0,0,0,28.8,1.6666666666666667,2367
34,746,3,2,1,69,0,0,0,0,0,34.5,0.6666666666666666,2238
28,653,10,12,0,77,0,1,0,0,0,38.7,1.2,6530
39,654,14,15,1,65,0,1,0,0,0,32.7,1.0714285714285714,9156
38,718,3,4,1,100,0,0,1,1,0,50.0,1.3333333333333333,2154
29,695,1,2,1,76,0,0,0,0,0,38.0,2.0,695
28,736,6,9,1,58,0,0,1,0,0,29.0,1.5,4416
35,596,13,11,1,69,0,0,0,0,0,34.5,0.8461538461538461,7748
24,752,2,3,0,65,0,0,0,0,0,32.5,1.5,1504
30,873,12,15,0,79,0,1,0,0,1,39.7,1.25,10476
33,666,4,4,1,83,0,0,0,0,0,41.5,1.0,2664
28,596,1,6,1,79,1,0,0,0,0,39.8,6.0,596
36,513,2,6,1,79,0,0,0,0,0,39.5,3.0,1026
26,893,2,2,0,71,0,0,0,0,0,35.5,1.0,1786
32,661,13,15,0,98,0,0,1,0,1,49.0,1.1538461538461537,8593
38,677,2,6,0,56,1,0,0,0,0,28.3,3.0,1354
27,760,8,12,1,92,0,0,0,1,1,46.0,1.5,6080
37,724,14,14,1,66,1,0,1,0,0,33.3,1.0,10136
29,648,1,2,1,75,0,0,1,0,0,37.5,2.0,648
28,521,6,10,1,75,0,0,0,0,0,37.5,1.6666666666666667,3126
22,575,2,4,1,60,0,0,0,0,0,30.0,2.0,1150
26,726,10,15,1,75,0,0,0,0,0,37.5,1.5,7260
40,707,3,2,1,61,1,1,1,0,0,31.0,0.6666666666666666,2121
25,644,7,11,1,100,0,0,0,0,0,50.0,1.5714285714285714,4508
24,737,2,2,1,85,1,0,0,1,0,42.8,1.0,1474
22,723,1,6,1,69,0,0,0,0,0,34.5,6.0,723
24,701,4,5,1,67,1,0,0,0,0,33.8,1.25,2804
38,710,2,6,0,74,0,0,0,0,0,37.0,3.0,1420
43,652,12,14,1,60,0,1,0,0,0,30.2,1.1666666666666667,7824
39,694,11,12,1,79,1,0,0,0,0,39.8,1.0909090909090908,7634
42,840,11,10,1,83,0,0,0,1,0,41.5,0.9090909090909091,9240
40,711,11,11,0,70,0,0,0,0,0,35.0,1.0,7821
36,673,4,3,1,70,0,0,0,0,0,35.0,0.75,2692
38,681,14,11,1,76,0,1,0,0,0,38.2,0.7857142857142857,9534
38,712,14,11,1,79,1,1,0,0,0,40.0,0.7857142857142857,9968
28,777,10,13,0,71,0,0,0,0,0,35.5,1.3,7770
37,767,11,14,1,85,0,0,0,1,1,42.5,1.2727272727272727,8437
23,762,3,4,1,84,0,0,1,1,0,42.0,1.3333333333333333,2286
43,626,2,5,1,55,1,0,0,0,0,27.8,2.5,1252
25,726,3,6,1,73,1,0,0,0,0,36.8,2.0,2178
23,815,2,2,1,85,0,0,0,0,0,42.5,1.0,1630
26,728,10,12,1,82,0,0,0,0,0,41.0,1.2,7280
45,780,13,15,0,52,0,0,0,0,0,26.0,1.1538461538461537,10140
45,778,2,3,1,84,0,0,0,0,0,42.0,1.5,1556
36,824,3,4,1,80,0,1,1,0,0,40.2,1.3333333333333333,2472
35,723,2,5,1,93,0,0,0,1,0,46.5,2.5,1446
25,683,10,11,1,78,0,0,0,0,0,39.0,1.1,6830
24,706,1,5,1,75,0,0,0,0,0,37.5,5.0,706
45,710,4,5,0,68,0,0,0,0,0,34.0,1.25,2840
42,719,4,3,1,77,0,1,1,0,0,38.7,0.75,2876
37,641,2,6,1,86,1,0,0,0,0,43.3,3.0,1282
29,501,2,5,0,79,0,0,0,0,0,39.5,2.5,1002
28,762,3,3,1,79,0,0,0,0,0,39.5,1.0,2286
25,744,8,7,1,80,1,0,1,0,0,40.3,0.875,5952
42,693,3,5,1,82,0,0,0,0,0,41.0,1.6666666666666667,2079
38,612,11,14,1,56,0,0,0,0,0,28.0,1.2727272727272727,6732
22,748,5,4,1,56,1,0,0,0,0,28.3,0.8,3740
41,676,13,13,1,69,0,0,0,0,0,34.5,1.0,8788
27,741,6,8,1,67,0,1,0,0,0,33.7,1.3333333333333333,4446
45,658,2,5,1,66,0,0,0,0,0,33.0,2.5,1316
33,629,3,4,1,77,0,0,1,0,0,38.5,1.3333333333333333,1887
34,506,2,3,1,98,0,1,0,0,0,49.2,1.5,1012
44,926,13,14,1,64,1,0,0,0,0,32.3,1.0769230769230769,12038
25,680,8,12,1,85,0,1,0,1,1,42.7,1.5,5440
43,703,3,5,1,56,0,0,0,0,0,28.0,1.6666666666666667,2109
22,694,2,4,1,93,0,0,0,0,0,46.5,2.0,1388
29,784,6,10,1,71,0,1,0,0,0,35.7,1.6666666666666667,4704
26,662,1,5,1,78,0,0,0,0,0,39.0,5.0,662
40,641,11,10,1,77,0,0,0,0,0,38.5,0.9090909090909091,7051
44,666,13,14,1,82,1,0,0,1,1,41.3,1.0769230769230769,8658
41,579,11,14,1,88,1,1,0,0,1,44.5,1.2727272727272727,6369
34,634,11,11,1,81,1,0,0,1,0,40.8,1.0,6974
32,769,3,3,1,78,0,0,0,0,0,39.0,1.0,2307
36,732,12,12,1,72,0,0,0,0,0,36.0,1.0,8784
34,743,4,6,1,100,0,1,0,1,0,50.2,1.5,2972
32,791,4,6,1,80,0,0,0,0,0,40.0,1.5,3164
37,803,13,14,1,76,0,1,1,0,1,38.2,1.0769230769230769,10439
40,885,11,15,1,78,1,0,0,0,1,39.3,1.3636363636363635,9735
24,701,2,5,1,92,0,0,1,1,0,46.0,2.5,1402
29,716,6,7,1,62,0,0,0,0,0,31.0,1.1666666666666667,4296
43,667,2,4,1,61,0,0,1,0,0,30.5,2.0,1334
28,690,2,2,1,80,0,1,0,0,0,40.2,1.0,1380
38,561,13,15,1,84,0,1,0,0,0,42.2,1.1538461538461537,7293
23,641,5,2,0,85,0,0,0,1,0,42.5,0.4,3205
35,778,4,5,0,63,0,0,0,0,0,31.5,1.25,3112
35,685,11,10,1,74,1,0,0,0,0,37.3,0.9090909090909091,7535
25,612,6,8,1,60,0,0,0,0,0,30.0,1.3333333333333333,3672
24,737,3,3,1,69,0,0,1,0,0,34.5,1.0,2211
39,547,3,6,1,85,0,0,0,1,0,42.5,2.0,1641
31,628,2,3,1,94,1,0,0,0,0,47.3,1.5,1256
34,697,12,10,1,66,0,1,0,0,0,33.2,0.8333333333333334,8364
41,726,14,14,1,61,0,0,0,0,0,30.5,1.0,10164
28,688,1,3,1,71,1,0,0,0,0,35.8,3.0,688
29,759,8,11,0,71,0,0,0,0,0,35.5,1.375,6072
31,689,12,15,0,74,0,0,0,0,0,37.0,1.25,8268
41,649,12,13,1,84,0,0,0,1,1,42.0,1.0833333333333333,7788
25,742,6,12,1,78,0,0,1,0,0,39.0,2.0,4452
30,718,13,12,0,73,0,0,0,0,0,36.5,0.9230769230769231,9334
29,749,2,5,1,70,0,0,0,0,0,35.0,2.5,1498
28,772,2,5,1,62,0,0,0,0,0,31.0,2.5,1544
28,690,9,8,0,73,1,0,1,0,0,36.8,0.8888888888888888,6210
24,668,1,6,1,77,0,0,0,0,0,38.5,6.0,668
37,665,3,3,0,82,0,0,1,1,0,41.0,1.0,1995
38,790,2,3,1,86,0,1,0,0,0,43.2,1.5,1580
38,677,3,4,1,62,0,0,0,0,0,31.0,1.3333333333333333,2031
31,734,12,14,1,91,0,0,1,1,1,45.5,1.1666666666666667,8808
35,796,14,11,1,93,0,0,0,0,0,46.5,0.7857142857142857,11144
23,639,2,2,0,81,0,0,1,0,0,40.5,1.0,1278
32,671,13,15,1,85,0,0,0,0,1,42.5,1.1538461538461537,8723
31,670,13,15,1,82,0,0,0,1,1,41.0,1.1538461538461537,8710
31,748,14,15,1,85,0,0,0,1,1,42.5,1.0714285714285714,10472
39,813,12,14,1,88,0,0,1,0,1,44.0,1.1666666666666667,9756
33,595,12,13,1,58,0,0,0,0,0,29.0,1.0833333333333333,7140
27,741,1,3,1,76,0,0,0,0,0,38.0,3.0,741
36,918,11,13,1,74,0,0,0,0,0,37.0,1.1818181818181819,10098
34,680,14,14,0,72,1,0,0,0,0,36.3,1.0,9520
42,706,11,12,1,78,1,0,1,0,1,39.3,1.0909090909090908,7766
26,691,1,5,1,56,0,0,0,0,0,28.0,5.0,691
38,798,2,5,0,79,1,0,0,0,0,39.8,2.5,1596
39,658,12,10,1,78,0,0,0,0,0,39.0,0.8333333333333334,7896
35,711,11,11,1,53,0,0,0,0,0,26.5,1.0,7821
33,620,3,2,1,70,1,0,0,0,0,35.3,0.6666666666666666,1860
42,729,3,3,1,71,0,0,0,0,0,35.5,1.0,2187
34,579,3,6,1,86,0,1,0,0,0,43.2,2.0,1737
35,761,14,10,1,71,0,1,0,0,0,35.7,0.7142857142857143,10654
35,471,12,12,1,81,0,0,0,0,0,40.5,1.0,5652
34,639,4,3,1,84,0,0,1,1,0,42.0,0.75,2556
39,626,14,13,1,81,0,0,1,0,0,40.5,0.9285714285714286,8764
27,770,8,9,1,87,0,0,1,1,0,43.5,1.125,6160
29,758,1,2,1,100,0,0,0,0,0,50.0,2.0,758
28,745,3,2,1,79,0,0,1,0,0,39.5,0.6666666666666666,2235
28,718,1,2,1,80,0,0,0,0,0,40.0,2.0,718
32,480,11,15,1,70,0,1,0,0,0,35.2,1.3636363636363635,5280
45,657,14,14,1,81,0,0,0,1,1,40.5,1.0,9198
43,756,4,3,1,76,0,0,0,0,0,38.0,0.75,3024
26,729,1,3,1,75,0,0,0,0,0,37.5,3.0,729
26,717,9,7,1,91,1,0,0,1,0,45.8,0.7777777777777778,6453
39,675,2,5,1,80,0,0,0,0,0,40.0,2.5,1350
41,838,3,6,1,77,1,0,0,0,0,38.8,2.0,2514
27,759,8,12,1,69,0,0,0,0,0,34.5,1.5,6072
39,741,4,6,1,80,1,1,0,0,0,40.5,1.5,2964
24,711,2,3,1,70,0,0,0,0,0,35.0,1.5,1422
25,664,9,10,1,85,0,0,0,0,0,42.5,1.1111111111111112,5976
31,808,4,2,1,70,0,0,0,0,0,35.0,0.5,3232
42,764,2,5,1,76,0,1,0,0,0,38.2,2.5,1528
29,549,9,11,1,78,1,0,0,0,0,39.3,1.2222222222222223,4941
31,785,12,10,1,68,0,0,0,0,0,34.0,0.8333333333333334,9420
41,597,14,14,1,81,0,0,0,0,0,40.5,1.0,8358
26,648,6,8,1,55,0,0,1,0,0,27.5,1.3333333333333333,3888
39,558,13,12,1,79,0,0,0,0,0,39.5,0.9230769230769231,7254
30,613,12,11,1,87,0,0,0,1,1,43.5,0.9166666666666666,7356
44,639,4,4,1,72,0,0,0,0,0,36.0,1.0,2556
43,725,13,14,1,83,1,1,0,1,1,42.0,1.0769230769230769,9425
36,739,2,6,0,66,0,1,1,0,0,33.2,3.0,1478
39,689,13,14,1,78,0,0,0,0,0,39.0,1.0769230769230769,8957
34,734,2,3,1,84,1,0,0,0,0,42.3,1.5,1468
35,619,14,15,1,70,0,1,0,0,0,35.2,1.0714285714285714,8666
37,697,14,11,1,80,0,0,0,0,0,40.0,0.7857142857142857,9758
26,793,9,11,1,72,0,1,1,0,0,36.2,1.2222222222222223,7137
41,644,4,4,1,72,1,0,0,0,0,36.3,1.0,2576
33,636,13,12,1,61,0,0,1,0,0,30.5,0.9230769230769231,8268
37,809,2,2,0,79,0,0,0,0,0,39.5,1.0,1618
39,715,11,11,1,71,1,0,0,0,0,35.8,1.0,7865
22,717,1,4,1,80,0,0,0,0,0,40.0,4.0,717
30,765,4,2,0,100,0,0,0,0,0,50.0,0.5,3060
23,516,2,2,1,75,0,0,0,0,0,37.5,1.0,1032
43,748,4,6,1,66,0,1,0,0,0,33.2,1.5,2992
43,527,3,3,1,66,0,0,0,0,0,33.0,1.0,1581
27,800,2,3,1,74,0,0,0,0,0,37.0,1.5,1600
38,676,2,6,0,90,0,0,0,1,0,45.0,3.0,1352
40,835,12,13,0,78,0,0,1,0,1,39.0,1.0833333333333333,10020
39,702,3,2,1,80,0,0,0,0,0,40.0,0.6666666666666666,2106
44,774,11,15,1,70,1,0,0,0,0,35.3,1.3636363636363635,8514
29,735,6,12,1,73,0,1,0,0,0,36.7,2.0,4410
27,686,7,11,1,82,0,0,0,0,0,41.0,1.5714285714285714,4802
28,680,8,12,1,79,0,0,0,0,0,39.5,1.5,5440
32,806,3,5,1,85,0,0,1,0,0,42.5,1.6666666666666667,2418
37,831,12,11,1,64,0,0,1,0,0,32.0,0.9166666666666666,9972
33,607,4,3,1,73,1,0,1,0,0,36.8,0.75,2428
37,763,2,6,1,56,0,0,0,0,0,28.0,3.0,1526
39,842,2,2,1,71,1,0,0,0,0,35.8,1.0,1684
34,750,13,12,1,84,0,0,0,0,0,42.0,0.9230769230769231,9750
38,718,2,6,1,67,0,1,1,0,0,33.7,3.0,1436
43,603,14,14,0,74,0,0,0,0,0,37.0,1.0,8442
37,589,13,15,0,72,0,0,0,0,0,36.0,1.1538461538461537,7657
44,679,3,3,1,74,1,1,0,0,0,37.5,1.0,2037
41,819,13,11,0,67,0,0,0,0,0,33.5,0.8461538461538461,10647
27,824,1,4,1,92,0,0,1,1,0,46.0,4.0,824
33,656,11,10,1,74,0,0,0,0,0,37.0,0.9090909090909091,7216
39,854,11,14,1,81,0,0,0,1,1,40.5,1.2727272727272727,9394
24,647,5,6,1,80,0,0,0,0,0,40.0,1.2,3235
44,661,4,6,1,63,0,0,0,0,0,31.5,1.5,2644
26,746,7,12,0,75,0,0,1,0,0,37.5,1.7142857142857142,5222
30,528,13,11,0,68,0,1,0,0,0,34.2,0.8461538461538461,6864
25,792,10,10,1,88,0,0,0,1,1,44.0,1.0,7920
43,746,13,12,1,78,0,1,0,0,0,39.2,0.9230769230769231,9698
32,775,13,15,1,57,0,1,0,0,0,28.7,1.1538461538461537,10075
43,649,11,11,0,69,0,0,0,0,0,34.5,1.0,7139
44,778,4,5,0,72,0,0,0,0,0,36.0,1.25,3112
37,653,3,6,0,57,0,1,0,0,0,28.7,2.0,1959
38,533,11,14,1,74,0,0,0,0,0,37.0,1.2727272727272727,5863
43,528,4,5,1,85,0,0,0,1,0,42.5,1.25,2112
37,761,14,10,1,73,0,1,1,0,0,36.7,0.7142857142857143,10654
34,741,12,10,1,74,0,0,1,0,0,37.0,0.8333333333333334,8892
35,530,12,14,1,100,0,0,0,1,1,50.0,1.1666666666666667,6360
32,661,13,15,1,63,0,0,1,0,0,31.5,1.1538461538461537,8593
32,638,12,15,1,68,0,1,0,0,0,34.2,1.25,7656
33,667,2,3,1,94,0,0,1,1,0,47.0,1.5,1334
33,743,14,15,1,64,0,0,0,0,0,32.0,1.0714285714285714,10402
36,583,14,11,1,82,0,1,1,1,0,41.2,0.7857142857142857,8162
39,736,4,4,0,78,0,0,0,0,0,39.0,1.0,2944
43,808,3,2,0,91,0,1,0,0,0,45.7,0.6666666666666666,2424
32,693,14,14,1,69,0,1,0,0,0,34.7,1.0,9702
22,588,3,2,1,84,0,0,0,0,0,42.0,0.6666666666666666,1764
22,657,2,4,1,78,1,0,0,0,0,39.3,2.0,1314
37,575,4,5,0,80,0,1,0,0,0,40.2,1.25,2300
42,766,13,15,0,69,0,0,0,0,0,34.5,1.1538461538461537,9958
31,598,3,6,0,65,0,0,0,0,0,32.5,2.0,1794
45,817,3,5,1,85,0,0,0,1,0,42.5,1.6666666666666667,2451
42,516,12,13,0,92,1,0,1,1,1,46.3,1.0833333333333333,6192
28,543,6,8,1,70,0,0,0,0,0,35.0,1.3333333333333333,3258
36,688,14,14,1,68,0,0,0,0,0,34.0,1.0,9632
25,710,10,14,1,64,0,1,0,0,0,32.2,1.4,7100
27,791,1,6,1,61,0,1,0,0,0,30.7,6.0,791
26,796,10,12,0,61,0,0,0,0,0,30.5,1.2,7960
40,698,14,11,0,69,0,0,1,0,0,34.5,0.7857142857142857,9772
31,847,13,13,1,80,0,0,0,0,0,40.0,1.0,11011
42,898,11,15,0,69,0,0,0,0,0,34.5,1.3636363636363635,9878
36,874,2,3,0,70,0,0,0,0,0,35.0,1.5,1748
22,730,1,5,1,77,0,0,0,0,0,38.5,5.0,730
29,716,1,6,1,83,0,0,0,1,0,41.5,6.0,716
25,572,6,9,1,81,0,0,0,1,0,40.5,1.5,3432
25,769,9,11,0,69,0,1,1,0,0,34.7,1.2222222222222223,6921
34,727,4,6,1,72,0,0,0,0,0,36.0,1.5,2908
38,526,11,11,1,78,0,0,0,0,0,39.0,1.0,5786
26,794,3,4,1,74,0,0,0,0,0,37.0,1.3333333333333333,2382
24,812,3,4,0,86,0,0,0,0,0,43.0,1.3333333333333333,2436
42,591,2,6,1,83,0,0,0,0,0,41.5,3.0,1182
29,715,2,5,1,60,1,0,1,0,0,30.3,2.5,1430
27,759,1,5,1,73,0,0,0,0,0,36.5,5.0,759
38,863,11,11,1,69,0,0,0,0,0,34.5,1.0,9493
26,497,1,6,1,60,0,0,1,0,0,30.0,6.0,497
32,678,11,11,1,82,0,0,0,1,0,41.0,1.0,7458
42,811,4,3,1,95,1,0,0,1,0,47.8,0.75,3244
29,858,2,4,1,74,0,0,0,0,0,37.0,2.0,1716
34,801,12,12,1,85,1,0,0,1,1,42.8,1.0,9612
32,501,12,13,1,71,1,0,1,0,0,35.8,1.0833333333333333,6012
29,691,1,2,1,76,0,0,0,0,0,38.0,2.0,691
24,669,4,6,1,76,0,0,0,0,0,38.0,1.5,2676
43,702,11,10,1,89,0,0,1,0,0,44.5,0.9090909090909091,7722
42,716,14,14,1,76,0,1,0,0,0,38.2,1.0,10024
35,662,14,15,1,72,0,0,0,0,0,36.0,1.0714285714285714,9268
45,689,14,15,0,69,1,0,0,0,0,34.8,1.0714285714285714,9646
41,649,13,12,0,71,0,0,0,0,0,35.5,0.9230769230769231,8437
30,704,14,12,1,89,0,0,1,1,1,44.5,0.8571428571428571,9856
39,641,4,5,1,62,0,0,0,0,0,31.0,1.25,2564
45,749,14,15,1,72,1,0,1,0,1,36.3,1.0714285714285714,10486
33,589,4,4,1,81,0,1,0,1,0,40.7,1.0,2356
42,724,13,13,1,74,0,0,0,0,0,37.0,1.0,9412
43,578,3,3,0,51,0,1,0,0,0,25.7,1.0,1734
43,673,3,3,1,75,0,0,0,0,0,37.5,1.0,2019
28,802,2,4,0,89,1,0,0,0,0,44.8,2.0,1604
29,676,10,11,1,72,0,0,0,0,0,36.0,1.1,6760
32,713,2,3,1,82,0,0,0,0,0,41.0,1.5,1426
33,506,12,11,1,63,0,0,1,0,0,31.5,0.9166666666666666,6072
36,523,3,3,0,70,0,0,0,0,0,35.0,1.0,1569
35,795,14,11,0,78,0,0,0,0,0,39.0,0.7857142857142857,11130
23,690,4,3,1,71,1,0,0,0,0,35.8,0.75,2760
40,542,12,15,1,70,0,1,0,0,0,35.2,1.25,6504
38,621,12,15,1,89,0,0,0,1,1,44.5,1.25,7452
28,947,7,10,1,76,0,0,0,0,0,38.0,1.4285714285714286,6629
40,554,13,13,1,56,0,1,0,0,0,28.2,1.0,7202
36,621,12,14,1,86,0,0,0,0,1,43.0,1.1666666666666667,7452
34,734,3,6,0,66,0,0,0,0,0,33.0,2.0,2202
31,799,11,11,1,70,0,0,0,0,0,35.0,1.0,8789
41,736,2,4,1,84,0,1,0,1,0,42.2,2.0,1472
29,727,2,3,1,71,0,0,0,0,0,35.5,1.5,1454
44,702,2,4,1,91,0,0,0,1,0,45.5,2.0,1404
42,658,4,4,1,63,0,0,0,0,0,31.5,1.0,2632
35,677,3,3,1,84,1,0,0,0,0,42.3,1.0,2031
24,480,1,4,1,93,0,0,0,0,0,46.5,4.0,480
36,832,14,12,1,60,0,0,0,0,0,30.0,0.8571428571428571,11648
40,554,13,10,1,75,0,0,0,0,0,37.5,0.7692307692307693,7202
39,815,11,12,0,78,0,0,1,0,1,39.0,1.0909090909090908,8965
22,709,3,6,1,74,0,1,0,0,0,37.2,2.0,2127
30,714,13,12,1,70,0,0,0,0,0,35.0,0.9230769230769231,9282
23,613,2,6,0,77,0,0,0,0,0,38.5,3.0,1226
28,645,7,10,1,78,1,0,1,0,0,39.3,1.4285714285714286,4515
24,828,4,4,1,74,0,0,0,0,0,37.0,1.0,3312
36,684,12,15,1,84,0,0,1,0,0,42.0,1.25,8208
40,606,11,15,0,60,0,0,0,0,0,30.0,1.3636363636363635,6666
35,668,14,11,1,71,1,0,1,0,0,35.8,0.7857142857142857,9352
26,584,8,11,0,74,0,1,0,0,0,37.2,1.375,4672
25,622,3,3,1,76,0,0,1,0,0,38.0,1.0,1866
34,945,3,3,1,68,0,0,0,0,0,34.0,1.0,2835
37,772,4,6,1,71,0,0,0,0,0,35.5,1.5,3088
37,648,11,15,0,90,0,0,0,1,1,45.0,1.3636363636363635,7128
41,756,12,15,1,67,1,1,0,0,0,34.0,1.25,9072
37,835,11,13,1,71,0,0,1,0,1,35.5,1.1818181818181819,9185
38,579,13,10,1,81,0,0,0,0,0,40.5,0.7692307692307693,7527
23,682,1,3,1,87,0,0,0,1,0,43.5,3.0,682
31,567,11,11,1,71,1,0,1,0,0,35.8,1.0,6237
40,541,4,5,1,84,0,0,0,1,0,42.0,1.25,2164
39,631,2,5,1,66,0,0,0,0,0,33.0,2.5,1262
43,682,2,6,1,71,0,1,0,0,0,35.7,3.0,1364
37,601,2,6,1,65,1,0,0,0,0,32.8,3.0,1202
39,662,3,4,1,85,0,0,0,0,0,42.5,1.3333333333333333,1986
34,651,12,12,1,93,0,1,0,0,1,46.7,1.0,7812
29,763,6,12,1,64,0,0,0,0,0,32.0,2.0,4578
22,756,5,3,1,69,0,0,1,0,0,34.5,0.6,3780
23,692,2,4,1,89,0,0,0,1,0,44.5,2.0,1384
22,717,3,5,1,78,0,0,0,0,0,39.0,1.6666666666666667,2151
35,744,12,14,1,82,0,1,0,0,0,41.2,1.1666666666666667,8928
39,801,3,3,1,73,0,0,0,0,0,36.5,1.0,2403
45,520,11,14,0,100,0,0,0,1,1,50.0,1.2727272727272727,5720
41,675,4,3,1,63,0,0,0,0,0,31.5,0.75,2700
33,801,3,3,1,77,0,0,0,0,0,38.5,1.0,2403
31,692,12,11,1,78,0,0,0,0,0,39.0,0.9166666666666666,8304
24,663,5,2,1,74,0,0,1,0,0,37.0,0.4,3315
31,679,14,11,1,83,1,0,0,1,0,41.8,0.7857142857142857,9506
42,520,12,14,1,80,0,0,0,0,0,40.0,1.1666666666666667,6240
26,632,8,9,1,78,0,0,0,0,0,39.0,1.125,5056
23,686,5,2,1,62,0,0,0,0,0,31.0,0.4,3430
45,716,2,4,0,79,0,0,0,0,0,39.5,2.0,1432
43,631,11,10,0,81,0,1,0,1,0,40.7,0.9090909090909091,6941
36,714,14,14,0,66,0,0,0,0,0,33.0,1.0,9996
22,694,2,6,1,77,0,0,1,0,0,38.5,3.0,1388
39,730,14,14,1,75,0,0,0,0,0,37.5,1.0,10220
41,724,12,11,1,71,1,0,0,0,0,35.8,0.9166666666666666,8688
44,682,4,4,1,100,0,0,0,0,0,50.0,1.0,2728
34,895,13,10,1,79,0,0,1,0,0,39.5,0.7692307692307693,11635
37,529,2,6,1,49,0,0,0,0,0,24.5,3.0,1058
39,791,2,4,0,81,0,0,0,1,0,40.5,2.0,1582
38,659,2,2,1,85,0,0,0,1,0,42.5,1.0,1318
39,886,11,12,1,77,1,1,0,0,1,39.0,1.0909090909090908,9746
44,683,12,10,1,75,0,1,0,0,0,37.7,0.8333333333333334,8196
30,610,13,12,1,78,0,0,0,0,0,39.0,0.9230769230769231,7930
38,684,11,13,1,74,0,0,0,0,0,37.0,1.1818181818181819,7524
28,765,3,3,1,71,1,0,0,0,0,35.8,1.0,2295
35,762,2,3,1,70,0,0,0,0,0,35.0,1.5,1524
43,523,3,4,0,74,0,0,0,0,0,37.0,1.3333333333333333,1569
41,834,3,2,1,85,0,0,1,1,0,42.5,0.6666666666666666,2502
40,777,4,4,0,95,1,1,0,0,0,48.0,1.0,3108
32,641,14,10,1,80,0,0,0,0,0,40.0,0.7142857142857143,8974
24,576,1,4,0,88,0,0,0,0,0,44.0,4.0,576
28,673,1,5,1,66,1,0,0,0,0,33.3,5.0,673
45,695,2,2,1,71,0,0,0,0,0,35.5,1.0,1390
27,647,8,11,1,94,0,1,0,0,0,47.2,1.375,5176
23,691,3,2,1,65,1,0,1,0,0,32.8,0.6666666666666666,2073
24,691,2,2,1,75,0,0,0,0,0,37.5,1.0,1382
35,788,3,3,1,82,1,0,1,0,0,41.3,1.0,2364
26,521,2,5,1,74,0,0,0,0,0,37.0,2.5,1042
26,732,8,8,1,72,0,0,0,0,0,36.0,1.0,5856
27,531,3,6,1,80,0,1,0,0,0,40.2,2.0,1593
43,703,12,15,1,85,0,1,0,1,1,42.7,1.25,8436
31,471,12,11,0,71,0,0,0,0,0,35.5,0.9166666666666666,5652
32,675,14,13,1,71,0,0,1,0,0,35.5,0.9285714285714286,9450
27,640,6,9,1,95,1,0,0,0,0,47.8,1.5,3840
29,715,6,7,1,82,1,0,0,1,0,41.3,1.1666666666666667,4290
37,761,13,10,1,87,0,0,1,0,0,43.5,0.7692307692307693,9893
39,724,2,3,0,67,0,0,0,0,0,33.5,1.5,1448
35,780,12,12,1,75,0,0,0,0,0,37.5,1.0,9360
39,938,11,11,1,74,0,0,0,0,0,37.0,1.0,10318
35,851,13,14,1,87,1,1,1,1,1,44.0,1.0769230769230769,11063
23,414,2,5,1,75,0,0,0,0,0,37.5,2.5,828
44,461,4,2,1,83,0,0,0,1,0,41.5,0.5,1844
37,643,12,14,1,77,1,1,1,0,1,39.0,1.1666666666666667,7716
45,814,14,10,1,77,0,0,0,0,0,38.5,0.7142857142857143,11396
39,831,2,5,0,82,1,0,0,0,0,41.3,2.5,1662
34,711,4,6,0,68,0,0,0,0,0,34.0,1.5,2844
44,707,2,6,1,77,0,0,1,0,0,38.5,3.0,1414
37,701,2,2,0,82,0,0,0,0,0,41.0,1.0,1402
26,682,3,4,1,60,0,0,0,0,0,30.0,1.3333333333333333,2046
30,848,14,13,1,85,1,1,0,0,1,43.0,0.9285714285714286,11872
39,833,13,15,1,74,0,1,1,0,1,37.2,1.1538461538461537,10829
34,678,3,2,1,77,1,0,0,0,0,38.8,0.6666666666666666,2034
24,565,2,2,1,86,0,0,1,0,0,43.0,1.0,1130
32,568,13,11,1,71,0,0,0,0,0,35.5,0.8461538461538461,7384
36,605,2,6,0,85,0,0,0,1,0,42.5,3.0,1210
39,894,3,3,1,67,0,0,0,0,0,33.5,1.0,2682
28,576,6,10,1,71,0,0,0,0,0,35.5,1.6666666666666667,3456
29,601,1,2,1,74,1,0,0,0,0,37.3,2.0,601
31,768,3,4,1,66,0,1,0,0,0,33.2,1.3333333333333333,2304
39,599,12,10,0,85,0,0,1,0,0,42.5,0.8333333333333334,7188
32,688,2,6,1,72,0,0,1,0,0,36.0,3.0,1376
34,763,11,14,1,79,0,0,1,0,0,39.5,1.2727272727272727,8393
41,789,14,15,1,73,1,1,1,0,1,37.0,1.0714285714285714,11046
23,557,5,5,0,100,0,1,0,1,0,50.2,1.0,2785
23,871,2,5,1,60,0,0,0,0,0,30.0,2.5,1742
22,662,1,6,1,54,1,0,0,0,0,27.3,6.0,662
37,822,12,10,1,82,0,0,1,0,0,41.0,0.8333333333333334,9864
30,654,12,15,1,61,0,0,0,0,0,30.5,1.25,7848
44,722,14,10,1,69,1,1,1,0,0,35.0,0.7142857142857143,10108
27,734,7,12,1,84,0,0,0,1,0,42.0,1.7142857142857142,5138
38,803,2,2,0,76,0,0,0,0,0,38.0,1.0,1606
43,900,12,10,1,83,0,0,0,1,0,41.5,0.8333333333333334,10800
28,768,3,3,1,70,1,0,0,0,0,35.3,1.0,2304
39,662,14,12,1,59,1,0,1,0,0,29.8,0.8571428571428571,9268
26,756,3,2,0,60,0,0,0,0,0,30.0,0.6666666666666666,2268
45,667,11,14,1,65,0,0,0,0,0,32.5,1.2727272727272727,7337
31,687,4,5,1,71,0,0,0,0,0,35.5,1.25,2748
30,950,14,11,1,69,0,0,0,0,0,34.5,0.7857142857142857,13300
29,751,8,7,1,78,0,0,0,0,0,39.0,0.875,6008
31,751,14,15,1,79,1,1,0,0,1,40.0,1.0714285714285714,10514
25,705,8,11,0,92,0,0,0,1,0,46.0,1.375,5640
23,831,3,6,1,100,1,0,0,1,0,50.3,2.0,2493
41,591,4,3,0,76,0,1,0,0,0,38.2,0.75,2364
26,733,6,9,1,56,0,0,0,0,0,28.0,1.5,4398
43,720,11,10,0,92,0,0,0,0,0,46.0,0.9090909090909091,7920
41,888,11,14,1,79,0,1,0,0,1,39.7,1.2727272727272727,9768
25,661,3,2,1,86,0,0,0,1,0,43.0,0.6666666666666666,1983
32,556,4,6,1,68,0,0,0,0,0,34.0,1.5,2224
34,625,13,13,1,57,0,0,0,0,0,28.5,1.0,8125
43,872,12,15,1,68,1,0,0,0,0,34.3,1.25,10464
43,684,3,6,0,68,0,0,0,0,0,34.0,2.0,2052
23,790,3,3,1,83,1,0,1,1,0,41.8,1.0,2370
35,754,13,10,1,100,0,0,0,0,0,50.0,0.7692307692307693,9802
29,946,6,12,0,92,0,0,0,0,0,46.0,2.0,5676
44,934,4,4,1,58,0,0,1,0,0,29.0,1.0,3736
40,592,14,13,1,76,0,0,0,0,0,38.0,0.9285714285714286,8288
33,593,2,4,1,75,1,0,0,0,0,37.8,2.0,1186
45,672,4,2,1,79,0,1,0,0,0,39.7,0.5,2688
36,703,4,3,1,75,0,0,0,0,0,37.5,0.75,2812
23,722,2,5,1,82,0,0,0,1,0,41.0,2.5,1444
29,637,1,4,1,61,0,0,1,0,0,30.5,4.0,637
29,607,2,5,1,76,0,0,0,0,0,38.0,2.5,1214
22,716,1,5,0,75,1,0,0,0,0,37.8,5.0,716
39,589,2,4,1,62,1,0,0,0,0,31.3,2.0,1178
30,945,2,6,1,74,0,0,0,0,0,37.0,3.0,1890
30,569,12,10,0,80,0,1,0,0,0,40.2,0.8333333333333334,6828
36,794,14,12,1,65,0,0,1,0,0,32.5,0.8571428571428571,11116
22,616,2,6,0,64,0,0,0,0,0,32.0,3.0,1232
29,706,8,10,1,84,0,1,0,1,0,42.2,1.25,5648
25,648,3,4,0,66,0,0,0,0,0,33.0,1.3333333333333333,1944
33,707,12,11,1,87,0,1,1,0,1,43.7,0.9166666666666666,8484
29,586,1,3,1,64,1,0,0,0,0,32.3,3.0,586
22,751,3,4,1,67,0,0,1,0,0,33.5,1.3333333333333333,2253
35,700,13,13,1,60,0,1,1,0,0,30.2,1.0,9100
42,739,13,10,1,91,0,0,0,1,1,45.5,0.7692307692307693,9607
33,785,4,3,1,68,1,0,0,0,0,34.3,0.75,3140
36,739,11,15,1,69,0,0,0,0,0,34.5,1.3636363636363635,8129
29,489,2,3,1,81,0,0,0,1,0,40.5,1.5,978
31,759,14,15,0,76,0,0,0,0,0,38.0,1.0714285714285714,10626
35,737,13,15,0,83,0,0,0,0,0,41.5,1.1538461538461537,9581
40,875,11,10,1,83,1,0,0,1,1,41.8,0.9090909090909091,9625
41,571,2,6,1,75,0,1,0,0,0,37.7,3.0,1142
39,672,4,2,1,72,0,0,0,0,0,36.0,0.5,2688
27,915,9,12,1,78,1,1,1,0,1,39.5,1.3333333333333333,8235
33,747,2,2,1,67,0,0,0,0,0,33.5,1.0,1494
27,798,2,5,1,100,0,0,0,0,0,50.0,2.5,1596
24,780,3,3,1,67,0,0,0,0,0,33.5,1.0,2340
25,710,9,9,0,74,0,0,0,0,0,37.0,1.0,6390
41,857,12,14,1,69,0,0,0,0,0,34.5,1.1666666666666667,10284
43,823,14,11,1,70,0,1,0,0,0,35.2,0.7857142857142857,11522
44,839,11,15,1,92,0,0,0,0,1,46.0,1.3636363636363635,9229
45,749,2,5,0,64,0,0,0,0,0,32.0,2.5,1498
27,639,10,11,0,67,0,0,0,0,0,33.5,1.1,6390
23,727,1,3,1,70,0,1,1,0,0,35.2,3.0,727
39,720,14,12,1,59,0,1,0,0,0,29.7,0.8571428571428571,10080
32,689,3,3,0,84,0,0,0,0,0,42.0,1.0,2067
36,759,4,2,1,98,0,0,0,1,0,49.0,0.5,3036
39,559,4,5,1,86,0,1,0,1,0,43.2,1.25,2236
42,772,2,2,1,95,1,0,1,0,0,47.8,1.0,1544
38,616,4,5,0,78,0,0,1,0,0,39.0,1.25,2464
31,810,12,13,1,80,0,0,0,0,0,40.0,1.0833333333333333,9720
42,656,13,14,1,75,0,0,0,0,0,37.5,1.0769230769230769,8528
24,526,4,2,1,67,0,0,0,0,0,33.5,0.5,2104
23,709,2,3,1,65,0,1,0,0,0,32.7,1.5,1418
40,527,3,2,1,63,0,0,0,0,0,31.5,0.6666666666666666,1581
45,702,13,10,1,70,1,1,1,0,0,35.5,0.7692307692307693,9126
28,776,6,12,0,82,0,1,0,1,0,41.2,2.0,4656
44,646,14,14,0,79,1,0,0,0,0,39.8,1.0,9044
40,680,2,3,1,73,0,0,0,0,0,36.5,1.5,1360
31,862,4,6,1,73,1,0,1,0,0,36.8,1.5,3448
39,719,3,3,1,92,1,1,0,1,0,46.5,1.0,2157
34,770,13,11,0,68,0,0,0,0,0,34.0,0.8461538461538461,10010
25,710,1,6,0,65,1,0,0,0,0,32.8,6.0,710
33,783,4,3,1,80,0,0,0,0,0,40.0,0.75,3132
38,638,11,11,1,69,1,0,1,0,0,34.8,1.0,7018
45,703,3,2,1,48,0,0,0,0,0,24.0,0.6666666666666666,2109
43,662,14,13,0,74,0,1,0,0,0,37.2,0.9285714285714286,9268
31,746,2,2,1,68,1,0,0,0,0,34.3,1.0,1492
27,578,9,10,1,65,0,0,0,0,0,32.5,1.1111111111111112,5202
28,950,8,10,1,57,0,0,0,0,0,28.5,1.25,7600
29,748,9,10,1,90,0,0,0,1,0,45.0,1.1111111111111112,6732
28,742,8,9,1,75,0,0,1,0,0,37.5,1.125,5936
42,632,3,6,1,95,0,1,0,0,0,47.7,2.0,1896
25,825,1,2,1,61,1,1,0,0,0,31.0,2.0,825
41,705,2,5,1,86,0,1,0,0,0,43.2,2.5,1410
38,616,13,14,1,94,0,0,1,0,1,47.0,1.0769230769230769,8008
36,950,14,12,1,81,0,0,1,1,1,40.5,0.8571428571428571,13300
22,632,1,4,1,65,0,1,0,0,0,32.7,4.0,632
29,620,3,5,1,70,0,0,0,0,0,35.0,1.6666666666666667,1860
26,587,3,4,1,87,0,0,0,0,0,43.5,1.3333333333333333,1761
41,636,11,15,1,59,0,0,0,0,0,29.5,1.3636363636363635,6996
37,861,4,4,0,71,0,0,0,0,0,35.5,1.0,3444
39,543,14,15,1,93,0,1,0,1,1,46.7,1.0714285714285714,7602
39,635,12,10,1,59,1,0,0,0,0,29.8,0.8333333333333334,7620
38,742,2,5,1,65,0,1,0,0,0,32.7,2.5,1484
41,698,13,13,1,80,0,0,1,0,0,40.0,1.0,9074
41,768,13,14,0,69,0,0,0,0,0,34.5,1.0769230769230769,9984
25,617,2,3,1,77,1,1,1,0,0,39.0,1.5,1234
37,819,4,3,1,74,1,0,0,0,0,37.3,0.75,3276
35,692,13,13,1,72,0,1,0,0,0,36.2,1.0,8996
33,679,12,15,1,100,0,0,1,1,1,50.0,1.25,8148
41,793,2,3,1,61,1,0,0,0,0,30.8,1.5,1586
25,690,3,4,0,72,0,0,1,0,0,36.0,1.3333333333333333,2070
34,673,4,3,1,63,1,0,0,0,0,31.8,0.75,2692
29,564,10,13,1,99,0,0,1,0,1,49.5,1.3,5640
34,720,3,6,1,68,0,0,0,0,0,34.0,2.0,2160
26,654,10,15,1,73,0,0,1,0,0,36.5,1.5,6540
44,503,12,11,1,79,1,0,1,0,0,39.8,0.9166666666666666,6036
23,606,1,6,0,87,0,0,0,0,0,43.5,6.0,606
37,579,4,4,1,79,1,0,0,0,0,39.8,1.0,2316
39,792,13,10,1,74,0,1,1,0,0,37.2,0.7692307692307693,10296
24,652,1,2,1,73,0,0,0,0,0,36.5,2.0,652
42,894,13,13,1,59,0,1,0,0,0,29.7,1.0,11622
37,709,3,3,1,59,0,0,1,0,0,29.5,1.0,2127
38,611,4,3,1,70,0,1,0,0,0,35.2,0.75,2444
45,768,2,6,0,81,0,1,0,0,0,40.7,3.0,1536
31,856,11,10,0,70,0,1,1,0,0,35.2,0.9090909090909091,9416
28,520,1,6,1,78,0,0,0,0,0,39.0,6.0,520
43,553,12,15,1,67,0,1,0,0,0,33.7,1.25,6636
35,678,3,6,1,59,0,0,0,0,0,29.5,2.0,2034
40,637,3,5,1,75,0,0,0,0,0,37.5,1.6666666666666667,1911
41,605,4,5,1,56,0,0,0,0,0,28.0,1.25,2420
24,767,2,4,0,77,0,0,0,0,0,38.5,2.0,1534
25,780,1,2,0,67,0,0,0,0,0,33.5,2.0,780
39,658,2,5,1,87,0,0,0,1,0,43.5,2.5,1316
26,819,9,7,0,83,0,0,0,1,0,41.5,0.7777777777777778,7371
34,536,3,4,0,59,0,0,0,0,0,29.5,1.3333333333333333,1608
29,547,8,9,1,72,1,0,0,0,0,36.3,1.125,4376
24,807,3,3,1,69,0,0,0,0,0,34.5,1.0,2421
38,830,2,3,1,76,1,0,0,0,0,38.3,1.5,1660
33,693,4,4,1,59,0,0,0,0,0,29.5,1.0,2772
32,809,13,11,1,73,0,0,0,0,0,36.5,0.8461538461538461,10517
42,684,13,15,0,69,0,0,0,0,0,34.5,1.1538461538461537,8892
33,566,4,4,1,81,0,0,0,0,0,40.5,1.0,2264
43,517,13,13,1,82,0,0,0,1,0,41.0,1.0,6721
42,693,4,4,1,73,0,0,0,0,0,36.5,1.0,2772
32,694,4,6,1,62,0,0,0,0,0,31.0,1.5,2776
26,839,1,2,1,80,0,0,0,0,0,40.0,2.0,839
28,688,8,10,1,72,1,0,0,0,0,36.3,1.25,5504
40,532,12,12,1,78,1,0,0,0,0,39.3,1.0,6384
34,824,2,6,0,64,0,0,1,0,0,32.0,3.0,1648
29,853,1,6,0,54,1,1,0,0,0,27.5,6.0,853
29,603,2,4,1,67,0,0,0,0,0,33.5,2.0,1206
22,588,2,4,1,85,0,0,0,1,0,42.5,2.0,1176
40,582,12,12,0,78,0,0,1,0,0,39.0,1.0,6984
23,662,1,3,1,76,0,0,0,0,0,38.0,3.0,662
30,545,14,12,1,73,1,0,0,0,0,36.8,0.8571428571428571,7630
35,777,12,15,0,65,1,0,1,0,0,32.8,1.25,9324
26,706,3,3,1,59,0,1,1,0,0,29.7,1.0,2118
44,613,11,12,1,63,0,0,0,0,0,31.5,1.0909090909090908,6743
26,659,9,9,1,87,1,1,0,1,1,44.0,1.0,5931
27,650,6,11,1,83,0,0,0,1,0,41.5,1.8333333333333333,3900
42,645,4,3,1,69,0,0,0,0,0,34.5,0.75,2580
45,635,4,3,1,92,0,0,0,1,0,46.0,0.75,2540
27,676,1,2,1,58,0,0,0,0,0,29.0,2.0,676
28,634,9,10,1,84,0,0,0,0,0,42.0,1.1111111111111112,5706
23,652,4,4,1,75,0,0,1,0,0,37.5,1.0,2608
29,830,8,8,1,69,0,0,0,0,0,34.5,1.0,6640
28,599,1,2,1,73,0,1,1,0,0,36.7,2.0,599
30,623,14,12,0,65,1,1,1,0,1,33.0,0.8571428571428571,8722
34,481,11,12,0,67,0,0,1,0,0,33.5,1.0909090909090908,5291
45,655,3,6,1,76,0,0,1,0,0,38.0,2.0,1965
43,774,3,3,1,62,0,0,0,0,0,31.0,1.0,2322
28,516,7,8,1,82,0,1,1,1,0,41.2,1.1428571428571428,3612
31,682,4,4,1,82,1,0,0,1,0,41.3,1.0,2728
29,599,9,7,0,79,0,0,0,0,0,39.5,0.7777777777777778,5391
27,664,10,14,1,78,0,1,0,0,0,39.2,1.4,6640
44,517,4,3,1,75,0,0,1,0,0,37.5,0.75,2068
22,767,1,5,1,71,0,0,0,0,0,35.5,5.0,767
30,453,3,5,0,72,0,1,0,0,0,36.2,1.6666666666666667,1359
42,683,2,5,0,62,0,0,0,0,0,31.0,2.5,1366
37,692,2,5,1,74,0,0,0,0,0,37.0,2.5,1384
32,739,14,11,1,64,1,1,0,0,0,32.5,0.7857142857142857,10346
34,593,11,10,1,58,0,0,0,0,0,29.0,0.9090909090909091,6523
34,550,3,4,1,63,0,0,0,0,0,31.5,1.3333333333333333,1650
29,808,7,8,1,60,0,0,0,0,0,30.0,1.1428571428571428,5656
28,430,7,7,0,72,1,0,0,0,0,36.3,1.0,3010
24,696,2,4,1,87,0,0,0,1,0,43.5,2.0,1392
24,721,5,3,1,56,0,0,0,0,0,28.0,0.6,3605
44,876,12,15,1,67,0,0,0,0,0,33.5,1.25,10512
27,515,3,6,1,78,0,0,0,0,0,39.0,2.0,1545
25,721,10,13,1,79,0,1,1,0,1,39.7,1.3,7210
28,664,1,2,1,58,0,0,1,0,0,29.0,2.0,664
29,766,1,2,1,73,0,0,0,0,0,36.5,2.0,766
43,447,4,3,0,62,1,0,0,0,0,31.3,0.75,1788
35,664,11,11,1,67,0,0,0,0,0,33.5,1.0,7304
45,595,3,2,1,58,1,0,0,0,0,29.3,0.6666666666666666,1785
27,699,1,5,1,66,0,0,0,0,0,33.0,5.0,699
30,583,13,15,1,71,0,0,0,0,0,35.5,1.1538461538461537,7579
37,612,11,14,1,66,1,0,0,0,0,33.3,1.2727272727272727,6732
39,824,3,3,1,80,0,0,0,0,0,40.0,1.0,2472
25,564,2,6,1,49,0,0,0,0,0,24.5,3.0,1128
25,725,1,2,1,65,0,0,0,0,0,32.5,2.0,725
35,584,4,5,1,73,1,1,0,0,0,37.0,1.25,2336
38,681,14,14,1,84,1,0,0,0,0,42.3,1.0,9534
29,720,6,8,1,68,0,0,0,0,0,34.0,1.3333333333333333,4320
43,690,11,14,1,71,0,0,1,0,0,35.5,1.2727272727272727,7590
45,753,2,4,0,78,0,0,0,0,0,39.0,2.0,1506
43,763,4,2,0,53,0,0,0,0,0,26.5,0.5,3052
43,684,12,14,1,69,1,1,0,0,0,35.0,1.1666666666666667,8208
26,823,8,12,1,60,1,0,0,0,0,30.3,1.5,6584
41,746,13,14,0,70,0,0,0,0,0,35.0,1.0769230769230769,9698
39,824,2,3,1,81,0,0,1,0,0,40.5,1.5,1648
26,935,8,11,1,74,0,0,0,0,0,37.0,1.375,7480
39,858,2,2,1,74,0,1,0,0,0,37.2,1.0,1716
25,635,3,4,1,81,0,0,0,1,0,40.5,1.3333333333333333,1905
37,768,14,15,0,68,0,0,0,0,0,34.0,1.0714285714285714,10752
37,725,4,2,0,85,0,0,1,1,0,42.5,0.5,2900
40,597,13,12,1,72,1,0,0,0,0,36.3,0.9230769230769231,7761
22,666,3,2,1,78,0,0,0,0,0,39.0,0.6666666666666666,1998
41,724,3,6,1,80,1,0,0,0,0,40.3,2.0,2172
33,670,3,6,1,79,0,0,0,0,0,39.5,2.0,2010
27,679,9,7,1,54,0,0,1,0,0,27.0,0.7777777777777778,6111
37,745,3,2,1,82,0,0,0,0,0,41.0,0.6666666666666666,2235
32,779,4,3,1,72,0,0,0,0,0,36.0,0.75,3116
35,663,13,15,1,72,0,1,1,0,1,36.2,1.1538461538461537,8619
37,672,12,10,1,67,0,1,1,0,0,33.7,0.8333333333333334,8064
45,637,3,6,0,75,1,0,0,0,0,37.8,2.0,1911
29,759,2,5,1,74,0,0,0,0,0,37.0,2.5,1518
32,689,11,14,1,66,0,0,0,0,0,33.0,1.2727272727272727,7579
38,784,14,11,1,94,0,0,0,0,0,47.0,0.7857142857142857,10976
40,770,4,4,1,92,0,0,0,0,0,46.0,1.0,3080
30,777,2,6,1,99,0,0,0,1,0,49.5,3.0,1554
24,761,2,3,1,68,0,1,0,0,0,34.2,1.5,1522
30,755,4,2,0,82,0,0,1,1,0,41.0,0.5,3020
37,797,2,3,1,71,0,1,0,0,0,35.7,1.5,1594
26,823,9,9,1,64,0,0,0,0,0,32.0,1.0,7407
28,461,6,10,1,69,1,0,0,0,0,34.8,1.6666666666666667,2766
37,808,13,11,1,92,0,0,0,0,0,46.0,0.8461538461538461,10504
36,908,11,11,1,84,0,0,0,0,0,42.0,1.0,9988
27,874,9,7,1,67,0,0,0,0,0,33.5,0.7777777777777778,7866
36,665,3,3,1,67,0,0,0,0,0,33.5,1.0,1995
28,621,6,10,0,83,1,0,0,0,0,41.8,1.6666666666666667,3726
42,807,12,14,1,87,0,0,0,1,1,43.5,1.1666666666666667,9684
33,516,14,12,1,79,0,0,1,0,0,39.5,0.8571428571428571,7224
39,679,3,3,1,70,1,0,0,0,0,35.3,1.0,2037
38,667,3,4,1,71,1,0,1,0,0,35.8,1.3333333333333333,2001
31,660,13,13,0,85,0,0,0,0,1,42.5,1.0,8580
38,685,4,6,0,74,1,1,0,0,0,37.5,1.5,2740
38,684,14,11,1,84,0,0,0,1,0,42.0,0.7857142857142857,9576
30,669,2,6,1,83,0,1,1,1,0,41.7,3.0,1338
26,655,1,4,1,100,0,0,1,1,0,50.0,4.0,655
42,752,3,4,1,90,1,0,0,1,0,45.3,1.3333333333333333,2256
41,786,3,5,0,81,0,0,0,0,0,40.5,1.6666666666666667,2358
39,743,14,13,1,86,0,0,1,1,1,43.0,0.9285714285714286,10402
36,742,4,2,1,64,0,0,0,0,0,32.0,0.5,2968
32,612,3,6,1,74,0,0,1,0,0,37.0,2.0,1836
36,850,3,4,1,60,0,1,0,0,0,30.2,1.3333333333333333,2550
33,668,14,11,1,79,0,1,0,0,0,39.7,0.7857142857142857,9352
30,776,11,11,1,71,0,1,1,0,0,35.7,1.0,8536
29,711,3,3,0,51,0,0,0,0,0,25.5,1.0,2133
37,816,13,12,1,63,0,0,0,0,0,31.5,0.9230769230769231,10608
32,614,11,12,1,79,0,0,1,0,0,39.5,1.0909090909090908,6754
23,630,3,4,1,80,0,0,1,0,0,40.0,1.3333333333333333,1890
38,635,14,11,1,66,0,0,1,0,0,33.0,0.7857142857142857,8890
26,766,7,7,1,66,0,0,0,0,0,33.0,1.0,5362
42,678,4,4,1,57,0,0,1,0,0,28.5,1.0,2712
35,632,4,4,0,58,1,0,0,0,0,29.3,1.0,2528
32,810,4,4,0,59,0,0,0,0,0,29.5,1.0,3240
40,705,11,15,1,50,1,1,0,0,0,25.5,1.3636363636363635,7755
31,781,11,15,1,70,0,0,1,0,0,35.0,1.3636363636363635,8591
30,619,4,2,1,64,1,0,0,0,0,32.3,0.5,2476
44,641,2,4,1,69,0,0,0,0,0,34.5,2.0,1282
30,541,13,15,0,82,0,0,0,0,0,41.0,1.1538461538461537,7033
23,872,1,6,0,69,0,0,0,0,0,34.5,6.0,872
23,806,4,2,1,64,0,0,0,0,0,32.0,0.5,3224
24,689,5,6,1,92,0,1,0,0,0,46.2,1.2,3445
43,706,3,2,1,78,0,0,1,0,0,39.0,0.6666666666666666,2118
31,714,3,4,1,71,0,1,0,0,0,35.7,1.3333333333333333,2142
38,553,14,12,1,86,1,0,0,0,1,43.3,0.8571428571428571,7742
22,823,1,3,1,74,0,1,0,0,0,37.2,3.0,823
45,580,11,13,1,78,0,0,0,0,0,39.0,1.1818181818181819,6380
44,708,3,6,1,87,0,0,1,0,0,43.5,2.0,2124
30,901,4,6,1,52,0,0,1,0,0,26.0,1.5,3604
42,720,3,3,1,73,0,0,1,0,0,36.5,1.0,2160
28,662,2,3,1,71,0,0,1,0,0,35.5,1.5,1324
34,776,4,4,0,88,0,1,0,0,0,44.2,1.0,3104
27,806,1,5,1,70,1,0,0,0,0,35.3,5.0,806
32,583,13,15,0,73,0,0,0,0,0,36.5,1.1538461538461537,7579
43,781,14,15,0,59,0,0,1,0,0,29.5,1.0714285714285714,10934
29,745,10,10,1,69,0,1,0,0,0,34.7,1.0,7450
26,845,9,11,1,83,0,0,0,0,0,41.5,1.2222222222222223,7605
39,897,12,12,1,70,1,0,0,0,1,35.3,1.0,10764
26,659,8,9,1,85,0,1,0,1,0,42.7,1.125,5272
35,560,2,5,1,82,1,0,0,0,0,41.3,2.5,1120
30,690,3,4,0,78,0,0,0,0,0,39.0,1.3333333333333333,2070
45,834,2,4,1,79,1,0,1,0,0,39.8,2.0,1668
24,697,1,2,0,93,0,0,0,0,0,46.5,2.0,697
39,541,14,12,1,78,1,0,0,0,0,39.3,0.8571428571428571,7574
37,510,12,15,1,83,1,0,0,0,0,41.8,1.25,6120
40,919,3,4,1,74,1,0,0,0,0,37.3,1.3333333333333333,2757
45,843,3,4,1,86,1,1,0,1,0,43.5,1.3333333333333333,2529
32,664,4,4,1,83,1,1,0,1,0,42.0,1.0,2656
23,631,2,2,0,60,0,0,0,0,0,30.0,1.0,1262
38,729,4,6,0,73,0,1,1,0,0,36.7,1.5,2916
45,629,3,2,1,63,0,0,0,0,0,31.5,0.6666666666666666,1887
36,589,11,12,1,73,0,0,0,0,0,36.5,1.0909090909090908,6479
33,665,14,13,0,89,0,0,0,0,1,44.5,0.9285714285714286,9310
31,844,14,11,1,83,0,0,0,1,0,41.5,0.7857142857142857,11816
22,645,1,2,1,64,0,1,0,0,0,32.2,2.0,645
27,716,6,8,1,73,1,0,0,0,0,36.8,1.3333333333333333,4296
23,581,5,6,1,74,0,0,0,0,0,37.0,1.2,2905
22,686,3,4,0,51,1,0,0,0,0,25.8,1.3333333333333333,2058
33,609,11,15,1,69,0,0,0,0,0,34.5,1.3636363636363635,6699
43,895,4,6,0,69,1,0,1,0,0,34.8,1.5,3580
27,738,3,4,0,60,0,1,0,0,0,30.2,1.3333333333333333,2214
35,635,2,2,0,85,0,0,0,0,0,42.5,1.0,1270
36,760,2,4,1,73,0,0,0,0,0,36.5,2.0,1520
35,722,4,4,0,67,0,0,0,0,0,33.5,1.0,2888
42,725,12,14,1,62,1,0,0,0,0,31.3,1.1666666666666667,8700
31,786,12,12,1,91,0,1,1,1,1,45.7,1.0,9432
28,732,2,3,1,80,0,0,1,0,0,40.0,1.5,1464
43,735,13,10,1,67,0,0,0,0,0,33.5,0.7692307692307693,9555
35,664,2,2,1,78,0,0,0,0,0,39.0,1.0,1328
29,608,2,6,0,83,1,0,0,1,0,41.8,3.0,1216
32,650,2,6,1,71,0,1,0,0,0,35.7,3.0,1300
40,635,3,3,1,69,1,0,0,0,0,34.8,1.0,1905
25,828,8,11,1,71,0,1,1,0,0,35.7,1.375,6624
44,650,14,12,1,74,0,0,0,0,0,37.0,0.8571428571428571,9100
27,608,3,6,1,80,0,1,0,0,0,40.2,2.0,1824
33,765,4,3,0,81,0,1,1,0,0,40.7,0.75,3060
40,791,11,14,0,51,0,0,0,0,0,25.5,1.2727272727272727,8701
29,801,3,5,1,82,0,0,1,0,0,41.0,1.6666666666666667,2403
29,717,10,15,1,77,0,0,0,0,0,38.5,1.5,7170
28,730,10,13,1,84,0,1,0,1,1,42.2,1.3,7300
41,734,3,3,1,85,1,0,0,1,0,42.8,1.0,2202
24,751,3,5,0,64,0,0,0,0,0,32.0,1.6666666666666667,2253
30,878,11,11,1,71,0,0,0,0,0,35.5,1.0,9658
26,780,8,8,1,85,0,0,0,0,0,42.5,1.0,6240
26,761,8,9,1,53,0,0,0,0,0,26.5,1.125,6088
39,759,13,12,1,74,0,0,0,0,0,37.0,0.9230769230769231,9867
44,950,3,3,1,72,0,1,0,0,0,36.2,1.0,2850
42,639,4,5,1,100,0,0,1,0,0,50.0,1.25,2556
40,689,14,15,1,84,0,0,0,0,0,42.0,1.0714285714285714,9646
26,686,1,6,1,61,1,0,0,0,0,30.8,6.0,686
28,605,1,6,1,74,1,1,1,0,0,37.5,6.0,605
23,732,1,6,0,85,1,0,0,1,0,42.8,6.0,732
41,802,12,13,1,69,0,1,0,0,0,34.7,1.0833333333333333,9624
29,704,8,8,0,98,0,0,0,1,0,49.0,1.0,5632
40,647,3,6,1,77,0,0,0,0,0,38.5,2.0,1941
34,648,13,10,1,91,0,0,0,0,0,45.5,0.7692307692307693,8424
35,604,11,13,1,72,0,0,0,0,0,36.0,1.1818181818181819,6644
42,763,12,12,1,79,0,0,0,0,0,39.5,1.0,9156
43,801,12,12,1,75,1,0,0,0,1,37.8,1.0,9612
42,780,4,6,1,94,0,0,0,1,0,47.0,1.5,3120
39,711,11,15,1,57,0,0,0,0,0,28.5,1.3636363636363635,7821
45,687,12,11,1,67,0,0,0,0,0,33.5,0.9166666666666666,8244
37,683,11,11,1,64,0,0,0,0,0,32.0,1.0,7513
23,723,3,4,1,68,1,0,0,0,0,34.3,1.3333333333333333,2169
27,798,3,4,1,62,0,0,0,0,0,31.0,1.3333333333333333,2394
42,633,12,13,0,70,0,0,0,0,0,35.0,1.0833333333333333,7596
34,675,11,15,1,59,0,1,0,0,0,29.7,1.3636363636363635,7425
36,725,12,15,1,85,0,1,0,1,1,42.7,1.25,8700
42,751,14,11,1,77,1,0,0,0,0,38.8,0.7857142857142857,10514
32,743,3,4,1,79,0,0,0,0,0,39.5,1.3333333333333333,2229
39,676,14,13,1,70,0,0,1,0,0,35.0,0.9285714285714286,9464
22,709,2,2,1,69,0,0,0,0,0,34.5,1.0,1418
25,530,1,6,1,79,1,0,0,0,0,39.8,6.0,530
41,602,11,14,1,57,0,0,0,0,0,28.5,1.2727272727272727,6622
45,671,3,5,1,82,0,0,1,0,0,41.0,1.6666666666666667,2013
42,761,11,11,1,82,1,1,1,1,1,41.5,1.0,8371
35,710,13,13,1,67,0,1,0,0,0,33.7,1.0,9230
40,714,2,6,1,89,1,1,0,1,0,45.0,3.0,1428
45,665,2,4,1,73,0,0,0,0,0,36.5,2.0,1330
23,653,2,2,0,82,1,0,0,0,0,41.3,1.0,1306
32,804,14,15,1,67,1,0,0,0,0,33.8,1.0714285714285714,11256
27,653,6,9,1,97,0,0,0,0,0,48.5,1.5,3918
44,757,2,3,1,75,0,0,0,0,0,37.5,1.5,1514
44,778,12,10,1,85,1,1,0,1,1,43.0,0.8333333333333334,9336
39,624,4,2,1,97,1,0,0,1,0,48.8,0.5,2496
40,678,13,12,1,86,0,0,0,1,1,43.0,0.9230769230769231,8814
45,687,4,2,1,44,0,0,0,0,0,22.0,0.5,2748
40,734,2,6,1,71,0,1,0,0,0,35.7,3.0,1468
31,852,2,3,1,77,0,0,0,0,0,38.5,1.5,1704
44,822,2,5,1,66,0,0,0,0,0,33.0,2.5,1644
39,717,2,3,1,83,0,0,0,1,0,41.5,1.5,1434
27,596,6,9,1,68,0,0,0,0,0,34.0,1.5,3576
45,598,13,11,1,76,0,1,0,0,0,38.2,0.8461538461538461,7774
37,486,12,13,1,85,0,0,0,1,1,42.5,1.0833333333333333,5832
39,791,2,6,1,57,0,0,0,0,0,28.5,3.0,1582
33,700,2,5,1,63,0,0,1,0,0,31.5,2.5,1400
35,887,14,12,1,66,0,0,0,0,0,33.0,0.8571428571428571,12418
40,806,3,3,1,81,1,0,0,0,0,40.8,1.0,2418
23,877,1,6,1,71,1,1,0,0,0,36.0,6.0,877
28,839,8,9,1,77,0,0,1,0,0,38.5,1.125,6712
29,550,3,3,1,61,0,0,1,0,0,30.5,1.0,1650
36,740,13,13,1,87,1,0,0,0,1,43.8,1.0,9620
27,744,8,9,1,71,0,0,0,0,0,35.5,1.125,5952
36,540,13,10,1,73,1,1,0,0,0,37.0,0.7692307692307693,7020
34,588,2,3,0,66,0,1,0,0,0,33.2,1.5,1176
30,802,14,14,1,90,0,0,0,0,1,45.0,1.0,11228
33,694,13,12,0,80,1,0,0,0,0,40.3,0.9230769230769231,9022
25,761,9,12,0,86,1,0,0,1,1,43.3,1.3333333333333333,6849
28,640,2,5,1,78,0,0,0,0,0,39.0,2.5,1280
24,669,3,6,1,75,0,0,1,0,0,37.5,2.0,2007
26,742,9,8,1,73,0,0,0,0,0,36.5,0.8888888888888888,6678
42,618,13,12,1,75,0,0,0,0,0,37.5,0.9230769230769231,8034
37,805,2,6,0,96,1,0,0,1,0,48.3,3.0,1610
25,713,2,3,1,49,0,0,0,0,0,24.5,1.5,1426
35,598,14,14,1,65,0,0,0,0,0,32.5,1.0,8372
36,855,12,12,1,63,0,0,0,0,0,31.5,1.0,10260
30,777,14,13,1,93,0,0,0,1,1,46.5,0.9285714285714286,10878
34,891,12,11,1,65,0,0,0,0,0,32.5,0.9166666666666666,10692
38,723,11,15,1,84,1,0,0,0,0,42.3,1.3636363636363635,7953
33,701,12,12,1,78,1,0,0,0,0,39.3,1.0,8412
34,812,13,14,1,71,0,1,0,0,1,35.7,1.0769230769230769,10556
35,780,3,6,1,74,0,0,0,0,0,37.0,2.0,2340
26,561,2,5,1,80,1,0,0,0,0,40.3,2.5,1122
37,774,2,2,0,91,0,1,0,1,0,45.7,1.0,1548
24,950,4,4,1,83,0,0,1,1,0,41.5,1.0,3800
27,712,1,3,1,60,1,1,0,0,0,30.5,3.0,712
43,580,11,12,1,63,0,1,0,0,0,31.7,1.0909090909090908,6380
25,728,7,8,1,81,0,0,0,0,0,40.5,1.1428571428571428,5096
43,655,12,12,0,57,0,0,1,0,0,28.5,1.0,7860
30,656,11,12,0,70,0,1,1,0,1,35.2,1.0909090909090908,7216
37,813,14,13,1,74,0,0,0,0,0,37.0,0.9285714285714286,11382
29,708,9,7,1,83,0,0,0,0,0,41.5,0.7777777777777778,6372
36,652,11,15,1,76,1,0,0,0,0,38.3,1.3636363636363635,7172
33,774,2,3,0,70,0,0,1,0,0,35.0,1.5,1548
27,742,8,12,1,72,0,1,0,0,0,36.2,1.5,5936
28,767,2,4,0,89,0,0,0,1,0,44.5,2.0,1534
44,704,13,11,0,61,1,0,0,0,0,30.8,0.8461538461538461,9152
36,611,4,4,1,76,0,0,0,0,0,38.0,1.0,2444
32,871,13,11,1,75,0,0,0,0,0,37.5,0.8461538461538461,11323
40,926,2,5,1,75,0,0,0,0,0,37.5,2.5,1852
41,848,12,11,1,82,0,0,0,0,0,41.0,0.9166666666666666,10176
32,597,4,2,1,86,0,0,0,0,0,43.0,0.5,2388
36,874,14,10,1,85,0,0,0,0,0,42.5,0.7142857142857143,12236
33,729,12,10,1,78,0,1,0,0,0,39.2,0.8333333333333334,8748
35,882,14,10,1,75,1,0,0,0,0,37.8,0.7142857142857143,12348
35,682,4,5,1,88,1,0,0,0,0,44.3,1.25,2728
25,813,2,4,1,64,0,0,0,0,0,32.0,2.0,1626
24,735,3,2,1,98,0,0,0,1,0,49.0,0.6666666666666666,2205
41,644,4,6,1,68,0,1,0,0,0,34.2,1.5,2576
32,833,4,6,1,72,1,0,1,0,0,36.3,1.5,3332
25,790,6,11,1,61,1,1,0,0,0,31.0,1.8333333333333333,4740
44,540,14,14,0,61,0,0,1,0,0,30.5,1.0,7560
34,636,12,11,1,83,0,0,0,0,0,41.5,0.9166666666666666,7632
39,675,12,13,1,78,0,0,0,0,0,39.0,1.0833333333333333,8100
28,768,9,10,1,59,0,0,0,0,0,29.5,1.1111111111111112,6912
45,693,11,10,0,82,1,0,0,1,0,41.3,0.9090909090909091,7623
24,700,1,5,1,70,0,1,1,0,0,35.2,5.0,700
25,760,10,10,1,75,0,0,0,0,0,37.5,1.0,7600
43,650,3,3,1,85,1,0,0,0,0,42.8,1.0,1950
31,785,4,2,1,70,0,1,0,0,0,35.2,0.5,3140
43,830,11,13,1,58,1,0,0,0,0,29.3,1.1818181818181819,9130
22,733,3,6,0,79,0,0,0,0,0,39.5,2.0,2199
23,611,1,5,1,72,0,0,1,0,0,36.0,5.0,611
42,791,4,3,1,71,0,1,0,0,0,35.7,0.75,3164
27,789,7,10,1,83,1,0,0,0,0,41.8,1.4285714285714286,5523
44,612,4,3,0,78,0,0,0,0,0,39.0,0.75,2448
31,641,2,3,0,66,1,0,1,0,0,33.3,1.5,1282
41,763,12,11,0,74,0,0,0,0,0,37.0,0.9166666666666666,9156
33,459,3,5,1,69,0,0,0,0,0,34.5,1.6666666666666667,1377
27,805,3,4,1,78,0,0,1,0,0,39.0,1.3333333333333333,2415
33,738,3,5,1,53,0,0,0,0,0,26.5,1.6666666666666667,2214
32,719,3,2,1,79,1,1,0,0,0,40.0,0.6666666666666666,2157
45,612,13,15,1,59,0,0,0,0,0,29.5,1.1538461538461537,7956
39,668,14,15,1,85,0,0,0,1,1,42.5,1.0714285714285714,9352
43,608,14,15,1,75,0,0,1,0,0,37.5,1.0714285714285714,8512
28,641,10,14,1,82,0,1,0,1,1,41.2,1.4,6410
36,580,4,5,1,59,1,0,1,0,0,29.8,1.25,2320
40,661,11,12,0,71,0,0,0,0,0,35.5,1.0909090909090908,7271
30,711,3,2,1,89,0,1,0,0,0,44.7,0.6666666666666666,2133
30,785,4,3,0,82,0,0,1,1,0,41.0,0.75,3140
24,617,1,6,1,70,0,0,1,0,0,35.0,6.0,617
26,604,10,14,1,73,1,0,0,0,0,36.8,1.4,6040
26,674,9,10,1,56,0,0,0,0,0,28.0,1.1111111111111112,6066
38,805,13,11,1,75,1,0,0,0,0,37.8,0.8461538461538461,10465
32,501,3,2,1,52,1,0,0,0,0,26.3,0.6666666666666666,1503
24,640,3,5,1,68,0,0,0,0,0,34.0,1.6666666666666667,1920
34,684,2,4,1,75,0,0,0,0,0,37.5,2.0,1368
31,737,2,5,1,69,1,0,0,0,0,34.8,2.5,1474
44,535,13,11,1,80,0,0,1,0,0,40.0,0.8461538461538461,6955
25,726,6,10,0,80,0,1,1,0,0,40.2,1.6666666666666667,4356
28,831,6,10,1,76,0,0,0,0,0,38.0,1.6666666666666667,4986
27,692,2,3,1,98,0,0,0,1,0,49.0,1.5,1384
24,472,2,2,0,85,0,0,0,1,0,42.5,1.0,944
37,551,13,15,1,81,0,0,1,0,0,40.5,1.1538461538461537,7163
26,537,3,4,1,74,1,0,1,0,0,37.3,1.3333333333333333,1611
33,810,14,12,1,70,0,1,0,0,1,35.2,0.8571428571428571,11340
30,782,3,3,1,58,0,0,0,0,0,29.0,1.0,2346
45,753,14,14,0,79,0,0,0,0,0,39.5,1.0,10542
43,749,14,12,1,74,0,0,1,0,0,37.0,0.8571428571428571,10486
24,598,1,6,1,99,0,1,0,1,0,49.7,6.0,598
27,583,1,2,1,48,1,0,0,0,0,24.3,2.0,583
28,581,3,2,1,87,0,0,0,1,0,43.5,0.6666666666666666,1743
26,760,1,4,1,76,1,1,0,0,0,38.5,4.0,760
38,865,12,10,1,70,0,0,0,0,0,35.0,0.8333333333333334,10380
29,950,9,12,1,70,0,0,0,0,0,35.0,1.3333333333333333,8550
25,726,10,14,1,73,1,0,1,0,1,36.8,1.4,7260
27,724,2,3,1,66,0,0,1,0,0,33.0,1.5,1448
34,697,3,5,0,78,0,0,0,0,0,39.0,1.6666666666666667,2091
43,835,4,3,1,89,1,0,0,1,0,44.8,0.75,3340
44,744,3,5,1,51,0,0,0,0,0,25.5,1.6666666666666667,2232
31,700,2,4,1,81,0,0,0,1,0,40.5,2.0,1400
45,672,3,3,1,71,1,0,0,0,0,35.8,1.0,2016
35,710,2,5,0,56,0,0,0,0,0,28.0,2.5,1420
22,653,2,3,1,72,0,0,0,0,0,36.0,1.5,1306
27,768,9,9,1,76,0,0,0,0,0,38.0,1.0,6912
29,785,2,5,1,80,0,0,0,0,0,40.0,2.5,1570
31,509,12,14,1,100,0,0,0,0,1,50.0,1.1666666666666667,6108
36,610,4,3,1,80,1,0,0,0,0,40.3,0.75,2440
41,753,11,10,1,71,0,0,0,0,0,35.5,0.9090909090909091,8283
37,932,3,5,1,79,0,1,1,0,0,39.7,1.6666666666666667,2796
36,620,13,14,1,82,0,0,0,0,0,41.0,1.0769230769230769,8060
27,768,3,6,1,55,0,0,0,0,0,27.5,2.0,2304
45,741,13,11,1,92,0,0,1,1,1,46.0,0.8461538461538461,9633
38,715,4,4,0,47,0,0,0,0,0,23.5,1.0,2860
35,648,3,4,1,86,0,1,0,0,0,43.2,1.3333333333333333,1944
41,845,14,10,1,63,0,0,0,0,0,31.5,0.7142857142857143,11830
24,709,2,2,0,68,0,0,0,0,0,34.0,1.0,1418
25,675,8,10,1,49,0,0,0,0,0,24.5,1.25,5400
27,706,2,4,1,94,1,0,1,0,0,47.3,2.0,1412
22,739,3,5,1,69,0,0,0,0,0,34.5,1.6666666666666667,2217
40,845,13,15,0,75,0,0,0,0,0,37.5,1.1538461538461537,10985
36,499,13,13,1,79,0,0,0,0,0,39.5,1.0,6487
33,409,13,12,1,92,0,0,0,0,0,46.0,0.9230769230769231,5317
41,542,4,5,1,70,0,1,0,0,0,35.2,1.25,2168
31,736,14,14,1,74,0,1,1,0,1,37.2,1.0,10304
22,833,3,3,0,71,0,0,0,0,0,35.5,1.0,2499
35,589,4,5,0,68,0,0,0,0,0,34.0,1.25,2356
26,751,1,5,1,74,0,1,0,0,0,37.2,5.0,751
43,746,11,10,1,70,0,1,0,0,0,35.2,0.9090909090909091,8206
41,716,12,14,1,77,0,0,0,0,0,38.5,1.1666666666666667,8592
32,512,4,2,1,68,0,0,0,0,0,34.0,0.5,2048
28,817,2,2,1,93,0,0,0,0,0,46.5,1.0,1634
35,805,3,3,1,77,0,0,0,0,0,38.5,1.0,2415
41,732,2,6,1,67,1,0,0,0,0,33.8,3.0,1464
39,431,4,6,0,59,0,0,1,0,0,29.5,1.5,1724
34,652,14,15,1,83,0,0,1,0,0,41.5,1.0714285714285714,9128
37,726,3,2,1,73,0,0,0,0,0,36.5,0.6666666666666666,2178
22,765,2,6,1,93,0,0,0,0,0,46.5,3.0,1530
36,738,11,14,0,67,0,1,1,0,0,33.7,1.2727272727272727,8118
35,808,11,13,1,75,1,1,1,0,1,38.0,1.1818181818181819,8888
24,660,3,6,1,75,0,0,0,0,0,37.5,2.0,1980
32,701,12,14,1,75,0,0,0,0,0,37.5,1.1666666666666667,8412
32,672,13,13,1,92,0,0,0,0,1,46.0,1.0,8736
31,642,14,14,1,72,0,0,1,0,0,36.0,1.0,8988
25,873,8,12,1,78,0,0,0,0,0,39.0,1.5,6984
38,608,3,4,1,85,1,1,0,0,0,43.0,1.3333333333333333,1824
35,693,14,11,1,82,0,0,0,1,0,41.0,0.7857142857142857,9702
37,656,12,10,1,88,0,0,0,1,1,44.0,0.8333333333333334,7872
29,745,7,10,0,64,0,0,0,0,0,32.0,1.4285714285714286,5215
41,720,4,6,1,78,0,0,1,0,0,39.0,1.5,2880
34,581,11,13,1,64,0,0,0,0,0,32.0,1.1818181818181819,6391
22,792,1,6,1,62,0,0,0,0,0,31.0,6.0,792
43,614,4,4,1,73,1,0,0,0,0,36.8,1.0,2456
34,736,4,2,1,75,0,0,1,0,0,37.5,0.5,2944
24,638,2,4,1,82,1,0,0,1,0,41.3,2.0,1276
34,659,11,13,0,83,0,0,0,0,0,41.5,1.1818181818181819,7249
45,809,11,14,0,68,1,1,1,0,1,34.5,1.2727272727272727,8899
29,712,1,3,1,67,0,0,0,0,0,33.5,3.0,712
38,579,2,3,1,78,0,0,0,0,0,39.0,1.5,1158
34,788,2,4,1,59,0,0,0,0,0,29.5,2.0,1576
37,582,11,11,1,92,0,0,1,1,1,46.0,1.0,6402
32,768,11,10,1,62,0,0,0,0,0,31.0,0.9090909090909091,8448
33,743,14,14,1,55,0,0,1,0,0,27.5,1.0,10402
27,573,10,10,1,71,1,0,0,0,0,35.8,1.0,5730
31,647,4,2,1,74,1,0,0,0,0,37.3,0.5,2588
24,755,2,6,1,77,1,0,0,0,0,38.8,3.0,1510
33,729,12,14,1,77,0,1,0,0,0,38.7,1.1666666666666667,8748
42,604,14,14,1,54,1,0,0,0,0,27.3,1.0,8456
24,824,4,6,1,69,0,0,0,0,0,34.5,1.5,3296
44,771,13,15,1,69,0,0,0,0,0,34.5,1.1538461538461537,10023
32,609,11,15,0,73,0,0,1,0,0,36.5,1.3636363636363635,6699
29,785,7,7,1,80,0,0,0,0,0,40.0,1.0,5495
37,769,2,4,1,72,1,0,0,0,0,36.3,2.0,1538
41,542,13,10,1,76,0,0,0,0,0,38.0,0.7692307692307693,7046
28,830,3,4,1,75,0,0,0,0,0,37.5,1.3333333333333333,2490
24,754,5,6,0,88,0,0,0,0,0,44.0,1.2,3770
29,640,6,9,1,66,0,0,1,0,0,33.0,1.5,3840
43,831,11,11,1,79,0,0,0,0,0,39.5,1.0,9141
25,686,3,4,1,71,0,0,0,0,0,35.5,1.3333333333333333,2058
42,731,13,15,1,79,0,0,0,0,0,39.5,1.1538461538461537,9503
41,674,4,6,1,62,0,0,0,0,0,31.0,1.5,2696
33,714,4,6,0,77,0,0,0,0,0,38.5,1.5,2856
44,776,11,15,1,63,0,0,1,0,0,31.5,1.3636363636363635,8536
38,741,11,11,1,67,0,0,1,0,0,33.5,1.0,8151
32,799,12,13,1,78,0,0,0,0,0,39.0,1.0833333333333333,9588
32,722,11,15,1,80,0,1,1,0,1,40.2,1.3636363636363635,7942
24,599,3,4,1,78,1,0,0,0,0,39.3,1.3333333333333333,1797
25,534,3,2,1,72,1,1,0,0,0,36.5,0.6666666666666666,1602
39,837,3,4,1,74,0,1,0,0,0,37.2,1.3333333333333333,2511
23,780,1,6,1,73,0,0,0,0,0,36.5,6.0,780
28,709,2,3,0,72,0,0,0,0,0,36.0,1.5,1418
42,731,2,4,1,72,0,0,0,0,0,36.0,2.0,1462
26,674,2,3,1,68,0,0,0,0,0,34.0,1.5,1348
42,852,4,3,1,100,0,0,0,0,0,50.0,0.75,3408
25,624,7,7,1,80,1,0,1,0,0,40.3,1.0,4368
37,659,4,3,1,71,1,0,0,0,0,35.8,0.75,2636
33,737,3,5,0,74,0,0,0,0,0,37.0,1.6666666666666667,2211
40,714,2,3,1,74,0,0,0,0,0,37.0,1.5,1428
41,606,11,10,1,74,0,0,0,0,0,37.0,0.9090909090909091,6666
44,893,12,13,1,73,0,0,0,0,0,36.5,1.0833333333333333,10716
33,470,2,4,1,73,1,0,0,0,0,36.8,2.0,940
23,644,5,4,0,75,0,0,0,0,0,37.5,0.8,3220
38,588,3,3,0,72,1,0,0,0,0,36.3,1.0,1764
43,741,12,15,1,89,0,0,0,0,1,44.5,1.25,8892
23,594,3,4,1,89,0,0,0,1,0,44.5,1.3333333333333333,1782
41,641,2,5,1,70,0,0,1,0,0,35.0,2.5,1282
31,754,2,3,1,65,0,0,0,0,0,32.5,1.5,1508
35,598,2,3,1,84,0,1,1,0,0,42.2,1.5,1196
38,637,12,15,0,89,0,0,0,1,1,44.5,1.25,7644
25,556,7,8,1,67,0,0,0,0,0,33.5,1.1428571428571428,3892
35,904,3,3,1,75,0,0,1,0,0,37.5,1.0,2712
33,864,2,3,1,77,0,0,0,0,0,38.5,1.5,1728
44,852,2,3,1,72,0,0,0,0,0,36.0,1.5,1704
43,629,4,3,1,68,0,0,0,0,0,34.0,0.75,2516
28,747,6,11,1,51,1,0,1,0,0,25.8,1.8333333333333333,4482
34,694,2,2,1,81,0,0,0,0,0,40.5,1.0,1388
31,723,14,13,1,67,0,0,0,0,0,33.5,0.9285714285714286,10122
22,564,3,3,0,69,1,0,0,0,0,34.8,1.0,1692
28,760,2,6,0,72,1,1,0,0,0,36.5,3.0,1520
37,684,2,4,0,81,0,0,1,1,0,40.5,2.0,1368
41,570,14,11,1,61,1,0,1,0,0,30.8,0.7857142857142857,7980
26,638,1,3,1,65,1,0,0,0,0,32.8,3.0,638
40,725,4,4,0,78,0,1,0,0,0,39.2,1.0,2900
26,849,9,10,1,63,0,0,0,0,0,31.5,1.1111111111111112,7641
40,838,12,10,1,57,0,1,0,0,0,28.7,0.8333333333333334,10056
38,603,4,4,1,83,1,0,1,0,0,41.8,1.0,2412
43,675,11,13,0,77,0,0,0,0,0,38.5,1.1818181818181819,7425
29,730,7,9,1,75,0,0,0,0,0,37.5,1.2857142857142858,5110
30,641,13,11,1,79,0,0,0,0,0,39.5,0.8461538461538461,8333
38,699,2,5,1,74,0,1,0,0,0,37.2,2.5,1398
41,485,14,15,1,84,1,0,1,0,0,42.3,1.0714285714285714,6790
33,798,3,5,1,67,0,0,0,0,0,33.5,1.6666666666666667,2394
28,796,10,11,1,61,0,1,0,0,0,30.7,1.1,7960
40,579,14,14,1,68,0,0,0,0,0,34.0,1.0,8106
30,785,2,6,1,78,0,0,0,0,0,39.0,3.0,1570
35,755,2,6,0,69,0,0,0,0,0,34.5,3.0,1510
31,800,12,13,1,80,0,0,0,0,0,40.0,1.0833333333333333,9600
23,510,5,5,1,83,0,0,0,1,0,41.5,1.0,2550
38,617,11,15,1,66,0,0,0,0,0,33.0,1.3636363636363635,6787
45,705,13,12,0,73,1,0,0,0,0,36.8,0.9230769230769231,9165
26,713,3,5,1,71,0,1,1,0,0,35.7,1.6666666666666667,2139
34,600,3,6,0,76,0,0,0,0,0,38.0,2.0,1800
25,798,3,3,1,81,0,0,0,1,0,40.5,1.0,2394
24,720,5,6,1,59,0,0,0,0,0,29.5,1.2,3600
32,747,3,4,0,85,1,1,1,1,0,43.0,1.3333333333333333,2241
38,614,13,12,1,88,0,0,0,0,1,44.0,0.9230769230769231,7982
43,595,4,2,1,66,1,1,1,0,0,33.5,0.5,2380
41,710,2,2,1,55,0,0,0,0,0,27.5,1.0,1420
43,701,13,14,1,71,0,0,0,0,0,35.5,1.0769230769230769,9113
44,772,14,11,1,77,0,0,0,0,0,38.5,0.7857142857142857,10808
40,621,2,6,1,70,0,0,0,0,0,35.0,3.0,1242
34,747,4,3,0,99,1,1,0,0,0,50.0,0.75,2988
35,720,2,6,1,71,0,0,0,0,0,35.5,3.0,1440
22,753,3,5,0,49,0,0,0,0,0,24.5,1.6666666666666667,2259
33,665,3,4,1,82,0,0,0,1,0,41.0,1.3333333333333333,1995
33,714,13,14,1,87,0,0,0,0,1,43.5,1.0769230769230769,9282
36,618,2,3,0,70,1,0,1,0,0,35.3,1.5,1236
25,654,3,5,0,80,0,0,0,0,0,40.0,1.6666666666666667,1962
42,699,12,11,1,70,0,0,1,0,0,35.0,0.9166666666666666,8388
39,646,2,3,1,77,0,1,0,0,0,38.7,1.5,1292
36,671,2,4,1,60,0,0,1,0,0,30.0,2.0,1342
25,701,2,2,1,80,0,0,0,0,0,40.0,1.0,1402
24,811,5,5,1,65,0,0,0,0,0,32.5,1.0,4055
38,756,2,6,1,96,0,1,1,1,0,48.2,3.0,1512
44,659,4,4,1,88,0,0,0,1,0,44.0,1.0,2636
33,798,2,5,0,74,1,0,0,0,0,37.3,2.5,1596
28,776,2,6,0,62,1,1,0,0,0,31.5,3.0,1552
45,583,3,6,1,95,0,0,0,0,0,47.5,2.0,1749
44,716,12,10,1,83,0,0,0,0,0,41.5,0.8333333333333334,8592
27,827,10,15,1,78,0,0,0,0,0,39.0,1.5,8270
27,697,10,12,1,96,0,0,0,1,1,48.0,1.2,6970
23,904,2,2,1,63,1,0,1,0,0,31.8,1.0,1808
28,863,6,10,0,67,0,1,0,0,0,33.7,1.6666666666666667,5178
37,750,14,10,1,71,0,0,0,0,0,35.5,0.7142857142857143,10500
37,763,3,6,1,86,1,0,0,0,0,43.3,2.0,2289
24,746,5,4,0,84,0,0,0,0,0,42.0,0.8,3730
45,712,13,12,0,76,0,0,0,0,0,38.0,0.9230769230769231,9256
31,602,2,3,1,69,0,0,0,0,0,34.5,1.5,1204
45,619,3,6,1,86,1,1,0,0,0,43.5,2.0,1857
44,695,14,14,1,75,0,0,1,0,0,37.5,1.0,9730
43,643,14,13,1,51,0,0,0,0,0,25.5,0.9285714285714286,9002
34,698,4,2,1,86,0,0,1,1,0,43.0,0.5,2792
41,542,2,3,1,91,0,0,1,1,0,45.5,1.5,1084
29,725,3,4,1,50,0,0,0,0,0,25.0,1.3333333333333333,2175
33,719,3,3,0,60,0,0,0,0,0,30.0,1.0,2157
30,829,3,2,1,88,0,0,0,1,0,44.0,0.6666666666666666,2487
38,761,3,4,0,72,0,1,0,0,0,36.2,1.3333333333333333,2283
37,701,2,5,1,80,1,0,0,0,0,40.3,2.5,1402
30,696,4,4,1,73,0,0,0,0,0,36.5,1.0,2784
23,569,3,3,1,65,0,0,1,0,0,32.5,1.0,1707
39,763,4,2,1,84,1,0,0,0,0,42.3,0.5,3052
38,655,11,14,0,77,0,0,0,0,0,38.5,1.2727272727272727,7205
33,777,3,6,1,77,0,0,1,0,0,38.5,2.0,2331
36,767,4,6,1,87,0,0,1,1,0,43.5,1.5,3068
29,796,10,11,1,62,1,1,1,0,0,31.5,1.1,7960
29,688,10,10,1,74,1,0,0,0,0,37.3,1.0,6880
40,735,11,11,1,70,0,0,0,0,0,35.0,1.0,8085
45,762,14,13,0,70,1,0,0,0,0,35.3,0.9285714285714286,10668
22,792,2,3,1,84,1,0,0,0,0,42.3,1.5,1584
22,925,5,5,1,66,0,0,0,0,0,33.0,1.0,4625
27,587,9,7,1,62,1,0,0,0,0,31.3,0.7777777777777778,5283
38,779,14,10,0,66,0,0,0,0,0,33.0,0.7142857142857143,10906
42,636,13,13,1,90,0,1,0,1,1,45.2,1.0,8268
23,813,1,6,1,75,1,0,0,0,0,37.8,6.0,813
32,470,14,15,1,74,0,0,1,0,0,37.0,1.0714285714285714,6580
45,803,11,11,1,67,0,1,0,0,0,33.7,1.0,8833
39,699,3,3,1,62,0,0,1,0,0,31.0,1.0,2097
38,568,11,10,1,72,0,0,1,0,0,36.0,0.9090909090909091,6248
33,678,3,3,1,69,0,0,0,0,0,34.5,1.0,2034
30,625,2,6,1,58,0,1,0,0,0,29.2,3.0,1250
38,809,13,14,1,72,0,0,0,0,0,36.0,1.0769230769230769,10517
40,565,14,11,1,74,0,0,0,0,0,37.0,0.7857142857142857,7910
41,729,4,6,1,75,0,0,0,0,0,37.5,1.5,2916
22,630,3,3,1,82,0,0,0,0,0,41.0,1.0,1890
44,816,11,10,1,63,0,1,0,0,0,31.7,0.9090909090909091,8976
34,614,3,3,1,72,0,0,0,0,0,36.0,1.0,1842
39,521,4,6,1,64,1,0,0,0,0,32.3,1.5,2084
40,759,13,10,1,55,0,0,0,0,0,27.5,0.7692307692307693,9867
23,713,3,3,0,68,0,0,0,0,0,34.0,1.0,2139
25,526,1,3,1,79,0,0,1,0,0,39.5,3.0,526
36,737,3,6,1,69,1,0,0,0,0,34.8,2.0,2211
32,654,11,12,1,88,0,0,0,0,1,44.0,1.0909090909090908,7194
41,899,14,13,1,62,0,1,0,0,0,31.2,0.9285714285714286,12586
35,615,2,3,1,67,1,0,0,0,0,33.8,1.5,1230
37,628,3,2,0,61,0,0,0,0,0,30.5,0.6666666666666666,1884
39,641,13,13,1,59,0,0,0,0,0,29.5,1.0,8333
30,760,2,6,1,65,0,0,1,0,0,32.5,3.0,1520
36,614,2,5,0,79,0,0,0,0,0,39.5,2.5,1228
31,694,12,14,1,71,0,0,0,0,0,35.5,1.1666666666666667,8328
32,758,2,2,1,64,0,0,0,0,0,32.0,1.0,1516
25,822,6,12,1,78,0,0,0,0,0,39.0,2.0,4932
30,753,2,5,1,69,0,0,0,0,0,34.5,2.5,1506
45,797,11,15,0,77,0,0,1,0,0,38.5,1.3636363636363635,8767
22,619,3,6,0,83,0,0,0,0,0,41.5,2.0,1857
41,724,14,13,1,63,1,0,0,0,0,31.8,0.9285714285714286,10136
24,517,3,5,1,93,0,0,0,1,0,46.5,1.6666666666666667,1551
31,572,3,3,1,71,0,0,0,0,0,35.5,1.0,1716
39,504,11,13,0,59,1,0,0,0,0,29.8,1.1818181818181819,5544
31,677,3,4,0,73,0,0,0,0,0,36.5,1.3333333333333333,2031
31,845,12,13,1,75,0,1,0,0,1,37.7,1.0833333333333333,10140
33,738,14,10,1,75,1,1,0,0,0,38.0,0.7142857142857143,10332
39,727,11,13,1,93,0,0,0,0,1,46.5,1.1818181818181819,7997
36,803,2,6,1,67,0,0,1,0,0,33.5,3.0,1606
34,598,11,10,0,80,0,0,0,0,0,40.0,0.9090909090909091,6578
33,695,2,4,1,80,0,0,0,0,0,40.0,2.0,1390
38,577,14,13,1,79,0,1,0,0,0,39.7,0.9285714285714286,8078
41,572,3,6,0,73,0,0,1,0,0,36.5,2.0,1716
34,585,3,2,0,74,1,0,0,0,0,37.3,0.6666666666666666,1755
42,558,3,3,1,82,0,0,0,0,0,41.0,1.0,1674
27,576,9,9,0,64,0,0,0,0,0,32.0,1.0,5184
35,645,14,11,1,62,0,0,0,0,0,31.0,0.7857142857142857,9030
40,782,13,15,0,89,0,0,0,0,1,44.5,1.1538461538461537,10166
38,673,14,14,1,61,0,0,0,0,0,30.5,1.0,9422
32,781,4,6,1,91,0,1,0,1,0,45.7,1.5,3124
24,729,2,5,1,83,1,0,0,0,0,41.8,2.5,1458
39,649,2,3,1,78,0,0,0,0,0,39.0,1.5,1298
31,752,3,4,1,73,0,0,0,0,0,36.5,1.3333333333333333,2256
27,674,2,3,1,83,0,0,1,1,0,41.5,1.5,1348
36,794,4,5,1,74,0,1,1,0,0,37.2,1.25,3176
44,733,11,10,1,89,0,0,0,1,1,44.5,0.9090909090909091,8063
39,848,12,13,1,69,0,0,1,0,0,34.5,1.0833333333333333,10176
44,628,11,10,1,78,0,0,0,0,0,39.0,0.9090909090909091,6908
31,785,3,4,1,72,0,0,0,0,0,36.0,1.3333333333333333,2355
22,720,3,3,1,80,0,0,0,0,0,40.0,1.0,2160
39,602,12,14,1,68,0,0,0,0,0,34.0,1.1666666666666667,7224
35,728,4,6,1,78,0,0,0,0,0,39.0,1.5,2912
40,659,2,2,1,76,0,0,1,0,0,38.0,1.0,1318
40,863,13,15,0,65,0,0,0,0,0,32.5,1.1538461538461537,11219
34,643,14,11,1,77,0,0,1,0,0,38.5,0.7857142857142857,9002
37,688,4,6,1,78,0,0,0,0,0,39.0,1.5,2752
43,779,2,6,1,82,1,0,0,1,0,41.3,3.0,1558
22,763,3,6,1,76,0,0,0,0,0,38.0,2.0,2289
30,864,13,15,0,71,0,0,1,0,1,35.5,1.1538461538461537,11232
41,669,11,13,1,64,0,1,0,0,0,32.2,1.1818181818181819,7359
33,684,2,6,0,81,0,1,0,1,0,40.7,3.0,1368
43,710,4,6,1,78,0,1,0,0,0,39.2,1.5,2840
32,721,14,13,1,74,0,0,0,0,0,37.0,0.9285714285714286,10094
30,799,2,3,1,88,0,0,0,0,0,44.0,1.5,1598
25,615,10,10,0,81,0,0,1,0,0,40.5,1.0,6150
25,803,3,4,0,66,0,0,1,0,0,33.0,1.3333333333333333,2409
43,715,12,10,1,77,0,1,1,0,0,38.7,0.8333333333333334,8580
38,950,4,5,1,77,0,0,0,0,0,38.5,1.25,3800
25,911,7,8,1,88,0,0,1,1,1,44.0,1.1428571428571428,6377
41,641,3,5,1,70,0,0,1,0,0,35.0,1.6666666666666667,1923
30,607,4,3,1,70,0,0,0,0,0,35.0,0.75,2428
24,573,1,4,1,57,0,1,0,0,0,28.7,4.0,573
34,713,4,5,0,71,0,0,0,0,0,35.5,1.25,2852
25,715,2,2,1,80,1,0,0,0,0,40.3,1.0,1430
33,653,4,6,1,69,0,0,0,0,0,34.5,1.5,2612
27,567,8,9,0,69,0,0,0,0,0,34.5,1.125,4536
44,677,13,10,1,73,1,0,0,0,0,36.8,0.7692307692307693,8801
35,806,4,2,1,72,1,1,0,0,0,36.5,0.5,3224
26,669,10,15,1,94,0,0,0,1,1,47.0,1.5,6690
44,859,2,2,1,84,0,0,1,1,0,42.0,1.0,1718
32,655,12,10,1,82,0,0,0,1,0,41.0,0.8333333333333334,7860
37,754,11,13,1,65,0,0,1,0,0,32.5,1.1818181818181819,8294
44,489,4,4,1,81,0,1,1,0,0,40.7,1.0,1956
35,862,12,12,1,60,1,0,0,0,0,30.3,1.0,10344
30,754,2,3,0,65,0,0,0,0,0,32.5,1.5,1508
24,689,2,2,0,80,0,0,0,0,0,40.0,1.0,1378
45,813,4,3,1,69,0,0,1,0,0,34.5,0.75,3252
23,711,2,6,1,71,1,0,0,0,0,35.8,3.0,1422
24,661,5,2,1,71,0,1,1,0,0,35.7,0.4,3305
44,604,12,12,1,77,0,0,1,0,0,38.5,1.0,7248
41,520,14,10,1,63,0,0,0,0,0,31.5,0.7142857142857143,7280
43,528,11,15,1,58,0,0,0,0,0,29.0,1.3636363636363635,5808
28,729,1,5,1,73,0,0,0,0,0,36.5,5.0,729
34,624,2,3,0,80,1,1,0,0,0,40.5,1.5,1248
44,757,13,13,1,87,0,0,0,0,1,43.5,1.0,9841
30,516,12,13,0,69,0,0,0,0,0,34.5,1.0833333333333333,6192
44,672,13,15,1,74,0,0,0,0,0,37.0,1.1538461538461537,8736
31,864,3,4,1,76,0,0,0,0,0,38.0,1.3333333333333333,2592
27,824,9,12,1,58,0,0,0,0,0,29.0,1.3333333333333333,7416
36,581,3,3,0,64,0,1,0,0,0,32.2,1.0,1743
25,792,1,2,0,70,0,0,0,0,0,35.0,2.0,792
26,652,2,4,0,73,0,0,0,0,0,36.5,2.0,1304
23,652,3,5,0,83,0,0,0,0,0,41.5,1.6666666666666667,1956
34,497,12,11,1,76,0,0,0,0,0,38.0,0.9166666666666666,5964
32,719,14,10,1,71,1,0,0,0,0,35.8,0.7142857142857143,10066
43,579,2,3,1,79,1,1,0,0,0,40.0,1.5,1158
41,714,2,4,1,86,0,1,1,0,0,43.2,2.0,1428
43,843,2,6,1,80,0,1,0,0,0,40.2,3.0,1686
45,649,3,4,1,100,0,0,0,1,0,50.0,1.3333333333333333,1947
23,871,5,4,1,75,0,0,0,0,0,37.5,0.8,4355
43,549,3,3,1,68,0,0,0,0,0,34.0,1.0,1647
35,839,13,13,1,63,0,0,0,0,0,31.5,1.0,10907
22,631,4,3,1,62,0,0,1,0,0,31.0,0.75,2524
33,809,2,6,0,69,0,0,1,0,0,34.5,3.0,1618
35,713,13,15,1,90,0,0,0,1,1,45.0,1.1538461538461537,9269
44,920,4,4,0,65,0,0,0,0,0,32.5,1.0,3680
26,763,9,9,0,65,0,0,0,0,0,32.5,1.0,6867
34,777,11,10,0,57,1,0,1,0,0,28.8,0.9090909090909091,8547
41,767,3,4,0,85,0,1,0,1,0,42.7,1.3333333333333333,2301
42,654,12,14,1,54,1,0,0,0,0,27.3,1.1666666666666667,7848
23,520,5,2,0,83,0,0,0,0,0,41.5,0.4,2600
33,809,2,2,1,70,0,0,0,0,0,35.0,1.0,1618
23,665,3,6,1,58,0,0,1,0,0,29.0,2.0,1995
36,800,14,13,1,56,0,0,0,0,0,28.0,0.9285714285714286,11200
32,770,2,2,1,67,1,0,0,0,0,33.8,1.0,1540
26,800,2,6,1,82,0,0,0,0,0,41.0,3.0,1600
37,570,12,12,1,53,0,0,1,0,0,26.5,1.0,6840
42,628,4,4,1,71,1,0,0,0,0,35.8,1.0,2512
41,883,2,4,1,75,0,1,0,0,0,37.7,2.0,1766
38,787,3,2,1,73,0,0,0,0,0,36.5,0.6666666666666666,2361
24,759,1,6,1,67,0,0,1,0,0,33.5,6.0,759
33,875,3,6,0,78,0,0,0,0,0,39.0,2.0,2625
42,430,11,15,1,75,1,0,0,0,0,37.8,1.3636363636363635,4730
44,799,2,6,1,87,0,0,1,1,0,43.5,3.0,1598
32,846,13,11,1,54,0,1,1,0,0,27.2,0.8461538461538461,10998
38,840,2,4,1,55,0,1,1,0,0,27.7,2.0,1680
44,716,2,3,1,68,0,0,1,0,0,34.0,1.5,1432
44,683,13,11,1,94,1,0,0,1,1,47.3,0.8461538461538461,8879
29,650,3,2,1,93,0,0,1,1,0,46.5,0.6666666666666666,1950
22,642,5,5,0,73,0,1,1,0,0,36.7,1.0,3210
24,588,3,2,1,92,0,0,0,0,0,46.0,0.6666666666666666,1764
30,853,2,6,0,75,0,0,0,0,0,37.5,3.0,1706
22,550,3,2,1,66,0,0,0,0,0,33.0,0.6666666666666666,1650
29,712,3,5,1,89,0,0,0,1,0,44.5,1.6666666666666667,2136
43,793,12,12,1,73,0,1,1,0,1,36.7,1.0,9516
30,474,2,3,1,85,0,1,1,0,0,42.7,1.5,948
23,619,3,3,1,83,0,0,0,0,0,41.5,1.0,1857
40,554,4,2,1,71,0,0,0,0,0,35.5,0.5,2216
33,799,12,15,1,58,0,0,0,0,0,29.0,1.25,9588
22,844,2,3,1,87,1,0,0,1,0,43.8,1.5,1688
25,678,2,5,1,84,0,0,0,0,0,42.0,2.5,1356
29,589,3,6,1,83,0,0,0,0,0,41.5,2.0,1767
28,814,10,15,1,75,1,0,0,0,1,37.8,1.5,8140
42,603,3,4,1,81,0,1,0,1,0,40.7,1.3333333333333333,1809
45,529,2,3,1,83,0,0,0,1,0,41.5,1.5,1058
38,905,12,11,0,73,1,0,0,0,0,36.8,0.9166666666666666,10860
23,673,2,4,1,72,0,0,0,0,0,36.0,2.0,1346
38,547,12,13,1,71,1,0,0,0,0,35.8,1.0833333333333333,6564
33,785,13,13,1,63,0,0,1,0,0,31.5,1.0,10205
38,660,11,12,1,61,0,0,0,0,0,30.5,1.0909090909090908,7260
40,703,12,15,0,82,0,1,0,1,1,41.2,1.25,8436
25,759,3,5,0,65,0,1,0,0,0,32.7,1.6666666666666667,2277
40,700,3,2,1,68,0,0,1,0,0,34.0,0.6666666666666666,2100
44,725,12,15,1,73,0,0,0,0,0,36.5,1.25,8700
25,478,10,10,1,77,0,1,0,0,0,38.7,1.0,4780
31,805,13,14,1,74,0,0,0,0,0,37.0,1.0769230769230769,10465
30,649,4,4,1,79,0,1,0,0,0,39.7,1.0,2596
35,732,14,15,1,71,1,0,0,0,0,35.8,1.0714285714285714,10248
33,902,13,10,1,84,0,1,0,1,1,42.2,0.7692307692307693,11726
39,698,4,4,1,69,0,0,0,0,0,34.5,1.0,2792
40,648,14,15,1,65,0,0,0,0,0,32.5,1.0714285714285714,9072
40,760,2,2,0,68,1,1,0,0,0,34.5,1.0,1520
36,572,4,2,1,65,0,0,0,0,0,32.5,0.5,2288
42,762,3,3,0,78,0,1,0,0,0,39.2,1.0,2286
22,608,2,6,1,92,0,0,0,1,0,46.0,3.0,1216
23,760,1,5,0,62,0,0,0,0,0,31.0,5.0,760
38,657,12,14,1,77,0,0,0,0,0,38.5,1.1666666666666667,7884
33,515,2,3,1,61,0,1,0,0,0,30.7,1.5,1030
29,772,2,4,1,64,0,0,1,0,0,32.0,2.0,1544
36,718,3,4,0,65,0,0,0,0,0,32.5,1.3333333333333333,2154
44,670,4,4,1,98,0,0,0,0,0,49.0,1.0,2680
31,761,3,5,1,61,0,0,0,0,0,30.5,1.6666666666666667,2283
25,617,1,5,1,83,0,0,0,1,0,41.5,5.0,617
36,659,12,14,1,73,0,0,0,0,0,36.5,1.1666666666666667,7908
27,676,10,10,1,85,0,0,0,0,0,42.5,1.0,6760
34,781,4,5,1,82,0,0,0,1,0,41.0,1.25,3124
42,640,2,6,0,71,0,0,0,0,0,35.5,3.0,1280
39,712,3,6,1,72,0,1,0,0,0,36.2,2.0,2136
27,613,9,10,1,61,1,1,0,0,0,31.0,1.1111111111111112,5517
29,733,3,5,1,86,1,0,0,1,0,43.3,1.6666666666666667,2199
44,718,11,12,1,96,1,1,0,1,1,48.5,1.0909090909090908,7898
25,576,8,10,1,57,1,0,0,0,0,28.8,1.25,4608
36,790,3,2,1,72,0,0,0,0,0,36.0,0.6666666666666666,2370
44,659,13,13,1,80,1,0,0,0,0,40.3,1.0,8567
25,846,9,8,1,82,0,0,1,1,0,41.0,0.8888888888888888,7614
33,850,2,4,1,66,0,0,0,0,0,33.0,2.0,1700
25,706,7,10,1,86,1,0,0,1,0,43.3,1.4285714285714286,4942
37,656,14,14,1,73,0,0,1,0,0,36.5,1.0,9184
32,944,2,4,1,83,0,0,0,1,0,41.5,2.0,1888
43,751,13,12,0,66,0,0,0,0,0,33.0,0.9230769230769231,9763
37,726,13,12,1,57,1,0,0,0,0,28.8,0.9230769230769231,9438
39,772,3,2,1,74,0,1,0,0,0,37.2,0.6666666666666666,2316
43,681,4,6,1,72,1,0,0,0,0,36.3,1.5,2724
33,646,14,14,1,79,0,0,1,0,0,39.5,1.0,9044
32,669,2,5,0,82,0,0,0,0,0,41.0,2.5,1338
32,718,4,3,1,80,0,0,1,0,0,40.0,0.75,2872
34,635,11,11,1,74,0,0,0,0,0,37.0,1.0,6985
44,686,2,4,1,62,0,0,1,0,0,31.0,2.0,1372
36,591,11,10,0,82,0,1,0,0,0,41.2,0.9090909090909091,6501
44,665,12,10,1,79,0,0,0,0,0,39.5,0.8333333333333334,7980
33,670,13,10,1,78,0,0,0,0,0,39.0,0.7692307692307693,8710
42,756,2,5,1,73,0,0,0,0,0,36.5,2.5,1512
26,658,2,2,1,74,0,0,1,0,0,37.0,1.0,1316
28,679,6,7,1,72,0,0,0,0,0,36.0,1.1666666666666667,4074
28,609,2,3,1,59,0,0,1,0,0,29.5,1.5,1218
38,451,12,15,1,76,0,1,1,0,0,38.2,1.25,5412
37,687,3,2,1,94,1,0,0,1,0,47.3,0.6666666666666666,2061
35,928,12,11,1,83,0,0,0,1,0,41.5,0.9166666666666666,11136
43,935,12,15,0,81,0,0,1,1,1,40.5,1.25,11220
32,791,3,4,0,76,0,1,0,0,0,38.2,1.3333333333333333,2373
22,725,2,6,1,47,0,0,0,0,0,23.5,3.0,1450
43,706,4,2,1,93,1,0,1,1,0,46.8,0.5,2824
37,677,3,6,1,87,1,0,0,1,0,43.8,2.0,2031
45,743,12,12,1,77,0,0,0,0,0,38.5,1.0,8916
41,810,14,13,0,66,0,0,0,0,0,33.0,0.9285714285714286,11340
43,743,2,5,1,77,1,1,0,0,0,39.0,2.5,1486
42,655,14,13,0,63,0,1,1,0,0,31.7,0.9285714285714286,9170
40,541,14,14,1,67,0,0,0,0,0,33.5,1.0,7574
42,882,4,4,1,56,1,1,0,0,0,28.5,1.0,3528
38,716,13,12,1,81,0,1,0,0,0,40.7,0.9230769230769231,9308
30,796,11,13,0,68,1,0,0,0,0,34.3,1.1818181818181819,8756
32,852,11,15,1,67,0,0,1,0,0,33.5,1.3636363636363635,9372
23,888,2,5,1,77,0,0,0,0,0,38.5,2.5,1776
45,677,11,15,0,56,0,0,0,0,0,28.0,1.3636363636363635,7447
31,769,14,12,1,68,0,0,0,0,0,34.0,0.8571428571428571,10766
37,612,3,2,1,74,1,1,1,0,0,37.5,0.6666666666666666,1836
42,735,4,3,1,64,0,0,0,0,0,32.0,0.75,2940
42,647,4,6,1,77,0,0,1,0,0,38.5,1.5,2588
26,606,2,4,1,71,0,0,1,0,0,35.5,2.0,1212
29,761,9,7,1,70,0,0,0,0,0,35.0,0.7777777777777778,6849
26,663,3,3,1,69,0,0,0,0,0,34.5,1.0,1989
33,549,12,12,1,75,0,0,0,0,0,37.5,1.0,6588
38,775,4,3,1,71,1,0,0,0,0,35.8,0.75,3100
29,842,10,10,1,86,1,0,0,1,1,43.3,1.0,8420
32,728,4,6,1,71,0,0,1,0,0,35.5,1.5,2912
40,762,13,12,1,80,1,0,0,0,0,40.3,0.9230769230769231,9906
30,818,13,12,0,68,0,0,0,0,0,34.0,0.9230769230769231,10634
35,697,13,11,0,64,0,0,0,0,0,32.0,0.8461538461538461,9061
36,696,13,13,1,79,0,0,1,0,0,39.5,1.0,9048
35,609,13,13,1,78,0,0,0,0,0,39.0,1.0,7917
25,529,10,11,1,73,1,0,0,0,0,36.8,1.1,5290
34,725,12,15,0,73,0,0,1,0,0,36.5,1.25,8700
43,720,2,4,1,62,1,1,0,0,0,31.5,2.0,1440
41,745,13,13,0,65,0,0,0,0,0,32.5,1.0,9685
43,756,14,12,1,88,0,0,0,0,1,44.0,0.8571428571428571,10584
39,850,4,2,0,71,0,0,0,0,0,35.5,0.5,3400
37,686,12,11,1,78,0,0,0,0,0,39.0,0.9166666666666666,8232
42,585,2,4,1,63,1,0,0,0,0,31.8,2.0,1170
41,612,4,3,1,74,0,0,0,0,0,37.0,0.75,2448
23,798,2,5,1,70,0,0,0,0,0,35.0,2.5,1596
37,649,2,5,1,78,0,0,0,0,0,39.0,2.5,1298
36,709,13,10,1,85,0,0,0,1,1,42.5,0.7692307692307693,9217
35,747,2,2,1,77,0,1,0,0,0,38.7,1.0,1494
42,586,14,15,1,84,0,0,0,1,0,42.0,1.0714285714285714,8204
39,842,2,3,1,77,0,0,0,0,0,38.5,1.5,1684
29,625,2,6,1,75,0,0,0,0,0,37.5,3.0,1250
45,657,14,13,1,79,1,0,0,0,0,39.8,0.9285714285714286,9198
42,666,11,13,0,76,1,0,1,0,1,38.3,1.1818181818181819,7326
28,715,2,6,1,56,0,0,0,0,0,28.0,3.0,1430
29,834,6,9,1,77,0,1,0,0,0,38.7,1.5,5004
40,727,3,3,0,84,0,0,0,0,0,42.0,1.0,2181
34,613,11,11,1,71,0,0,0,0,0,35.5,1.0,6743
26,798,8,12,1,79,0,1,1,0,0,39.7,1.5,6384
30,780,12,11,1,68,0,0,0,0,0,34.0,0.9166666666666666,9360
44,491,11,11,0,68,0,0,1,0,0,34.0,1.0,5401
24,654,5,6,1,86,0,0,0,0,0,43.0,1.2,3270
32,826,4,2,1,77,0,1,0,0,0,38.7,0.5,3304
23,671,1,6,1,83,0,0,1,1,0,41.5,6.0,671
24,717,3,3,1,63,0,1,0,0,0,31.7,1.0,2151
31,709,13,10,1,67,0,0,0,0,0,33.5,0.7692307692307693,9217
45,783,2,2,1,73,0,0,0,0,0,36.5,1.0,1566
26,760,10,14,1,75,0,0,0,0,0,37.5,1.4,7600
32,837,11,15,1,86,0,1,0,1,1,43.2,1.3636363636363635,9207
29,747,3,2,1,82,0,0,1,1,0,41.0,0.6666666666666666,2241
26,793,7,10,1,97,0,0,0,0,0,48.5,1.4285714285714286,5551
40,421,12,13,0,86,0,0,0,1,1,43.0,1.0833333333333333,5052
33,663,3,6,0,76,0,1,0,0,0,38.2,2.0,1989
32,665,2,5,1,65,0,0,0,0,0,32.5,2.5,1330
32,714,14,14,1,74,0,0,0,0,0,37.0,1.0,9996
42,742,3,6,1,76,0,0,0,0,0,38.0,2.0,2226
42,797,13,14,1,67,0,0,0,0,0,33.5,1.0769230769230769,10361
32,413,12,15,1,73,0,0,1,0,0,36.5,1.25,4956
45,660,3,6,0,63,0,0,0,0,0,31.5,2.0,1980
33,683,3,4,1,80,0,0,0,0,0,40.0,1.3333333333333333,2049
25,623,3,6,1,68,0,0,0,0,0,34.0,2.0,1869
42,531,14,10,1,75,0,1,0,0,0,37.7,0.7142857142857143,7434
35,690,13,13,0,65,0,0,0,0,0,32.5,1.0,8970
35,526,12,10,1,68,1,1,1,0,0,34.5,0.8333333333333334,6312
35,550,12,10,1,87,0,0,0,0,0,43.5,0.8333333333333334,6600
34,682,3,2,1,57,0,0,0,0,0,28.5,0.6666666666666666,2046
31,875,13,13,1,79,0,0,0,0,0,39.5,1.0,11375
45,643,4,4,1,69,0,0,0,0,0,34.5,1.0,2572
36,666,13,14,1,75,0,0,0,0,0,37.5,1.0769230769230769,8658
41,604,2,6,1,65,0,0,0,0,0,32.5,3.0,1208
27,630,7,10,1,89,1,0,0,0,0,44.8,1.4285714285714286,4410
24,560,2,4,1,69,0,0,0,0,0,34.5,2.0,1120
31,707,2,2,1,91,0,0,0,0,0,45.5,1.0,1414
30,744,13,13,0,60,0,0,0,0,0,30.0,1.0,9672
41,787,3,6,1,75,0,0,0,0,0,37.5,2.0,2361
42,732,14,10,1,63,0,0,1,0,0,31.5,0.7142857142857143,10248
23,818,5,6,1,83,0,1,0,1,0,41.7,1.2,4090
30,779,4,6,1,85,0,0,0,0,0,42.5,1.5,3116
30,748,11,12,0,88,0,0,0,0,1,44.0,1.0909090909090908,8228
31,826,12,10,1,96,0,0,0,0,1,48.0,0.8333333333333334,9912
24,646,3,4,0,64,0,0,0,0,0,32.0,1.3333333333333333,1938
36,640,14,13,1,68,0,0,1,0,0,34.0,0.9285714285714286,8960
23,842,3,3,1,76,0,0,0,0,0,38.0,1.0,2526
27,630,2,3,1,72,0,0,1,0,0,36.0,1.5,1260
37,663,2,2,1,70,0,0,0,0,0,35.0,1.0,1326
35,731,13,12,1,67,0,0,0,0,0,33.5,0.9230769230769231,9503
24,842,2,2,1,57,0,0,1,0,0,28.5,1.0,1684
25,722,1,5,0,68,0,0,0,0,0,34.0,5.0,722
36,669,4,4,1,89,0,0,0,1,0,44.5,1.0,2676
42,795,3,6,1,84,0,1,0,1,0,42.2,2.0,2385
23,748,3,5,1,79,0,0,1,0,0,39.5,1.6666666666666667,2244
29,793,2,5,1,71,0,0,1,0,0,35.5,2.5,1586
33,908,11,11,0,74,0,0,0,0,0,37.0,1.0,9988
29,585,6,11,1,82,0,1,0,1,0,41.2,1.8333333333333333,3510
23,521,3,5,1,61,0,0,0,0,0,30.5,1.6666666666666667,1563
34,557,13,14,1,79,1,0,0,0,0,39.8,1.0769230769230769,7241
39,787,14,12,1,81,0,1,0,1,1,40.7,0.8571428571428571,11018
36,713,2,6,1,74,0,0,0,0,0,37.0,3.0,1426
26,697,7,8,1,72,1,0,0,0,0,36.3,1.1428571428571428,4879
26,773,3,2,1,94,0,0,0,1,0,47.0,0.6666666666666666,2319
45,675,14,13,1,71,0,0,0,0,0,35.5,0.9285714285714286,9450
39,636,11,15,1,89,0,1,1,1,1,44.7,1.3636363636363635,6996
34,555,13,15,1,67,1,0,1,0,0,33.8,1.1538461538461537,7215
31,731,14,14,0,77,0,0,1,0,0,38.5,1.0,10234
28,696,2,6,1,67,0,1,1,0,0,33.7,3.0,1392
22,822,3,4,1,76,0,0,0,0,0,38.0,1.3333333333333333,2466
33,678,3,5,1,71,0,0,0,0,0,35.5,1.6666666666666667,2034
42,806,4,4,1,78,0,0,1,0,0,39.0,1.0,3224
23,835,3,3,0,89,0,0,0,0,0,44.5,1.0,2505
36,754,2,5,1,65,0,1,0,0,0,32.7,2.5,1508
37,530,13,11,1,80,0,0,0,0,0,40.0,0.8461538461538461,6890
24,746,2,5,1,76,0,0,0,0,0,38.0,2.5,1492
27,712,2,4,1,77,0,1,0,0,0,38.7,2.0,1424
45,665,3,4,1,88,0,0,0,0,0,44.0,1.3333333333333333,1995
45,789,2,3,0,90,0,0,1,1,0,45.0,1.5,1578
36,873,12,10,0,79,0,0,0,0,0,39.5,0.8333333333333334,10476
23,644,1,3,1,59,0,0,0,0,0,29.5,3.0,644
42,714,3,3,1,69,0,0,0,0,0,34.5,1.0,2142
36,844,2,2,1,84,1,0,0,0,0,42.3,1.0,1688
27,747,9,9,1,82,0,0,1,0,0,41.0,1.0,6723
22,837,2,6,1,77,0,0,0,0,0,38.5,3.0,1674
43,690,11,10,1,62,0,0,1,0,0,31.0,0.9090909090909091,7590
40,690,12,10,0,55,1,0,0,0,0,27.8,0.8333333333333334,8280
35,781,14,15,1,72,0,0,0,0,0,36.0,1.0714285714285714,10934
37,849,2,3,0,65,1,0,0,0,0,32.8,1.5,1698
40,810,2,4,1,79,0,0,0,0,0,39.5,2.0,1620
37,752,12,11,1,73,0,0,0,0,0,36.5,0.9166666666666666,9024
40,860,12,11,1,50,0,0,0,0,0,25.0,0.9166666666666666,10320
38,804,3,2,1,76,0,0,0,0,0,38.0,0.6666666666666666,2412
36,768,3,6,0,71,0,0,1,0,0,35.5,2.0,2304
41,735,13,13,1,82,0,0,0,1,1,41.0,1.0,9555
35,782,11,12,1,79,0,0,0,0,0,39.5,1.0909090909090908,8602
44,832,3,3,1,90,1,0,1,0,0,45.3,1.0,2496
37,580,14,12,1,78,1,0,1,0,0,39.3,0.8571428571428571,8120
30,751,13,14,1,67,0,0,0,0,0,33.5,1.0769230769230769,9763
28,749,10,10,1,75,0,0,0,0,0,37.5,1.0,7490
23,902,2,5,1,80,0,0,0,0,0,40.0,2.5,1804
38,822,2,3,1,81,1,0,1,1,0,40.8,1.5,1644
38,733,3,5,1,59,0,0,1,0,0,29.5,1.6666666666666667,2199
24,658,2,2,1,77,0,0,0,0,0,38.5,1.0,1316
35,903,12,13,1,75,0,0,0,0,0,37.5,1.0833333333333333,10836
25,701,2,4,0,68,0,0,0,0,0,34.0,2.0,1402
29,767,7,9,1,86,0,0,0,0,0,43.0,1.2857142857142858,5369
31,615,14,11,1,79,0,0,0,0,0,39.5,0.7857142857142857,8610
40,661,14,15,1,63,0,0,1,0,0,31.5,1.0714285714285714,9254
27,757,1,4,1,83,1,0,0,0,0,41.8,4.0,757
34,764,13,10,0,87,1,0,0,1,1,43.8,0.7692307692307693,9932
26,682,1,4,1,70,0,1,1,0,0,35.2,4.0,682
39,572,14,11,1,72,0,0,0,0,0,36.0,0.7857142857142857,8008
22,758,5,2,1,81,1,0,0,0,0,40.8,0.4,3790
23,700,2,3,1,88,1,0,0,1,0,44.3,1.5,1400
43,760,13,12,1,65,0,0,1,0,0,32.5,0.9230769230769231,9880
42,779,12,15,1,80,0,1,0,0,0,40.2,1.25,9348
44,586,3,5,1,71,0,0,0,0,0,35.5,1.6666666666666667,1758
39,565,13,13,0,63,0,0,0,0,0,31.5,1.0,7345
34,911,14,13,1,64,0,0,0,0,0,32.0,0.9285714285714286,12754
42,773,12,12,1,70,0,1,0,0,0,35.2,1.0,9276
23,498,2,5,1,88,0,1,0,1,0,44.2,2.5,996
37,579,13,11,0,83,0,1,0,1,0,41.7,0.8461538461538461,7527
41,521,4,6,1,70,0,0,0,0,0,35.0,1.5,2084
23,748,1,4,1,77,0,1,0,0,0,38.7,4.0,748
22,697,1,4,1,71,0,0,0,0,0,35.5,4.0,697
38,950,2,5,1,66,1,0,0,0,0,33.3,2.5,1900
30,736,2,6,1,66,0,0,0,0,0,33.0,3.0,1472
34,781,4,6,1,75,0,0,0,0,0,37.5,1.5,3124
34,728,11,13,1,65,0,1,0,0,0,32.7,1.1818181818181819,8008
32,950,14,11,1,64,0,0,0,0,0,32.0,0.7857142857142857,13300
24,581,1,2,1,81,1,1,0,1,0,41.0,2.0,581
27,643,7,8,1,47,0,0,0,0,0,23.5,1.1428571428571428,4501
31,836,4,6,0,69,0,0,0,0,0,34.5,1.5,3344
41,754,11,11,1,88,1,0,0,0,0,44.3,1.0,8294
27,569,9,9,1,76,0,0,0,0,0,38.0,1.0,5121
23,597,2,4,0,72,0,1,1,0,0,36.2,2.0,1194
42,813,4,2,1,74,0,1,1,0,0,37.2,0.5,3252
30,950,13,12,1,54,0,0,0,0,0,27.0,0.9230769230769231,12350
32,530,2,6,1,70,0,0,0,0,0,35.0,3.0,1060
32,850,3,4,1,83,0,0,0,0,0,41.5,1.3333333333333333,2550
33,950,3,5,1,65,0,0,0,0,0,32.5,1.6666666666666667,2850
34,701,2,2,1,82,0,0,0,0,0,41.0,1.0,1402
43,787,3,5,0,72,0,0,1,0,0,36.0,1.6666666666666667,2361
30,742,11,15,1,70,0,0,1,0,0,35.0,1.3636363636363635,8162
29,501,2,2,0,67,0,1,1,0,0,33.7,1.0,1002
24,824,2,6,1,79,0,0,0,0,0,39.5,3.0,1648
27,644,3,5,0,75,1,0,1,0,0,37.8,1.6666666666666667,1932
33,567,4,2,1,88,0,0,0,1,0,44.0,0.5,2268
38,665,2,4,1,85,0,0,0,1,0,42.5,2.0,1330
25,745,9,8,0,82,0,0,0,0,0,41.0,0.8888888888888888,6705
41,747,12,14,1,74,0,1,0,0,0,37.2,1.1666666666666667,8964
30,827,4,4,1,58,1,0,0,0,0,29.3,1.0,3308
33,632,14,15,1,80,1,0,1,0,1,40.3,1.0714285714285714,8848
25,799,8,11,1,88,0,0,0,1,0,44.0,1.375,6392
25,897,7,11,0,64,0,0,0,0,0,32.0,1.5714285714285714,6279
26,868,9,11,1,80,0,0,0,0,0,40.0,1.2222222222222223,7812
37,735,4,4,1,59,0,0,0,0,0,29.5,1.0,2940
34,679,4,2,1,63,0,0,0,0,0,31.5,0.5,2716
38,639,14,15,1,59,1,0,0,0,0,29.8,1.0714285714285714,8946
34,801,3,2,0,79,0,0,0,0,0,39.5,0.6666666666666666,2403
41,565,4,6,1,74,1,0,1,0,0,37.3,1.5,2260
44,797,12,14,1,83,0,0,0,0,0,41.5,1.1666666666666667,9564
23,636,3,6,0,88,0,0,0,1,0,44.0,2.0,1908
40,655,3,3,1,74,0,0,1,0,0,37.0,1.0,1965
23,555,3,3,1,75,0,0,1,0,0,37.5,1.0,1665
22,638,3,3,1,69,0,0,0,0,0,34.5,1.0,1914
31,734,11,13,0,83,1,1,0,0,1,42.0,1.1818181818181819,8074
31,772,12,15,1,69,0,1,0,0,0,34.7,1.25,9264
43,716,12,14,1,85,0,0,1,0,1,42.5,1.1666666666666667,8592
43,804,11,15,1,67,0,0,0,0,0,33.5,1.3636363636363635,8844
23,676,3,4,0,73,0,0,0,0,0,36.5,1.3333333333333333,2028
44,533,11,13,1,91,0,0,1,0,1,45.5,1.1818181818181819,5863
34,597,2,6,1,68,0,0,0,0,0,34.0,3.0,1194
25,521,10,13,1,67,0,0,0,0,0,33.5,1.3,5210
38,647,14,15,0,68,0,1,0,0,0,34.2,1.0714285714285714,9058
42,738,13,13,0,88,0,0,0,1,1,44.0,1.0,9594
31,726,3,3,1,71,1,0,0,0,0,35.8,1.0,2178
27,555,10,14,1,80,0,0,0,0,0,40.0,1.4,5550
35,831,12,10,1,84,1,0,1,0,0,42.3,0.8333333333333334,9972
45,639,11,15,1,92,0,0,0,0,1,46.0,1.3636363636363635,7029
31,680,4,2,1,84,1,0,0,1,0,42.3,0.5,2720
32,534,4,3,0,74,0,0,0,0,0,37.0,0.75,2136
23,669,4,2,1,67,0,0,0,0,0,33.5,0.5,2676
43,571,12,13,1,72,0,0,1,0,0,36.0,1.0833333333333333,6852
27,761,2,2,1,71,0,0,0,0,0,35.5,1.0,1522
44,713,13,13,1,62,0,1,0,0,0,31.2,1.0,9269
32,852,2,3,1,67,0,0,1,0,0,33.5,1.5,1704
37,614,12,14,1,59,0,0,1,0,0,29.5,1.1666666666666667,7368
29,735,8,12,1,52,0,0,1,0,0,26.0,1.5,5880
37,775,4,3,1,74,0,1,0,0,0,37.2,0.75,3100
37,741,4,4,1,65,0,0,0,0,0,32.5,1.0,2964
31,828,2,3,1,64,0,0,0,0,0,32.0,1.5,1656
44,593,13,15,1,76,1,0,0,0,0,38.3,1.1538461538461537,7709
40,706,12,10,1,84,0,0,0,1,0,42.0,0.8333333333333334,8472
24,566,5,2,0,83,1,1,0,1,0,42.0,0.4,2830
27,746,2,5,1,78,1,0,0,0,0,39.3,2.5,1492
45,695,4,3,1,68,0,0,0,0,0,34.0,0.75,2780
40,741,2,4,1,80,1,0,1,0,0,40.3,2.0,1482
45,788,2,4,1,84,0,1,0,0,0,42.2,2.0,1576
30,880,13,13,0,79,0,0,0,0,0,39.5,1.0,11440
29,807,10,15,1,83,0,0,1,0,1,41.5,1.5,8070
30,728,3,3,1,81,0,0,0,1,0,40.5,1.0,2184
26,688,10,11,1,73,1,0,0,0,0,36.8,1.1,6880
45,824,4,3,1,72,0,0,0,0,0,36.0,0.75,3296
30,704,2,2,1,75,0,0,1,0,0,37.5,1.0,1408
27,668,9,9,1,74,1,0,0,0,0,37.3,1.0,6012
42,584,11,12,1,71,0,0,0,0,0,35.5,1.0909090909090908,6424
44,543,14,13,0,90,0,0,0,0,0,45.0,0.9285714285714286,7602
33,718,4,2,0,71,1,1,0,0,0,36.0,0.5,2872
34,476,11,13,0,72,1,0,0,0,0,36.3,1.1818181818181819,5236
36,709,14,14,1,76,1,1,0,0,1,38.5,1.0,9926
37,785,11,13,1,74,0,0,0,0,0,37.0,1.1818181818181819,8635
33,717,3,5,1,67,0,0,0,0,0,33.5,1.6666666666666667,2151
30,657,12,12,1,84,0,0,0,0,0,42.0,1.0,7884
31,819,11,14,1,67,0,0,0,0,0,33.5,1.2727272727272727,9009
44,940,2,3,0,92,0,0,1,0,0,46.0,1.5,1880
37,733,14,14,0,62,0,1,0,0,0,31.2,1.0,10262
40,767,11,11,0,85,0,0,0,1,1,42.5,1.0,8437
34,542,12,10,1,78,0,0,0,0,0,39.0,0.8333333333333334,6504
44,753,2,4,1,74,0,1,1,0,0,37.2,2.0,1506
28,847,6,9,1,69,0,1,0,0,0,34.7,1.5,5082
44,843,13,12,1,75,0,0,1,0,1,37.5,0.9230769230769231,10959
23,748,1,6,0,70,0,0,0,0,0,35.0,6.0,748
31,797,4,4,1,84,1,0,0,1,0,42.3,1.0,3188
41,686,4,2,1,74,0,1,0,0,0,37.2,0.5,2744
22,752,3,3,1,84,0,0,0,0,0,42.0,1.0,2256
31,803,14,13,1,69,0,0,0,0,0,34.5,0.9285714285714286,11242
34,731,12,10,1,78,0,0,0,0,0,39.0,0.8333333333333334,8772
27,643,9,12,1,83,0,0,1,1,0,41.5,1.3333333333333333,5787
23,838,1,5,1,75,0,1,0,0,0,37.7,5.0,838
31,749,11,12,1,83,1,0,1,0,1,41.8,1.0909090909090908,8239
42,706,2,5,1,89,1,1,0,1,0,45.0,2.5,1412
24,737,3,6,1,74,0,0,0,0,0,37.0,2.0,2211
23,507,1,6,1,100,0,0,0,1,0,50.0,6.0,507
42,560,4,4,0,64,0,0,0,0,0,32.0,1.0,2240
36,827,3,3,1,79,0,0,0,0,0,39.5,1.0,2481
32,562,13,11,1,74,0,0,0,0,0,37.0,0.8461538461538461,7306
27,648,1,5,1,56,0,0,1,0,0,28.0,5.0,648
35,653,3,6,1,81,1,0,0,1,0,40.8,2.0,1959
26,762,2,6,1,73,0,1,0,0,0,36.7,3.0,1524
38,834,3,3,1,54,0,0,0,0,0,27.0,1.0,2502
23,779,5,3,1,57,0,1,0,0,0,28.7,0.6,3895
26,587,3,3,1,69,0,0,0,0,0,34.5,1.0,1761
22,627,3,4,1,84,0,1,0,1,0,42.2,1.3333333333333333,1881
24,822,3,4,1,84,0,1,0,1,0,42.2,1.3333333333333333,2466
45,950,13,12,1,85,0,0,0,1,1,42.5,0.9230769230769231,12350
40,557,2,4,1,89,1,0,0,1,0,44.8,2.0,1114
29,618,6,9,1,81,0,0,0,1,0,40.5,1.5,3708
34,751,12,14,0,72,0,0,1,0,0,36.0,1.1666666666666667,9012
33,710,11,14,1,56,0,0,0,0,0,28.0,1.2727272727272727,7810
35,783,14,12,1,68,0,0,0,0,0,34.0,0.8571428571428571,10962
30,616,13,12,1,63,0,0,1,0,0,31.5,0.9230769230769231,8008
26,615,1,6,0,85,0,0,0,0,0,42.5,6.0,615
28,675,9,9,1,78,1,0,0,0,0,39.3,1.0,6075
44,650,12,12,1,84,1,1,0,0,1,42.5,1.0,7800
42,687,2,6,1,82,0,0,0,0,0,41.0,3.0,1374
32,777,14,12,1,82,0,0,1,0,0,41.0,0.8571428571428571,10878
45,652,14,12,1,63,0,1,1,0,0,31.7,0.8571428571428571,9128
45,598,4,5,1,63,0,0,0,0,0,31.5,1.25,2392
22,659,2,5,0,71,0,0,0,0,0,35.5,2.5,1318
33,821,3,2,1,76,0,0,0,0,0,38.0,0.6666666666666666,2463
32,502,4,3,0,80,1,1,0,0,0,40.5,0.75,2008
42,630,13,10,1,74,0,0,0,0,0,37.0,0.7692307692307693,8190
33,613,12,12,0,69,0,0,0,0,0,34.5,1.0,7356
23,678,4,2,1,79,0,0,0,0,0,39.5,0.5,2712
38,604,2,3,0,84,1,0,0,1,0,42.3,1.5,1208
28,762,9,11,1,61,1,0,0,0,0,30.8,1.2222222222222223,6858
26,789,1,2,1,68,0,1,0,0,0,34.2,2.0,789
25,662,2,2,0,59,1,0,1,0,0,29.8,1.0,1324
28,762,3,3,1,75,0,0,0,0,0,37.5,1.0,2286
43,711,13,14,0,84,0,0,0,1,1,42.0,1.0769230769230769,9243
25,621,7,11,1,58,0,0,1,0,0,29.0,1.5714285714285714,4347
28,628,6,12,1,79,0,1,0,0,0,39.7,2.0,3768
41,526,13,11,1,78,0,0,0,0,0,39.0,0.8461538461538461,6838
31,619,4,6,1,75,1,0,0,0,0,37.8,1.5,2476
22,729,5,3,0,63,0,0,1,0,0,31.5,0.6,3645
38,629,13,12,1,74,0,0,0,0,0,37.0,0.9230769230769231,8177
41,703,3,2,0,76,0,0,1,0,0,38.0,0.6666666666666666,2109
33,727,12,15,1,79,0,0,0,0,0,39.5,1.25,8724
43,739,3,3,1,100,0,0,1,0,0,50.0,1.0,2217
42,545,13,13,1,55,0,0,1,0,0,27.5,1.0,7085
41,736,4,3,0,83,0,1,0,1,0,41.7,0.75,2944
30,731,13,11,1,65,0,0,0,0,0,32.5,0.8461538461538461,9503
38,810,13,10,1,78,0,0,0,0,0,39.0,0.7692307692307693,10530
25,742,7,12,0,81,0,0,0,0,0,40.5,1.7142857142857142,5194
30,754,3,5,1,70,1,1,0,0,0,35.5,1.6666666666666667,2262
35,633,2,5,1,75,0,0,1,0,0,37.5,2.5,1266
45,677,12,12,0,89,0,0,1,0,1,44.5,1.0,8124
44,860,13,10,1,84,0,0,0,0,0,42.0,0.7692307692307693,11180
25,735,7,10,1,68,0,0,0,0,0,34.0,1.4285714285714286,5145
24,562,1,5,1,71,0,0,0,0,0,35.5,5.0,562
29,652,7,10,0,77,0,0,0,0,0,38.5,1.4285714285714286,4564
26,781,7,12,1,62,1,0,0,0,0,31.3,1.7142857142857142,5467
28,774,8,9,1,68,0,0,0,0,0,34.0,1.125,6192
24,712,2,2,1,97,0,0,0,0,0,48.5,1.0,1424
45,841,12,10,1,68,0,0,0,0,0,34.0,0.8333333333333334,10092
22,752,2,6,1,72,0,0,1,0,0,36.0,3.0,1504
41,544,14,13,1,76,0,0,0,0,0,38.0,0.9285714285714286,7616
22,591,2,3,1,61,0,0,0,0,0,30.5,1.5,1182
42,724,12,13,0,72,0,0,0,0,0,36.0,1.0833333333333333,8688
45,667,3,4,1,66,1,0,1,0,0,33.3,1.3333333333333333,2001
39,765,14,11,1,91,0,0,0,1,1,45.5,0.7857142857142857,10710
29,656,7,9,1,73,0,0,0,0,0,36.5,1.2857142857142858,4592
33,548,12,15,1,64,0,0,0,0,0,32.0,1.25,6576
44,773,4,5,0,85,0,1,0,0,0,42.7,1.25,3092
44,658,13,14,0,84,0,0,1,0,0,42.0,1.0769230769230769,8554
28,705,1,4,1,72,0,0,0,0,0,36.0,4.0,705
40,724,4,2,0,67,0,0,0,0,0,33.5,0.5,2896
25,703,6,7,1,84,0,0,0,0,0,42.0,1.1666666666666667,4218
32,566,2,2,1,80,0,0,0,0,0,40.0,1.0,1132
29,761,2,6,0,64,0,0,0,0,0,32.0,3.0,1522
41,909,12,13,1,78,0,0,0,0,0,39.0,1.0833333333333333,10908
34,662,3,5,1,59,1,0,1,0,0,29.8,1.6666666666666667,1986
32,842,2,6,0,68,1,0,0,0,0,34.3,3.0,1684
41,580,14,11,1,76,0,0,1,0,0,38.0,0.7857142857142857,8120
45,773,4,2,1,66,0,0,0,0,0,33.0,0.5,3092
42,779,11,14,1,67,0,0,0,0,0,33.5,1.2727272727272727,8569
25,723,9,10,1,87,0,0,1,0,0,43.5,1.1111111111111112,6507
35,784,2,5,1,72,0,1,0,0,0,36.2,2.5,1568
32,592,14,13,1,65,0,0,0,0,0,32.5,0.9285714285714286,8288
44,763,14,10,1,59,0,0,0,0,0,29.5,0.7142857142857143,10682
31,688,3,5,1,100,0,0,0,0,0,50.0,1.6666666666666667,2064
23,497,2,4,1,77,0,0,0,0,0,38.5,2.0,994
26,805,2,6,1,61,0,0,1,0,0,30.5,3.0,1610
39,565,14,15,1,67,0,0,1,0,0,33.5,1.0714285714285714,7910
23,742,2,3,1,89,0,0,0,0,0,44.5,1.5,1484
28,831,3,3,0,58,0,0,0,0,0,29.0,1.0,2493
43,626,4,5,1,79,0,0,1,0,0,39.5,1.25,2504
25,839,2,5,0,71,0,0,0,0,0,35.5,2.5,1678
37,650,3,2,1,60,0,0,0,0,0,30.0,0.6666666666666666,1950
33,861,12,14,0,59,0,0,0,0,0,29.5,1.1666666666666667,10332
32,741,12,15,1,84,0,0,1,1,1,42.0,1.25,8892
37,786,12,11,1,60,0,0,1,0,0,30.0,0.9166666666666666,9432
37,688,11,15,1,56,0,0,0,0,0,28.0,1.3636363636363635,7568
34,628,4,4,1,69,0,0,0,0,0,34.5,1.0,2512
35,831,11,13,1,87,0,1,1,1,1,43.7,1.1818181818181819,9141
35,815,4,6,1,47,0,0,0,0,0,23.5,1.5,3260
26,854,7,12,1,60,0,0,0,0,0,30.0,1.7142857142857142,5978
26,638,8,7,1,81,0,0,1,1,0,40.5,0.875,5104
26,801,2,2,1,72,0,1,0,0,0,36.2,1.0,1602
28,773,7,9,1,77,1,0,0,0,0,38.8,1.2857142857142858,5411
41,641,4,5,1,76,0,0,0,0,0,38.0,1.25,2564
24,702,3,2,1,82,1,0,1,1,0,41.3,0.6666666666666666,2106
38,659,11,15,1,80,0,0,0,0,0,40.0,1.3636363636363635,7249
25,648,1,5,1,88,1,0,0,1,0,44.3,5.0,648
36,643,3,4,1,67,0,1,0,0,0,33.7,1.3333333333333333,1929
23,396,3,5,1,78,0,1,0,0,0,39.2,1.6666666666666667,1188
42,651,13,13,1,69,1,0,0,0,0,34.8,1.0,8463
29,622,7,11,1,54,0,0,1,0,0,27.0,1.5714285714285714,4354
26,730,8,12,1,69,0,0,0,0,0,34.5,1.5,5840
36,598,4,6,0,69,0,0,0,0,0,34.5,1.5,2392
42,820,14,11,1,78,1,1,0,0,0,39.5,0.7857142857142857,11480
28,674,6,12,0,68,1,0,0,0,0,34.3,2.0,4044
36,681,3,2,1,78,1,0,0,0,0,39.3,0.6666666666666666,2043
34,637,3,5,1,78,1,0,0,0,0,39.3,1.6666666666666667,1911
23,637,2,4,0,51,1,0,0,0,0,25.8,2.0,1274
36,727,11,15,1,82,0,0,1,1,1,41.0,1.3636363636363635,7997
33,621,2,6,1,72,0,1,0,0,0,36.2,3.0,1242
34,709,11,11,1,70,0,0,0,0,0,35.0,1.0,7799
35,805,14,11,1,69,0,0,1,0,0,34.5,0.7857142857142857,11270
34,666,2,4,1,78,1,0,0,0,0,39.3,2.0,1332
34,842,13,14,0,67,0,0,1,0,0,33.5,1.0769230769230769,10946
32,508,11,11,1,68,0,1,0,0,0,34.2,1.0,5588
23,678,3,4,0,91,0,0,0,1,0,45.5,1.3333333333333333,2034
26,622,3,3,1,77,0,0,0,0,0,38.5,1.0,1866
35,616,13,12,1,61,1,0,0,0,0,30.8,0.9230769230769231,8008
39,733,13,15,1,56,0,0,0,0,0,28.0,1.1538461538461537,9529
35,617,3,6,1,80,1,0,1,0,0,40.3,2.0,1851
32,777,3,4,1,86,0,1,0,1,0,43.2,1.3333333333333333,2331
37,650,4,2,0,53,0,0,0,0,0,26.5,0.5,2600
28,766,10,14,1,69,0,0,0,0,0,34.5,1.4,7660
33,765,11,13,1,70,0,0,0,0,0,35.0,1.1818181818181819,8415
31,615,2,5,0,79,0,0,1,0,0,39.5,2.5,1230
31,670,13,11,1,68,0,0,1,0,0,34.0,0.8461538461538461,8710
32,587,3,3,1,78,0,0,1,0,0,39.0,1.0,1761
30,512,3,3,1,80,0,0,0,0,0,40.0,1.0,1536
28,780,7,10,1,74,0,1,0,0,0,37.2,1.4285714285714286,5460
26,702,2,3,1,75,0,0,0,0,0,37.5,1.5,1404
35,663,13,15,1,82,0,0,0,1,1,41.0,1.1538461538461537,8619
25,785,3,2,1,68,0,1,0,0,0,34.2,0.6666666666666666,2355
26,847,9,10,1,70,0,0,0,0,0,35.0,1.1111111111111112,7623
32,542,2,3,0,79,0,1,0,0,0,39.7,1.5,1084
30,673,2,2,1,75,0,0,0,0,0,37.5,1.0,1346
44,702,3,6,1,92,0,0,1,0,0,46.0,2.0,2106
34,628,4,3,1,81,0,0,1,0,0,40.5,0.75,2512
32,570,13,11,1,71,1,1,0,0,0,36.0,0.8461538461538461,7410
31,812,4,2,1,68,0,0,0,0,0,34.0,0.5,3248
27,646,8,12,1,67,0,0,0,0,0,33.5,1.5,5168
32,504,12,12,1,79,0,0,0,0,0,39.5,1.0,6048
30,634,2,6,1,49,0,1,0,0,0,24.7,3.0,1268
25,752,8,9,1,77,0,1,0,0,0,38.7,1.125,6016
33,664,3,6,1,76,1,0,0,0,0,38.3,2.0,1992
42,665,3,3,0,67,1,1,1,0,0,34.0,1.0,1995
25,941,6,9,1,78,0,0,0,0,0,39.0,1.5,5646
36,617,4,6,1,61,0,1,0,0,0,30.7,1.5,2468
29,625,8,7,1,75,0,0,1,0,0,37.5,0.875,5000
36,569,4,2,1,61,0,0,0,0,0,30.5,0.5,2276
45,745,4,3,1,69,0,0,0,0,0,34.5,0.75,2980
38,494,14,10,1,67,0,0,0,0,0,33.5,0.7142857142857143,6916
28,708,7,10,1,83,0,0,0,1,0,41.5,1.4285714285714286,4956
44,814,12,15,1,70,0,0,0,0,0,35.0,1.25,9768
26,892,3,2,1,69,0,0,0,0,0,34.5,0.6666666666666666,2676
41,649,13,10,0,73,1,1,0,0,0,37.0,0.7692307692307693,8437
42,636,2,6,1,83,1,0,0,0,0,41.8,3.0,1272
27,756,2,6,0,69,0,0,0,0,0,34.5,3.0,1512
45,760,13,10,1,71,0,0,0,0,0,35.5,0.7692307692307693,9880
41,836,12,13,1,81,0,0,1,1,1,40.5,1.0833333333333333,10032
42,651,4,4,1,63,1,0,0,0,0,31.8,1.0,2604
39,823,14,10,1,73,0,0,1,0,0,36.5,0.7142857142857143,11522
38,714,4,4,0,92,0,1,0,0,0,46.2,1.0,2856
23,780,2,3,1,63,1,0,0,0,0,31.8,1.5,1560
33,728,13,10,1,64,0,0,0,0,0,32.0,0.7692307692307693,9464
37,805,4,2,1,75,1,1,0,0,0,38.0,0.5,3220
35,601,14,10,1,94,0,0,0,0,0,47.0,0.7142857142857143,8414
28,608,3,4,1,75,0,0,0,0,0,37.5,1.3333333333333333,1824
30,667,4,3,0,64,0,0,1,0,0,32.0,0.75,2668
40,764,13,12,0,58,0,0,0,0,0,29.0,0.9230769230769231,9932
44,758,11,15,1,77,0,0,0,0,0,38.5,1.3636363636363635,8338
31,638,12,14,1,76,0,0,0,0,0,38.0,1.1666666666666667,7656
33,666,13,13,1,65,0,0,0,0,0,32.5,1.0,8658
40,704,4,2,1,78,0,0,1,0,0,39.0,0.5,2816
40,606,3,3,1,76,0,0,1,0,0,38.0,1.0,1818
26,723,2,6,1,65,0,0,0,0,0,32.5,3.0,1446
26,710,3,6,1,70,0,0,0,0,0,35.0,2.0,2130
45,573,13,15,1,79,0,1,0,0,0,39.7,1.1538461538461537,7449
45,751,14,13,1,81,0,1,0,0,0,40.7,0.9285714285714286,10514
39,865,2,5,1,87,0,0,1,0,0,43.5,2.5,1730
34,801,3,6,1,52,0,0,0,0,0,26.0,2.0,2403
31,653,2,6,1,79,0,1,0,0,0,39.7,3.0,1306
23,619,1,5,1,73,0,0,0,0,0,36.5,5.0,619
22,711,2,4,1,82,0,0,0,0,0,41.0,2.0,1422
44,851,4,3,0,86,0,0,0,1,0,43.0,0.75,3404
23,765,1,5,1,80,0,0,0,0,0,40.0,5.0,765
36,634,4,5,1,74,1,0,0,0,0,37.3,1.25,2536
23,588,2,2,0,73,0,0,0,0,0,36.5,1.0,1176
25,546,6,11,0,95,0,0,1,0,0,47.5,1.8333333333333333,3276
28,669,1,6,1,93,1,0,1,0,0,46.8,6.0,669
28,736,6,8,1,96,0,1,0,1,1,48.2,1.3333333333333333,4416
38,936,4,5,1,64,0,0,0,0,0,32.0,1.25,3744
26,765,2,3,0,71,0,0,0,0,0,35.5,1.5,1530
30,539,4,6,1,71,0,0,1,0,0,35.5,1.5,2156
43,628,13,13,1,73,0,1,0,0,0,36.7,1.0,8164
45,651,14,15,1,67,0,0,1,0,0,33.5,1.0714285714285714,9114
30,670,3,4,1,52,0,0,0,0,0,26.0,1.3333333333333333,2010
30,667,4,2,1,77,0,0,0,0,0,38.5,0.5,2668
24,950,2,6,1,76,0,0,1,0,0,38.0,3.0,1900
45,574,14,14,1,70,0,0,0,0,0,35.0,1.0,8036
23,706,3,6,1,61,1,0,0,0,0,30.8,2.0,2118
28,693,1,5,1,66,1,0,1,0,0,33.3,5.0,693
25,437,2,4,1,76,0,0,0,0,0,38.0,2.0,874
32,694,11,14,0,87,0,0,1,0,1,43.5,1.2727272727272727,7634
37,818,4,5,1,58,0,0,0,0,0,29.0,1.25,3272
43,763,4,2,1,70,0,0,0,0,0,35.0,0.5,3052
33,685,3,6,1,83,0,0,0,0,0,41.5,2.0,2055
22,747,3,6,1,81,0,0,1,0,0,40.5,2.0,2241
34,703,4,2,1,87,0,0,0,0,0,43.5,0.5,2812
32,623,11,11,1,77,0,0,0,0,0,38.5,1.0,6853
24,625,3,3,1,77,1,0,0,0,0,38.8,1.0,1875
28,788,1,6,1,75,0,1,1,0,0,37.7,6.0,788
42,653,3,3,1,65,1,0,0,0,0,32.8,1.0,1959
30,723,14,14,1,79,0,0,0,0,0,39.5,1.0,10122
34,872,2,4,1,72,1,0,0,0,0,36.3,2.0,1744
22,631,5,5,0,64,0,1,0,0,0,32.2,1.0,3155
36,737,4,4,1,78,0,0,0,0,0,39.0,1.0,2948
38,671,11,13,1,58,1,0,0,0,0,29.3,1.1818181818181819,7381
43,731,14,12,1,82,1,0,0,0,0,41.3,0.8571428571428571,10234
37,844,3,5,1,72,1,0,0,0,0,36.3,1.6666666666666667,2532
27,636,1,4,1,82,0,1,0,1,0,41.2,4.0,636
36,721,14,13,1,80,0,0,0,0,0,40.0,0.9285714285714286,10094
33,711,13,12,1,87,0,0,0,0,1,43.5,0.9230769230769231,9243
26,775,9,10,0,73,0,1,0,0,0,36.7,1.1111111111111112,6975
31,632,3,2,1,70,1,0,0,0,0,35.3,0.6666666666666666,1896
31,887,11,14,1,82,0,0,0,1,1,41.0,1.2727272727272727,9757
42,950,13,12,1,75,0,0,0,0,0,37.5,0.9230769230769231,12350
22,748,2,2,1,83,1,0,1,0,0,41.8,1.0,1496
37,581,12,13,1,72,1,1,0,0,0,36.5,1.0833333333333333,6972
27,659,2,4,1,84,0,0,0,0,0,42.0,2.0,1318
33,836,13,14,1,100,1,0,0,1,1,50.3,1.0769230769230769,10868
40,690,2,2,1,80,1,0,0,0,0,40.3,1.0,1380
31,616,3,5,1,78,0,1,0,0,0,39.2,1.6666666666666667,1848
32,673,2,4,1,90,0,1,0,1,0,45.2,2.0,1346
25,917,7,11,1,81,0,0,0,1,0,40.5,1.5714285714285714,6419
31,653,11,11,1,81,0,1,0,0,0,40.7,1.0,7183
36,648,2,4,1,91,0,0,0,1,0,45.5,2.0,1296
28,679,1,5,1,65,0,1,1,0,0,32.7,5.0,679
23,779,4,6,0,82,0,0,0,1,0,41.0,1.5,3116
44,886,12,14,1,62,0,1,0,0,0,31.2,1.1666666666666667,10632
24,794,3,2,1,68,0,0,0,0,0,34.0,0.6666666666666666,2382
23,815,4,4,1,55,0,0,0,0,0,27.5,1.0,3260
38,680,4,5,1,77,0,0,0,0,0,38.5,1.25,2720
29,787,7,11,1,71,0,0,0,0,0,35.5,1.5714285714285714,5509
37,651,4,5,0,80,1,0,1,0,0,40.3,1.25,2604
35,667,4,6,1,88,1,1,0,0,0,44.5,1.5,2668
45,543,13,11,1,58,0,0,0,0,0,29.0,0.8461538461538461,7059
25,677,1,5,1,60,0,0,0,0,0,30.0,5.0,677
29,543,3,3,0,85,0,1,1,0,0,42.7,1.0,1629
24,809,4,2,1,80,0,0,0,0,0,40.0,0.5,3236
36,750,12,15,0,67,1,0,0,0,0,33.8,1.25,9000
29,591,3,6,1,59,0,1,0,0,0,29.7,2.0,1773
39,788,4,3,0,84,0,0,1,0,0,42.0,0.75,3152
33,660,2,2,1,72,1,0,0,0,0,36.3,1.0,1320
22,585,1,6,1,81,0,0,0,0,0,40.5,6.0,585
30,718,14,10,0,67,0,1,0,0,0,33.7,0.7142857142857143,10052
29,748,3,5,1,61,0,1,0,0,0,30.7,1.6666666666666667,2244
44,774,12,15,1,76,0,0,0,0,0,38.0,1.25,9288
32,663,2,4,1,61,0,0,0,0,0,30.5,2.0,1326
29,755,2,5,1,97,0,0,0,0,0,48.5,2.5,1510
44,839,13,15,0,74,0,0,0,0,0,37.0,1.1538461538461537,10907
26,786,3,6,1,77,0,0,0,0,0,38.5,2.0,2358
31,709,3,2,1,74,0,0,1,0,0,37.0,0.6666666666666666,2127
44,745,12,12,1,85,0,1,0,1,1,42.7,1.0,8940
36,770,11,10,0,76,0,0,0,0,0,38.0,0.9090909090909091,8470
34,790,3,5,1,80,0,0,0,0,0,40.0,1.6666666666666667,2370
25,522,10,13,1,72,0,0,0,0,0,36.0,1.3,5220
31,710,12,15,1,74,1,0,1,0,1,37.3,1.25,8520
30,769,12,10,1,71,1,0,1,0,0,35.8,0.8333333333333334,9228
22,594,2,3,0,72,0,1,0,0,0,36.2,1.5,1188
44,823,4,4,0,63,0,0,0,0,0,31.5,1.0,3292
24,587,3,6,1,60,0,0,0,0,0,30.0,2.0,1761
25,735,3,3,1,80,0,0,0,0,0,40.0,1.0,2205
40,769,14,10,1,82,1,0,1,1,1,41.3,0.7142857142857143,10766
29,599,9,10,1,66,0,0,0,0,0,33.0,1.1111111111111112,5391
39,590,2,3,0,88,0,1,0,0,0,44.2,1.5,1180
45,950,12,12,1,91,0,0,1,0,1,45.5,1.0,11400
23,735,1,2,1,70,0,0,0,0,0,35.0,2.0,735
29,605,8,10,1,90,0,0,0,0,0,45.0,1.25,4840
42,671,13,13,1,65,0,0,0,0,0,32.5,1.0,8723
39,608,3,4,1,78,1,0,0,0,0,39.3,1.3333333333333333,1824
40,708,11,13,1,80,0,0,1,0,0,40.0,1.1818181818181819,7788
30,701,3,6,0,67,0,1,0,0,0,33.7,2.0,2103
41,543,2,2,1,65,0,0,1,0,0,32.5,1.0,1086
35,528,4,3,1,92,1,0,0,1,0,46.3,0.75,2112
28,874,2,3,1,64,1,1,1,0,0,32.5,1.5,1748
37,669,12,14,1,77,1,1,1,0,1,39.0,1.1666666666666667,8028
39,726,2,2,0,73,0,1,0,0,0,36.7,1.0,1452
29,637,9,7,1,62,0,0,0,0,0,31.0,0.7777777777777778,5733
22,706,1,6,1,78,0,0,0,0,0,39.0,6.0,706
27,579,1,2,1,70,0,0,0,0,0,35.0,2.0,579
44,735,12,10,1,93,0,1,0,0,0,46.7,0.8333333333333334,8820
29,593,2,5,1,58,0,0,0,0,0,29.0,2.5,1186
32,730,14,13,0,68,0,0,1,0,0,34.0,0.9285714285714286,10220
31,782,11,12,1,98,0,0,0,0,1,49.0,1.0909090909090908,8602
40,744,4,3,1,80,0,1,0,0,0,40.2,0.75,2976
37,812,3,6,1,72,0,0,0,0,0,36.0,2.0,2436
24,718,1,4,1,68,0,0,0,0,0,34.0,4.0,718
45,898,13,12,1,46,0,0,0,0,0,23.0,0.9230769230769231,11674
24,465,3,6,1,70,1,0,0,0,0,35.3,2.0,1395
25,513,7,11,1,82,0,0,0,0,0,41.0,1.5714285714285714,3591
35,668,4,3,1,63,0,0,0,0,0,31.5,0.75,2672
22,565,3,4,1,63,1,0,0,0,0,31.8,1.3333333333333333,1695
28,578,3,2,1,82,1,0,0,0,0,41.3,0.6666666666666666,1734
39,696,12,12,1,82,0,0,1,0,0,41.0,1.0,8352
26,690,6,8,1,70,0,1,0,0,0,35.2,1.3333333333333333,4140
29,709,1,6,1,54,1,1,1,0,0,27.5,6.0,709
40,724,3,2,1,89,1,0,0,0,0,44.8,0.6666666666666666,2172
41,612,4,3,1,59,0,0,0,0,0,29.5,0.75,2448
40,814,2,6,1,62,0,0,0,0,0,31.0,3.0,1628
34,924,3,4,1,93,0,0,1,1,0,46.5,1.3333333333333333,2772
31,625,2,3,1,83,0,0,0,0,0,41.5,1.5,1250
22,735,2,5,1,81,0,1,1,1,0,40.7,2.5,1470
44,652,4,4,1,78,0,0,1,0,0,39.0,1.0,2608
44,708,13,13,1,69,0,0,0,0,0,34.5,1.0,9204
39,720,13,14,0,62,0,1,0,0,0,31.2,1.0769230769230769,9360
27,590,3,5,1,79,1,0,1,0,0,39.8,1.6666666666666667,1770
32,950,2,5,1,75,0,1,0,0,0,37.7,2.5,1900
28,722,10,11,0,56,0,0,0,0,0,28.0,1.1,7220
30,590,13,13,1,76,0,1,0,0,0,38.2,1.0,7670
22,814,3,6,1,80,0,0,0,0,0,40.0,2.0,2442
42,588,2,6,1,78,0,0,0,0,0,39.0,3.0,1176
29,801,6,10,1,74,0,1,0,0,0,37.2,1.6666666666666667,4806
24,487,3,4,0,78,0,0,0,0,0,39.0,1.3333333333333333,1461
39,831,13,13,0,68,0,0,0,0,0,34.0,1.0,10803
35,688,14,15,1,78,0,0,0,0,0,39.0,1.0714285714285714,9632
22,486,4,2,1,62,0,0,0,0,0,31.0,0.5,1944
38,721,4,4,1,86,0,1,1,0,0,43.2,1.0,2884
32,599,3,3,1,90,0,0,0,0,0,45.0,1.0,1797
23,650,1,3,1,90,0,0,1,1,0,45.0,3.0,650
32,715,3,5,1,91,1,0,1,1,0,45.8,1.6666666666666667,2145
43,651,13,13,1,84,1,0,0,0,0,42.3,1.0,8463
26,897,1,6,1,68,0,0,0,0,0,34.0,6.0,897
43,562,11,15,1,95,0,0,0,1,1,47.5,1.3636363636363635,6182
32,705,11,12,0,70,1,0,0,0,0,35.3,1.0909090909090908,7755
35,762,13,12,1,61,0,1,1,0,0,30.7,0.9230769230769231,9906
33,672,11,15,1,61,1,1,0,0,0,31.0,1.3636363636363635,7392
41,562,12,13,1,76,0,1,0,0,0,38.2,1.0833333333333333,6744
28,800,3,5,1,80,0,0,0,0,0,40.0,1.6666666666666667,2400
43,815,2,4,0,73,0,1,1,0,0,36.7,2.0,1630
30,840,12,14,1,80,0,1,1,0,1,40.2,1.1666666666666667,10080
32,626,12,12,1,76,0,0,0,0,0,38.0,1.0,7512
31,608,2,2,1,90,0,0,1,1,0,45.0,1.0,1216
33,610,3,3,1,75,0,0,0,0,0,37.5,1.0,1830
33,823,4,4,1,80,0,0,0,0,0,40.0,1.0,3292
23,755,2,4,1,78,1,0,0,0,0,39.3,2.0,1510
37,738,13,14,1,82,0,1,0,1,1,41.2,1.0769230769230769,9594
35,768,13,12,1,79,1,0,0,0,0,39.8,0.9230769230769231,9984
33,544,14,10,1,70,0,0,0,0,0,35.0,0.7142857142857143,7616
45,723,4,3,1,72,0,0,0,0,0,36.0,0.75,2892
31,750,4,2,1,75,0,0,0,0,0,37.5,0.5,3000
42,689,4,2,1,83,0,0,1,0,0,41.5,0.5,2756
22,946,2,4,1,82,0,0,1,1,0,41.0,2.0,1892
43,647,3,5,1,90,0,0,0,0,0,45.0,1.6666666666666667,1941
27,614,9,7,1,84,0,0,0,0,0,42.0,0.7777777777777778,5526
36,607,3,5,1,66,0,1,0,0,0,33.2,1.6666666666666667,1821
31,717,12,13,1,79,0,1,0,0,0,39.7,1.0833333333333333,8604
37,607,11,13,1,72,1,0,1,0,1,36.3,1.1818181818181819,6677
44,722,12,11,1,76,1,0,0,0,0,38.3,0.9166666666666666,8664
37,593,12,13,0,70,0,0,1,0,0,35.0,1.0833333333333333,7116
43,585,11,13,1,66,0,0,1,0,0,33.0,1.1818181818181819,6435
29,726,1,2,1,68,0,0,0,0,0,34.0,2.0,726
38,545,11,10,0,72,0,0,0,0,0,36.0,0.9090909090909091,5995
37,806,4,5,1,74,0,0,0,0,0,37.0,1.25,3224
36,665,3,4,1,84,0,0,0,0,0,42.0,1.3333333333333333,1995
36,846,11,13,0,74,1,0,1,0,1,37.3,1.1818181818181819,9306
35,910,13,11,0,75,1,0,0,0,0,37.8,0.8461538461538461,11830
45,611,13,13,1,70,1,0,0,0,0,35.3,1.0,7943
31,856,11,10,1,73,0,0,0,0,0,36.5,0.9090909090909091,9416
25,835,1,6,1,93,0,0,0,1,0,46.5,6.0,835
26,749,3,2,1,75,0,1,0,0,0,37.7,0.6666666666666666,2247
29,704,10,14,0,77,0,0,0,0,0,38.5,1.4,7040
28,766,2,3,1,75,0,0,1,0,0,37.5,1.5,1532
22,763,2,6,0,87,0,0,0,1,0,43.5,3.0,1526
32,801,11,14,1,63,0,1,0,0,0,31.7,1.2727272727272727,8811
36,753,13,14,1,78,0,0,1,0,0,39.0,1.0769230769230769,9789
35,727,13,12,1,67,0,1,0,0,0,33.7,0.9230769230769231,9451
23,842,1,5,1,66,0,0,0,0,0,33.0,5.0,842
41,705,14,15,0,75,0,0,0,0,0,37.5,1.0714285714285714,9870
37,814,12,10,1,73,0,0,0,0,0,36.5,0.8333333333333334,9768
34,719,13,11,1,74,1,0,0,0,0,37.3,0.8461538461538461,9347
23,905,3,5,1,52,0,0,0,0,0,26.0,1.6666666666666667,2715
36,712,3,2,1,77,0,0,1,0,0,38.5,0.6666666666666666,2136
36,890,14,12,1,80,0,0,0,0,0,40.0,0.8571428571428571,12460
23,629,4,6,1,86,0,0,0,1,0,43.0,1.5,2516
27,894,2,4,1,79,1,0,0,0,0,39.8,2.0,1788
36,782,11,11,1,78,0,1,0,0,0,39.2,1.0,8602
34,838,12,15,1,96,1,0,0,1,1,48.3,1.25,10056
24,820,5,6,1,69,0,0,0,0,0,34.5,1.2,4100
25,512,1,6,0,69,0,0,0,0,0,34.5,6.0,512
25,526,1,4,0,56,0,0,0,0,0,28.0,4.0,526
30,708,12,12,1,77,0,0,1,0,0,38.5,1.0,8496
38,743,3,3,1,77,0,0,0,0,0,38.5,1.0,2229
27,697,2,2,1,89,0,1,1,1,0,44.7,1.0,1394
23,590,4,2,1,83,0,1,1,1,0,41.7,0.5,2360
25,787,8,10,0,68,0,0,1,0,0,34.0,1.25,6296
29,926,2,2,1,77,0,0,0,0,0,38.5,1.0,1852
23,570,1,4,1,64,0,1,0,0,0,32.2,4.0,570
28,814,9,12,1,87,0,0,0,1,1,43.5,1.3333333333333333,7326
45,672,14,10,1,69,0,1,0,0,0,34.7,0.7142857142857143,9408
45,689,3,2,1,90,0,0,0,0,0,45.0,0.6666666666666666,2067
41,819,2,4,0,57,0,0,1,0,0,28.5,2.0,1638
28,707,2,3,0,60,0,0,0,0,0,30.0,1.5,1414
37,869,3,6,1,74,0,1,0,0,0,37.2,2.0,2607
40,776,3,2,1,70,0,0,0,0,0,35.0,0.6666666666666666,2328
40,819,3,4,1,80,0,1,0,0,0,40.2,1.3333333333333333,2457
37,705,11,11,1,68,0,1,1,0,0,34.2,1.0,7755
35,676,2,4,1,63,1,1,0,0,0,32.0,2.0,1352
37,752,14,10,0,81,0,0,0,0,0,40.5,0.7142857142857143,10528
26,801,1,4,1,64,0,1,1,0,0,32.2,4.0,801
31,713,4,3,1,71,1,0,0,0,0,35.8,0.75,2852
31,647,3,2,0,68,0,0,0,0,0,34.0,0.6666666666666666,1941
31,599,11,11,1,76,0,0,0,0,0,38.0,1.0,6589
37,744,3,3,1,86,0,0,1,0,0,43.0,1.0,2232
34,648,14,13,1,80,0,0,1,0,0,40.0,0.9285714285714286,9072
33,751,2,4,1,70,1,0,0,0,0,35.3,2.0,1502
29,808,1,2,1,56,0,0,0,0,0,28.0,2.0,808
22,707,2,6,1,70,1,0,0,0,0,35.3,3.0,1414
36,690,12,15,0,73,1,0,0,0,0,36.8,1.25,8280
41,816,2,4,0,72,0,0,0,0,0,36.0,2.0,1632
26,909,1,4,1,86,0,0,0,1,0,43.0,4.0,909
32,888,3,6,0,65,0,0,0,0,0,32.5,2.0,2664
44,950,3,6,1,69,0,0,1,0,0,34.5,2.0,2850
39,775,11,11,0,67,1,0,0,0,0,33.8,1.0,8525
34,666,13,14,1,81,0,0,0,1,1,40.5,1.0769230769230769,8658
25,687,2,6,1,77,0,0,1,0,0,38.5,3.0,1374
45,755,14,10,1,72,0,1,0,0,0,36.2,0.7142857142857143,10570
34,602,4,6,1,66,0,1,0,0,0,33.2,1.5,2408
30,796,4,2,1,99,0,0,0,0,0,49.5,0.5,3184
43,570,12,15,1,81,1,0,1,0,0,40.8,1.25,6840
38,840,11,15,1,86,0,0,0,1,1,43.0,1.3636363636363635,9240
27,647,1,4,1,65,1,0,0,0,0,32.8,4.0,647
42,950,11,12,1,82,0,0,0,1,1,41.0,1.0909090909090908,10450
41,633,2,3,1,67,0,0,0,0,0,33.5,1.5,1266
42,681,14,15,0,69,0,0,1,0,0,34.5,1.0714285714285714,9534
34,627,3,2,1,82,0,0,0,1,0,41.0,0.6666666666666666,1881
25,564,3,4,1,55,0,0,0,0,0,27.5,1.3333333333333333,1692
32,715,11,13,1,72,0,0,0,0,0,36.0,1.1818181818181819,7865
38,678,4,2,1,77,1,0,0,0,0,38.8,0.5,2712
36,725,3,2,1,91,0,0,0,1,0,45.5,0.6666666666666666,2175
44,629,2,5,1,62,0,1,0,0,0,31.2,2.5,1258
36,801,11,13,1,69,0,0,0,0,0,34.5,1.1818181818181819,8811
42,896,4,2,1,63,0,0,0,0,0,31.5,0.5,3584
37,722,12,13,1,89,0,0,0,1,1,44.5,1.0833333333333333,8664
40,685,4,6,1,78,1,0,0,0,0,39.3,1.5,2740
45,718,2,5,1,76,0,0,0,0,0,38.0,2.5,1436
43,719,11,13,1,86,0,1,0,1,1,43.2,1.1818181818181819,7909
34,479,4,3,0,72,0,0,0,0,0,36.0,0.75,1916
40,878,13,12,1,72,0,0,0,0,0,36.0,0.9230769230769231,11414
33,656,14,14,1,88,0,1,0,1,1,44.2,1.0,9184
40,836,11,10,0,83,0,0,0,1,0,41.5,0.9090909090909091,9196
34,772,4,2,0,73,0,0,0,0,0,36.5,0.5,3088
45,731,13,13,1,67,0,0,0,0,0,33.5,1.0,9503
45,733,12,11,0,86,0,0,0,0,0,43.0,0.9166666666666666,8796
41,550,4,6,1,55,0,1,0,0,0,27.7,1.5,2200
32,818,3,4,1,82,0,1,0,0,0,41.2,1.3333333333333333,2454
23,829,1,3,1,50,0,0,0,0,0,25.0,3.0,829
29,730,3,6,1,60,0,0,0,0,0,30.0,2.0,2190
27,863,3,4,1,61,1,0,0,0,0,30.8,1.3333333333333333,2589
42,726,14,14,1,72,0,0,0,0,0,36.0,1.0,10164
28,656,9,8,1,85,0,0,0,0,0,42.5,0.8888888888888888,5904
29,791,7,12,0,81,0,0,0,0,0,40.5,1.7142857142857142,5537
22,575,5,5,1,68,0,0,0,0,0,34.0,1.0,2875
29,584,3,2,1,75,0,0,0,0,0,37.5,0.6666666666666666,1752
31,892,13,12,1,77,0,0,0,0,0,38.5,0.9230769230769231,11596
29,708,7,7,1,65,0,0,0,0,0,32.5,1.0,4956
30,593,2,3,1,66,0,0,0,0,0,33.0,1.5,1186
38,765,14,10,0,56,1,0,0,0,0,28.3,0.7142857142857143,10710
34,782,4,2,1,79,0,0,0,0,0,39.5,0.5,3128
32,843,4,5,1,65,0,0,0,0,0,32.5,1.25,3372
39,758,2,5,1,68,0,0,1,0,0,34.0,2.5,1516
38,680,4,4,1,82,0,0,1,1,0,41.0,1.0,2720
29,616,9,7,1,64,0,0,0,0,0,32.0,0.7777777777777778,5544
44,614,2,2,1,70,0,1,0,0,0,35.2,1.0,1228
29,809,7,9,1,60,0,1,1,0,0,30.2,1.2857142857142858,5663
34,767,14,11,1,64,0,0,0,0,0,32.0,0.7857142857142857,10738
43,630,4,3,1,80,0,1,0,0,0,40.2,0.75,2520
23,742,3,6,1,73,0,0,0,0,0,36.5,2.0,2226
39,637,12,13,1,71,0,1,0,0,0,35.7,1.0833333333333333,7644
28,596,1,4,1,76,0,0,0,0,0,38.0,4.0,596
33,808,12,15,1,79,0,0,0,0,0,39.5,1.25,9696
26,785,7,8,1,86,1,1,0,1,1,43.5,1.1428571428571428,5495
31,687,12,10,1,69,0,0,1,0,0,34.5,0.8333333333333334,8244
32,527,3,2,1,69,0,0,0,0,0,34.5,0.6666666666666666,1581
31,605,13,15,1,73,0,0,0,0,0,36.5,1.1538461538461537,7865
27,763,1,4,1,67,0,1,0,0,0,33.7,4.0,763
26,779,1,6,0,67,0,1,0,0,0,33.7,6.0,779
36,755,4,3,0,83,1,0,0,1,0,41.8,0.75,3020
43,422,3,2,1,93,1,0,0,1,0,46.8,0.6666666666666666,1266
22,803,2,4,0,68,0,1,0,0,0,34.2,2.0,1606
31,649,2,4,1,76,0,0,0,0,0,38.0,2.0,1298
26,868,6,9,1,67,0,0,1,0,0,33.5,1.5,5208
29,684,10,13,1,80,0,1,1,0,1,40.2,1.3,6840
34,742,4,2,1,83,0,0,1,0,0,41.5,0.5,2968
36,810,4,4,0,76,0,0,0,0,0,38.0,1.0,3240
45,737,11,13,0,85,0,0,1,0,1,42.5,1.1818181818181819,8107
41,772,2,4,0,76,0,0,0,0,0,38.0,2.0,1544
24,695,1,5,1,68,0,0,0,0,0,34.0,5.0,695
34,723,11,14,1,67,0,0,0,0,0,33.5,1.2727272727272727,7953
29,678,10,15,1,71,1,0,0,0,0,35.8,1.5,6780
39,769,14,14,1,73,1,0,0,0,0,36.8,1.0,10766
30,638,14,14,1,81,0,1,1,1,1,40.7,1.0,8932
23,800,2,4,1,71,0,0,0,0,0,35.5,2.0,1600
33,689,13,14,1,75,0,0,0,0,0,37.5,1.0769230769230769,8957
25,676,9,11,1,65,0,0,0,0,0,32.5,1.2222222222222223,6084
43,690,2,5,1,65,0,1,0,0,0,32.7,2.5,1380
33,712,4,3,1,67,0,0,0,0,0,33.5,0.75,2848
40,560,4,6,1,90,0,1,0,1,0,45.2,1.5,2240
31,786,11,12,1,67,0,0,0,0,0,33.5,1.0909090909090908,8646
30,750,14,14,1,66,1,0,0,0,0,33.3,1.0,10500
35,743,2,4,0,82,0,1,0,1,0,41.2,2.0,1486
26,650,6,9,1,51,0,0,0,0,0,25.5,1.5,3900
30,847,2,6,0,83,0,1,1,0,0,41.7,3.0,1694
33,659,4,4,1,59,1,0,0,0,0,29.8,1.0,2636
24,734,2,2,1,54,0,0,0,0,0,27.0,1.0,1468
28,565,7,9,1,64,1,0,0,0,0,32.3,1.2857142857142858,3955
39,950,11,13,1,76,0,0,0,0,0,38.0,1.1818181818181819,10450
33,864,4,6,1,86,0,0,1,0,0,43.0,1.5,3456
44,802,3,6,1,50,0,0,0,0,0,25.0,2.0,2406
25,701,3,2,1,81,0,0,0,0,0,40.5,0.6666666666666666,2103
24,691,2,2,1,74,0,0,0,0,0,37.0,1.0,1382
25,950,3,5,0,65,0,0,0,0,0,32.5,1.6666666666666667,2850
33,653,4,5,1,67,1,0,0,0,0,33.8,1.25,2612
28,847,2,2,1,72,1,0,0,0,0,36.3,1.0,1694
22,947,4,3,1,88,0,0,0,0,0,44.0,0.75,3788
33,527,14,10,1,62,1,0,0,0,0,31.3,0.7142857142857143,7378
43,696,2,6,0,79,0,0,0,0,0,39.5,3.0,1392
27,724,6,7,0,72,0,1,0,0,0,36.2,1.1666666666666667,4344
40,680,4,4,1,70,0,0,1,0,0,35.0,1.0,2720
37,637,14,14,0,72,0,0,0,0,0,36.0,1.0,8918
45,676,2,3,0,73,0,0,1,0,0,36.5,1.5,1352
24,663,1,3,1,58,0,0,1,0,0,29.0,3.0,663
30,763,2,6,1,87,0,0,0,0,0,43.5,3.0,1526
38,720,12,15,1,68,1,0,0,0,0,34.3,1.25,8640
44,725,13,14,0,85,1,1,0,0,1,43.0,1.0769230769230769,9425
22,721,1,5,1,71,0,0,1,0,0,35.5,5.0,721
26,657,1,5,1,56,1,0,0,0,0,28.3,5.0,657
45,580,11,15,1,61,1,0,0,0,0,30.8,1.3636363636363635,6380
24,674,2,5,1,65,0,0,1,0,0,32.5,2.5,1348
32,762,12,15,0,85,1,0,0,1,1,42.8,1.25,9144
33,658,11,10,0,71,0,1,0,0,0,35.7,0.9090909090909091,7238
37,717,4,5,1,71,1,0,0,0,0,35.8,1.25,2868
45,688,13,15,1,91,1,0,0,1,1,45.8,1.1538461538461537,8944
35,667,14,15,1,73,0,0,1,0,0,36.5,1.0714285714285714,9338
40,810,11,14,1,67,0,0,1,0,0,33.5,1.2727272727272727,8910
31,596,3,5,1,83,0,0,1,0,0,41.5,1.6666666666666667,1788
36,678,14,10,1,68,0,0,0,0,0,34.0,0.7142857142857143,9492
42,726,14,14,1,79,0,0,0,0,0,39.5,1.0,10164
24,762,4,5,1,82,0,0,0,0,0,41.0,1.25,3048
40,780,2,6,1,59,0,0,0,0,0,29.5,3.0,1560
36,748,14,12,1,72,0,0,1,0,0,36.0,0.8571428571428571,10472
31,658,2,2,0,72,0,0,0,0,0,36.0,1.0,1316
36,738,4,3,1,66,0,1,0,0,0,33.2,0.75,2952
38,589,13,12,1,69,0,1,0,0,0,34.7,0.9230769230769231,7657
44,718,14,14,0,74,0,0,1,0,0,37.0,1.0,10052
32,702,12,11,1,70,1,0,1,0,0,35.3,0.9166666666666666,8424
42,578,13,11,1,60,0,1,0,0,0,30.2,0.8461538461538461,7514
22,582,2,5,1,75,0,1,0,0,0,37.7,2.5,1164
38,847,11,11,1,83,0,0,1,0,0,41.5,1.0,9317
32,654,2,4,1,73,0,0,0,0,0,36.5,2.0,1308
33,675,4,4,1,85,1,0,1,1,0,42.8,1.0,2700
43,623,12,11,1,70,1,0,0,0,0,35.3,0.9166666666666666,7476
30,720,12,12,0,76,0,0,0,0,0,38.0,1.0,8640
28,631,1,6,1,96,0,0,0,0,0,48.0,6.0,631
29,786,3,4,1,76,1,0,0,0,0,38.3,1.3333333333333333,2358
30,648,12,13,1,71,0,0,0,0,0,35.5,1.0833333333333333,7776
28,737,3,4,1,71,1,0,0,0,0,35.8,1.3333333333333333,2211
30,869,13,10,1,77,1,0,1,0,0,38.8,0.7692307692307693,11297
42,688,14,11,1,68,0,0,1,0,0,34.0,0.7857142857142857,9632
43,803,3,6,1,59,1,0,0,0,0,29.8,2.0,2409
37,597,14,14,1,65,1,1,0,0,0,33.0,1.0,8358
43,687,12,15,1,81,1,0,0,1,1,40.8,1.25,8244
45,746,2,4,0,67,1,0,0,0,0,33.8,2.0,1492
28,725,1,2,0,78,0,0,0,0,0,39.0,2.0,725
30,800,3,2,1,71,0,0,0,0,0,35.5,0.6666666666666666,2400
28,674,8,8,1,73,0,0,0,0,0,36.5,1.0,5392
27,865,1,6,1,77,0,1,0,0,0,38.7,6.0,865
39,599,11,12,1,76,0,0,0,0,0,38.0,1.0909090909090908,6589
44,723,12,13,1,78,0,1,0,0,0,39.2,1.0833333333333333,8676
28,784,3,4,1,87,0,0,0,0,0,43.5,1.3333333333333333,2352
37,899,14,12,1,81,1,0,0,1,1,40.8,0.8571428571428571,12586
38,712,13,14,1,72,1,0,0,0,0,36.3,1.0769230769230769,9256
36,441,2,4,1,75,0,0,0,0,0,37.5,2.0,882
37,827,13,11,1,75,1,0,0,0,0,37.8,0.8461538461538461,10751
22,681,3,6,1,75,0,0,0,0,0,37.5,2.0,2043
24,707,1,6,0,52,0,0,1,0,0,26.0,6.0,707
27,607,3,2,0,75,0,1,0,0,0,37.7,0.6666666666666666,1821
34,617,11,15,0,74,0,0,0,0,0,37.0,1.3636363636363635,6787
41,666,14,12,1,73,0,0,0,0,0,36.5,0.8571428571428571,9324
35,702,13,11,1,62,0,0,0,0,0,31.0,0.8461538461538461,9126
39,646,2,4,0,59,0,0,1,0,0,29.5,2.0,1292
41,489,4,5,1,52,0,0,0,0,0,26.0,1.25,1956
44,646,2,4,1,78,0,1,0,0,0,39.2,2.0,1292
43,729,3,2,1,80,1,0,0,0,0,40.3,0.6666666666666666,2187
29,649,10,15,1,83,0,0,0,0,0,41.5,1.5,6490
26,879,3,6,1,76,1,1,0,0,0,38.5,2.0,2637
25,756,8,7,1,55,1,1,0,0,0,28.0,0.875,6048
43,820,2,6,1,73,0,0,0,0,0,36.5,3.0,1640
32,655,4,4,1,81,0,0,0,0,0,40.5,1.0,2620
24,735,3,4,1,87,0,0,0,0,0,43.5,1.3333333333333333,2205
30,693,4,6,1,46,0,0,0,0,0,23.0,1.5,2772
23,879,5,2,1,73,0,0,0,0,0,36.5,0.4,4395
43,651,2,4,1,69,0,0,0,0,0,34.5,2.0,1302
28,663,2,2,1,80,0,0,1,0,0,40.0,1.0,1326
28,833,7,12,1,88,0,0,1,0,1,44.0,1.7142857142857142,5831
27,619,2,6,1,78,0,0,0,0,0,39.0,3.0,1238
42,600,3,5,0,72,0,0,0,0,0,36.0,1.6666666666666667,1800
43,556,3,3,1,62,0,1,0,0,0,31.2,1.0,1668
38,585,11,10,0,92,1,1,1,1,1,46.5,0.9090909090909091,6435
33,619,12,14,1,88,0,0,0,1,1,44.0,1.1666666666666667,7428
37,772,14,13,1,72,0,0,0,0,0,36.0,0.9285714285714286,10808
36,722,2,6,1,83,0,0,0,0,0,41.5,3.0,1444
42,494,13,11,1,75,0,0,0,0,0,37.5,0.8461538461538461,6422
24,668,3,3,0,68,1,0,1,0,0,34.3,1.0,2004
37,593,4,5,0,92,0,0,0,1,0,46.0,1.25,2372
37,652,4,2,1,83,0,0,0,1,0,41.5,0.5,2608
44,723,2,2,1,78,0,1,1,0,0,39.2,1.0,1446
27,578,3,3,1,64,0,0,0,0,0,32.0,1.0,1734
24,350,1,2,0,81,0,1,1,1,0,40.7,2.0,350
35,787,4,3,1,89,0,0,1,1,0,44.5,0.75,3148
34,739,3,6,1,59,1,0,1,0,0,29.8,2.0,2217
23,771,2,3,1,73,0,0,0,0,0,36.5,1.5,1542
27,573,3,4,1,78,0,0,0,0,0,39.0,1.3333333333333333,1719
34,676,3,4,0,47,0,0,0,0,0,23.5,1.3333333333333333,2028
28,832,9,8,1,82,0,0,0,0,0,41.0,0.8888888888888888,7488
33,631,12,14,1,94,0,1,1,0,1,47.2,1.1666666666666667,7572
40,749,4,3,1,65,0,1,0,0,0,32.7,0.75,2996
42,657,3,6,1,83,0,0,1,0,0,41.5,2.0,1971
44,767,11,12,1,77,0,0,0,0,0,38.5,1.0909090909090908,8437
39,833,2,4,1,68,0,0,0,0,0,34.0,2.0,1666
38,896,2,4,1,79,0,0,0,0,0,39.5,2.0,1792
26,765,3,6,1,85,1,0,0,0,0,42.8,2.0,2295
39,622,12,13,1,86,0,0,1,0,1,43.0,1.0833333333333333,7464
25,813,10,11,1,92,0,0,0,1,1,46.0,1.1,8130
33,764,2,2,0,71,0,0,0,0,0,35.5,1.0,1528
22,670,2,6,1,65,0,0,1,0,0,32.5,3.0,1340
26,569,1,2,1,88,0,0,0,1,0,44.0,2.0,569
38,857,11,14,1,73,1,0,0,0,1,36.8,1.2727272727272727,9427
22,707,3,5,1,77,0,0,1,0,0,38.5,1.6666666666666667,2121
22,646,2,5,1,87,0,0,0,0,0,43.5,2.5,1292
27,849,1,5,1,80,0,0,0,0,0,40.0,5.0,849
37,628,12,10,1,58,0,0,0,0,0,29.0,0.8333333333333334,7536
44,732,13,12,1,73,1,0,0,0,0,36.8,0.9230769230769231,9516
33,676,4,3,1,66,0,0,0,0,0,33.0,0.75,2704
37,619,3,5,1,79,1,0,0,0,0,39.8,1.6666666666666667,1857
45,578,4,5,1,72,0,0,0,0,0,36.0,1.25,2312
28,521,10,11,0,97,0,0,0,0,0,48.5,1.1,5210
37,882,11,15,1,69,0,0,1,0,0,34.5,1.3636363636363635,9702
32,670,3,4,1,66,0,0,1,0,0,33.0,1.3333333333333333,2010
44,714,2,2,1,80,0,0,0,0,0,40.0,1.0,1428
44,846,13,15,1,73,0,0,0,0,0,36.5,1.1538461538461537,10998
34,918,13,12,1,84,0,0,1,1,1,42.0,0.9230769230769231,11934
39,660,11,11,1,70,0,0,0,0,0,35.0,1.0,7260
35,722,3,3,1,87,0,1,0,0,0,43.7,1.0,2166
23,868,3,6,1,78,0,0,1,0,0,39.0,2.0,2604
32,630,11,12,0,57,0,0,0,0,0,28.5,1.0909090909090908,6930
39,581,13,15,1,78,0,0,0,0,0,39.0,1.1538461538461537,7553
41,623,13,10,1,74,0,0,1,0,0,37.0,0.7692307692307693,8099
22,701,3,6,1,84,1,0,0,0,0,42.3,2.0,2103
24,661,4,5,1,80,0,0,0,0,0,40.0,1.25,2644
42,675,2,3,1,62,0,0,0,0,0,31.0,1.5,1350
30,824,14,15,1,92,0,0,0,0,1,46.0,1.0714285714285714,11536
24,790,1,3,1,81,0,0,0,0,0,40.5,3.0,790
37,899,3,2,0,77,1,0,1,0,0,38.8,0.6666666666666666,2697
36,692,13,12,1,72,0,0,1,0,0,36.0,0.9230769230769231,8996
27,749,1,2,0,78,0,1,0,0,0,39.2,2.0,749
29,694,1,4,1,71,0,1,0,0,0,35.7,4.0,694
28,637,1,5,1,72,0,0,0,0,0,36.0,5.0,637
39,615,2,5,0,76,1,1,1,0,0,38.5,2.5,1230
25,672,3,6,1,57,0,0,0,0,0,28.5,2.0,2016
23,622,3,6,1,78,0,0,0,0,0,39.0,2.0,1866
39,658,2,5,1,72,0,0,0,0,0,36.0,2.5,1316
43,442,4,6,1,86,0,0,0,1,0,43.0,1.5,1768
25,597,7,11,1,79,0,0,1,0,0,39.5,1.5714285714285714,4179
39,665,14,11,1,65,0,0,0,0,0,32.5,0.7857142857142857,9310
45,653,2,3,1,85,0,1,0,0,0,42.7,1.5,1306
42,697,12,14,1,75,0,0,0,0,0,37.5,1.1666666666666667,8364
39,848,11,10,1,75,0,1,0,0,0,37.7,0.9090909090909091,9328
36,561,3,4,1,85,0,0,0,1,0,42.5,1.3333333333333333,1683
35,692,14,12,1,99,0,0,0,1,1,49.5,0.8571428571428571,9688
29,512,3,4,1,70,1,1,0,0,0,35.5,1.3333333333333333,1536
43,621,13,11,1,61,1,0,0,0,0,30.8,0.8461538461538461,8073
33,798,4,2,1,61,0,0,0,0,0,30.5,0.5,3192
32,771,3,4,0,69,0,0,0,0,0,34.5,1.3333333333333333,2313
28,843,1,4,1,73,0,0,0,0,0,36.5,4.0,843
44,614,4,5,1,83,1,0,1,1,0,41.8,1.25,2456
39,744,12,14,1,69,0,0,0,0,0,34.5,1.1666666666666667,8928
22,708,4,5,1,86,0,0,1,1,0,43.0,1.25,2832
41,861,14,12,0,63,0,0,0,0,0,31.5,0.8571428571428571,12054
44,715,12,11,1,88,0,0,0,1,1,44.0,0.9166666666666666,8580
39,783,14,14,0,78,0,0,0,0,0,39.0,1.0,10962
38,828,2,4,0,69,0,0,0,0,0,34.5,2.0,1656
38,725,2,2,1,72,1,0,0,0,0,36.3,1.0,1450
32,787,13,10,1,80,1,0,1,0,0,40.3,0.7692307692307693,10231
29,658,6,11,1,72,0,0,1,0,0,36.0,1.8333333333333333,3948
36,569,12,14,0,80,0,0,0,0,0,40.0,1.1666666666666667,6828
34,546,4,3,1,85,0,0,1,1,0,42.5,0.75,2184
35,555,3,2,1,80,1,0,0,0,0,40.3,0.6666666666666666,1665
36,638,2,3,1,45,0,0,1,0,0,22.5,1.5,1276
33,742,4,4,1,63,0,1,0,0,0,31.7,1.0,2968
41,711,4,6,1,70,0,0,0,0,0,35.0,1.5,2844
37,775,2,4,1,84,0,0,0,0,0,42.0,2.0,1550
27,659,1,5,1,94,1,0,0,1,0,47.3,5.0,659
23,572,2,2,1,67,1,1,0,0,0,34.0,1.0,1144
30,655,12,11,0,75,0,0,0,0,0,37.5,0.9166666666666666,7860
40,655,12,11,0,74,1,0,0,0,0,37.3,0.9166666666666666,7860
37,551,4,3,0,76,0,0,0,0,0,38.0,0.75,2204
29,745,1,6,1,53,0,0,0,0,0,26.5,6.0,745
22,717,5,5,1,73,0,0,0,0,0,36.5,1.0,3585
44,564,3,6,1,79,0,0,0,0,0,39.5,2.0,1692
41,845,3,5,0,86,0,0,0,1,0,43.0,1.6666666666666667,2535
44,567,12,15,1,70,1,0,0,0,0,35.3,1.25,6804
28,700,9,12,1,74,0,1,0,0,0,37.2,1.3333333333333333,6300
24,788,3,4,1,67,0,0,0,0,0,33.5,1.3333333333333333,2364
26,596,6,10,1,78,0,1,1,0,0,39.2,1.6666666666666667,3576
36,712,2,5,1,69,0,1,0,0,0,34.7,2.5,1424
40,936,3,2,1,76,0,0,0,0,0,38.0,0.6666666666666666,2808
42,822,14,14,1,74,0,0,0,0,0,37.0,1.0,11508
39,877,12,10,1,69,1,1,1,0,0,35.0,0.8333333333333334,10524
30,622,11,12,1,79,0,1,0,0,0,39.7,1.0909090909090908,6842
40,710,3,5,0,89,1,0,0,1,0,44.8,1.6666666666666667,2130
42,546,4,3,1,77,0,0,0,0,0,38.5,0.75,2184
37,698,14,11,1,80,0,0,1,0,0,40.0,0.7857142857142857,9772
38,853,11,13,1,68,0,0,0,0,0,34.0,1.1818181818181819,9383
22,538,4,5,1,81,1,0,0,1,0,40.8,1.25,2152
29,768,10,13,1,73,0,0,0,0,0,36.5,1.3,7680
34,693,4,6,1,77,0,0,0,0,0,38.5,1.5,2772
35,729,3,2,1,53,0,0,0,0,0,26.5,0.6666666666666666,2187
23,599,5,5,1,75,1,0,0,0,0,37.8,1.0,2995
30,622,2,6,1,78,0,0,1,0,0,39.0,3.0,1244
32,880,2,6,1,68,1,0,1,0,0,34.3,3.0,1760
39,666,3,4,0,85,1,0,0,0,0,42.8,1.3333333333333333,1998
24,834,3,5,1,85,0,0,1,1,0,42.5,1.6666666666666667,2502
22,589,3,6,1,58,0,1,0,0,0,29.2,2.0,1767
23,728,5,5,1,63,0,1,0,0,0,31.7,1.0,3640
41,514,14,15,0,75,0,0,0,0,0,37.5,1.0714285714285714,7196
29,764,2,5,0,77,0,1,1,0,0,38.7,2.5,1528
25,561,2,6,1,95,0,0,0,0,0,47.5,3.0,1122
23,658,1,4,1,81,0,0,0,0,0,40.5,4.0,658
28,723,1,2,1,85,0,0,1,1,0,42.5,2.0,723
30,619,2,5,1,65,0,0,1,0,0,32.5,2.5,1238
31,676,14,12,1,81,0,0,0,1,1,40.5,0.8571428571428571,9464
25,587,2,6,1,67,1,1,0,0,0,34.0,3.0,1174
24,734,1,4,1,56,0,0,0,0,0,28.0,4.0,734
37,627,3,3,1,80,0,0,0,0,0,40.0,1.0,1881
44,705,12,11,1,64,0,1,0,0,0,32.2,0.9166666666666666,8460
45,411,3,3,0,64,0,1,0,0,0,32.2,1.0,1233
32,682,12,12,0,77,1,0,0,0,0,38.8,1.0,8184
22,709,3,5,1,63,1,1,1,0,0,32.0,1.6666666666666667,2127
31,758,11,14,1,61,0,0,0,0,0,30.5,1.2727272727272727,8338
28,618,2,3,1,58,1,0,0,0,0,29.3,1.5,1236
29,718,6,12,1,57,0,1,0,0,0,28.7,2.0,4308
29,867,2,2,1,64,0,1,0,0,0,32.2,1.0,1734
41,558,3,2,1,77,0,0,0,0,0,38.5,0.6666666666666666,1674
22,657,4,5,0,90,0,0,0,1,0,45.0,1.25,2628
24,743,3,6,1,88,1,0,0,1,0,44.3,2.0,2229
44,601,2,6,1,88,1,0,0,1,0,44.3,3.0,1202
33,694,14,10,1,70,0,0,0,0,0,35.0,0.7142857142857143,9716
30,617,12,12,1,84,0,0,0,0,0,42.0,1.0,7404
40,737,2,5,1,79,0,0,0,0,0,39.5,2.5,1474
22,572,3,5,1,79,0,1,0,0,0,39.7,1.6666666666666667,1716
35,731,13,15,1,70,0,0,0,0,0,35.0,1.1538461538461537,9503
35,753,3,6,1,87,0,0,0,0,0,43.5,2.0,2259
35,574,14,14,1,83,0,0,0,1,0,41.5,1.0,8036
39,607,4,4,1,83,1,0,0,0,0,41.8,1.0,2428
35,770,14,10,1,80,1,0,1,0,0,40.3,0.7142857142857143,10780
43,557,4,6,1,68,0,0,0,0,0,34.0,1.5,2228
36,702,14,14,1,64,0,0,0,0,0,32.0,1.0,9828
34,604,2,3,1,69,1,0,0,0,0,34.8,1.5,1208
42,659,2,5,1,51,0,0,0,0,0,25.5,2.5,1318
39,587,12,13,1,70,0,0,0,0,0,35.0,1.0833333333333333,7044
25,562,2,5,1,77,0,0,0,0,0,38.5,2.5,1124
29,468,9,8,1,61,0,0,1,0,0,30.5,0.8888888888888888,4212
28,446,10,12,1,88,0,1,0,0,1,44.2,1.2,4460
26,568,1,6,0,69,0,0,1,0,0,34.5,6.0,568
41,776,3,5,1,69,0,0,0,0,0,34.5,1.6666666666666667,2328
24,621,3,6,1,75,0,0,0,0,0,37.5,2.0,1863
40,758,3,5,1,83,0,0,1,0,0,41.5,1.6666666666666667,2274
43,705,4,4,1,84,0,0,0,0,0,42.0,1.0,2820
28,693,2,3,1,76,1,0,0,0,0,38.3,1.5,1386
41,850,4,4,1,75,1,1,0,0,0,38.0,1.0,3400
25,669,6,10,1,72,0,0,1,0,0,36.0,1.6666666666666667,4014
34,765,4,3,0,68,0,0,0,0,0,34.0,0.75,3060
36,724,11,15,1,79,0,0,0,0,0,39.5,1.3636363636363635,7964
26,751,3,3,1,73,0,0,0,0,0,36.5,1.0,2253
24,649,4,6,1,80,0,1,0,0,0,40.2,1.5,2596
27,806,9,10,1,59,0,0,1,0,0,29.5,1.1111111111111112,7254
45,662,11,10,1,86,0,0,1,0,0,43.0,0.9090909090909091,7282
22,631,1,2,0,76,0,1,0,0,0,38.2,2.0,631
22,845,3,5,0,90,0,0,0,1,0,45.0,1.6666666666666667,2535
24,470,3,5,0,71,0,0,0,0,0,35.5,1.6666666666666667,1410
23,710,2,3,0,71,0,1,0,0,0,35.7,1.5,1420
37,852,12,13,1,87,0,0,1,0,1,43.5,1.0833333333333333,10224
40,715,4,4,0,65,0,0,1,0,0,32.5,1.0,2860
42,674,12,12,1,66,0,1,0,0,0,33.2,1.0,8088
26,643,7,12,0,71,0,0,1,0,0,35.5,1.7142857142857142,4501
36,624,11,13,0,85,0,0,0,1,1,42.5,1.1818181818181819,6864
25,773,1,3,1,66,0,1,0,0,0,33.2,3.0,773
34,780,12,11,1,79,1,0,0,0,0,39.8,0.9166666666666666,9360
22,802,4,3,1,80,0,1,0,0,0,40.2,0.75,3208
28,783,8,11,1,97,0,0,0,1,0,48.5,1.375,6264
41,805,3,6,1,71,0,1,1,0,0,35.7,2.0,2415
27,735,1,4,0,94,0,0,0,0,0,47.0,4.0,735
33,737,2,3,1,64,0,1,0,0,0,32.2,1.5,1474
36,666,13,10,1,68,0,1,1,0,0,34.2,0.7692307692307693,8658
44,789,14,12,1,68,0,0,0,0,0,34.0,0.8571428571428571,11046
33,691,11,11,1,86,0,1,1,0,1,43.2,1.0,7601
28,605,2,4,1,77,0,0,1,0,0,38.5,2.0,1210
34,813,3,2,1,84,0,1,0,0,0,42.2,0.6666666666666666,2439
33,725,11,11,1,60,0,0,1,0,0,30.0,1.0,7975
39,690,14,10,1,71,0,0,0,0,0,35.5,0.7142857142857143,9660
27,891,9,8,1,83,0,0,0,0,0,41.5,0.8888888888888888,8019
29,703,2,6,1,82,0,0,0,1,0,41.0,3.0,1406
31,551,12,11,1,91,1,1,0,0,0,46.0,0.9166666666666666,6612
35,814,4,6,1,70,1,1,0,0,0,35.5,1.5,3256
27,839,7,9,0,69,0,1,0,0,0,34.7,1.2857142857142858,5873
35,630,13,14,0,83,1,0,1,1,1,41.8,1.0769230769230769,8190
26,680,7,12,1,62,1,0,0,0,0,31.3,1.7142857142857142,4760
40,723,14,15,1,60,1,0,0,0,0,30.3,1.0714285714285714,10122
25,614,8,11,1,66,0,1,1,0,0,33.2,1.375,4912
26,755,1,4,1,88,0,0,0,0,0,44.0,4.0,755
32,621,4,4,1,76,1,1,0,0,0,38.5,1.0,2484
30,665,3,5,0,69,0,0,0,0,0,34.5,1.6666666666666667,1995
38,600,4,5,0,79,0,0,0,0,0,39.5,1.25,2400
27,562,10,12,0,52,0,0,1,0,0,26.0,1.2,5620
28,660,10,13,1,77,0,0,0,0,0,38.5,1.3,6600
44,782,12,11,1,91,1,0,0,0,0,45.8,0.9166666666666666,9384
36,797,14,12,1,74,1,1,0,0,1,37.5,0.8571428571428571,11158
34,384,3,6,1,80,0,0,0,0,0,40.0,2.0,1152
34,756,3,5,1,61,0,0,1,0,0,30.5,1.6666666666666667,2268
40,883,3,3,1,79,1,0,0,0,0,39.8,1.0,2649
30,680,14,13,1,60,0,1,0,0,0,30.2,0.9285714285714286,9520
39,695,13,11,1,74,0,0,0,0,0,37.0,0.8461538461538461,9035
25,717,7,11,1,73,0,1,0,0,0,36.7,1.5714285714285714,5019
44,657,14,12,1,71,0,0,0,0,0,35.5,0.8571428571428571,9198
40,769,3,3,1,83,1,0,0,0,0,41.8,1.0,2307
44,619,12,15,1,63,0,0,1,0,0,31.5,1.25,7428
38,837,2,3,0,85,0,0,0,0,0,42.5,1.5,1674
23,709,3,3,1,67,0,0,0,0,0,33.5,1.0,2127
34,758,13,14,1,67,0,1,1,0,0,33.7,1.0769230769230769,9854
28,679,7,8,1,68,1,0,0,0,0,34.3,1.1428571428571428,4753
32,646,12,15,1,77,0,1,1,0,1,38.7,1.25,7752
27,598,6,11,0,85,0,0,1,1,0,42.5,1.8333333333333333,3588
29,658,6,8,0,76,1,0,0,0,0,38.3,1.3333333333333333,3948
26,604,8,10,1,85,0,0,1,1,0,42.5,1.25,4832
32,707,13,13,1,65,0,0,0,0,0,32.5,1.0,9191
27,760,6,8,1,85,0,0,0,1,0,42.5,1.3333333333333333,4560
27,678,7,7,1,83,1,0,0,1,0,41.8,1.0,4746
42,783,2,5,0,77,0,0,0,0,0,38.5,2.5,1566
28,783,9,8,1,74,0,0,1,0,0,37.0,0.8888888888888888,7047
36,574,3,4,1,64,0,1,0,0,0,32.2,1.3333333333333333,1722
40,719,3,4,1,78,0,0,0,0,0,39.0,1.3333333333333333,2157
28,733,6,9,1,55,1,0,0,0,0,27.8,1.5,4398
22,860,1,3,1,71,0,0,0,0,0,35.5,3.0,860
33,647,13,11,0,82,0,0,0,0,0,41.0,0.8461538461538461,8411
40,748,3,4,1,66,0,0,0,0,0,33.0,1.3333333333333333,2244
24,783,5,2,1,72,1,0,0,0,0,36.3,0.4,3915
37,595,14,11,1,57,1,0,0,0,0,28.8,0.7857142857142857,8330
28,825,7,10,1,64,0,0,1,0,0,32.0,1.4285714285714286,5775
34,738,13,14,1,63,0,0,1,0,0,31.5,1.0769230769230769,9594
38,720,13,10,1,67,0,0,1,0,0,33.5,0.7692307692307693,9360
22,772,2,6,1,87,0,0,1,1,0,43.5,3.0,1544
37,641,3,5,1,52,0,0,0,0,0,26.0,1.6666666666666667,1923
28,697,2,6,1,90,0,0,1,1,0,45.0,3.0,1394
42,826,4,5,1,67,0,0,0,0,0,33.5,1.25,3304
41,777,11,10,1,81,0,0,0,1,0,40.5,0.9090909090909091,8547
24,701,2,6,1,75,0,0,0,0,0,37.5,3.0,1402
30,782,14,12,1,57,0,0,0,0,0,28.5,0.8571428571428571,10948
31,673,4,2,1,57,0,1,0,0,0,28.7,0.5,2692
39,565,2,5,1,58,0,1,0,0,0,29.2,2.5,1130
38,754,3,4,1,65,0,0,1,0,0,32.5,1.3333333333333333,2262
26,804,6,8,1,70,0,0,0,0,0,35.0,1.3333333333333333,4824
38,866,11,10,0,62,0,0,0,0,0,31.0,0.9090909090909091,9526
36,727,2,6,1,69,0,0,0,0,0,34.5,3.0,1454
37,654,4,2,1,76,0,0,0,0,0,38.0,0.5,2616
42,581,3,6,1,90,1,1,0,1,0,45.5,2.0,1743
40,751,4,4,1,66,1,0,0,0,0,33.3,1.0,3004
36,787,13,10,1,79,0,0,1,0,0,39.5,0.7692307692307693,10231
29,605,3,3,1,60,1,1,0,0,0,30.5,1.0,1815
28,808,10,12,0,68,0,0,1,0,0,34.0,1.2,8080
27,517,7,12,1,71,0,0,1,0,0,35.5,1.7142857142857142,3619
28,525,3,4,1,81,0,0,0,1,0,40.5,1.3333333333333333,1575
37,602,12,13,1,48,0,0,1,0,0,24.0,1.0833333333333333,7224
34,681,3,3,1,60,0,1,0,0,0,30.2,1.0,2043
25,804,1,4,1,87,1,0,0,1,0,43.8,4.0,804
23,721,3,5,1,57,0,0,0,0,0,28.5,1.6666666666666667,2163
27,943,2,5,1,93,0,1,0,0,0,46.7,2.5,1886
31,580,3,5,1,71,0,0,1,0,0,35.5,1.6666666666666667,1740
26,758,7,8,1,82,0,1,0,0,0,41.2,1.1428571428571428,5306
23,569,3,4,1,61,0,1,0,0,0,30.7,1.3333333333333333,1707
28,753,9,8,1,82,0,0,0,0,0,41.0,0.8888888888888888,6777
41,798,2,4,1,88,1,0,0,0,0,44.3,2.0,1596
45,706,14,15,1,79,0,0,0,0,0,39.5,1.0714285714285714,9884
40,747,4,5,1,70,0,0,0,0,0,35.0,1.25,2988
26,727,2,4,1,73,0,0,0,0,0,36.5,2.0,1454
35,613,4,3,1,76,0,0,0,0,0,38.0,0.75,2452
42,834,12,13,1,68,0,1,0,0,0,34.2,1.0833333333333333,10008
37,683,14,10,1,73,0,0,0,0,0,36.5,0.7142857142857143,9562
37,822,3,5,1,65,0,0,0,0,0,32.5,1.6666666666666667,2466
34,821,14,12,1,71,0,1,0,0,1,35.7,0.8571428571428571,11494
41,649,4,5,0,69,0,1,0,0,0,34.7,1.25,2596
28,620,9,9,1,88,1,0,1,0,0,44.3,1.0,5580
30,674,2,6,1,79,0,0,1,0,0,39.5,3.0,1348
32,777,13,10,1,93,0,0,1,1,1,46.5,0.7692307692307693,10101
36,782,4,4,0,47,0,1,0,0,0,23.7,1.0,3128
29,683,3,5,0,67,1,0,0,0,0,33.8,1.6666666666666667,2049
33,687,14,11,0,79,0,0,0,0,0,39.5,0.7857142857142857,9618
42,680,11,11,1,51,1,0,1,0,0,25.8,1.0,7480
32,664,3,6,0,74,0,0,0,0,0,37.0,2.0,1992
44,667,14,11,1,77,1,1,1,0,0,39.0,0.7857142857142857,9338
32,669,2,6,0,86,0,0,0,0,0,43.0,3.0,1338
24,561,3,2,1,72,0,0,1,0,0,36.0,0.6666666666666666,1683
31,703,13,11,1,73,0,1,0,0,0,36.7,0.8461538461538461,9139
29,672,3,6,0,81,0,0,0,0,0,40.5,2.0,2016
30,739,12,15,1,65,0,0,0,0,0,32.5,1.25,8868
30,626,3,2,0,75,1,0,0,0,0,37.8,0.6666666666666666,1878
26,681,3,3,1,64,0,0,0,0,0,32.0,1.0,2043
31,807,3,6,0,71,0,1,0,0,0,35.7,2.0,2421
36,653,3,6,1,76,0,0,0,0,0,38.0,2.0,1959
30,610,12,15,1,78,1,1,1,0,1,39.5,1.25,7320
31,756,2,3,1,66,0,0,0,0,0,33.0,1.5,1512
28,636,7,11,0,77,0,0,1,0,0,38.5,1.5714285714285714,4452
29,679,10,10,1,76,1,0,0,0,0,38.3,1.0,6790
28,692,9,8,1,86,0,0,0,1,0,43.0,0.8888888888888888,6228
34,950,12,15,1,73,0,0,0,0,0,36.5,1.25,11400
39,609,2,6,1,69,0,0,0,0,0,34.5,3.0,1218
39,732,12,15,1,87,0,1,0,1,1,43.7,1.25,8784
25,623,7,12,0,61,0,0,0,0,0,30.5,1.7142857142857142,4361
36,651,13,11,0,81,0,1,0,1,0,40.7,0.8461538461538461,8463
36,493,3,3,1,89,0,1,0,1,0,44.7,1.0,1479
34,838,11,13,1,81,0,1,0,1,1,40.7,1.1818181818181819,9218
25,664,2,5,1,81,0,0,1,0,0,40.5,2.5,1328
33,740,12,13,1,79,0,0,0,0,0,39.5,1.0833333333333333,8880
40,651,4,5,1,69,0,1,0,0,0,34.7,1.25,2604
23,672,4,5,1,69,0,0,0,0,0,34.5,1.25,2688
27,854,3,2,1,80,0,0,1,0,0,40.0,0.6666666666666666,2562
28,631,7,12,1,80,0,0,0,0,0,40.0,1.7142857142857142,4417
24,790,1,5,0,63,0,0,1,0,0,31.5,5.0,790
25,507,1,3,1,70,0,0,0,0,0,35.0,3.0,507
38,590,11,15,1,86,0,0,0,0,0,43.0,1.3636363636363635,6490
22,773,1,6,0,65,0,0,0,0,0,32.5,6.0,773
42,678,3,5,0,70,0,1,0,0,0,35.2,1.6666666666666667,2034
26,706,10,11,1,86,0,0,1,1,1,43.0,1.1,7060
41,461,14,14,1,86,0,0,0,1,1,43.0,1.0,6454
37,585,12,11,0,71,0,0,1,0,0,35.5,0.9166666666666666,7020
35,633,14,13,1,75,0,0,0,0,0,37.5,0.9285714285714286,8862
36,660,4,2,1,87,0,0,1,0,0,43.5,0.5,2640
29,868,10,15,0,77,0,0,0,0,0,38.5,1.5,8680
23,602,3,5,1,74,0,0,0,0,0,37.0,1.6666666666666667,1806
41,773,2,3,1,66,0,1,0,0,0,33.2,1.5,1546
27,590,3,6,1,66,0,0,0,0,0,33.0,2.0,1770
22,569,1,6,1,75,1,0,0,0,0,37.8,6.0,569
27,719,1,5,1,92,0,1,0,0,0,46.2,5.0,719
33,654,4,2,1,83,0,0,1,0,0,41.5,0.5,2616
41,612,12,12,0,78,0,0,0,0,0,39.0,1.0,7344
38,581,4,2,1,76,0,0,1,0,0,38.0,0.5,2324
31,690,13,10,1,60,0,0,0,0,0,30.0,0.7692307692307693,8970
25,526,7,7,1,88,0,0,1,0,0,44.0,1.0,3682
26,677,1,2,1,85,0,0,0,1,0,42.5,2.0,677
39,692,3,2,1,67,0,0,0,0,0,33.5,0.6666666666666666,2076
28,784,1,5,1,65,0,0,0,0,0,32.5,5.0,784
34,583,14,15,1,79,0,0,1,0,0,39.5,1.0714285714285714,8162
33,784,3,6,0,84,0,0,1,1,0,42.0,2.0,2352
26,737,3,6,1,80,0,0,0,0,0,40.0,2.0,2211
34,680,2,5,1,64,0,1,0,0,0,32.2,2.5,1360
45,498,2,5,0,81,0,0,0,0,0,40.5,2.5,996
34,608,3,3,1,78,0,1,1,0,0,39.2,1.0,1824
37,781,13,11,1,68,0,0,0,0,0,34.0,0.8461538461538461,10153
31,674,14,10,1,89,0,0,0,0,0,44.5,0.7142857142857143,9436
28,806,1,4,1,79,0,0,0,0,0,39.5,4.0,806
33,658,14,13,1,69,0,0,1,0,0,34.5,0.9285714285714286,9212
35,781,14,10,1,71,0,0,1,0,0,35.5,0.7142857142857143,10934
44,818,2,6,1,76,0,0,0,0,0,38.0,3.0,1636
36,737,3,5,1,83,0,0,0,1,0,41.5,1.6666666666666667,2211
33,727,4,6,1,66,0,0,1,0,0,33.0,1.5,2908
34,809,11,15,1,83,0,0,0,0,0,41.5,1.3636363636363635,8899
32,643,3,2,0,75,0,0,0,0,0,37.5,0.6666666666666666,1929
36,488,4,3,1,77,0,0,1,0,0,38.5,0.75,1952
27,636,2,5,1,77,0,1,0,0,0,38.7,2.5,1272
40,724,4,6,1,63,1,0,0,0,0,31.8,1.5,2896
41,499,11,15,1,77,0,1,1,0,0,38.7,1.3636363636363635,5489
44,830,12,13,1,62,0,1,0,0,0,31.2,1.0833333333333333,9960
37,686,11,15,1,66,0,0,0,0,0,33.0,1.3636363636363635,7546
27,582,1,3,1,55,0,0,0,0,0,27.5,3.0,582
25,518,1,4,1,70,0,0,0,0,0,35.0,4.0,518
38,665,11,12,1,70,0,0,0,0,0,35.0,1.0909090909090908,7315
36,848,12,13,1,54,0,0,1,0,0,27.0,1.0833333333333333,10176
45,826,4,2,1,68,0,1,1,0,0,34.2,0.5,3304
37,740,3,5,0,88,0,1,1,0,0,44.2,1.6666666666666667,2220
39,817,2,3,1,82,0,0,0,1,0,41.0,1.5,1634
42,784,14,10,1,64,0,0,0,0,0,32.0,0.7142857142857143,10976
36,640,3,5,1,77,0,0,1,0,0,38.5,1.6666666666666667,1920
38,799,14,15,0,73,0,0,0,0,0,36.5,1.0714285714285714,11186
34,685,3,2,1,77,1,0,1,0,0,38.8,0.6666666666666666,2055
35,749,14,11,1,65,0,0,0,0,0,32.5,0.7857142857142857,10486
29,893,1,3,0,75,0,0,0,0,0,37.5,3.0,893
35,543,13,12,1,76,0,0,0,0,0,38.0,0.9230769230769231,7059
43,707,11,10,0,76,0,0,0,0,0,38.0,0.9090909090909091,7777
42,632,3,3,0,56,0,0,0,0,0,28.0,1.0,1896
37,737,3,3,1,86,0,1,0,0,0,43.2,1.0,2211
36,730,14,11,1,69,0,0,0,0,0,34.5,0.7857142857142857,10220
32,761,14,11,1,83,0,0,0,0,0,41.5,0.7857142857142857,10654
37,848,3,2,0,77,0,1,0,0,0,38.7,0.6666666666666666,2544
43,712,13,10,1,75,0,0,1,0,0,37.5,0.7692307692307693,9256
43,736,4,5,1,72,0,0,0,0,0,36.0,1.25,2944
30,766,3,3,1,84,0,0,0,1,0,42.0,1.0,2298
35,559,13,12,1,68,0,1,0,0,0,34.2,0.9230769230769231,7267
32,729,2,6,1,67,0,0,1,0,0,33.5,3.0,1458
38,664,11,14,0,82,0,1,0,0,0,41.2,1.2727272727272727,7304
32,762,14,15,1,77,0,0,0,0,0,38.5,1.0714285714285714,10668
42,807,12,14,1,67,0,0,0,0,0,33.5,1.1666666666666667,9684
23,783,5,6,1,76,0,0,0,0,0,38.0,1.2,3915
40,784,3,6,0,75,0,0,0,0,0,37.5,2.0,2352
38,490,2,4,1,66,0,1,1,0,0,33.2,2.0,980
38,491,2,3,1,66,0,1,0,0,0,33.2,1.5,982
42,771,4,5,1,76,0,1,0,0,0,38.2,1.25,3084
37,592,2,4,1,67,0,0,0,0,0,33.5,2.0,1184
36,593,11,13,1,80,0,1,0,0,0,40.2,1.1818181818181819,6523
27,934,3,2,1,70,0,0,0,0,0,35.0,0.6666666666666666,2802
41,639,3,2,1,78,0,0,0,0,0,39.0,0.6666666666666666,1917
30,652,3,5,1,79,0,1,0,0,0,39.7,1.6666666666666667,1956
26,675,3,5,1,66,0,0,0,0,0,33.0,1.6666666666666667,2025
30,617,11,11,1,93,0,0,0,0,0,46.5,1.0,6787
29,662,6,10,0,60,0,0,0,0,0,30.0,1.6666666666666667,3972
40,623,13,14,1,76,0,0,0,0,0,38.0,1.0769230769230769,8099
40,564,3,2,1,79,0,0,0,0,0,39.5,0.6666666666666666,1692
30,613,2,2,1,66,0,0,1,0,0,33.0,1.0,1226
30,658,12,14,1,75,0,0,0,0,0,37.5,1.1666666666666667,7896
23,846,5,4,1,80,0,0,0,0,0,40.0,0.8,4230
32,677,14,15,0,91,0,1,0,0,1,45.7,1.0714285714285714,9478
33,612,4,3,1,71,0,0,0,0,0,35.5,0.75,2448
33,835,13,12,1,76,0,1,0,0,1,38.2,0.9230769230769231,10855
38,606,11,10,1,78,0,0,0,0,0,39.0,0.9090909090909091,6666
35,791,12,10,1,85,0,0,0,1,1,42.5,0.8333333333333334,9492
29,755,3,3,0,88,0,0,0,1,0,44.0,1.0,2265
40,632,14,10,1,76,1,0,0,0,0,38.3,0.7142857142857143,8848
28,649,7,8,1,61,0,0,0,0,0,30.5,1.1428571428571428,4543
31,598,13,11,1,72,1,0,0,0,0,36.3,0.8461538461538461,7774
28,710,3,4,0,74,0,0,0,0,0,37.0,1.3333333333333333,2130
28,744,1,5,1,76,0,1,0,0,0,38.2,5.0,744
30,674,2,3,1,73,0,0,0,0,0,36.5,1.5,1348
32,762,11,13,1,82,0,0,0,1,1,41.0,1.1818181818181819,8382
27,616,10,12,1,93,0,0,0,0,1,46.5,1.2,6160
25,845,9,12,1,94,1,1,0,1,1,47.5,1.3333333333333333,7605
31,742,2,4,1,81,1,0,0,1,0,40.8,2.0,1484
40,829,12,10,1,78,0,1,0,0,0,39.2,0.8333333333333334,9948
37,701,12,14,1,95,0,0,0,0,1,47.5,1.1666666666666667,8412
25,504,10,10,1,73,1,0,0,0,0,36.8,1.0,5040
23,580,3,5,1,82,0,0,0,1,0,41.0,1.6666666666666667,1740
45,821,11,15,1,72,1,1,0,0,1,36.5,1.3636363636363635,9031
39,633,4,4,1,62,0,0,1,0,0,31.0,1.0,2532
35,644,4,6,1,87,0,0,0,0,0,43.5,1.5,2576
32,582,13,10,0,84,0,0,0,0,0,42.0,0.7692307692307693,7566
34,481,14,10,0,79,0,0,0,0,0,39.5,0.7142857142857143,6734
30,707,4,3,1,69,1,1,0,0,0,35.0,0.75,2828
41,946,4,4,1,81,1,0,0,0,0,40.8,1.0,3784
43,833,2,3,1,66,0,0,0,0,0,33.0,1.5,1666
41,716,4,4,1,80,0,0,0,0,0,40.0,1.0,2864
25,597,10,11,1,57,0,0,0,0,0,28.5,1.1,5970
27,607,1,3,1,67,0,0,0,0,0,33.5,3.0,607
40,950,2,6,1,69,1,0,0,0,0,34.8,3.0,1900
39,791,13,12,1,72,0,0,1,0,0,36.0,0.9230769230769231,10283
26,668,2,5,1,86,1,0,0,1,0,43.3,2.5,1336
39,922,4,2,1,60,1,0,0,0,0,30.3,0.5,3688
37,706,14,12,1,76,0,0,0,0,0,38.0,0.8571428571428571,9884
39,586,2,4,1,83,0,0,1,1,0,41.5,2.0,1172
24,696,3,6,1,74,0,0,0,0,0,37.0,2.0,2088
45,909,11,10,1,78,0,0,0,0,0,39.0,0.9090909090909091,9999
29,607,3,6,1,77,0,1,0,0,0,38.7,2.0,1821
35,596,4,4,1,76,1,0,0,0,0,38.3,1.0,2384
34,629,4,2,1,79,0,0,0,0,0,39.5,0.5,2516
40,576,4,2,1,77,1,0,0,0,0,38.8,0.5,2304
22,657,3,2,1,70,0,0,0,0,0,35.0,0.6666666666666666,1971
36,527,11,10,1,88,1,0,0,1,1,44.3,0.9090909090909091,5797
40,606,2,6,1,75,0,0,0,0,0,37.5,3.0,1212
26,784,10,13,1,57,0,0,0,0,0,28.5,1.3,7840
31,820,4,2,1,65,0,0,0,0,0,32.5,0.5,3280
41,867,14,10,1,67,0,0,0,0,0,33.5,0.7142857142857143,12138
34,667,13,12,1,79,0,1,0,0,0,39.7,0.9230769230769231,8671
30,770,3,2,1,85,1,0,1,0,0,42.8,0.6666666666666666,2310
39,815,11,11,1,60,0,0,0,0,0,30.0,1.0,8965
42,565,13,14,1,87,0,0,0,1,1,43.5,1.0769230769230769,7345
40,744,4,5,1,87,0,0,0,0,0,43.5,1.25,2976
36,667,14,13,1,61,0,0,0,0,0,30.5,0.9285714285714286,9338
35,730,2,6,1,68,0,1,0,0,0,34.2,3.0,1460
24,683,4,5,1,78,0,0,1,0,0,39.0,1.25,2732
36,740,4,6,0,83,0,0,0,1,0,41.5,1.5,2960
24,695,2,5,1,84,0,0,0,0,0,42.0,2.5,1390
22,543,2,3,1,72,0,0,0,0,0,36.0,1.5,1086
29,848,7,9,1,70,0,0,0,0,0,35.0,1.2857142857142858,5936
30,626,3,2,1,100,0,0,1,0,0,50.0,0.6666666666666666,1878
33,780,2,5,1,75,1,0,1,0,0,37.8,2.5,1560
29,598,8,11,1,76,1,0,0,0,0,38.3,1.375,4784
28,763,2,5,1,75,0,0,1,0,0,37.5,2.5,1526
28,629,6,8,1,80,1,0,0,0,0,40.3,1.3333333333333333,3774
23,813,2,4,1,70,0,0,0,0,0,35.0,2.0,1626
29,694,6,7,1,81,0,0,1,1,0,40.5,1.1666666666666667,4164
39,790,14,14,0,72,0,0,1,0,0,36.0,1.0,11060
25,703,9,10,0,88,1,0,0,1,0,44.3,1.1111111111111112,6327
31,690,2,3,1,70,0,0,0,0,0,35.0,1.5,1380
22,745,3,2,1,68,1,0,0,0,0,34.3,0.6666666666666666,2235
37,653,3,3,0,69,1,0,1,0,0,34.8,1.0,1959
33,783,13,11,1,66,0,0,1,0,0,33.0,0.8461538461538461,10179
35,776,13,11,1,72,1,0,1,0,0,36.3,0.8461538461538461,10088
41,745,3,5,1,56,0,1,1,0,0,28.2,1.6666666666666667,2235
44,569,14,12,1,81,1,1,0,0,0,41.0,0.8571428571428571,7966
23,635,4,4,0,59,0,0,0,0,0,29.5,1.0,2540
38,565,3,2,1,67,1,0,0,0,0,33.8,0.6666666666666666,1695
36,663,2,3,1,76,1,0,0,0,0,38.3,1.5,1326
22,738,1,5,1,65,1,0,1,0,0,32.8,5.0,738
40,765,4,4,1,49,0,0,0,0,0,24.5,1.0,3060
36,756,14,15,1,81,0,0,0,1,1,40.5,1.0714285714285714,10584
22,616,2,4,0,82,0,0,0,0,0,41.0,2.0,1232
32,793,4,4,0,87,0,0,0,0,0,43.5,1.0,3172
39,805,11,14,1,62,0,1,0,0,0,31.2,1.2727272727272727,8855
28,731,10,11,0,73,0,1,0,0,0,36.7,1.1,7310
26,796,1,2,1,64,1,0,0,0,0,32.3,2.0,796
30,621,3,5,1,77,0,0,0,0,0,38.5,1.6666666666666667,1863
32,733,2,2,1,81,0,0,0,1,0,40.5,1.0,1466
26,729,3,6,1,80,0,0,0,0,0,40.0,2.0,2187
35,692,2,5,1,63,0,0,1,0,0,31.5,2.5,1384
22,748,2,5,1,70,0,0,0,0,0,35.0,2.5,1496
22,734,2,2,1,60,1,1,0,0,0,30.5,1.0,1468
45,784,14,14,1,81,0,0,0,0,0,40.5,1.0,10976
37,611,4,6,1,58,0,0,1,0,0,29.0,1.5,2444
31,794,4,6,1,76,0,0,0,0,0,38.0,1.5,3176
30,548,11,15,1,79,0,0,0,0,0,39.5,1.3636363636363635,6028
32,590,14,10,0,80,0,0,0,0,0,40.0,0.7142857142857143,8260
35,919,3,6,1,89,1,0,1,1,0,44.8,2.0,2757
22,645,2,5,1,68,0,0,0,0,0,34.0,2.5,1290
27,670,7,7,1,88,1,0,0,1,0,44.3,1.0,4690
36,625,11,15,1,78,0,0,0,0,0,39.0,1.3636363636363635,6875
44,523,2,4,1,78,0,0,0,0,0,39.0,2.0,1046
35,626,14,12,1,89,0,0,0,0,1,44.5,0.8571428571428571,8764
24,669,2,2,1,80,1,0,0,0,0,40.3,1.0,1338
43,605,3,5,1,76,0,0,0,0,0,38.0,1.6666666666666667,1815
44,596,4,3,1,75,1,0,0,0,0,37.8,0.75,2384
27,613,8,12,1,71,1,0,0,0,0,35.8,1.5,4904
35,803,12,10,1,59,0,0,1,0,0,29.5,0.8333333333333334,9636
44,783,3,6,1,61,0,0,0,0,0,30.5,2.0,2349
29,753,2,5,1,80,0,0,0,0,0,40.0,2.5,1506
30,867,3,5,1,78,1,0,0,0,0,39.3,1.6666666666666667,2601
22,543,2,5,0,80,0,1,0,0,0,40.2,2.5,1086
36,716,13,12,1,72,0,0,0,0,0,36.0,0.9230769230769231,9308
40,570,4,2,1,71,0,0,0,0,0,35.5,0.5,2280
22,530,2,4,1,80,0,0,0,0,0,40.0,2.0,1060
33,621,2,2,1,66,0,0,1,0,0,33.0,1.0,1242
38,647,13,15,1,78,1,1,1,0,1,39.5,1.1538461538461537,8411
33,525,13,14,1,72,0,1,0,0,0,36.2,1.0769230769230769,6825
28,950,3,3,1,64,1,0,0,0,0,32.3,1.0,2850
22,762,1,3,1,74,1,0,1,0,0,37.3,3.0,762
39,850,4,4,0,100,1,0,0,1,0,50.3,1.0,3400
28,654,2,6,1,66,0,0,0,0,0,33.0,3.0,1308
44,568,11,14,1,75,0,0,0,0,0,37.5,1.2727272727272727,6248
37,534,12,12,0,68,0,1,0,0,0,34.2,1.0,6408
27,754,1,6,1,81,0,1,0,0,0,40.7,6.0,754
30,748,14,10,1,68,0,0,0,0,0,34.0,0.7142857142857143,10472
41,716,14,14,1,100,0,0,0,1,1,50.0,1.0,10024
44,860,13,10,1,86,0,0,0,1,1,43.0,0.7692307692307693,11180
45,824,3,2,0,77,0,0,0,0,0,38.5,0.6666666666666666,2472
34,611,3,5,0,75,0,0,0,0,0,37.5,1.6666666666666667,1833
32,864,4,5,0,57,0,0,0,0,0,28.5,1.25,3456
42,873,11,12,1,72,1,0,0,0,1,36.3,1.0909090909090908,9603
23,843,1,2,1,85,0,1,0,1,0,42.7,2.0,843
45,573,3,3,0,97,0,0,0,1,0,48.5,1.0,1719
42,828,12,10,1,52,0,0,0,0,0,26.0,0.8333333333333334,9936
42,505,13,13,1,91,0,0,1,0,1,45.5,1.0,6565
30,722,3,4,0,68,0,0,1,0,0,34.0,1.3333333333333333,2166
29,690,2,4,1,65,0,0,0,0,0,32.5,2.0,1380
24,717,1,3,1,66,0,0,0,0,0,33.0,3.0,717
29,623,2,3,1,55,0,1,0,0,0,27.7,1.5,1246
36,607,2,5,1,63,0,0,0,0,0,31.5,2.5,1214
40,552,14,10,1,78,0,0,1,0,0,39.0,0.7142857142857143,7728
36,757,12,15,0,80,0,0,1,0,0,40.0,1.25,9084
32,717,14,10,0,85,0,0,1,0,0,42.5,0.7142857142857143,10038
32,746,13,14,1,80,0,0,0,0,0,40.0,1.0769230769230769,9698
23,722,3,2,1,66,1,0,0,0,0,33.3,0.6666666666666666,2166
25,684,6,11,1,80,0,1,0,0,0,40.2,1.8333333333333333,4104
25,742,10,13,1,88,0,0,1,1,1,44.0,1.3,7420
27,697,10,13,1,58,0,1,0,0,0,29.2,1.3,6970
23,714,5,5,1,78,1,0,1,0,0,39.3,1.0,3570
27,780,2,2,0,91,1,1,0,1,0,46.0,1.0,1560
35,719,14,11,1,81,0,0,0,1,0,40.5,0.7857142857142857,10066
27,782,2,3,1,71,1,1,0,0,0,36.0,1.5,1564
44,784,4,4,1,77,0,1,0,0,0,38.7,1.0,3136
23,595,1,5,1,74,0,0,1,0,0,37.0,5.0,595
44,798,12,10,1,61,0,0,0,0,0,30.5,0.8333333333333334,9576
37,561,2,6,1,76,0,0,0,0,0,38.0,3.0,1122
44,694,2,6,1,100,1,1,0,0,0,50.5,3.0,1388
30,804,2,3,0,82,0,0,0,0,0,41.0,1.5,1608
39,589,14,15,1,75,0,0,1,0,0,37.5,1.0714285714285714,8246
44,712,2,4,1,73,1,0,1,0,0,36.8,2.0,1424
40,651,12,13,1,69,0,0,0,0,0,34.5,1.0833333333333333,7812
29,745,7,8,1,67,0,0,0,0,0,33.5,1.1428571428571428,5215
45,785,13,12,1,60,0,0,0,0,0,30.0,0.9230769230769231,10205
23,848,3,2,1,73,1,0,0,0,0,36.8,0.6666666666666666,2544
24,761,2,5,1,87,0,1,0,1,0,43.7,2.5,1522
27,722,9,12,0,68,0,0,0,0,0,34.0,1.3333333333333333,6498
42,558,12,14,1,61,1,0,0,0,0,30.8,1.1666666666666667,6696
23,790,3,5,1,97,0,0,0,1,0,48.5,1.6666666666666667,2370
34,661,12,11,1,77,1,0,0,0,0,38.8,0.9166666666666666,7932
33,736,3,5,1,87,0,0,0,0,0,43.5,1.6666666666666667,2208
39,555,11,10,1,70,0,1,0,0,0,35.2,0.9090909090909091,6105
23,632,2,5,1,74,0,0,0,0,0,37.0,2.5,1264
29,770,3,5,1,58,0,1,0,0,0,29.2,1.6666666666666667,2310
41,723,11,15,1,80,0,1,1,0,1,40.2,1.3636363636363635,7953
42,588,3,5,1,64,0,0,0,0,0,32.0,1.6666666666666667,1764
41,950,13,10,1,69,0,0,0,0,0,34.5,0.7692307692307693,12350
25,608,3,3,0,72,1,0,0,0,0,36.3,1.0,1824
35,647,12,14,1,94,0,0,0,0,1,47.0,1.1666666666666667,7764
26,647,6,7,0,84,0,1,0,1,0,42.2,1.1666666666666667,3882
35,600,13,10,1,76,0,1,0,0,0,38.2,0.7692307692307693,7800
29,810,2,4,1,84,0,0,0,1,0,42.0,2.0,1620
44,605,4,5,1,79,0,0,0,0,0,39.5,1.25,2420
33,891,14,12,1,64,0,1,0,0,0,32.2,0.8571428571428571,12474
42,736,2,2,0,61,0,0,0,0,0,30.5,1.0,1472
26,768,6,11,0,87,0,0,0,1,0,43.5,1.8333333333333333,4608
33,623,2,3,1,77,0,0,0,0,0,38.5,1.5,1246
29,583,10,11,1,71,1,0,0,0,0,35.8,1.1,5830
43,570,11,13,1,75,0,0,0,0,0,37.5,1.1818181818181819,6270
22,743,1,3,1,83,0,0,0,0,0,41.5,3.0,743
45,802,2,4,1,70,0,0,0,0,0,35.0,2.0,1604
45,743,2,5,0,71,0,0,0,0,0,35.5,2.5,1486
30,785,3,5,1,77,1,0,0,0,0,38.8,1.6666666666666667,2355
23,630,5,3,1,80,0,1,0,0,0,40.2,0.6,3150
42,631,3,4,1,70,0,0,1,0,0,35.0,1.3333333333333333,1893
45,794,3,4,1,84,0,1,0,1,0,42.2,1.3333333333333333,2382
42,700,11,10,1,85,0,0,0,1,1,42.5,0.9090909090909091,7700
42,640,2,3,1,68,0,0,0,0,0,34.0,1.5,1280
35,645,11,15,1,78,0,0,0,0,0,39.0,1.3636363636363635,7095
44,680,11,13,1,84,1,0,0,0,0,42.3,1.1818181818181819,7480
44,909,13,12,1,72,0,0,1,0,1,36.0,0.9230769230769231,11817
22,596,2,3,1,63,0,0,0,0,0,31.5,1.5,1192
39,698,12,14,1,74,0,0,0,0,0,37.0,1.1666666666666667,8376
31,620,4,4,0,87,0,0,0,1,0,43.5,1.0,2480
45,842,13,12,1,66,0,0,0,0,0,33.0,0.9230769230769231,10946
30,712,14,11,0,66,0,0,0,0,0,33.0,0.7857142857142857,9968
27,630,9,7,0,54,1,0,0,0,0,27.3,0.7777777777777778,5670
35,724,13,15,0,60,0,0,0,0,0,30.0,1.1538461538461537,9412
41,866,13,13,1,77,0,0,0,0,0,38.5,1.0,11258
41,622,2,6,1,63,0,0,0,0,0,31.5,3.0,1244
35,933,2,4,1,59,0,0,1,0,0,29.5,2.0,1866
34,597,2,6,1,74,1,1,0,0,0,37.5,3.0,1194
24,759,4,6,0,77,0,0,0,0,0,38.5,1.5,3036
26,759,8,8,1,94,1,0,0,1,0,47.3,1.0,6072
22,846,3,4,1,91,0,0,0,1,0,45.5,1.3333333333333333,2538
40,627,2,3,1,87,0,0,1,1,0,43.5,1.5,1254
44,564,14,11,1,79,1,1,0,0,0,40.0,0.7857142857142857,7896
29,652,2,2,1,76,0,1,0,0,0,38.2,1.0,1304
22,847,2,4,0,55,1,0,0,0,0,27.8,2.0,1694
28,729,9,11,1,85,1,0,0,0,0,42.8,1.2222222222222223,6561
39,760,2,5,0,85,0,1,0,0,0,42.7,2.5,1520
24,560,5,6,1,78,0,0,0,0,0,39.0,1.2,2800
22,751,2,3,1,88,0,1,0,1,0,44.2,1.5,1502
35,589,4,5,1,100,0,0,0,1,0,50.0,1.25,2356
31,648,2,2,1,92,0,0,0,0,0,46.0,1.0,1296
22,602,1,5,1,83,0,1,0,0,0,41.7,5.0,602
42,581,12,13,1,80,1,0,0,0,0,40.3,1.0833333333333333,6972
42,786,14,13,0,73,0,0,0,0,0,36.5,0.9285714285714286,11004
40,880,14,13,1,50,0,0,0,0,0,25.0,0.9285714285714286,12320
41,621,4,6,1,68,0,0,0,0,0,34.0,1.5,2484
22,783,3,4,1,75,0,0,0,0,0,37.5,1.3333333333333333,2349
25,743,8,9,1,64,0,0,1,0,0,32.0,1.125,5944
22,657,1,3,0,68,0,0,0,0,0,34.0,3.0,657
26,615,1,5,1,67,0,1,0,0,0,33.7,5.0,615
22,786,5,4,1,70,0,0,1,0,0,35.0,0.8,3930
34,575,4,6,1,63,0,0,0,0,0,31.5,1.5,2300
42,677,12,14,0,73,0,0,0,0,0,36.5,1.1666666666666667,8124
40,631,11,14,1,66,1,1,1,0,1,33.5,1.2727272727272727,6941
27,509,3,2,1,64,0,0,0,0,0,32.0,0.6666666666666666,1527
34,885,2,4,1,60,0,1,0,0,0,30.2,2.0,1770
41,674,13,10,1,86,0,0,0,0,0,43.0,0.7692307692307693,8762
38,785,4,3,0,51,0,0,1,0,0,25.5,0.75,3140
38,691,12,10,0,78,0,0,0,0,0,39.0,0.8333333333333334,8292
38,754,2,3,1,75,0,0,0,0,0,37.5,1.5,1508
27,662,7,11,1,80,0,0,0,0,0,40.0,1.5714285714285714,4634
25,679,8,8,0,70,0,1,0,0,0,35.2,1.0,5432
27,608,8,12,1,70,0,0,0,0,0,35.0,1.5,4864
25,766,7,8,1,76,1,0,0,0,0,38.3,1.1428571428571428,5362
25,764,9,10,1,93,0,0,0,0,0,46.5,1.1111111111111112,6876
26,570,1,6,1,67,1,0,0,0,0,33.8,6.0,570
38,813,11,12,0,76,0,0,0,0,0,38.0,1.0909090909090908,8943
25,860,2,3,1,86,0,0,0,1,0,43.0,1.5,1720
45,677,13,15,1,77,0,0,0,0,0,38.5,1.1538461538461537,8801
34,766,2,4,1,69,0,1,0,0,0,34.7,2.0,1532
28,864,2,5,1,87,0,0,1,1,0,43.5,2.5,1728
23,780,3,4,1,72,0,0,0,0,0,36.0,1.3333333333333333,2340
23,586,1,3,1,68,0,1,0,0,0,34.2,3.0,586
41,556,2,4,1,82,0,0,0,1,0,41.0,2.0,1112
38,606,4,4,1,77,0,0,0,0,0,38.5,1.0,2424
33,652,2,3,1,83,0,0,0,0,0,41.5,1.5,1304
36,904,3,2,0,89,0,0,0,0,0,44.5,0.6666666666666666,2712
27,561,8,12,1,66,0,0,0,0,0,33.0,1.5,4488
30,755,11,15,1,64,0,0,0,0,0,32.0,1.3636363636363635,8305
38,759,4,2,1,91,0,0,0,1,0,45.5,0.5,3036
32,782,13,12,1,92,0,0,1,1,1,46.0,0.9230769230769231,10166
23,818,2,5,0,79,0,1,1,0,0,39.7,2.5,1636
39,630,4,6,1,77,0,0,0,0,0,38.5,1.5,2520
34,814,11,14,1,74,0,1,0,0,1,37.2,1.2727272727272727,8954
28,620,6,12,1,80,0,0,1,0,0,40.0,2.0,3720
23,745,2,3,1,73,0,0,0,0,0,36.5,1.5,1490
27,750,3,6,1,71,1,0,0,0,0,35.8,2.0,2250
22,635,3,5,0,79,0,0,0,0,0,39.5,1.6666666666666667,1905
26,620,3,2,1,88,0,0,1,0,0,44.0,0.6666666666666666,1860
37,737,3,3,1,87,0,0,0,0,0,43.5,1.0,2211
38,843,12,15,1,69,0,0,1,0,0,34.5,1.25,10116
22,715,5,6,0,55,0,1,0,0,0,27.7,1.2,3575
35,562,2,2,1,61,0,1,0,0,0,30.7,1.0,1124
31,727,4,6,1,75,0,0,1,0,0,37.5,1.5,2908
22,765,2,6,1,64,0,0,0,0,0,32.0,3.0,1530
26,588,1,5,1,61,0,1,0,0,0,30.7,5.0,588
40,713,13,10,0,47,0,1,0,0,0,23.7,0.7692307692307693,9269
40,741,11,10,1,83,0,1,0,0,0,41.7,0.9090909090909091,8151
31,579,11,15,1,75,1,0,0,0,0,37.8,1.3636363636363635,6369
43,585,11,13,0,81,0,0,1,0,0,40.5,1.1818181818181819,6435
25,724,7,8,1,79,0,0,0,0,0,39.5,1.1428571428571428,5068
41,824,12,13,0,72,1,0,0,0,1,36.3,1.0833333333333333,9888
38,798,4,5,1,82,0,0,0,0,0,41.0,1.25,3192
33,751,13,14,1,68,1,0,0,0,0,34.3,1.0769230769230769,9763
26,950,7,9,1,65,0,0,0,0,0,32.5,1.2857142857142858,6650
42,570,2,6,1,53,0,0,0,0,0,26.5,3.0,1140
42,651,11,10,1,73,0,0,0,0,0,36.5,0.9090909090909091,7161
24,789,3,6,1,80,0,0,0,0,0,40.0,2.0,2367
42,530,2,6,1,84,1,0,0,1,0,42.3,3.0,1060
30,644,2,6,0,88,1,0,0,0,0,44.3,3.0,1288
28,503,8,7,0,83,0,0,0,0,0,41.5,0.875,4024
38,600,2,3,1,64,0,1,0,0,0,32.2,1.5,1200
24,735,3,3,1,61,0,0,1,0,0,30.5,1.0,2205
45,550,4,4,0,77,0,0,0,0,0,38.5,1.0,2200
45,696,12,10,1,71,1,0,0,0,0,35.8,0.8333333333333334,8352
24,796,2,6,1,94,0,0,0,1,0,47.0,3.0,1592
36,752,12,14,0,69,1,0,0,0,0,34.8,1.1666666666666667,9024
43,806,14,15,1,86,0,0,0,1,1,43.0,1.0714285714285714,11284
25,824,8,9,0,72,1,0,0,0,0,36.3,1.125,6592
39,950,2,5,1,69,0,0,0,0,0,34.5,2.5,1900
45,748,3,2,1,65,0,0,0,0,0,32.5,0.6666666666666666,2244
22,669,4,2,1,69,0,0,0,0,0,34.5,0.5,2676
37,603,11,11,0,91,0,0,0,1,1,45.5,1.0,6633
34,734,11,11,0,78,0,0,1,0,0,39.0,1.0,8074
30,795,14,15,1,96,0,0,0,0,1,48.0,1.0714285714285714,11130
31,643,2,2,1,93,0,1,0,0,0,46.7,1.0,1286
40,620,13,11,1,79,0,0,0,0,0,39.5,0.8461538461538461,8060
36,682,3,2,1,92,1,0,0,0,0,46.3,0.6666666666666666,2046
41,719,12,10,1,81,0,0,0,0,0,40.5,0.8333333333333334,8628
30,667,2,4,1,67,0,0,0,0,0,33.5,2.0,1334
39,898,11,11,1,65,1,1,1,0,0,33.0,1.0,9878
28,753,6,9,1,84,0,0,0,0,0,42.0,1.5,4518
37,663,2,6,0,72,0,0,0,0,0,36.0,3.0,1326
38,624,13,11,1,56,1,0,0,0,0,28.3,0.8461538461538461,8112
26,538,3,6,1,80,0,0,0,0,0,40.0,2.0,1614
42,575,12,10,1,82,0,0,1,0,0,41.0,0.8333333333333334,6900
32,516,2,3,1,74,0,0,0,0,0,37.0,1.5,1032
25,715,2,5,1,82,0,0,1,1,0,41.0,2.5,1430
25,671,1,6,0,60,0,0,0,0,0,30.0,6.0,671
22,662,3,3,1,82,0,0,0,1,0,41.0,1.0,1986
41,615,14,12,1,86,0,0,1,0,1,43.0,0.8571428571428571,8610
37,630,13,10,1,71,0,0,1,0,0,35.5,0.7692307692307693,8190
35,579,3,3,1,74,0,0,0,0,0,37.0,1.0,1737
26,810,2,3,1,79,1,0,0,0,0,39.8,1.5,1620
38,532,13,10,1,67,1,0,0,0,0,33.8,0.7692307692307693,6916
37,526,3,5,1,70,0,1,1,0,0,35.2,1.6666666666666667,1578
35,800,2,4,1,76,0,0,0,0,0,38.0,2.0,1600
29,549,8,11,0,69,0,0,0,0,0,34.5,1.375,4392
43,597,3,5,1,82,0,0,0,1,0,41.0,1.6666666666666667,1791
36,711,3,2,1,68,1,0,0,0,0,34.3,0.6666666666666666,2133
43,776,13,11,1,74,1,0,0,0,0,37.3,0.8461538461538461,10088
32,749,12,12,1,76,0,0,0,0,0,38.0,1.0,8988
34,694,12,15,1,92,1,0,1,0,1,46.3,1.25,8328
24,690,2,6,1,63,0,1,0,0,0,31.7,3.0,1380
36,617,3,5,0,64,0,0,1,0,0,32.0,1.6666666666666667,1851
28,795,2,2,0,77,0,0,0,0,0,38.5,1.0,1590
31,728,12,13,1,85,0,1,1,1,1,42.7,1.0833333333333333,8736
40,734,12,12,1,78,0,0,0,0,0,39.0,1.0,8808
22,718,4,4,1,86,0,0,0,0,0,43.0,1.0,2872
28,854,7,12,1,79,0,1,0,0,0,39.7,1.7142857142857142,5978
43,626,14,11,1,58,0,1,0,0,0,29.2,0.7857142857142857,8764
35,583,11,13,0,74,0,1,1,0,0,37.2,1.1818181818181819,6413
43,631,12,13,1,73,1,1,0,0,1,37.0,1.0833333333333333,7572
35,576,12,15,1,65,0,0,0,0,0,32.5,1.25,6912
37,837,4,6,1,69,0,0,0,0,0,34.5,1.5,3348
45,895,13,11,0,66,0,0,0,0,0,33.0,0.8461538461538461,11635
37,469,2,3,0,71,1,0,0,0,0,35.8,1.5,938
33,684,12,13,1,50,1,0,0,0,0,25.3,1.0833333333333333,8208
29,633,1,4,0,84,0,1,1,1,0,42.2,4.0,633
24,567,3,5,1,61,0,0,1,0,0,30.5,1.6666666666666667,1701
29,872,7,10,0,84,0,1,0,0,0,42.2,1.4285714285714286,6104
24,760,1,6,1,75,0,0,1,0,0,37.5,6.0,760
33,635,3,4,1,77,0,0,0,0,0,38.5,1.3333333333333333,1905
34,430,4,2,1,97,0,0,1,1,0,48.5,0.5,1720
22,587,4,3,1,73,0,0,0,0,0,36.5,0.75,2348
31,546,14,10,1,64,0,0,0,0,0,32.0,0.7142857142857143,7644
41,416,3,2,0,67,1,0,1,0,0,33.8,0.6666666666666666,1248
42,595,14,14,1,82,0,0,0,0,0,41.0,1.0,8330
32,642,12,13,1,65,0,0,0,0,0,32.5,1.0833333333333333,7704
25,859,10,15,1,85,0,0,0,0,1,42.5,1.5,8590
24,519,5,3,1,81,0,0,0,1,0,40.5,0.6,2595
32,520,3,2,0,100,0,0,0,1,0,50.0,0.6666666666666666,1560
37,759,14,12,1,81,0,0,0,1,1,40.5,0.8571428571428571,10626
25,761,1,2,1,89,1,0,1,1,0,44.8,2.0,761
26,603,6,11,1,73,1,1,0,0,0,37.0,1.8333333333333333,3618
37,772,4,2,1,75,0,0,0,0,0,37.5,0.5,3088
39,709,14,10,0,78,0,0,1,0,0,39.0,0.7142857142857143,9926
45,841,3,2,1,74,0,0,0,0,0,37.0,0.6666666666666666,2523
36,652,3,3,1,65,0,0,0,0,0,32.5,1.0,1956
22,671,1,6,1,73,0,0,0,0,0,36.5,6.0,671
32,797,4,5,1,66,0,0,0,0,0,33.0,1.25,3188
39,620,3,5,1,69,0,0,0,0,0,34.5,1.6666666666666667,1860
36,744,4,5,1,78,0,0,0,0,0,39.0,1.25,2976
34,699,13,15,1,73,1,0,0,0,0,36.8,1.1538461538461537,9087
43,525,2,2,1,82,0,0,0,0,0,41.0,1.0,1050
44,632,14,11,1,97,0,0,0,1,1,48.5,0.7857142857142857,8848
33,614,3,2,1,89,0,0,0,1,0,44.5,0.6666666666666666,1842
42,950,11,13,1,57,0,1,1,0,1,28.7,1.1818181818181819,10450
27,631,6,11,1,85,0,0,0,0,0,42.5,1.8333333333333333,3786
37,692,3,4,1,69,0,0,0,0,0,34.5,1.3333333333333333,2076
38,636,12,10,1,71,0,0,0,0,0,35.5,0.8333333333333334,7632
25,641,1,6,1,64,0,0,0,0,0,32.0,6.0,641
32,654,13,10,0,61,0,0,0,0,0,30.5,0.7692307692307693,8502
42,504,2,3,1,82,0,0,0,0,0,41.0,1.5,1008
45,657,14,10,1,71,0,0,0,0,0,35.5,0.7142857142857143,9198
37,714,11,15,1,77,0,0,1,0,0,38.5,1.3636363636363635,7854
37,701,3,2,0,81,0,0,0,0,0,40.5,0.6666666666666666,2103
32,698,2,6,1,82,0,0,0,0,0,41.0,3.0,1396
27,644,2,4,0,63,0,0,0,0,0,31.5,2.0,1288
41,593,14,14,1,69,0,0,0,0,0,34.5,1.0,8302
23,653,3,5,1,54,0,1,1,0,0,27.2,1.6666666666666667,1959
32,761,14,15,1,68,0,0,1,0,0,34.0,1.0714285714285714,10654
29,694,7,9,1,60,0,1,0,0,0,30.2,1.2857142857142858,4858
45,741,2,4,1,82,0,0,0,1,0,41.0,2.0,1482
42,856,12,12,1,97,0,1,1,0,1,48.7,1.0,10272
35,737,12,12,0,69,0,0,0,0,0,34.5,1.0,8844
33,540,3,6,1,77,1,1,0,0,0,39.0,2.0,1620
28,768,9,10,0,81,0,1,0,1,0,40.7,1.1111111111111112,6912
41,679,2,6,1,68,0,1,0,0,0,34.2,3.0,1358
24,741,2,4,0,77,0,0,0,0,0,38.5,2.0,1482
39,679,11,15,1,62,1,1,0,0,0,31.5,1.3636363636363635,7469
29,663,9,8,1,62,0,1,0,0,0,31.2,0.8888888888888888,5967
35,687,2,2,1,81,0,0,0,1,0,40.5,1.0,1374
42,686,14,10,1,78,0,0,1,0,0,39.0,0.7142857142857143,9604
36,950,11,13,1,79,0,0,0,0,0,39.5,1.1818181818181819,10450
33,801,14,10,1,79,0,1,0,0,0,39.7,0.7142857142857143,11214
36,628,4,3,1,84,1,0,0,0,0,42.3,0.75,2512
38,763,4,3,0,77,0,0,0,0,0,38.5,0.75,3052
41,702,11,13,1,90,0,0,0,0,1,45.0,1.1818181818181819,7722
28,610,10,14,1,75,0,0,0,0,0,37.5,1.4,6100
35,691,4,4,1,86,0,0,1,1,0,43.0,1.0,2764
24,656,1,6,0,66,0,0,1,0,0,33.0,6.0,656
40,723,3,6,1,85,0,0,1,0,0,42.5,2.0,2169
40,695,12,11,0,62,0,0,0,0,0,31.0,0.9166666666666666,8340
33,773,12,13,0,70,1,0,0,0,0,35.3,1.0833333333333333,9276
22,775,2,3,1,85,0,1,0,1,0,42.7,1.5,1550
32,761,11,14,0,71,0,0,0,0,0,35.5,1.2727272727272727,8371
33,604,2,6,1,80,0,0,0,0,0,40.0,3.0,1208
28,688,6,9,1,82,0,0,0,1,0,41.0,1.5,4128
33,548,3,6,1,88,0,0,0,0,0,44.0,2.0,1644
42,632,14,10,0,80,0,0,0,0,0,40.0,0.7142857142857143,8848
28,832,8,9,0,90,0,1,1,1,1,45.2,1.125,6656
22,810,2,6,0,88,1,0,0,0,0,44.3,3.0,1620
41,565,4,3,0,73,0,0,1,0,0,36.5,0.75,2260
33,720,14,13,1,84,1,0,0,0,0,42.3,0.9285714285714286,10080
27,855,3,6,1,82,0,0,0,1,0,41.0,2.0,2565
42,867,11,15,0,69,0,0,0,0,0,34.5,1.3636363636363635,9537
37,795,14,12,1,85,1,1,0,1,1,43.0,0.8571428571428571,11130
26,875,3,4,1,75,0,1,1,0,0,37.7,1.3333333333333333,2625
37,788,2,5,0,76,0,0,0,0,0,38.0,2.5,1576
28,623,9,9,1,82,0,0,0,1,0,41.0,1.0,5607
36,850,13,13,1,69,0,0,1,0,0,34.5,1.0,11050
44,671,11,11,1,66,1,0,0,0,0,33.3,1.0,7381
33,636,14,11,1,86,1,0,1,1,1,43.3,0.7857142857142857,8904
22,577,3,6,1,58,0,0,0,0,0,29.0,2.0,1731
32,666,11,12,0,68,0,0,0,0,0,34.0,1.0909090909090908,7326
41,782,4,2,1,69,1,1,1,0,0,35.0,0.5,3128
32,513,3,3,1,68,0,0,0,0,0,34.0,1.0,1539
35,526,4,3,1,61,0,0,0,0,0,30.5,0.75,2104
41,651,12,11,1,61,0,0,1,0,0,30.5,0.9166666666666666,7812
29,778,10,11,1,57,0,0,0,0,0,28.5,1.1,7780
25,434,1,4,1,78,1,0,1,0,0,39.3,4.0,434
34,607,12,11,0,69,0,0,0,0,0,34.5,0.9166666666666666,7284
23,750,2,5,1,90,0,0,1,0,0,45.0,2.5,1500
35,852,14,10,1,84,1,0,0,1,1,42.3,0.7142857142857143,11928
25,619,7,9,1,75,0,0,1,0,0,37.5,1.2857142857142858,4333
44,658,4,5,1,88,0,0,0,0,0,44.0,1.25,2632
40,602,13,15,1,64,0,1,0,0,0,32.2,1.1538461538461537,7826
29,788,1,2,1,75,0,0,1,0,0,37.5,2.0,788
22,759,2,5,1,80,0,1,1,0,0,40.2,2.5,1518
39,554,14,10,1,89,0,0,0,0,0,44.5,0.7142857142857143,7756
32,568,12,10,1,72,0,0,0,0,0,36.0,0.8333333333333334,6816
27,514,10,14,1,67,0,0,0,0,0,33.5,1.4,5140
33,567,13,13,1,88,0,1,1,1,1,44.2,1.0,7371
29,670,1,6,1,54,0,0,0,0,0,27.0,6.0,670
42,497,4,3,0,80,0,0,0,0,0,40.0,0.75,1988
39,671,3,3,1,70,0,0,1,0,0,35.0,1.0,2013
40,626,11,14,1,77,0,1,0,0,0,38.7,1.2727272727272727,6886
22,698,3,4,0,78,0,0,0,0,0,39.0,1.3333333333333333,2094
27,725,2,5,1,81,1,0,1,0,0,40.8,2.5,1450
25,755,3,2,1,74,0,0,0,0,0,37.0,0.6666666666666666,2265
40,680,14,15,0,66,0,1,0,0,0,33.2,1.0714285714285714,9520
22,550,4,5,1,74,0,0,0,0,0,37.0,1.25,2200
24,715,3,3,1,95,1,0,0,1,0,47.8,1.0,2145
23,690,5,2,1,59,1,1,0,0,0,30.0,0.4,3450
40,506,4,6,1,90,0,0,0,1,0,45.0,1.5,2024
38,648,3,6,1,78,0,1,0,0,0,39.2,2.0,1944
44,733,2,6,1,62,0,0,0,0,0,31.0,3.0,1466
38,502,14,10,0,82,0,0,0,1,0,41.0,0.7142857142857143,7028
44,794,3,2,1,80,0,0,1,0,0,40.0,0.6666666666666666,2382
35,784,2,2,1,86,0,1,0,1,0,43.2,1.0,1568
37,648,12,15,1,63,0,0,0,0,0,31.5,1.25,7776
39,724,2,5,1,75,0,0,0,0,0,37.5,2.5,1448
26,566,6,11,1,80,0,1,0,0,0,40.2,1.8333333333333333,3396
41,776,11,14,1,66,1,0,1,0,0,33.3,1.2727272727272727,8536
34,659,13,15,1,80,0,0,0,0,0,40.0,1.1538461538461537,8567
38,725,3,4,1,82,0,0,0,0,0,41.0,1.3333333333333333,2175
24,751,2,6,0,52,0,0,0,0,0,26.0,3.0,1502
29,574,2,3,1,76,0,0,0,0,0,38.0,1.5,1148
43,649,2,2,1,76,0,0,1,0,0,38.0,1.0,1298
39,571,2,2,0,80,0,0,0,0,0,40.0,1.0,1142
39,620,3,2,1,78,0,1,0,0,0,39.2,0.6666666666666666,1860
34,649,3,6,1,53,0,1,0,0,0,26.7,2.0,1947
28,666,1,4,1,74,0,1,0,0,0,37.2,4.0,666
35,697,14,11,1,69,0,0,0,0,0,34.5,0.7857142857142857,9758
45,774,2,2,0,72,1,1,0,0,0,36.5,1.0,1548
44,610,2,2,1,71,0,0,0,0,0,35.5,1.0,1220
24,572,1,3,1,77,0,1,0,0,0,38.7,3.0,572
44,904,2,5,1,81,0,0,1,1,0,40.5,2.5,1808
26,790,9,9,1,59,0,0,0,0,0,29.5,1.0,7110
33,794,11,12,0,70,1,0,1,0,1,35.3,1.0909090909090908,8734
42,678,4,5,1,63,0,0,0,0,0,31.5,1.25,2712
36,684,12,12,1,86,0,0,0,1,1,43.0,1.0,8208
45,683,11,11,0,73,0,0,0,0,0,36.5,1.0,7513
23,692,1,6,1,75,0,0,0,0,0,37.5,6.0,692
23,694,3,4,0,68,0,0,0,0,0,34.0,1.3333333333333333,2082
43,788,13,13,0,87,0,0,0,1,1,43.5,1.0,10244
41,749,4,6,1,70,0,0,0,0,0,35.0,1.5,2996
38,670,2,2,1,69,0,0,1,0,0,34.5,1.0,1340
23,775,3,6,0,80,0,0,0,0,0,40.0,2.0,2325
33,618,2,2,1,71,0,0,0,0,0,35.5,1.0,1236
45,759,3,4,1,80,0,1,0,0,0,40.2,1.3333333333333333,2277
40,565,3,6,1,80,0,0,0,0,0,40.0,2.0,1695
33,734,2,6,1,71,0,0,0,0,0,35.5,3.0,1468
36,676,2,3,1,70,0,0,0,0,0,35.0,1.5,1352
35,835,14,15,1,83,0,1,0,0,1,41.7,1.0714285714285714,11690
30,666,13,11,1,84,0,1,0,1,0,42.2,0.8461538461538461,8658
26,707,2,2,0,75,0,0,0,0,0,37.5,1.0,1414
35,631,4,5,1,80,0,0,0,0,0,40.0,1.25,2524
32,785,11,12,0,69,0,1,0,0,0,34.7,1.0909090909090908,8635
33,635,11,15,1,74,0,1,0,0,0,37.2,1.3636363636363635,6985
37,740,3,3,0,90,0,0,0,0,0,45.0,1.0,2220
30,855,11,15,1,75,0,1,1,0,1,37.7,1.3636363636363635,9405
28,688,3,5,1,70,1,0,1,0,0,35.3,1.6666666666666667,2064
27,671,2,4,1,54,0,0,0,0,0,27.0,2.0,1342
25,706,3,3,1,88,0,0,0,1,0,44.0,1.0,2118
40,810,4,3,1,81,0,1,0,1,0,40.7,0.75,3240
40,621,11,10,1,71,0,0,0,0,0,35.5,0.9090909090909091,6831
23,655,2,4,1,70,1,0,0,0,0,35.3,2.0,1310
41,688,11,11,1,70,0,0,0,0,0,35.0,1.0,7568
30,703,4,6,1,58,0,0,0,0,0,29.0,1.5,2812
45,628,13,13,1,68,0,0,0,0,0,34.0,1.0,8164
40,474,3,4,1,84,0,1,1,1,0,42.2,1.3333333333333333,1422
29,600,6,11,1,70,0,0,0,0,0,35.0,1.8333333333333333,3600
34,606,3,4,1,75,0,0,0,0,0,37.5,1.3333333333333333,1818
36,735,4,3,0,73,0,1,0,0,0,36.7,0.75,2940
26,627,3,5,1,78,0,1,0,0,0,39.2,1.6666666666666667,1881
40,679,12,11,1,59,0,0,0,0,0,29.5,0.9166666666666666,8148
43,721,11,11,1,64,0,0,0,0,0,32.0,1.0,7931
34,640,11,15,1,70,1,0,0,0,0,35.3,1.3636363636363635,7040
26,641,3,5,0,66,0,0,0,0,0,33.0,1.6666666666666667,1923
30,708,3,2,0,79,0,0,0,0,0,39.5,0.6666666666666666,2124
26,808,10,13,1,69,0,0,0,0,0,34.5,1.3,8080
26,800,7,7,1,60,0,0,0,0,0,30.0,1.0,5600
25,644,9,8,1,81,1,0,0,1,0,40.8,0.8888888888888888,5796
25,767,1,6,1,83,0,0,0,0,0,41.5,6.0,767
23,843,1,3,0,65,1,0,1,0,0,32.8,3.0,843
29,872,8,7,1,84,0,1,1,1,0,42.2,0.875,6976
22,843,1,5,1,70,0,0,1,0,0,35.0,5.0,843
34,737,13,13,1,66,1,0,0,0,0,33.3,1.0,9581
43,855,2,3,1,73,0,0,0,0,0,36.5,1.5,1710
26,628,1,3,1,81,0,0,0,1,0,40.5,3.0,628
30,646,3,4,0,77,0,0,0,0,0,38.5,1.3333333333333333,1938
39,916,14,14,1,73,0,0,0,0,0,36.5,1.0,12824
27,851,1,4,1,69,0,1,0,0,0,34.7,4.0,851
32,436,13,14,1,72,0,1,0,0,0,36.2,1.0769230769230769,5668
26,802,3,6,0,84,0,0,1,1,0,42.0,2.0,2406
24,753,5,2,1,76,0,0,1,0,0,38.0,0.4,3765
39,716,4,3,1,63,0,0,1,0,0,31.5,0.75,2864
34,734,12,11,1,77,0,0,1,0,0,38.5,0.9166666666666666,8808
39,715,2,5,1,74,0,0,0,0,0,37.0,2.5,1430
22,854,4,6,1,65,0,0,0,0,0,32.5,1.5,3416
41,861,3,4,1,73,0,1,0,0,0,36.7,1.3333333333333333,2583
45,650,4,3,0,81,0,0,0,1,0,40.5,0.75,2600
28,843,10,14,1,70,0,0,0,0,0,35.0,1.4,8430
25,626,6,8,0,75,0,0,1,0,0,37.5,1.3333333333333333,3756
23,674,3,6,0,74,1,1,0,0,0,37.5,2.0,2022
43,583,13,15,1,68,1,0,0,0,0,34.3,1.1538461538461537,7579
36,905,2,4,1,77,1,1,0,0,0,39.0,2.0,1810
39,633,4,3,1,66,0,0,0,0,0,33.0,0.75,2532
28,680,1,5,0,58,0,0,0,0,0,29.0,5.0,680
37,791,14,10,1,84,0,0,0,0,0,42.0,0.7142857142857143,11074
39,804,14,10,1,75,0,1,0,0,0,37.7,0.7142857142857143,11256
37,732,3,6,1,88,0,0,0,0,0,44.0,2.0,2196
24,539,2,5,0,62,0,1,1,0,0,31.2,2.5,1078
27,752,1,3,1,83,0,1,0,1,0,41.7,3.0,752
29,777,1,2,1,88,0,0,1,0,0,44.0,2.0,777
36,656,11,10,1,84,0,1,0,0,0,42.2,0.9090909090909091,7216
35,729,4,6,1,59,0,0,0,0,0,29.5,1.5,2916
32,731,11,13,1,81,0,0,0,1,1,40.5,1.1818181818181819,8041
22,610,3,6,1,87,0,0,1,0,0,43.5,2.0,1830
34,508,14,10,1,66,0,0,0,0,0,33.0,0.7142857142857143,7112
26,608,3,5,1,77,0,0,0,0,0,38.5,1.6666666666666667,1824
27,642,9,9,1,69,0,0,0,0,0,34.5,1.0,5778
36,664,11,13,1,78,0,0,0,0,0,39.0,1.1818181818181819,7304
25,681,7,11,1,84,0,0,0,1,0,42.0,1.5714285714285714,4767
40,700,11,12,1,89,1,1,0,1,1,45.0,1.0909090909090908,7700
39,659,4,3,0,82,0,0,0,1,0,41.0,0.75,2636
35,761,11,11,1,76,0,0,0,0,0,38.0,1.0,8371
29,614,1,4,1,78,0,0,0,0,0,39.0,4.0,614
23,821,2,3,1,85,1,0,0,1,0,42.8,1.5,1642
25,671,8,12,0,89,0,0,1,1,1,44.5,1.5,5368
23,635,2,5,1,86,1,0,0,0,0,43.3,2.5,1270
44,675,2,4,0,72,1,1,1,0,0,36.5,2.0,1350
26,573,9,12,1,75,0,0,0,0,0,37.5,1.3333333333333333,5157
25,674,7,7,1,72,1,0,0,0,0,36.3,1.0,4718
40,740,2,5,1,75,0,1,0,0,0,37.7,2.5,1480
24,651,4,4,1,69,0,0,0,0,0,34.5,1.0,2604
41,751,11,11,0,70,0,0,0,0,0,35.0,1.0,8261
34,682,2,6,0,61,0,0,1,0,0,30.5,3.0,1364
26,616,2,6,1,70,0,0,1,0,0,35.0,3.0,1232
36,601,2,4,1,85,0,0,0,1,0,42.5,2.0,1202
24,662,5,6,0,71,0,1,0,0,0,35.7,1.2,3310
43,656,13,15,1,77,0,0,0,0,0,38.5,1.1538461538461537,8528
36,561,3,5,1,69,0,1,0,0,0,34.7,1.6666666666666667,1683
25,501,1,5,1,65,0,1,0,0,0,32.7,5.0,501
45,773,11,10,1,70,0,0,0,0,0,35.0,0.9090909090909091,8503
45,601,14,15,1,79,0,0,0,0,0,39.5,1.0714285714285714,8414
33,595,4,6,1,74,0,0,0,0,0,37.0,1.5,2380
23,667,5,3,1,76,0,0,0,0,0,38.0,0.6,3335
29,590,3,2,1,63,0,0,0,0,0,31.5,0.6666666666666666,1770
45,822,14,15,1,59,1,0,0,0,0,29.8,1.0714285714285714,11508
39,737,11,13,1,79,0,0,0,0,0,39.5,1.1818181818181819,8107
31,729,14,13,0,67,0,0,0,0,0,33.5,0.9285714285714286,10206
38,683,13,12,1,81,0,0,0,0,0,40.5,0.9230769230769231,8879
39,636,3,6,1,83,1,0,0,0,0,41.8,2.0,1908
44,755,14,11,1,74,0,0,0,0,0,37.0,0.7857142857142857,10570
38,716,2,4,1,80,0,0,0,0,0,40.0,2.0,1432
26,611,10,15,1,74,1,0,0,0,0,37.3,1.5,6110
40,511,13,14,1,82,0,0,0,1,0,41.0,1.0769230769230769,6643
41,717,4,5,1,73,0,0,0,0,0,36.5,1.25,2868
38,711,13,13,1,74,0,1,0,0,0,37.2,1.0,9243
26,819,6,11,1,71,0,0,0,0,0,35.5,1.8333333333333333,4914
27,827,9,10,1,67,1,0,0,0,0,33.8,1.1111111111111112,7443
34,635,13,14,0,80,0,1,0,0,0,40.2,1.0769230769230769,8255
27,779,9,7,0,72,0,0,0,0,0,36.0,0.7777777777777778,7011
28,705,2,3,0,92,0,0,0,1,0,46.0,1.5,1410
34,840,2,2,1,67,0,0,0,0,0,33.5,1.0,1680
28,527,8,7,0,67,0,0,1,0,0,33.5,0.875,4216
25,648,8,12,1,82,1,0,1,1,1,41.3,1.5,5184
35,653,11,13,1,65,0,0,0,0,0,32.5,1.1818181818181819,7183
31,724,14,12,1,73,0,0,0,0,0,36.5,0.8571428571428571,10136
28,596,3,6,1,86,0,1,1,1,0,43.2,2.0,1788
28,644,3,5,0,69,0,0,1,0,0,34.5,1.6666666666666667,1932
32,762,4,3,1,64,0,1,0,0,0,32.2,0.75,3048
30,712,2,2,0,75,0,0,0,0,0,37.5,1.0,1424
23,739,2,2,1,73,0,0,0,0,0,36.5,1.0,1478
43,539,2,3,1,89,0,0,0,0,0,44.5,1.5,1078
41,666,3,4,1,78,0,0,0,0,0,39.0,1.3333333333333333,1998
43,765,11,11,0,76,0,0,0,0,0,38.0,1.0,8415
26,637,2,2,0,72,0,0,0,0,0,36.0,1.0,1274
29,574,9,8,1,77,0,1,1,0,0,38.7,0.8888888888888888,5166
22,645,1,3,1,72,0,0,1,0,0,36.0,3.0,645
29,512,10,15,1,79,0,0,0,0,0,39.5,1.5,5120
33,572,3,4,1,83,1,0,0,1,0,41.8,1.3333333333333333,1716
43,627,11,15,1,79,0,0,0,0,0,39.5,1.3636363636363635,6897
32,750,11,12,1,84,0,0,0,1,1,42.0,1.0909090909090908,8250
31,609,3,5,1,67,0,0,0,0,0,33.5,1.6666666666666667,1827
30,759,13,13,1,74,1,1,0,0,1,37.5,1.0,9867
29,543,3,2,1,83,1,0,0,0,0,41.8,0.6666666666666666,1629
45,847,4,5,1,72,0,0,0,0,0,36.0,1.25,3388
31,609,4,2,1,72,0,1,1,0,0,36.2,0.5,2436
45,725,3,3,1,77,0,0,0,0,0,38.5,1.0,2175
45,568,13,14,1,66,1,0,1,0,0,33.3,1.0769230769230769,7384
32,837,11,13,1,80,0,1,0,0,1,40.2,1.1818181818181819,9207
24,608,4,3,1,69,1,0,0,0,0,34.8,0.75,2432
25,764,7,11,0,79,0,0,1,0,0,39.5,1.5714285714285714,5348
30,611,4,6,1,69,0,1,0,0,0,34.7,1.5,2444
29,682,2,3,1,79,0,0,0,0,0,39.5,1.5,1364
40,659,14,10,1,82,0,1,0,1,0,41.2,0.7142857142857143,9226
32,627,4,6,0,69,1,0,0,0,0,34.8,1.5,2508
25,782,1,4,1,64,1,0,0,0,0,32.3,4.0,782
38,687,2,4,1,76,0,0,0,0,0,38.0,2.0,1374
41,667,3,6,1,65,0,0,0,0,0,32.5,2.0,2001
22,596,2,6,1,77,1,0,0,0,0,38.8,3.0,1192
28,614,8,10,0,83,0,0,0,0,0,41.5,1.25,4912
45,538,12,12,1,79,0,0,0,0,0,39.5,1.0,6456
25,651,6,7,1,76,0,0,0,0,0,38.0,1.1666666666666667,3906
36,692,14,10,1,73,0,0,1,0,0,36.5,0.7142857142857143,9688
45,705,14,14,0,63,0,0,0,0,0,31.5,1.0,9870
41,791,13,15,1,75,0,0,1,0,0,37.5,1.1538461538461537,10283
42,767,13,10,1,77,0,0,1,0,0,38.5,0.7692307692307693,9971
34,667,2,2,1,77,0,0,0,0,0,38.5,1.0,1334
37,826,3,2,1,63,0,0,0,0,0,31.5,0.6666666666666666,2478
28,763,9,8,1,81,0,0,0,1,0,40.5,0.8888888888888888,6867
22,640,2,4,1,68,0,0,0,0,0,34.0,2.0,1280
35,592,13,12,1,69,0,1,0,0,0,34.7,0.9230769230769231,7696
29,860,8,9,1,72,0,0,0,0,0,36.0,1.125,6880
24,585,1,6,1,71,0,0,0,0,0,35.5,6.0,585
32,786,4,2,1,81,0,0,0,0,0,40.5,0.5,3144
22,723,3,3,1,92,0,1,0,1,0,46.2,1.0,2169
23,741,1,5,1,94,0,1,1,1,0,47.2,5.0,741
31,710,11,10,1,66,0,1,1,0,0,33.2,0.9090909090909091,7810
44,552,3,5,1,60,1,0,0,0,0,30.3,1.6666666666666667,1656
38,780,4,3,1,81,0,0,0,0,0,40.5,0.75,3120
36,649,14,13,1,74,0,1,0,0,0,37.2,0.9285714285714286,9086
39,545,4,6,1,74,0,0,0,0,0,37.0,1.5,2180
24,835,4,5,1,83,0,0,0,1,0,41.5,1.25,3340
28,754,10,13,0,71,0,0,0,0,0,35.5,1.3,7540
39,711,2,4,1,69,0,0,0,0,0,34.5,2.0,1422
31,748,2,6,0,60,0,0,1,0,0,30.0,3.0,1496
32,783,3,2,1,56,1,0,1,0,0,28.3,0.6666666666666666,2349
27,686,1,3,1,74,0,0,0,0,0,37.0,3.0,686
27,685,3,2,1,70,0,0,0,0,0,35.0,0.6666666666666666,2055
38,645,4,6,1,74,0,1,0,0,0,37.2,1.5,2580
28,682,3,6,1,84,0,0,0,1,0,42.0,2.0,2046
36,811,4,5,1,79,1,1,0,0,0,40.0,1.25,3244
45,641,12,14,1,73,0,0,0,0,0,36.5,1.1666666666666667,7692
32,723,12,14,1,65,0,0,0,0,0,32.5,1.1666666666666667,8676
23,684,3,4,0,88,0,1,0,0,0,44.2,1.3333333333333333,2052
26,818,7,11,1,83,0,0,0,1,0,41.5,1.5714285714285714,5726
43,714,11,10,1,85,0,0,0,1,1,42.5,0.9090909090909091,7854
41,683,3,3,1,84,0,0,0,0,0,42.0,1.0,2049
28,730,6,12,1,49,0,0,0,0,0,24.5,2.0,4380
35,676,14,15,1,70,1,0,0,0,0,35.3,1.0714285714285714,9464
24,656,2,6,1,65,0,0,0,0,0,32.5,3.0,1312
35,719,11,10,0,76,0,0,0,0,0,38.0,0.9090909090909091,7909
33,785,3,5,1,85,0,0,1,1,0,42.5,1.6666666666666667,2355
44,881,2,6,1,66,0,0,0,0,0,33.0,3.0,1762
38,707,14,12,1,71,0,1,0,0,0,35.7,0.8571428571428571,9898
44,686,14,13,1,73,0,1,0,0,0,36.7,0.9285714285714286,9604
25,789,3,2,0,80,0,0,0,0,0,40.0,0.6666666666666666,2367
41,567,3,2,1,73,0,0,0,0,0,36.5,0.6666666666666666,1701
36,678,4,3,1,78,1,1,0,0,0,39.5,0.75,2712
32,774,2,6,1,80,0,0,0,0,0,40.0,3.0,1548
33,701,4,3,1,74,1,0,0,0,0,37.3,0.75,2804
35,739,14,10,1,91,0,0,0,0,0,45.5,0.7142857142857143,10346
44,740,4,3,0,66,0,0,0,0,0,33.0,0.75,2960
40,538,3,5,1,72,0,0,1,0,0,36.0,1.6666666666666667,1614
25,779,2,5,0,76,0,1,0,0,0,38.2,2.5,1558
35,853,11,12,0,85,1,1,0,1,1,43.0,1.0909090909090908,9383
41,663,4,6,1,77,0,0,1,0,0,38.5,1.5,2652
43,665,13,11,1,94,0,1,1,0,1,47.2,0.8461538461538461,8645
25,675,1,2,1,88,0,0,1,1,0,44.0,2.0,675
41,791,13,10,1,72,0,1,0,0,0,36.2,0.7692307692307693,10283
27,685,7,10,1,70,0,0,0,0,0,35.0,1.4285714285714286,4795
22,716,4,3,0,61,1,0,0,0,0,30.8,0.75,2864
35,610,13,12,1,83,0,0,0,0,0,41.5,0.9230769230769231,7930
29,738,2,3,0,73,0,1,0,0,0,36.7,1.5,1476
43,724,12,12,1,78,0,0,0,0,0,39.0,1.0,8688
23,675,3,4,1,78,1,0,0,0,0,39.3,1.3333333333333333,2025
26,711,9,11,1,67,0,1,0,0,0,33.7,1.2222222222222223,6399
41,513,2,5,0,89,0,0,0,0,0,44.5,2.5,1026
24,769,2,3,0,75,0,0,0,0,0,37.5,1.5,1538
40,672,14,11,1,60,0,0,0,0,0,30.0,0.7857142857142857,9408
32,950,11,13,1,78,0,1,0,0,1,39.2,1.1818181818181819,10450
24,677,4,4,0,78,0,0,0,0,0,39.0,1.0,2708
40,785,4,4,1,73,0,0,1,0,0,36.5,1.0,3140
44,855,2,4,1,72,0,0,0,0,0,36.0,2.0,1710
36,796,13,11,0,65,0,0,0,0,0,32.5,0.8461538461538461,10348
41,772,3,3,1,81,0,0,0,1,0,40.5,1.0,2316
42,643,11,12,1,68,0,1,0,0,0,34.2,1.0909090909090908,7073
39,713,3,4,1,69,1,0,0,0,0,34.8,1.3333333333333333,2139
45,548,3,3,1,92,0,1,0,1,0,46.2,1.0,1644
28,617,2,3,1,67,0,0,0,0,0,33.5,1.5,1234
22,605,1,6,1,84,0,0,0,1,0,42.0,6.0,605
29,839,6,7,0,67,0,0,0,0,0,33.5,1.1666666666666667,5034
39,742,13,14,1,61,0,0,1,0,0,30.5,1.0769230769230769,9646
28,717,1,4,1,90,0,0,1,1,0,45.0,4.0,717
37,737,11,11,1,94,1,0,0,0,0,47.3,1.0,8107
34,751,12,10,1,72,1,1,0,0,0,36.5,0.8333333333333334,9012
25,776,7,11,1,68,0,0,0,0,0,34.0,1.5714285714285714,5432
39,795,11,10,1,64,1,0,1,0,0,32.3,0.9090909090909091,8745
44,629,4,4,1,92,0,1,1,1,0,46.2,1.0,2516
33,791,3,4,1,99,0,0,0,0,0,49.5,1.3333333333333333,2373
41,815,3,3,1,80,0,0,0,0,0,40.0,1.0,2445
42,825,4,6,1,56,0,0,0,0,0,28.0,1.5,3300
31,795,2,3,1,80,1,0,0,0,0,40.3,1.5,1590
39,733,11,15,1,79,0,0,0,0,0,39.5,1.3636363636363635,8063
23,725,2,2,0,65,0,0,1,0,0,32.5,1.0,1450
30,667,14,15,1,81,0,0,0,0,0,40.5,1.0714285714285714,9338
31,639,4,4,1,65,0,0,0,0,0,32.5,1.0,2556
30,879,12,12,1,70,0,1,0,0,1,35.2,1.0,10548
22,545,5,4,0,86,0,0,1,1,0,43.0,0.8,2725
40,659,14,12,1,93,0,0,0,0,1,46.5,0.8571428571428571,9226
35,774,4,6,0,74,1,0,0,0,0,37.3,1.5,3096
22,647,3,5,1,73,1,1,0,0,0,37.0,1.6666666666666667,1941
25,772,7,12,1,91,0,0,0,0,0,45.5,1.7142857142857142,5404
33,806,11,15,1,89,0,0,0,0,1,44.5,1.3636363636363635,8866
27,684,2,3,1,72,0,0,0,0,0,36.0,1.5,1368
25,744,9,7,1,84,0,1,0,1,0,42.2,0.7777777777777778,6696
25,605,7,11,1,74,0,1,1,0,0,37.2,1.5714285714285714,4235
38,720,12,15,1,74,0,1,1,0,1,37.2,1.25,8640
35,602,2,2,1,78,0,0,0,0,0,39.0,1.0,1204
30,914,4,2,0,75,1,0,0,0,0,37.8,0.5,3656
41,791,2,6,1,83,0,0,0,1,0,41.5,3.0,1582
41,766,3,2,1,82,0,0,0,0,0,41.0,0.6666666666666666,2298
22,672,2,4,1,78,0,0,0,0,0,39.0,2.0,1344
41,804,13,13,0,68,0,1,0,0,0,34.2,1.0,10452
31,642,4,2,1,59,0,1,0,0,0,29.7,0.5,2568
28,598,10,11,1,74,0,0,1,0,0,37.0,1.1,5980
25,648,7,8,1,66,0,0,0,0,0,33.0,1.1428571428571428,4536
24,690,3,3,1,86,0,1,0,1,0,43.2,1.0,2070
30,729,4,3,1,77,1,0,1,0,0,38.8,0.75,2916
31,555,4,2,1,68,0,1,0,0,0,34.2,0.5,2220
29,751,7,12,1,64,0,0,0,0,0,32.0,1.7142857142857142,5257
33,708,12,12,1,83,0,0,0,0,0,41.5,1.0,8496
38,810,2,6,1,81,1,0,0,0,0,40.8,3.0,1620
35,683,11,13,1,55,0,0,0,0,0,27.5,1.1818181818181819,7513
38,737,13,10,1,89,0,0,0,1,1,44.5,0.7692307692307693,9581
44,662,12,10,1,72,1,0,0,0,0,36.3,0.8333333333333334,7944
43,642,11,12,1,70,0,0,0,0,0,35.0,1.0909090909090908,7062
37,707,4,3,1,78,1,0,0,0,0,39.3,0.75,2828
42,701,14,15,1,63,1,1,0,0,0,32.0,1.0714285714285714,9814
30,708,3,5,1,67,0,0,0,0,0,33.5,1.6666666666666667,2124
24,618,2,2,1,72,0,0,0,0,0,36.0,1.0,1236
24,509,2,6,1,67,0,0,0,0,0,33.5,3.0,1018
33,617,14,15,0,61,0,1,0,0,0,30.7,1.0714285714285714,8638
45,706,12,10,1,92,0,0,0,1,1,46.0,0.8333333333333334,8472
23,661,1,5,0,81,0,0,0,0,0,40.5,5.0,661
44,458,12,14,1,72,0,1,0,0,0,36.2,1.1666666666666667,5496
35,627,11,15,1,51,0,1,1,0,0,25.7,1.3636363636363635,6897
33,596,11,11,1,80,0,0,0,0,0,40.0,1.0,6556
27,794,2,5,1,68,1,1,0,0,0,34.5,2.5,1588
29,732,8,7,1,80,0,0,0,0,0,40.0,0.875,5856
32,649,11,12,0,69,0,0,1,0,0,34.5,1.0909090909090908,7139
35,705,4,6,1,89,1,0,0,1,0,44.8,1.5,2820
34,611,4,4,1,72,0,0,0,0,0,36.0,1.0,2444
42,623,11,12,1,64,0,0,1,0,0,32.0,1.0909090909090908,6853
35,574,11,15,1,64,0,1,0,0,0,32.2,1.3636363636363635,6314
42,770,4,3,1,58,0,0,0,0,0,29.0,0.75,3080
23,520,1,6,1,70,0,0,0,0,0,35.0,6.0,520
29,652,3,4,1,70,0,0,0,0,0,35.0,1.3333333333333333,1956
33,764,3,4,1,88,0,1,0,0,0,44.2,1.3333333333333333,2292
42,667,3,6,1,80,0,0,1,0,0,40.0,2.0,2001
39,674,3,6,1,77,0,0,0,0,0,38.5,2.0,2022
37,536,4,2,1,61,0,0,0,0,0,30.5,0.5,2144
40,632,4,5,1,52,0,0,0,0,0,26.0,1.25,2528
43,856,14,15,0,72,0,0,0,0,0,36.0,1.0714285714285714,11984
37,647,2,5,1,67,0,0,1,0,0,33.5,2.5,1294
42,682,13,15,1,65,0,1,0,0,0,32.7,1.1538461538461537,8866
45,838,4,5,1,95,0,0,1,1,0,47.5,1.25,3352
37,812,2,6,1,79,0,0,0,0,0,39.5,3.0,1624
30,706,11,14,1,66,0,1,0,0,0,33.2,1.2727272727272727,7766
35,689,13,12,1,77,0,0,0,0,0,38.5,0.9230769230769231,8957
31,835,13,10,1,81,1,0,0,1,1,40.8,0.7692307692307693,10855
29,709,2,5,1,77,0,0,0,0,0,38.5,2.5,1418
30,671,13,15,1,57,0,0,0,0,0,28.5,1.1538461538461537,8723
41,677,4,5,1,74,1,0,0,0,0,37.3,1.25,2708
42,662,11,15,0,72,0,1,0,0,0,36.2,1.3636363636363635,7282
41,491,2,6,1,65,0,0,1,0,0,32.5,3.0,982
28,842,1,6,1,76,0,0,0,0,0,38.0,6.0,842
28,715,1,3,1,80,0,0,1,0,0,40.0,3.0,715
36,730,11,15,0,64,0,0,0,0,0,32.0,1.3636363636363635,8030
39,466,2,4,1,77,0,0,0,0,0,38.5,2.0,932
44,772,4,6,1,71,0,1,1,0,0,35.7,1.5,3088
22,624,2,4,1,71,0,0,1,0,0,35.5,2.0,1248
22,697,1,2,1,88,0,0,1,1,0,44.0,2.0,697
43,616,11,13,0,63,0,1,0,0,0,31.7,1.1818181818181819,6776
34,568,3,4,1,76,1,0,1,0,0,38.3,1.3333333333333333,1704
32,624,12,13,1,63,1,0,1,0,0,31.8,1.0833333333333333,7488
26,678,1,2,1,81,0,0,0,0,0,40.5,2.0,678
45,773,12,14,1,72,1,0,1,0,1,36.3,1.1666666666666667,9276
39,682,11,10,0,60,0,1,0,0,0,30.2,0.9090909090909091,7502
32,689,11,13,1,75,0,0,0,0,0,37.5,1.1818181818181819,7579
32,670,12,15,1,71,1,1,0,0,1,36.0,1.25,8040
41,656,14,12,0,81,0,0,1,0,0,40.5,0.8571428571428571,9184
45,603,14,10,1,71,0,0,0,0,0,35.5,0.7142857142857143,8442
24,767,2,4,0,65,0,0,1,0,0,32.5,2.0,1534
32,669,2,2,0,62,1,1,0,0,0,31.5,1.0,1338
28,656,10,10,0,88,0,1,1,0,1,44.2,1.0,6560
36,678,2,6,0,68,0,0,1,0,0,34.0,3.0,1356
23,766,1,4,1,88,0,0,0,1,0,44.0,4.0,766
28,820,7,11,0,69,0,1,1,0,0,34.7,1.5714285714285714,5740
30,732,11,11,1,68,0,0,1,0,0,34.0,1.0,8052
28,644,1,2,1,92,1,0,0,1,0,46.3,2.0,644
37,683,3,4,1,81,0,0,1,0,0,40.5,1.3333333333333333,2049
35,797,12,15,1,72,0,1,0,0,0,36.2,1.25,9564
39,638,11,10,1,75,0,0,0,0,0,37.5,0.9090909090909091,7018
39,752,4,5,1,79,1,0,0,0,0,39.8,1.25,3008
42,753,2,6,1,81,0,1,0,0,0,40.7,3.0,1506
28,731,10,14,1,61,1,0,0,0,0,30.8,1.4,7310
45,668,3,6,1,77,0,0,0,0,0,38.5,2.0,2004
29,673,1,5,1,78,1,0,0,0,0,39.3,5.0,673
45,721,4,2,1,88,0,0,0,0,0,44.0,0.5,2884
39,803,2,2,0,70,0,0,0,0,0,35.0,1.0,1606
39,854,13,13,1,76,0,0,0,0,0,38.0,1.0,11102
45,627,3,5,0,90,0,0,1,0,0,45.0,1.6666666666666667,1881
22,717,1,6,0,63,0,0,1,0,0,31.5,6.0,717
28,649,6,10,1,80,0,0,0,0,0,40.0,1.6666666666666667,3894
23,800,2,6,1,59,0,0,0,0,0,29.5,3.0,1600
42,550,12,10,1,89,0,0,1,1,1,44.5,0.8333333333333334,6600
27,657,1,5,1,68,1,0,0,0,0,34.3,5.0,657
34,671,14,13,1,79,0,0,1,0,0,39.5,0.9285714285714286,9394
42,534,4,2,1,68,0,0,0,0,0,34.0,0.5,2136
26,732,2,3,1,98,1,0,0,0,0,49.3,1.5,1464
27,730,2,2,1,64,0,1,1,0,0,32.2,1.0,1460
38,464,13,15,1,93,1,0,1,1,1,46.8,1.1538461538461537,6032
36,639,2,6,1,75,0,0,0,0,0,37.5,3.0,1278
33,742,11,12,1,64,0,1,0,0,0,32.2,1.0909090909090908,8162
40,579,4,5,1,83,1,0,0,1,0,41.8,1.25,2316
41,653,13,10,0,72,0,0,0,0,0,36.0,0.7692307692307693,8489
22,667,2,2,1,77,0,0,1,0,0,38.5,1.0,1334
27,637,3,4,1,70,0,0,1,0,0,35.0,1.3333333333333333,1911
42,629,11,10,1,62,0,0,0,0,0,31.0,0.9090909090909091,6919
31,809,13,14,0,66,0,0,1,0,0,33.0,1.0769230769230769,10517
24,652,2,3,1,82,1,0,0,1,0,41.3,1.5,1304
30,710,3,5,1,68,1,0,0,0,0,34.3,1.6666666666666667,2130
37,727,2,6,0,79,0,0,1,0,0,39.5,3.0,1454
26,634,2,6,1,71,0,0,0,0,0,35.5,3.0,1268
28,829,8,7,1,83,0,0,0,0,0,41.5,0.875,6632
36,697,3,5,1,72,0,0,1,0,0,36.0,1.6666666666666667,2091
42,725,11,11,0,85,0,1,0,0,0,42.7,1.0,7975
26,453,7,11,1,92,0,0,0,0,0,46.0,1.5714285714285714,3171
36,871,2,6,1,71,0,0,0,0,0,35.5,3.0,1742
32,450,11,14,1,78,0,0,0,0,0,39.0,1.2727272727272727,4950
34,783,13,14,1,77,0,0,0,0,0,38.5,1.0769230769230769,10179
35,685,4,4,1,76,0,0,0,0,0,38.0,1.0,2740
36,609,4,2,1,94,0,0,0,0,0,47.0,0.5,2436
34,798,2,6,1,68,0,0,1,0,0,34.0,3.0,1596
40,732,4,5,1,59,1,0,1,0,0,29.8,1.25,2928
30,536,4,5,1,88,0,0,0,0,0,44.0,1.25,2144
45,789,2,2,1,77,0,0,1,0,0,38.5,1.0,1578
34,625,3,2,1,83,0,0,0,0,0,41.5,0.6666666666666666,1875
24,541,2,2,1,52,0,0,0,0,0,26.0,1.0,1082
38,701,4,2,1,80,0,1,0,0,0,40.2,0.5,2804
45,692,4,4,0,60,0,0,0,0,0,30.0,1.0,2768
38,810,11,11,1,72,0,0,0,0,0,36.0,1.0,8910
41,763,4,4,1,63,0,0,0,0,0,31.5,1.0,3052
41,745,3,2,1,59,0,0,0,0,0,29.5,0.6666666666666666,2235
38,747,4,3,1,71,1,1,0,0,0,36.0,0.75,2988
37,573,4,5,0,80,0,0,0,0,0,40.0,1.25,2292
35,653,12,10,0,64,0,1,0,0,0,32.2,0.8333333333333334,7836
36,707,2,3,1,73,0,0,1,0,0,36.5,1.5,1414
30,699,11,14,1,57,0,0,1,0,0,28.5,1.2727272727272727,7689
28,692,8,11,0,72,0,1,0,0,0,36.2,1.375,5536
23,893,5,4,1,86,0,1,0,0,0,43.2,0.8,4465
41,650,3,4,1,64,0,0,0,0,0,32.0,1.3333333333333333,1950
41,757,4,5,1,77,0,0,0,0,0,38.5,1.25,3028
32,565,3,4,1,74,0,0,0,0,0,37.0,1.3333333333333333,1695
34,765,14,13,0,69,1,0,0,0,0,34.8,0.9285714285714286,10710
40,799,2,5,0,85,1,0,0,1,0,42.8,2.5,1598
41,753,13,13,0,81,1,0,1,0,1,40.8,1.0,9789
25,668,6,7,1,84,0,0,0,0,0,42.0,1.1666666666666667,4008
31,500,4,3,1,79,0,0,0,0,0,39.5,0.75,2000
40,613,11,12,0,57,0,0,0,0,0,28.5,1.0909090909090908,6743
31,599,2,3,1,93,0,0,1,0,0,46.5,1.5,1198
25,739,1,5,1,55,1,0,1,0,0,27.8,5.0,739
23,694,1,5,1,70,1,0,1,0,0,35.3,5.0,694
44,756,3,6,1,76,0,1,0,0,0,38.2,2.0,2268
28,684,1,5,0,59,1,0,0,0,0,29.8,5.0,684
36,749,2,2,0,72,0,0,0,0,0,36.0,1.0,1498
35,551,13,15,1,57,0,0,0,0,0,28.5,1.1538461538461537,7163
40,823,2,4,0,66,1,0,0,0,0,33.3,2.0,1646
37,510,2,3,0,77,0,1,1,0,0,38.7,1.5,1020
38,657,13,11,1,78,1,0,1,0,0,39.3,0.8461538461538461,8541
28,683,3,6,1,86,0,0,0,0,0,43.0,2.0,2049
44,734,2,3,1,76,0,0,0,0,0,38.0,1.5,1468
23,711,1,3,1,75,0,0,0,0,0,37.5,3.0,711
36,736,13,14,1,71,0,0,1,0,0,35.5,1.0769230769230769,9568
44,602,12,13,1,76,1,0,0,0,0,38.3,1.0833333333333333,7224
27,788,2,2,1,84,0,0,0,0,0,42.0,1.0,1576
33,633,3,5,0,49,0,1,0,0,0,24.7,1.6666666666666667,1899
38,580,2,4,1,90,0,1,0,1,0,45.2,2.0,1160
35,731,12,10,1,70,0,1,0,0,0,35.2,0.8333333333333334,8772
35,619,11,13,1,57,0,0,0,0,0,28.5,1.1818181818181819,6809
44,634,11,14,1,81,0,0,0,0,0,40.5,1.2727272727272727,6974
45,773,12,10,1,70,1,0,0,0,0,35.3,0.8333333333333334,9276
44,614,14,10,0,91,0,1,0,0,0,45.7,0.7142857142857143,8596
41,624,3,4,1,84,1,0,0,1,0,42.3,1.3333333333333333,1872
25,768,9,7,0,64,1,0,0,0,0,32.3,0.7777777777777778,6912
30,727,2,2,1,63,0,0,1,0,0,31.5,1.0,1454
29,708,1,3,0,76,0,0,0,0,0,38.0,3.0,708
27,685,2,3,1,76,0,0,0,0,0,38.0,1.5,1370
41,830,11,11,1,88,1,0,1,1,1,44.3,1.0,9130
32,862,13,11,0,89,0,0,1,1,1,44.5,0.8461538461538461,11206
33,698,4,5,1,66,1,0,1,0,0,33.3,1.25,2792
41,636,12,15,0,74,0,0,0,0,0,37.0,1.25,7632
38,638,2,6,1,68,0,1,0,0,0,34.2,3.0,1276
40,615,14,13,1,71,0,0,0,0,0,35.5,0.9285714285714286,8610
36,798,4,4,1,96,0,0,0,1,0,48.0,1.0,3192
29,682,2,3,1,72,0,0,1,0,0,36.0,1.5,1364
42,714,2,4,1,85,1,1,1,1,0,43.0,2.0,1428
35,817,13,13,1,85,0,0,0,0,1,42.5,1.0,10621
36,621,13,10,1,67,0,0,1,0,0,33.5,0.7692307692307693,8073
45,859,13,10,1,80,0,0,0,0,0,40.0,0.7692307692307693,11167
26,562,3,4,0,71,0,0,0,0,0,35.5,1.3333333333333333,1686
39,832,2,4,1,88,0,0,0,1,0,44.0,2.0,1664
33,652,4,5,1,76,0,0,1,0,0,38.0,1.25,2608
24,636,4,4,1,84,0,1,1,1,0,42.2,1.0,2544
38,734,13,13,1,87,1,1,1,0,1,44.0,1.0,9542
36,722,13,13,0,65,0,0,0,0,0,32.5,1.0,9386
33,729,4,2,1,90,0,0,1,1,0,45.0,0.5,2916
26,792,6,11,1,84,1,0,0,1,0,42.3,1.8333333333333333,4752
40,712,13,12,1,80,0,0,1,0,0,40.0,0.9230769230769231,9256
38,658,3,6,1,90,1,0,1,0,0,45.3,2.0,1974
28,920,3,4,1,75,0,0,0,0,0,37.5,1.3333333333333333,2760
37,604,3,2,1,76,0,0,0,0,0,38.0,0.6666666666666666,1812
24,638,4,3,1,55,1,0,0,0,0,27.8,0.75,2552
23,797,2,5,1,59,1,0,0,0,0,29.8,2.5,1594
26,843,3,2,1,59,0,1,1,0,0,29.7,0.6666666666666666,2529
22,619,3,3,1,73,0,0,0,0,0,36.5,1.0,1857
28,752,1,4,0,65,0,0,0,0,0,32.5,4.0,752
37,643,13,11,1,80,0,1,1,0,0,40.2,0.8461538461538461,8359
37,651,4,3,1,100,0,0,0,1,0,50.0,0.75,2604
44,586,2,3,1,88,0,0,0,0,0,44.0,1.5,1172
30,652,11,13,1,77,0,0,0,0,0,38.5,1.1818181818181819,7172
35,767,3,3,0,80,0,0,0,0,0,40.0,1.0,2301
28,735,6,8,1,61,0,0,1,0,0,30.5,1.3333333333333333,4410
42,860,4,4,1,96,0,0,1,0,0,48.0,1.0,3440
40,833,4,4,1,70,0,0,0,0,0,35.0,1.0,3332
28,744,1,2,1,66,1,0,0,0,0,33.3,2.0,744
34,502,14,10,0,97,0,1,0,0,0,48.7,0.7142857142857143,7028
22,848,4,3,1,88,0,0,0,1,0,44.0,0.75,3392
30,508,11,11,1,83,1,0,0,1,0,41.8,1.0,5588
29,720,1,3,0,73,0,0,0,0,0,36.5,3.0,720
26,654,10,12,1,70,1,0,0,0,0,35.3,1.2,6540
25,666,1,4,1,64,0,1,0,0,0,32.2,4.0,666
44,725,3,4,1,80,0,0,0,0,0,40.0,1.3333333333333333,2175
26,676,3,6,0,85,1,1,0,1,0,43.0,2.0,2028
24,628,2,4,0,58,0,0,0,0,0,29.0,2.0,1256
34,697,3,3,0,91,0,0,0,0,0,45.5,1.0,2091
41,721,4,2,0,74,1,0,0,0,0,37.3,0.5,2884
40,565,13,14,1,77,0,0,0,0,0,38.5,1.0769230769230769,7345
32,942,4,6,1,70,0,0,1,0,0,35.0,1.5,3768
26,738,3,3,0,70,0,0,0,0,0,35.0,1.0,2214
44,613,3,3,1,85,0,0,1,0,0,42.5,1.0,1839
29,866,8,12,1,65,0,0,0,0,0,32.5,1.5,6928
31,695,4,6,1,51,0,0,0,0,0,25.5,1.5,2780
37,664,2,4,1,72,0,0,0,0,0,36.0,2.0,1328
22,595,3,5,0,70,0,0,1,0,0,35.0,1.6666666666666667,1785
32,785,3,6,1,67,1,0,0,0,0,33.8,2.0,2355
25,745,9,11,1,70,1,1,0,0,0,35.5,1.2222222222222223,6705
40,950,12,10,1,70,0,0,0,0,0,35.0,0.8333333333333334,11400
24,754,1,4,1,88,0,0,0,1,0,44.0,4.0,754
39,500,3,5,1,75,1,0,0,0,0,37.8,1.6666666666666667,1500
33,494,14,15,1,76,0,0,0,0,0,38.0,1.0714285714285714,6916
44,819,2,2,1,73,0,0,0,0,0,36.5,1.0,1638
45,690,4,6,1,59,1,0,1,0,0,29.8,1.5,2760
39,554,11,11,1,67,0,0,0,0,0,33.5,1.0,6094
33,899,2,2,0,68,0,1,0,0,0,34.2,1.0,1798
35,634,4,5,1,79,0,0,0,0,0,39.5,1.25,2536
43,950,4,5,1,77,0,0,0,0,0,38.5,1.25,3800
45,714,3,4,1,89,0,0,0,0,0,44.5,1.3333333333333333,2142
23,691,5,3,1,80,1,0,1,0,0,40.3,0.6,3455
33,610,13,11,1,74,0,0,0,0,0,37.0,0.8461538461538461,7930
30,741,13,12,0,96,1,0,0,1,1,48.3,0.9230769230769231,9633
44,749,14,11,1,68,0,0,0,0,0,34.0,0.7857142857142857,10486
28,767,2,5,1,77,0,0,0,0,0,38.5,2.5,1534
24,821,2,3,1,69,0,0,0,0,0,34.5,1.5,1642
29,784,3,4,1,88,0,1,0,1,0,44.2,1.3333333333333333,2352
25,676,7,10,1,63,0,1,1,0,0,31.7,1.4285714285714286,4732
37,431,12,15,1,90,0,1,0,0,1,45.2,1.25,5172
43,587,14,15,1,59,0,0,0,0,0,29.5,1.0714285714285714,8218
29,845,1,3,0,83,0,0,1,0,0,41.5,3.0,845
27,638,2,2,1,83,0,0,0,1,0,41.5,1.0,1276
39,624,4,4,1,77,0,0,0,0,0,38.5,1.0,2496
38,865,3,5,1,89,0,0,0,1,0,44.5,1.6666666666666667,2595
29,571,2,3,1,71,1,0,1,0,0,35.8,1.5,1142
33,682,3,5,0,75,0,0,0,0,0,37.5,1.6666666666666667,2046
30,878,3,4,0,74,0,0,0,0,0,37.0,1.3333333333333333,2634
39,732,2,3,0,85,1,1,0,0,0,43.0,1.5,1464
39,740,14,10,1,67,0,1,0,0,0,33.7,0.7142857142857143,10360
38,683,11,10,1,72,0,0,0,0,0,36.0,0.9090909090909091,7513
28,657,6,10,1,70,0,0,1,0,0,35.0,1.6666666666666667,3942
27,713,9,12,1,92,0,0,0,1,1,46.0,1.3333333333333333,6417
28,615,2,3,0,66,0,0,0,0,0,33.0,1.5,1230
31,871,11,12,0,86,0,0,0,1,1,43.0,1.0909090909090908,9581
38,740,4,3,1,61,0,1,0,0,0,30.7,0.75,2960
38,732,4,4,1,73,0,0,0,0,0,36.5,1.0,2928
33,571,13,13,1,79,0,0,0,0,0,39.5,1.0,7423
30,759,4,6,0,93,1,0,0,1,0,46.8,1.5,3036
36,652,2,3,1,64,0,1,0,0,0,32.2,1.5,1304
24,855,2,4,1,66,0,0,0,0,0,33.0,2.0,1710
43,642,4,4,1,67,0,0,1,0,0,33.5,1.0,2568
38,689,4,2,0,77,0,0,0,0,0,38.5,0.5,2756
45,482,12,12,0,86,0,0,0,1,1,43.0,1.0,5784
31,729,2,5,0,93,1,0,0,0,0,46.8,2.5,1458
30,639,3,3,1,80,0,0,0,0,0,40.0,1.0,1917
33,647,4,5,1,77,1,0,1,0,0,38.8,1.25,2588
33,671,13,15,0,57,0,1,0,0,0,28.7,1.1538461538461537,8723
36,779,14,15,1,65,0,0,0,0,0,32.5,1.0714285714285714,10906
35,673,3,6,1,88,0,1,0,1,0,44.2,2.0,2019
30,535,11,13,1,71,0,0,0,0,0,35.5,1.1818181818181819,5885
36,687,2,5,1,68,0,0,0,0,0,34.0,2.5,1374
45,948,3,6,1,62,0,0,1,0,0,31.0,2.0,2844
25,743,8,7,1,60,0,0,0,0,0,30.0,0.875,5944
41,540,13,12,1,66,1,0,0,0,0,33.3,0.9230769230769231,7020
37,672,13,11,1,78,1,0,0,0,0,39.3,0.8461538461538461,8736
22,657,1,2,1,71,1,0,1,0,0,35.8,2.0,657
32,780,11,14,1,72,0,1,0,0,0,36.2,1.2727272727272727,8580
35,780,4,6,1,89,0,0,0,1,0,44.5,1.5,3120
31,891,13,13,1,69,0,0,0,0,0,34.5,1.0,11583
43,574,3,3,0,78,0,0,0,0,0,39.0,1.0,1722
24,805,1,2,1,52,0,0,1,0,0,26.0,2.0,805
31,730,2,6,1,74,0,0,0,0,0,37.0,3.0,1460
23,797,1,2,0,59,0,0,0,0,0,29.5,2.0,797
30,703,3,2,1,70,0,0,0,0,0,35.0,0.6666666666666666,2109
40,577,14,12,1,73,0,1,0,0,0,36.7,0.8571428571428571,8078
22,559,2,5,1,75,0,0,0,0,0,37.5,2.5,1118
26,822,6,12,1,74,0,0,0,0,0,37.0,2.0,4932
29,698,6,12,1,75,1,1,0,0,0,38.0,2.0,4188
30,675,3,3,1,67,1,0,0,0,0,33.8,1.0,2025
37,814,14,12,0,79,0,0,1,0,1,39.5,0.8571428571428571,11396
36,931,11,13,0,80,0,0,1,0,1,40.0,1.1818181818181819,10241
35,683,2,6,0,73,0,0,0,0,0,36.5,3.0,1366
44,635,4,2,0,75,1,1,0,0,0,38.0,0.5,2540
35,697,2,2,1,76,0,1,0,0,0,38.2,1.0,1394
29,559,3,4,1,73,0,0,0,0,0,36.5,1.3333333333333333,1677
39,756,3,2,1,77,0,0,1,0,0,38.5,0.6666666666666666,2268
31,922,11,15,1,88,1,0,0,1,1,44.3,1.3636363636363635,10142
43,672,14,11,0,77,0,0,0,0,0,38.5,0.7857142857142857,9408
23,649,1,4,1,76,0,1,0,0,0,38.2,4.0,649
43,946,3,3,1,70,0,0,0,0,0,35.0,1.0,2838
30,736,14,12,0,71,1,0,0,0,0,35.8,0.8571428571428571,10304
28,678,1,2,1,87,0,0,0,0,0,43.5,2.0,678
30,709,13,10,1,72,0,0,1,0,0,36.0,0.7692307692307693,9217
32,585,3,2,1,73,0,0,0,0,0,36.5,0.6666666666666666,1755
44,911,3,6,1,93,0,0,0,0,0,46.5,2.0,2733
38,626,2,6,1,77,0,0,0,0,0,38.5,3.0,1252
38,750,14,10,0,82,0,0,0,0,0,41.0,0.7142857142857143,10500
27,639,2,2,0,71,0,0,0,0,0,35.5,1.0,1278
34,660,3,2,1,51,1,0,0,0,0,25.8,0.6666666666666666,1980
34,915,14,12,1,67,0,0,0,0,0,33.5,0.8571428571428571,12810
23,855,2,3,0,72,0,0,0,0,0,36.0,1.5,1710
29,680,6,8,1,61,0,0,0,0,0,30.5,1.3333333333333333,4080
31,605,2,3,1,80,0,0,0,0,0,40.0,1.5,1210
42,706,14,10,1,74,0,0,0,0,0,37.0,0.7142857142857143,9884
35,751,2,5,1,69,0,0,0,0,0,34.5,2.5,1502
25,750,7,10,1,73,0,0,0,0,0,36.5,1.4285714285714286,5250
43,869,14,15,0,64,1,0,1,0,1,32.3,1.0714285714285714,12166
43,805,4,4,0,82,1,0,0,1,0,41.3,1.0,3220
32,826,12,13,0,61,1,0,0,0,0,30.8,1.0833333333333333,9912
31,579,3,3,1,64,0,0,1,0,0,32.0,1.0,1737
34,695,14,14,1,85,0,0,0,0,1,42.5,1.0,9730
35,616,13,15,1,70,1,1,1,0,1,35.5,1.1538461538461537,8008
38,879,3,4,0,84,0,0,0,1,0,42.0,1.3333333333333333,2637
27,826,1,6,0,79,1,0,0,0,0,39.8,6.0,826
28,699,8,7,1,74,0,0,0,0,0,37.0,0.875,5592
24,795,3,3,1,81,1,1,0,0,0,41.0,1.0,2385
25,604,3,2,1,91,0,0,0,1,0,45.5,0.6666666666666666,1812
28,602,6,8,0,87,0,1,0,0,0,43.7,1.3333333333333333,3612
30,692,14,10,0,68,1,0,0,0,0,34.3,0.7142857142857143,9688
37,752,4,5,0,91,0,1,1,1,0,45.7,1.25,3008
30,669,14,13,0,59,1,0,1,0,0,29.8,0.9285714285714286,9366
29,684,9,10,1,71,0,0,0,0,0,35.5,1.1111111111111112,6156
27,702,7,12,1,70,0,0,0,0,0,35.0,1.7142857142857142,4914
29,634,8,8,0,76,0,0,0,0,0,38.0,1.0,5072
28,611,3,6,1,68,0,0,0,0,0,34.0,2.0,1833
28,648,10,14,0,71,1,0,1,0,1,35.8,1.4,6480
27,626,10,14,1,70,0,0,0,0,0,35.0,1.4,6260
43,722,14,10,1,68,0,0,0,0,0,34.0,0.7142857142857143,10108
32,712,4,4,0,64,1,1,0,0,0,32.5,1.0,2848
39,607,11,10,1,69,0,0,0,0,0,34.5,0.9090909090909091,6677
25,726,3,2,1,68,0,0,0,0,0,34.0,0.6666666666666666,2178
39,513,3,3,0,73,0,0,0,0,0,36.5,1.0,1539
36,698,2,6,1,75,0,0,0,0,0,37.5,3.0,1396
22,751,2,4,1,79,0,0,0,0,0,39.5,2.0,1502
31,739,3,3,1,63,0,1,0,0,0,31.7,1.0,2217
28,648,3,6,1,69,0,1,0,0,0,34.7,2.0,1944
29,743,2,2,1,72,0,1,1,0,0,36.2,1.0,1486
23,594,1,4,0,49,0,0,0,0,0,24.5,4.0,594
30,950,13,12,0,70,0,0,0,0,0,35.0,0.9230769230769231,12350
38,950,11,11,1,63,0,0,0,0,0,31.5,1.0,10450
39,732,14,14,1,64,0,0,0,0,0,32.0,1.0,10248
22,677,1,5,1,79,0,0,1,0,0,39.5,5.0,677
40,787,2,4,1,69,0,0,0,0,0,34.5,2.0,1574
23,626,1,4,1,100,0,0,1,0,0,50.0,4.0,626
36,800,2,4,1,77,1,0,0,0,0,38.8,2.0,1600
27,715,1,6,1,71,0,0,0,0,0,35.5,6.0,715
39,659,2,5,1,76,0,1,0,0,0,38.2,2.5,1318
30,650,4,3,1,82,0,1,0,0,0,41.2,0.75,2600
36,711,3,5,1,63,0,1,1,0,0,31.7,1.6666666666666667,2133
22,728,4,4,1,64,0,0,0,0,0,32.0,1.0,2912
41,833,4,2,0,68,0,1,0,0,0,34.2,0.5,3332
36,635,2,2,1,87,0,0,0,0,0,43.5,1.0,1270
23,790,1,4,1,77,1,0,0,0,0,38.8,4.0,790
40,683,14,10,1,77,0,0,0,0,0,38.5,0.7142857142857143,9562
42,641,3,5,1,78,0,0,1,0,0,39.0,1.6666666666666667,1923
24,618,1,6,1,92,0,0,1,1,0,46.0,6.0,618
42,752,13,12,1,72,0,0,0,0,0,36.0,0.9230769230769231,9776
43,783,4,5,0,81,0,0,0,0,0,40.5,1.25,3132
32,774,13,14,1,66,0,0,0,0,0,33.0,1.0769230769230769,10062
31,569,14,13,1,86,0,0,0,0,0,43.0,0.9285714285714286,7966
26,714,10,12,0,67,0,0,1,0,0,33.5,1.2,7140
41,928,13,14,1,74,1,0,0,0,1,37.3,1.0769230769230769,12064
23,681,4,2,0,81,0,0,0,1,0,40.5,0.5,2724
24,655,2,2,1,74,0,0,0,0,0,37.0,1.0,1310
42,751,2,4,1,85,0,0,0,0,0,42.5,2.0,1502
35,835,11,12,0,56,0,0,0,0,0,28.0,1.0909090909090908,9185
39,767,14,10,0,76,0,0,0,0,0,38.0,0.7142857142857143,10738
25,826,3,3,0,80,1,0,0,0,0,40.3,1.0,2478
44,652,3,2,1,84,0,0,0,1,0,42.0,0.6666666666666666,1956
34,727,2,4,1,85,0,0,0,1,0,42.5,2.0,1454
36,658,12,14,1,72,0,0,0,0,0,36.0,1.1666666666666667,7896
23,751,2,5,1,70,0,0,0,0,0,35.0,2.5,1502
41,828,3,4,0,70,0,0,0,0,0,35.0,1.3333333333333333,2484
32,645,11,15,1,91,0,0,1,0,1,45.5,1.3636363636363635,7095
36,737,3,5,0,90,0,1,1,1,0,45.2,1.6666666666666667,2211
37,780,12,11,1,69,0,0,1,0,0,34.5,0.9166666666666666,9360
36,684,12,14,0,92,0,0,1,0,1,46.0,1.1666666666666667,8208
33,471,12,15,0,73,0,0,1,0,0,36.5,1.25,5652
36,525,12,15,1,89,0,0,1,1,1,44.5,1.25,6300
28,656,8,12,1,83,0,0,0,1,0,41.5,1.5,5248
42,806,4,4,1,84,0,0,0,0,0,42.0,1.0,3224
32,841,14,15,0,59,0,0,0,0,0,29.5,1.0714285714285714,11774
23,578,3,4,1,65,0,0,0,0,0,32.5,1.3333333333333333,1734
35,814,11,11,1,83,0,1,0,1,1,41.7,1.0,8954
32,675,4,3,1,100,1,1,0,1,0,50.5,0.75,2700
22,624,2,6,1,64,0,0,0,0,0,32.0,3.0,1248
40,681,4,2,1,77,0,1,0,0,0,38.7,0.5,2724
35,773,12,15,1,75,1,0,0,0,0,37.8,1.25,9276
27,863,6,9,1,67,0,0,0,0,0,33.5,1.5,5178
22,673,1,5,1,79,0,0,0,0,0,39.5,5.0,673
25,699,3,3,1,79,0,0,0,0,0,39.5,1.0,2097
26,583,2,4,1,65,0,1,0,0,0,32.7,2.0,1166
40,782,11,15,1,72,0,0,1,0,0,36.0,1.3636363636363635,8602
45,819,2,3,0,69,0,1,0,0,0,34.7,1.5,1638
39,656,14,12,1,79,0,1,0,0,0,39.7,0.8571428571428571,9184
22,739,3,3,0,63,1,0,0,0,0,31.8,1.0,2217
35,704,4,4,0,82,0,0,0,1,0,41.0,1.0,2816
26,633,3,5,0,89,0,1,1,1,0,44.7,1.6666666666666667,1899
24,755,2,2,1,75,0,0,0,0,0,37.5,1.0,1510
37,572,14,10,1,75,0,0,0,0,0,37.5,0.7142857142857143,8008
38,721,13,15,1,88,0,0,0,0,1,44.0,1.1538461538461537,9373
43,824,2,4,0,72,0,0,0,0,0,36.0,2.0,1648
22,703,5,3,1,71,1,0,0,0,0,35.8,0.6,3515
36,534,2,6,1,79,0,0,0,0,0,39.5,3.0,1068
39,729,2,5,1,87,1,0,0,0,0,43.8,2.5,1458
39,846,4,6,1,82,1,0,0,1,0,41.3,1.5,3384
33,741,11,11,1,80,0,0,0,0,0,40.0,1.0,8151
34,777,12,14,1,89,0,0,0,0,1,44.5,1.1666666666666667,9324
30,871,4,6,1,56,0,0,0,0,0,28.0,1.5,3484
40,860,2,6,0,81,1,0,1,1,0,40.8,3.0,1720
38,810,12,15,1,67,1,0,0,0,0,33.8,1.25,9720
32,705,13,10,1,74,1,0,0,0,0,37.3,0.7692307692307693,9165
28,549,7,7,1,90,0,0,1,1,0,45.0,1.0,3843
45,742,12,12,1,66,1,0,0,0,0,33.3,1.0,8904
41,700,14,13,1,92,0,0,1,0,1,46.0,0.9285714285714286,9800
37,853,2,6,1,81,0,0,0,1,0,40.5,3.0,1706
40,681,3,5,1,51,0,1,0,0,0,25.7,1.6666666666666667,2043
32,683,4,3,1,86,0,0,1,1,0,43.0,0.75,2732
36,777,4,6,1,67,0,1,0,0,0,33.7,1.5,3108
45,687,3,6,0,70,1,0,0,0,0,35.3,2.0,2061
31,491,14,13,1,74,0,0,0,0,0,37.0,0.9285714285714286,6874
45,589,4,6,0,79,0,0,0,0,0,39.5,1.5,2356
32,411,4,6,1,80,0,0,0,0,0,40.0,1.5,1644
28,822,6,11,0,60,0,0,1,0,0,30.0,1.8333333333333333,4932
44,733,11,14,0,86,0,0,0,1,1,43.0,1.2727272727272727,8063
32,593,2,2,1,77,0,1,1,0,0,38.7,1.0,1186
40,794,12,15,0,71,0,0,1,0,0,35.5,1.25,9528
32,654,2,6,0,81,0,0,0,0,0,40.5,3.0,1308
27,765,10,13,0,67,0,0,1,0,0,33.5,1.3,7650
28,595,6,9,1,79,0,0,0,0,0,39.5,1.5,3570
45,659,2,6,1,73,0,0,0,0,0,36.5,3.0,1318
26,623,1,6,1,77,0,0,0,0,0,38.5,6.0,623
38,767,4,4,1,79,0,0,1,0,0,39.5,1.0,3068
30,649,3,3,1,63,1,1,0,0,0,32.0,1.0,1947
36,610,2,4,1,73,0,0,0,0,0,36.5,2.0,1220
37,633,3,5,1,79,0,0,0,0,0,39.5,1.6666666666666667,1899
26,640,6,7,1,72,0,0,0,0,0,36.0,1.1666666666666667,3840
35,777,14,12,1,86,1,0,1,1,1,43.3,0.8571428571428571,10878
42,612,3,2,1,81,0,0,0,1,0,40.5,0.6666666666666666,1836
26,782,2,3,1,83,0,0,0,0,0,41.5,1.5,1564
42,634,4,5,1,73,1,0,1,0,0,36.8,1.25,2536
29,620,1,6,1,93,0,0,0,0,0,46.5,6.0,620
27,825,1,6,1,75,0,1,1,0,0,37.7,6.0,825
25,485,6,9,1,85,0,1,0,1,0,42.7,1.5,2910
40,550,2,3,1,91,0,0,0,1,0,45.5,1.5,1100
44,711,11,10,1,74,0,0,0,0,0,37.0,0.9090909090909091,7821
22,806,2,4,1,78,0,0,0,0,0,39.0,2.0,1612
37,806,2,3,1,81,0,0,0,0,0,40.5,1.5,1612
31,648,12,14,0,63,0,0,0,0,0,31.5,1.1666666666666667,7776
43,777,12,11,1,67,0,0,0,0,0,33.5,0.9166666666666666,9324
33,790,12,14,1,61,1,1,0,0,0,31.0,1.1666666666666667,9480
27,816,1,3,0,76,0,0,1,0,0,38.0,3.0,816
43,799,13,13,1,63,0,0,0,0,0,31.5,1.0,10387
42,721,13,12,1,65,1,0,1,0,0,32.8,0.9230769230769231,9373
35,575,4,6,1,50,1,0,0,0,0,25.3,1.5,2300
30,906,12,15,1,79,0,1,0,0,1,39.7,1.25,10872
32,744,14,12,1,80,0,1,0,0,0,40.2,0.8571428571428571,10416
33,614,11,13,1,63,0,0,0,0,0,31.5,1.1818181818181819,6754
26,638,2,6,1,82,0,0,0,0,0,41.0,3.0,1276
22,637,1,3,1,55,0,0,0,0,0,27.5,3.0,637
41,860,13,14,1,77,0,0,1,0,1,38.5,1.0769230769230769,11180
30,595,13,11,1,83,0,0,0,0,0,41.5,0.8461538461538461,7735
24,781,3,3,0,84,0,0,0,1,0,42.0,1.0,2343
45,579,4,2,1,68,0,0,0,0,0,34.0,0.5,2316
40,798,12,11,1,61,0,0,0,0,0,30.5,0.9166666666666666,9576
24,712,2,4,1,66,0,0,0,0,0,33.0,2.0,1424
26,807,2,4,1,75,0,0,1,0,0,37.5,2.0,1614
23,730,1,2,1,94,1,0,0,0,0,47.3,2.0,730
31,805,2,3,1,69,0,1,0,0,0,34.7,1.5,1610
37,866,2,2,1,70,0,0,1,0,0,35.0,1.0,1732
43,627,4,6,1,100,0,0,0,0,0,50.0,1.5,2508
23,907,3,2,1,80,0,0,0,0,0,40.0,0.6666666666666666,2721
30,683,11,11,1,74,1,0,0,0,0,37.3,1.0,7513
22,743,4,4,0,84,0,0,0,1,0,42.0,1.0,2972
32,474,3,4,0,88,1,0,0,1,0,44.3,1.3333333333333333,1422
34,798,3,3,1,79,1,1,0,0,0,40.0,1.0,2394
36,722,11,14,0,79,0,0,0,0,0,39.5,1.2727272727272727,7942
30,920,13,13,1,82,0,0,0,0,0,41.0,1.0,11960
30,666,13,11,1,85,0,1,0,1,1,42.7,0.8461538461538461,8658
40,696,14,10,1,88,0,0,1,0,0,44.0,0.7142857142857143,9744
25,741,1,6,1,65,1,0,0,0,0,32.8,6.0,741
29,918,8,9,1,62,0,0,1,0,0,31.0,1.125,7344
28,548,9,11,1,71,1,0,1,0,0,35.8,1.2222222222222223,4932
25,663,7,12,0,87,0,0,0,1,1,43.5,1.7142857142857142,4641
42,556,14,14,0,78,0,1,0,0,0,39.2,1.0,7784
25,725,3,5,0,64,0,0,0,0,0,32.0,1.6666666666666667,2175
43,574,2,4,1,77,0,1,0,0,0,38.7,2.0,1148
40,579,3,4,1,72,0,0,0,0,0,36.0,1.3333333333333333,1737
24,816,5,3,0,85,0,0,0,0,0,42.5,0.6,4080
38,712,4,2,1,62,0,0,0,0,0,31.0,0.5,2848
44,750,12,12,1,82,0,0,0,0,0,41.0,1.0,9000
25,676,7,12,1,79,0,0,0,0,0,39.5,1.7142857142857142,4732
29,449,2,4,1,75,0,0,0,0,0,37.5,2.0,898
31,580,13,13,1,75,0,0,1,0,0,37.5,1.0,7540
26,862,3,2,0,68,0,0,0,0,0,34.0,0.6666666666666666,2586
41,734,11,13,0,90,0,1,0,0,1,45.2,1.1818181818181819,8074
28,679,9,11,1,76,1,1,1,0,0,38.5,1.2222222222222223,6111
29,646,3,4,1,67,0,0,0,0,0,33.5,1.3333333333333333,1938
22,706,2,3,1,82,0,0,0,0,0,41.0,1.5,1412
45,711,3,2,1,85,1,0,0,1,0,42.8,0.6666666666666666,2133
43,608,4,6,1,72,0,0,0,0,0,36.0,1.5,2432
34,645,12,12,1,83,1,1,0,1,1,42.0,1.0,7740
22,574,1,2,1,63,0,1,0,0,0,31.7,2.0,574
25,808,7,12,1,74,0,0,0,0,0,37.0,1.7142857142857142,5656
32,642,11,13,1,57,1,0,0,0,0,28.8,1.1818181818181819,7062
35,785,13,10,0,64,1,0,1,0,0,32.3,0.7692307692307693,10205
28,728,9,7,1,93,0,0,1,0,0,46.5,0.7777777777777778,6552
41,761,12,14,0,82,0,0,0,0,0,41.0,1.1666666666666667,9132
34,634,14,13,1,80,1,0,0,0,0,40.3,0.9285714285714286,8876
26,834,9,9,1,71,0,1,0,0,0,35.7,1.0,7506
28,742,2,5,1,68,1,0,0,0,0,34.3,2.5,1484
39,687,3,2,1,65,0,0,0,0,0,32.5,0.6666666666666666,2061
28,726,1,6,1,67,0,0,0,0,0,33.5,6.0,726
24,687,2,2,1,89,0,0,1,0,0,44.5,1.0,1374
33,556,4,5,1,73,0,0,0,0,0,36.5,1.25,2224
36,847,14,14,1,81,0,0,0,0,0,40.5,1.0,11858
40,906,14,11,1,63,0,1,0,0,0,31.7,0.7857142857142857,12684
29,526,8,7,1,89,0,0,1,1,0,44.5,0.875,4208
44,820,2,3,1,68,0,0,0,0,0,34.0,1.5,1640
45,663,13,12,1,70,0,0,0,0,0,35.0,0.9230769230769231,8619
30,856,13,12,1,59,1,1,0,0,1,30.0,0.9230769230769231,11128
32,787,12,12,1,73,1,0,1,0,1,36.8,1.0,9444
39,738,13,12,1,74,1,0,0,0,0,37.3,0.9230769230769231,9594
31,714,14,14,1,98,0,1,0,0,1,49.2,1.0,9996
38,458,13,12,1,66,0,1,0,0,0,33.2,0.9230769230769231,5954
26,853,3,2,1,83,0,0,0,0,0,41.5,0.6666666666666666,2559
29,635,10,13,1,68,0,0,0,0,0,34.0,1.3,6350
35,834,4,4,1,66,0,0,1,0,0,33.0,1.0,3336
35,776,3,4,1,75,0,1,0,0,0,37.7,1.3333333333333333,2328
24,735,3,3,1,73,0,0,1,0,0,36.5,1.0,2205
40,818,12,13,1,88,0,0,0,1,1,44.0,1.0833333333333333,9816
45,637,2,2,1,80,0,0,0,0,0,40.0,1.0,1274
29,517,2,2,0,69,0,0,0,0,0,34.5,1.0,1034
34,616,12,14,1,70,1,0,0,0,0,35.3,1.1666666666666667,7392
36,592,3,6,1,74,0,0,1,0,0,37.0,2.0,1776
44,605,4,2,1,71,0,0,0,0,0,35.5,0.5,2420
24,669,1,2,1,62,0,0,0,0,0,31.0,2.0,669
26,720,6,12,1,77,0,0,0,0,0,38.5,2.0,4320
35,624,4,3,0,91,0,1,1,0,0,45.7,0.75,2496
29,521,2,5,1,74,0,0,1,0,0,37.0,2.5,1042
26,618,1,4,0,71,1,1,0,0,0,36.0,4.0,618
33,693,3,6,1,47,0,0,0,0,0,23.5,2.0,2079
23,824,4,4,1,80,0,0,1,0,0,40.0,1.0,3296
40,763,11,11,1,55,0,1,0,0,0,27.7,1.0,8393
45,938,3,3,1,69,0,1,1,0,0,34.7,1.0,2814
23,720,2,4,1,87,1,1,0,1,0,44.0,2.0,1440
32,947,14,11,1,77,0,0,1,0,0,38.5,0.7857142857142857,13258
31,619,11,14,1,77,0,1,0,0,0,38.7,1.2727272727272727,6809
29,646,9,9,1,63,0,0,1,0,0,31.5,1.0,5814
39,631,13,10,1,92,1,1,0,0,1,46.5,0.7692307692307693,8203
27,708,3,6,1,71,1,0,0,0,0,35.8,2.0,2124
25,781,3,4,1,84,0,0,0,0,0,42.0,1.3333333333333333,2343
32,811,13,13,1,77,1,0,0,0,1,38.8,1.0,10543
38,751,3,3,1,62,0,1,1,0,0,31.2,1.0,2253
33,780,13,10,1,69,0,0,0,0,0,34.5,0.7692307692307693,10140
43,741,2,5,0,65,0,0,0,0,0,32.5,2.5,1482
35,687,12,10,1,100,1,0,0,1,1,50.3,0.8333333333333334,8244
32,652,13,10,1,93,0,0,0,0,0,46.5,0.7692307692307693,8476
27,630,2,3,1,69,0,1,0,0,0,34.7,1.5,1260
29,556,2,2,1,79,0,1,0,0,0,39.7,1.0,1112
43,591,4,3,1,68,1,0,0,0,0,34.3,0.75,2364
38,655,13,13,1,71,1,0,0,0,0,35.8,1.0,8515
45,727,2,5,1,67,0,0,0,0,0,33.5,2.5,1454
31,795,4,5,1,71,0,0,0,0,0,35.5,1.25,3180
45,864,4,4,1,88,1,0,0,1,0,44.3,1.0,3456
44,660,2,6,1,75,0,0,1,0,0,37.5,3.0,1320
27,613,1,6,0,86,1,0,0,1,0,43.3,6.0,613
24,610,2,6,1,71,0,0,1,0,0,35.5,3.0,1220
27,643,1,6,1,79,1,0,1,0,0,39.8,6.0,643
28,641,1,2,1,73,1,0,0,0,0,36.8,2.0,641
33,673,12,13,0,79,0,1,0,0,0,39.7,1.0833333333333333,8076
29,857,2,3,0,73,0,1,0,0,0,36.7,1.5,1714
31,660,12,15,1,96,0,0,1,0,1,48.0,1.25,7920
34,751,13,13,1,85,0,0,0,0,1,42.5,1.0,9763
37,873,13,12,1,93,0,1,0,0,1,46.7,0.9230769230769231,11349
41,842,11,12,1,86,0,1,0,0,1,43.2,1.0909090909090908,9262
27,682,9,12,1,96,1,1,0,0,1,48.5,1.3333333333333333,6138
45,557,4,5,1,69,0,0,0,0,0,34.5,1.25,2228
29,676,7,7,1,73,0,1,0,0,0,36.7,1.0,4732
23,721,1,3,1,78,1,0,1,0,0,39.3,3.0,721
28,635,6,9,1,72,0,0,0,0,0,36.0,1.5,3810
41,735,13,12,1,80,0,0,0,0,0,40.0,0.9230769230769231,9555
32,620,13,15,1,60,0,0,0,0,0,30.0,1.1538461538461537,8060
44,855,2,5,1,58,0,1,0,0,0,29.2,2.5,1710
36,654,2,2,0,78,0,0,0,0,0,39.0,1.0,1308
34,719,3,3,0,74,1,0,1,0,0,37.3,1.0,2157
40,718,11,10,1,85,0,1,0,1,1,42.7,0.9090909090909091,7898
27,746,10,13,1,72,0,0,0,0,0,36.0,1.3,7460
32,672,13,15,1,82,0,0,1,1,1,41.0,1.1538461538461537,8736
23,705,3,3,1,89,1,1,1,1,0,45.0,1.0,2115
22,778,3,4,0,79,1,1,0,0,0,40.0,1.3333333333333333,2334
33,710,2,5,1,73,0,0,0,0,0,36.5,2.5,1420
31,583,12,10,1,77,1,0,0,0,0,38.8,0.8333333333333334,6996
45,920,4,6,1,66,0,0,1,0,0,33.0,1.5,3680
34,661,4,3,1,67,0,0,0,0,0,33.5,0.75,2644
37,584,3,6,0,68,1,0,0,0,0,34.3,2.0,1752
26,760,9,10,1,73,0,0,1,0,0,36.5,1.1111111111111112,6840
35,824,12,13,1,71,0,0,0,0,0,35.5,1.0833333333333333,9888
35,720,13,14,1,62,1,1,0,0,0,31.5,1.0769230769230769,9360
45,688,3,4,0,87,0,0,1,0,0,43.5,1.3333333333333333,2064
42,661,13,10,1,70,0,1,0,0,0,35.2,0.7692307692307693,8593
36,612,14,12,0,67,0,0,0,0,0,33.5,0.8571428571428571,8568
39,482,3,3,1,70,0,0,0,0,0,35.0,1.0,1446
33,816,14,10,1,68,0,0,0,0,0,34.0,0.7142857142857143,11424
38,751,2,4,1,76,0,0,0,0,0,38.0,2.0,1502
22,619,1,4,1,62,0,0,1,0,0,31.0,4.0,619
31,666,3,4,0,80,0,0,1,0,0,40.0,1.3333333333333333,1998
45,928,4,4,1,67,0,1,0,0,0,33.7,1.0,3712
27,759,2,4,1,71,0,0,1,0,0,35.5,2.0,1518
26,669,9,10,0,76,0,0,1,0,0,38.0,1.1111111111111112,6021
37,578,11,13,1,74,0,1,0,0,0,37.2,1.1818181818181819,6358
27,754,7,9,1,71,0,0,0,0,0,35.5,1.2857142857142858,5278
43,713,4,4,0,71,0,0,1,0,0,35.5,1.0,2852
28,676,7,9,1,80,0,0,0,0,0,40.0,1.2857142857142858,4732
34,757,3,3,1,60,0,1,0,0,0,30.2,1.0,2271
30,709,2,2,0,74,1,0,0,0,0,37.3,1.0,1418
44,646,3,6,1,85,0,0,0,0,0,42.5,2.0,1938
25,662,10,11,1,64,1,0,0,0,0,32.3,1.1,6620
43,740,11,12,1,74,1,0,0,0,0,37.3,1.0909090909090908,8140
24,537,1,4,1,81,0,0,0,0,0,40.5,4.0,537
36,583,13,12,0,91,0,1,1,0,1,45.7,0.9230769230769231,7579
31,599,2,5,1,81,1,1,0,1,0,41.0,2.5,1198
34,711,2,2,1,79,1,1,1,0,0,40.0,1.0,1422
39,679,13,11,1,91,0,0,0,1,1,45.5,0.8461538461538461,8827
34,575,3,2,1,73,0,0,1,0,0,36.5,0.6666666666666666,1725
36,685,4,6,1,74,0,0,1,0,0,37.0,1.5,2740
45,729,12,10,1,83,1,0,0,1,0,41.8,0.8333333333333334,8748
27,842,3,3,0,69,0,0,0,0,0,34.5,1.0,2526
39,729,14,13,1,79,0,0,0,0,0,39.5,0.9285714285714286,10206
29,692,10,13,0,80,0,0,1,0,0,40.0,1.3,6920
26,676,1,6,1,85,0,0,0,1,0,42.5,6.0,676
32,631,13,15,1,94,0,1,0,0,1,47.2,1.1538461538461537,8203
35,862,14,14,1,68,0,1,0,0,0,34.2,1.0,12068
26,819,7,12,1,79,1,0,0,0,0,39.8,1.7142857142857142,5733
41,747,3,6,1,81,0,0,1,1,0,40.5,2.0,2241
30,663,3,6,1,77,0,0,0,0,0,38.5,2.0,1989
25,609,3,6,1,76,0,0,0,0,0,38.0,2.0,1827
39,733,12,14,1,74,1,0,0,0,0,37.3,1.1666666666666667,8796
41,692,3,6,1,66,0,1,0,0,0,33.2,2.0,2076
28,689,3,2,1,69,0,0,0,0,0,34.5,0.6666666666666666,2067
28,628,10,14,1,70,1,0,0,0,0,35.3,1.4,6280
40,746,12,14,1,80,0,0,0,0,0,40.0,1.1666666666666667,8952
34,756,2,2,0,69,0,0,0,0,0,34.5,1.0,1512
25,788,2,3,1,83,0,0,1,0,0,41.5,1.5,1576
35,740,12,14,0,72,0,0,0,0,0,36.0,1.1666666666666667,8880
22,773,5,2,1,74,0,0,0,0,0,37.0,0.4,3865
43,734,12,14,1,87,0,0,0,1,1,43.5,1.1666666666666667,8808
44,629,2,6,1,62,1,0,0,0,0,31.3,3.0,1258
40,636,3,5,1,67,0,0,0,0,0,33.5,1.6666666666666667,1908
44,796,2,3,1,84,0,0,0,0,0,42.0,1.5,1592
31,705,14,14,1,75,0,0,0,0,0,37.5,1.0,9870
30,699,13,10,1,88,1,0,0,0,0,44.3,0.7692307692307693,9087
40,727,3,2,1,72,0,0,1,0,0,36.0,0.6666666666666666,2181
30,612,4,6,1,66,1,0,0,0,0,33.3,1.5,2448
43,541,14,10,1,72,0,0,0,0,0,36.0,0.7142857142857143,7574
44,692,11,14,1,69,0,1,0,0,0,34.7,1.2727272727272727,7612
27,654,2,3,1,79,0,0,0,0,0,39.5,1.5,1308
44,663,2,5,1,75,0,0,1,0,0,37.5,2.5,1326
31,818,2,3,1,74,0,0,0,0,0,37.0,1.5,1636
30,704,11,14,1,78,1,0,0,0,0,39.3,1.2727272727272727,7744
40,781,3,6,1,90,0,0,0,1,0,45.0,2.0,2343
29,755,1,6,0,95,1,0,1,0,0,47.8,6.0,755
39,721,3,6,1,60,0,0,0,0,0,30.0,2.0,2163
33,757,12,11,1,63,0,0,0,0,0,31.5,0.9166666666666666,9084
45,499,2,6,1,81,0,0,1,1,0,40.5,3.0,998
35,781,11,11,1,81,0,0,0,1,0,40.5,1.0,8591
28,683,1,4,1,78,0,1,0,0,0,39.2,4.0,683
31,838,3,2,0,68,0,0,0,0,0,34.0,0.6666666666666666,2514
23,730,3,3,1,81,0,0,0,0,0,40.5,1.0,2190
30,709,14,15,0,60,0,0,0,0,0,30.0,1.0714285714285714,9926
29,794,8,8,1,54,0,1,0,0,0,27.2,1.0,6352
36,770,3,6,1,97,0,0,0,1,0,48.5,2.0,2310
29,648,3,3,0,76,0,0,0,0,0,38.0,1.0,1944
28,646,6,10,0,69,0,0,0,0,0,34.5,1.6666666666666667,3876
29,788,3,6,1,84,0,0,1,1,0,42.0,2.0,2364
39,652,12,13,1,84,0,0,0,0,0,42.0,1.0833333333333333,7824
39,599,12,14,1,61,0,0,0,0,0,30.5,1.1666666666666667,7188
34,724,13,15,1,73,0,0,0,0,0,36.5,1.1538461538461537,9412
32,740,3,2,1,58,0,0,1,0,0,29.0,0.6666666666666666,2220
40,682,4,2,0,62,0,1,0,0,0,31.2,0.5,2728
42,700,3,6,1,79,1,0,0,0,0,39.8,2.0,2100
23,678,4,5,1,76,0,0,0,0,0,38.0,1.25,2712
43,672,2,6,1,67,0,0,0,0,0,33.5,3.0,1344
39,782,11,15,1,53,0,0,0,0,0,26.5,1.3636363636363635,8602
36,550,14,12,1,78,0,0,0,0,0,39.0,0.8571428571428571,7700
38,792,3,4,1,72,0,1,0,0,0,36.2,1.3333333333333333,2376
36,784,12,12,0,92,0,1,0,1,1,46.2,1.0,9408
24,764,3,5,1,73,0,0,0,0,0,36.5,1.6666666666666667,2292
37,731,12,13,1,59,0,0,0,0,0,29.5,1.0833333333333333,8772
33,528,3,6,0,77,0,0,0,0,0,38.5,2.0,1584
35,771,12,10,0,59,0,0,0,0,0,29.5,0.8333333333333334,9252
41,557,13,10,1,83,0,0,0,0,0,41.5,0.7692307692307693,7241
27,787,1,3,0,69,0,1,0,0,0,34.7,3.0,787
24,667,1,5,1,79,0,1,0,0,0,39.7,5.0,667
25,648,2,4,1,55,0,1,0,0,0,27.7,2.0,1296
40,835,3,4,1,88,1,0,0,1,0,44.3,1.3333333333333333,2505
26,595,2,2,1,73,1,0,0,0,0,36.8,1.0,1190
45,934,2,6,0,80,0,0,0,0,0,40.0,3.0,1868
26,802,2,2,0,89,0,0,0,0,0,44.5,1.0,1604
37,520,14,10,1,83,0,0,0,0,0,41.5,0.7142857142857143,7280
38,745,13,14,1,71,1,0,0,0,0,35.8,1.0769230769230769,9685
39,708,14,13,1,66,0,0,0,0,0,33.0,0.9285714285714286,9912
29,760,3,4,0,79,0,0,0,0,0,39.5,1.3333333333333333,2280
35,731,2,6,1,84,0,0,0,1,0,42.0,3.0,1462
25,745,3,4,0,89,0,0,1,1,0,44.5,1.3333333333333333,2235
31,644,12,15,1,84,0,0,0,0,0,42.0,1.25,7728
38,559,11,15,1,70,0,0,0,0,0,35.0,1.3636363636363635,6149
26,920,9,8,1,66,1,0,0,0,0,33.3,0.8888888888888888,8280
43,431,2,4,0,61,0,0,0,0,0,30.5,2.0,862
41,718,11,14,0,76,0,0,0,0,0,38.0,1.2727272727272727,7898
40,632,12,14,1,70,0,0,0,0,0,35.0,1.1666666666666667,7584
37,634,2,6,0,71,0,1,0,0,0,35.7,3.0,1268
24,784,4,5,1,78,0,1,0,0,0,39.2,1.25,3136
38,586,3,3,1,74,1,1,0,0,0,37.5,1.0,1758
22,684,1,4,1,78,0,1,0,0,0,39.2,4.0,684
39,761,4,3,1,60,1,0,1,0,0,30.3,0.75,3044
34,761,12,14,1,84,0,0,0,0,0,42.0,1.1666666666666667,9132
27,457,9,9,1,95,1,1,0,0,0,48.0,1.0,4113
41,864,4,2,1,77,0,0,0,0,0,38.5,0.5,3456
26,717,1,3,1,81,0,0,1,1,0,40.5,3.0,717
36,478,3,6,0,70,0,0,1,0,0,35.0,2.0,1434
24,638,1,4,0,98,0,0,1,0,0,49.0,4.0,638
40,644,12,14,1,80,1,0,0,0,0,40.3,1.1666666666666667,7728
44,846,4,2,1,59,0,0,0,0,0,29.5,0.5,3384
27,628,7,8,1,59,0,0,0,0,0,29.5,1.1428571428571428,4396
22,517,3,5,0,49,0,0,0,0,0,24.5,1.6666666666666667,1551
28,835,2,3,1,55,0,0,0,0,0,27.5,1.5,1670
40,803,3,2,1,62,1,0,1,0,0,31.3,0.6666666666666666,2409
40,792,12,12,1,87,0,1,0,0,1,43.7,1.0,9504
43,789,11,10,1,87,1,1,0,1,1,44.0,0.9090909090909091,8679
41,820,4,6,1,73,0,0,0,0,0,36.5,1.5,3280
38,717,4,2,1,82,0,0,1,1,0,41.0,0.5,2868
26,609,3,6,1,60,0,1,0,0,0,30.2,2.0,1827
37,732,14,14,0,71,0,0,0,0,0,35.5,1.0,10248
25,628,10,14,1,79,0,0,0,0,0,39.5,1.4,6280
36,792,13,14,1,98,0,0,1,0,1,49.0,1.0769230769230769,10296
43,657,3,5,1,67,0,0,0,0,0,33.5,1.6666666666666667,1971
23,714,2,4,1,58,0,0,1,0,0,29.0,2.0,1428
36,593,2,6,1,68,0,0,1,0,0,34.0,3.0,1186
41,681,3,5,0,61,0,0,0,0,0,30.5,1.6666666666666667,2043
30,667,2,6,1,72,0,0,0,0,0,36.0,3.0,1334
39,700,3,2,1,73,0,0,0,0,0,36.5,0.6666666666666666,2100
24,801,3,2,1,71,0,1,1,0,0,35.7,0.6666666666666666,2403
42,532,3,5,1,80,0,1,0,0,0,40.2,1.6666666666666667,1596
44,632,4,5,1,65,0,0,0,0,0,32.5,1.25,2528
44,757,14,15,1,68,0,0,1,0,0,34.0,1.0714285714285714,10598
28,749,10,14,1,76,0,0,0,0,0,38.0,1.4,7490
42,771,4,5,1,72,0,0,0,0,0,36.0,1.25,3084
32,693,3,4,1,68,0,1,0,0,0,34.2,1.3333333333333333,2079
42,747,4,6,1,83,1,1,0,0,0,42.0,1.5,2988
23,674,1,5,1,72,0,0,0,0,0,36.0,5.0,674
32,634,12,11,1,69,0,0,0,0,0,34.5,0.9166666666666666,7608
40,598,14,10,1,78,0,1,0,0,0,39.2,0.7142857142857143,8372
42,737,2,6,0,84,0,0,0,0,0,42.0,3.0,1474
41,587,12,15,1,72,0,0,0,0,0,36.0,1.25,7044
34,767,4,5,1,76,0,1,0,0,0,38.2,1.25,3068
43,622,12,11,1,97,0,0,0,0,0,48.5,0.9166666666666666,7464
26,520,1,5,1,74,0,1,0,0,0,37.2,5.0,520
44,726,3,4,0,64,0,0,0,0,0,32.0,1.3333333333333333,2178
22,688,1,6,0,70,0,1,0,0,0,35.2,6.0,688
32,723,14,15,1,87,0,0,0,0,1,43.5,1.0714285714285714,10122
41,786,2,6,1,61,0,0,0,0,0,30.5,3.0,1572
45,804,4,2,1,86,0,0,0,1,0,43.0,0.5,3216
29,621,8,7,0,77,0,0,0,0,0,38.5,0.875,4968
45,655,4,3,0,77,1,0,0,0,0,38.8,0.75,2620
42,499,14,13,1,79,0,1,0,0,0,39.7,0.9285714285714286,6986
45,626,2,2,0,72,0,0,0,0,0,36.0,1.0,1252
35,661,13,13,1,67,1,0,1,0,0,33.8,1.0,8593
24,690,5,4,0,82,1,0,0,0,0,41.3,0.8,3450
44,654,2,6,0,72,0,0,0,0,0,36.0,3.0,1308
40,594,14,13,1,70,0,0,1,0,0,35.0,0.9285714285714286,8316
41,613,3,3,1,80,0,0,0,0,0,40.0,1.0,1839
23,710,5,4,0,85,1,0,0,1,0,42.8,0.8,3550
39,614,4,3,1,69,0,0,0,0,0,34.5,0.75,2456
38,820,3,5,0,64,0,0,0,0,0,32.0,1.6666666666666667,2460
37,778,11,14,1,97,0,0,0,1,1,48.5,1.2727272727272727,8558
35,668,13,14,1,70,0,0,0,0,0,35.0,1.0769230769230769,8684
27,689,2,2,1,63,0,0,0,0,0,31.5,1.0,1378
29,894,2,5,1,83,0,0,0,0,0,41.5,2.5,1788
30,770,13,11,1,75,1,1,0,0,0,38.0,0.8461538461538461,10010
29,603,3,4,1,74,0,0,1,0,0,37.0,1.3333333333333333,1809
25,561,1,3,0,91,0,1,0,1,0,45.7,3.0,561
34,656,4,2,1,93,0,0,0,1,0,46.5,0.5,2624
25,736,2,6,0,89,0,0,0,1,0,44.5,3.0,1472
27,745,2,6,1,82,0,1,0,0,0,41.2,3.0,1490
45,617,11,13,0,74,0,0,0,0,0,37.0,1.1818181818181819,6787
44,806,4,4,1,76,0,1,0,0,0,38.2,1.0,3224
28,755,6,8,1,76,0,0,1,0,0,38.0,1.3333333333333333,4530
30,667,11,12,1,84,1,0,0,0,0,42.3,1.0909090909090908,7337
22,623,1,3,0,82,0,0,0,0,0,41.0,3.0,623
33,555,12,11,1,74,0,1,0,0,0,37.2,0.9166666666666666,6660
25,736,3,6,0,85,0,1,1,0,0,42.7,2.0,2208
41,760,14,10,1,73,0,0,0,0,0,36.5,0.7142857142857143,10640
35,789,13,15,1,89,0,0,0,1,1,44.5,1.1538461538461537,10257
32,724,13,13,1,75,0,0,0,0,0,37.5,1.0,9412
41,866,4,3,1,80,0,0,0,0,0,40.0,0.75,3464
38,789,2,6,1,61,1,0,0,0,0,30.8,3.0,1578
41,757,14,13,1,65,0,0,1,0,0,32.5,0.9285714285714286,10598
31,871,14,10,1,74,0,0,0,0,0,37.0,0.7142857142857143,12194
23,681,2,4,1,80,0,0,0,0,0,40.0,2.0,1362
40,648,4,5,1,70,0,1,1,0,0,35.2,1.25,2592
22,703,3,6,1,68,0,0,0,0,0,34.0,2.0,2109
41,701,13,15,1,79,0,0,0,0,0,39.5,1.1538461538461537,9113
45,695,13,15,1,75,1,0,0,0,0,37.8,1.1538461538461537,9035
42,736,4,2,1,71,0,1,1,0,0,35.7,0.5,2944
43,625,13,11,1,62,0,1,1,0,0,31.2,0.8461538461538461,8125
28,673,2,4,1,54,0,0,0,0,0,27.0,2.0,1346
42,587,2,2,1,71,0,1,0,0,0,35.7,1.0,1174
33,761,3,2,1,73,1,0,0,0,0,36.8,0.6666666666666666,2283
26,530,6,7,0,73,0,0,0,0,0,36.5,1.1666666666666667,3180
22,551,4,5,1,77,0,1,0,0,0,38.7,1.25,2204
45,716,2,5,0,65,0,0,0,0,0,32.5,2.5,1432
44,695,14,14,0,65,0,0,0,0,0,32.5,1.0,9730
32,769,12,12,1,75,1,0,1,0,1,37.8,1.0,9228
37,576,12,15,1,90,0,0,0,0,0,45.0,1.25,6912
38,714,2,3,1,80,0,0,0,0,0,40.0,1.5,1428
39,704,12,13,1,75,0,0,0,0,0,37.5,1.0833333333333333,8448
27,632,2,5,1,87,0,0,0,1,0,43.5,2.5,1264
24,689,3,4,1,75,0,0,0,0,0,37.5,1.3333333333333333,2067
26,861,1,6,1,97,0,0,0,1,0,48.5,6.0,861
28,732,6,11,1,78,0,0,0,0,0,39.0,1.8333333333333333,4392
40,731,3,2,1,49,0,0,0,0,0,24.5,0.6666666666666666,2193
29,790,10,11,1,66,0,1,0,0,0,33.2,1.1,7900
26,619,1,2,1,78,0,0,0,0,0,39.0,2.0,619
25,809,6,12,1,67,0,0,0,0,0,33.5,2.0,4854
45,725,4,4,1,75,0,0,0,0,0,37.5,1.0,2900
35,726,14,10,1,75,0,1,0,0,0,37.7,0.7142857142857143,10164
22,741,1,6,1,77,0,0,1,0,0,38.5,6.0,741
42,587,2,4,1,81,0,0,0,1,0,40.5,2.0,1174
30,687,13,12,1,83,1,0,0,0,0,41.8,0.9230769230769231,8931
42,790,3,5,1,73,0,0,1,0,0,36.5,1.6666666666666667,2370
45,722,14,11,1,90,0,0,1,0,0,45.0,0.7857142857142857,10108
33,414,3,4,1,90,0,0,1,0,0,45.0,1.3333333333333333,1242
23,812,2,6,1,94,0,1,1,0,0,47.2,3.0,1624
36,775,3,6,1,75,0,0,0,0,0,37.5,2.0,2325
36,634,4,4,0,81,0,0,0,1,0,40.5,1.0,2536
24,615,3,4,1,98,0,0,0,1,0,49.0,1.3333333333333333,1845
27,508,9,10,1,85,0,0,0,1,0,42.5,1.1111111111111112,4572
45,664,2,6,1,53,0,0,0,0,0,26.5,3.0,1328
38,711,11,15,1,70,1,1,0,0,1,35.5,1.3636363636363635,7821
36,863,4,3,0,77,0,0,1,0,0,38.5,0.75,3452
32,747,3,4,1,54,0,1,0,0,0,27.2,1.3333333333333333,2241
27,949,10,12,1,74,1,0,1,0,1,37.3,1.2,9490
37,774,12,12,1,71,0,0,0,0,0,35.5,1.0,9288
23,700,3,4,1,72,1,0,0,0,0,36.3,1.3333333333333333,2100
24,787,5,2,1,82,0,0,1,1,0,41.0,0.4,3935
36,841,3,4,1,86,1,0,0,0,0,43.3,1.3333333333333333,2523
31,588,2,4,1,73,0,0,1,0,0,36.5,2.0,1176
36,706,4,4,1,64,0,0,0,0,0,32.0,1.0,2824
28,672,7,11,1,90,1,0,1,1,1,45.3,1.5714285714285714,4704
37,594,13,11,0,75,0,1,0,0,0,37.7,0.8461538461538461,7722
39,855,3,3,0,71,0,0,0,0,0,35.5,1.0,2565
36,664,2,4,1,65,0,0,1,0,0,32.5,2.0,1328
44,642,4,3,1,71,0,0,0,0,0,35.5,0.75,2568
25,549,2,2,1,89,0,0,0,1,0,44.5,1.0,1098
32,817,13,14,1,75,0,0,0,0,0,37.5,1.0769230769230769,10621
24,950,3,6,1,83,0,0,0,0,0,41.5,2.0,2850
26,885,6,8,1,67,0,0,1,0,0,33.5,1.3333333333333333,5310
42,621,2,4,1,70,1,1,1,0,0,35.5,2.0,1242
41,786,3,4,0,80,0,0,0,0,0,40.0,1.3333333333333333,2358
23,792,2,4,1,76,0,0,0,0,0,38.0,2.0,1584
45,500,14,14,1,83,0,1,0,0,0,41.7,1.0,7000
29,816,1,5,1,84,0,0,0,0,0,42.0,5.0,816
44,732,13,13,0,74,0,0,0,0,0,37.0,1.0,9516
41,844,3,4,0,62,0,0,0,0,0,31.0,1.3333333333333333,2532
36,858,12,14,1,83,0,0,0,1,1,41.5,1.1666666666666667,10296
44,573,12,13,1,63,0,0,0,0,0,31.5,1.0833333333333333,6876
36,657,11,10,1,74,0,0,0,0,0,37.0,0.9090909090909091,7227
31,884,2,4,0,83,0,1,0,1,0,41.7,2.0,1768
28,669,3,3,1,82,0,1,0,0,0,41.2,1.0,2007
29,785,1,2,0,80,1,0,1,0,0,40.3,2.0,785
41,673,3,3,1,63,0,0,0,0,0,31.5,1.0,2019
29,501,3,4,1,73,0,1,0,0,0,36.7,1.3333333333333333,1503
35,561,14,11,0,74,0,1,0,0,0,37.2,0.7857142857142857,7854
39,690,3,6,1,73,0,1,0,0,0,36.7,2.0,2070
44,613,14,11,1,76,0,0,1,0,0,38.0,0.7857142857142857,8582
37,556,4,4,1,71,1,0,0,0,0,35.8,1.0,2224
43,600,3,2,0,72,1,0,0,0,0,36.3,0.6666666666666666,1800
45,718,3,5,1,86,0,0,0,1,0,43.0,1.6666666666666667,2154
45,655,4,5,1,80,0,0,1,0,0,40.0,1.25,2620
26,802,6,8,1,83,0,1,0,1,0,41.7,1.3333333333333333,4812
27,625,7,10,0,79,0,0,0,0,0,39.5,1.4285714285714286,4375
22,743,5,6,1,68,0,1,0,0,0,34.2,1.2,3715
28,745,9,12,1,83,0,0,0,0,0,41.5,1.3333333333333333,6705
43,617,11,13,1,77,1,0,0,0,0,38.8,1.1818181818181819,6787
23,669,2,4,1,66,1,1,1,0,0,33.5,2.0,1338
38,575,14,12,1,81,1,0,0,0,0,40.8,0.8571428571428571,8050
23,848,3,6,1,80,1,0,1,0,0,40.3,2.0,2544
25,668,3,2,1,53,0,0,0,0,0,26.5,0.6666666666666666,2004
43,761,12,15,0,70,0,0,0,0,0,35.0,1.25,9132
45,741,11,14,1,54,0,0,0,0,0,27.0,1.2727272727272727,8151
27,525,10,11,1,74,0,0,0,0,0,37.0,1.1,5250
34,847,2,5,1,78,1,0,0,0,0,39.3,2.5,1694
40,669,14,11,1,70,0,0,0,0,0,35.0,0.7857142857142857,9366
45,645,12,14,0,73,0,1,0,0,0,36.7,1.1666666666666667,7740
25,572,1,4,1,92,0,0,1,0,0,46.0,4.0,572
39,736,3,5,1,85,1,0,0,0,0,42.8,1.6666666666666667,2208
29,691,7,7,1,59,0,0,0,0,0,29.5,1.0,4837
28,638,1,4,0,81,0,0,0,0,0,40.5,4.0,638
26,744,6,12,1,70,1,0,0,0,0,35.3,2.0,4464
28,698,8,9,1,78,1,0,0,0,0,39.3,1.125,5584
26,801,3,3,0,69,1,0,0,0,0,34.8,1.0,2403
32,702,12,12,0,62,0,0,0,0,0,31.0,1.0,8424
31,452,13,14,1,61,0,1,0,0,0,30.7,1.0769230769230769,5876
34,605,11,13,1,71,0,1,1,0,1,35.7,1.1818181818181819,6655
27,713,6,8,1,68,0,0,0,0,0,34.0,1.3333333333333333,4278
22,705,2,3,1,66,0,1,0,0,0,33.2,1.5,1410
32,759,12,15,0,73,0,0,1,0,0,36.5,1.25,9108
26,715,7,8,1,85,0,0,0,1,0,42.5,1.1428571428571428,5005
41,656,2,4,1,74,1,0,0,0,0,37.3,2.0,1312
43,770,3,3,1,91,0,0,0,1,0,45.5,1.0,2310
35,702,14,15,0,78,1,0,0,0,0,39.3,1.0714285714285714,9828
29,808,2,6,1,75,0,0,0,0,0,37.5,3.0,1616
33,526,13,11,1,81,0,0,1,0,0,40.5,0.8461538461538461,6838
30,649,12,14,1,83,0,0,0,0,0,41.5,1.1666666666666667,7788
32,565,12,15,1,66,0,0,1,0,0,33.0,1.25,6780
31,825,2,3,1,71,0,0,0,0,0,35.5,1.5,1650
26,727,9,10,1,66,0,0,0,0,0,33.0,1.1111111111111112,6543
26,588,8,8,1,83,0,0,0,0,0,41.5,1.0,4704
32,738,12,15,1,84,0,0,0,1,1,42.0,1.25,8856
43,683,14,10,0,82,0,0,1,1,0,41.0,0.7142857142857143,9562
31,950,4,2,0,78,1,0,0,0,0,39.3,0.5,3800
39,665,4,5,1,82,0,0,0,0,0,41.0,1.25,2660
29,670,6,7,1,82,0,0,1,1,0,41.0,1.1666666666666667,4020
42,892,13,10,1,79,1,0,0,0,0,39.8,0.7692307692307693,11596
23,683,2,3,1,78,0,0,0,0,0,39.0,1.5,1366
34,602,2,3,1,93,0,0,0,1,0,46.5,1.5,1204
29,555,10,15,1,76,0,0,0,0,0,38.0,1.5,5550
28,757,10,10,0,76,0,0,0,0,0,38.0,1.0,7570
40,836,11,15,1,68,0,0,1,0,0,34.0,1.3636363636363635,9196
28,776,1,4,1,66,0,1,1,0,0,33.2,4.0,776
33,811,3,5,1,70,0,0,0,0,0,35.0,1.6666666666666667,2433
22,770,1,3,1,82,0,0,0,1,0,41.0,3.0,770
43,587,11,14,1,77,0,0,0,0,0,38.5,1.2727272727272727,6457
35,543,11,14,0,84,1,0,0,0,0,42.3,1.2727272727272727,5973
40,537,11,13,1,58,1,0,0,0,0,29.3,1.1818181818181819,5907
36,640,13,11,0,69,0,0,0,0,0,34.5,0.8461538461538461,8320
42,886,12,11,1,68,1,0,1,0,0,34.3,0.9166666666666666,10632
22,723,1,6,1,82,1,1,1,1,0,41.5,6.0,723
28,763,6,12,1,60,1,0,0,0,0,30.3,2.0,4578
33,610,2,5,1,80,0,1,0,0,0,40.2,2.5,1220
23,645,1,3,1,79,0,0,0,0,0,39.5,3.0,645
40,795,12,11,1,59,0,0,0,0,0,29.5,0.9166666666666666,9540
23,535,3,3,0,75,0,1,0,0,0,37.7,1.0,1605
29,538,3,4,1,76,1,0,1,0,0,38.3,1.3333333333333333,1614
41,730,14,10,1,82,0,0,0,0,0,41.0,0.7142857142857143,10220
25,853,7,8,0,80,0,0,0,0,0,40.0,1.1428571428571428,5971
39,879,4,4,1,78,0,1,1,0,0,39.2,1.0,3516
26,717,9,10,1,73,0,0,0,0,0,36.5,1.1111111111111112,6453
30,474,12,12,1,67,0,0,0,0,0,33.5,1.0,5688
32,647,11,12,1,92,0,0,0,0,1,46.0,1.0909090909090908,7117
38,704,4,5,1,76,0,0,1,0,0,38.0,1.25,2816
29,719,9,11,0,75,0,0,0,0,0,37.5,1.2222222222222223,6471
35,866,14,12,1,66,1,0,0,0,0,33.3,0.8571428571428571,12124
44,817,2,6,1,72,0,0,1,0,0,36.0,3.0,1634
29,794,10,15,1,58,1,0,0,0,0,29.3,1.5,7940
30,736,3,5,1,75,1,0,1,0,0,37.8,1.6666666666666667,2208
42,720,2,5,0,84,1,1,0,1,0,42.5,2.5,1440
41,721,12,15,1,56,0,0,0,0,0,28.0,1.25,8652
25,736,8,9,1,72,0,0,0,0,0,36.0,1.125,5888
32,774,11,15,1,89,0,0,0,1,1,44.5,1.3636363636363635,8514
39,650,11,11,1,62,1,0,0,0,0,31.3,1.0,7150
43,757,4,2,0,72,0,0,0,0,0,36.0,0.5,3028
25,838,10,15,1,77,0,0,0,0,0,38.5,1.5,8380
36,728,3,5,1,52,1,1,0,0,0,26.5,1.6666666666666667,2184
29,543,10,14,0,78,0,0,0,0,0,39.0,1.4,5430
27,720,7,12,1,71,1,0,1,0,0,35.8,1.7142857142857142,5040
42,615,12,11,1,76,0,0,0,0,0,38.0,0.9166666666666666,7380
33,628,4,6,1,70,0,0,0,0,0,35.0,1.5,2512
37,682,3,2,1,66,1,0,1,0,0,33.3,0.6666666666666666,2046
22,743,5,3,1,75,0,0,0,0,0,37.5,0.6,3715
45,909,11,10,1,58,0,0,0,0,0,29.0,0.9090909090909091,9999
45,638,14,15,0,74,0,0,0,0,0,37.0,1.0714285714285714,8932
38,774,2,3,1,63,0,1,1,0,0,31.7,1.5,1548
39,864,4,6,0,57,0,0,0,0,0,28.5,1.5,3456
27,534,10,13,0,72,0,0,0,0,0,36.0,1.3,5340
45,621,3,4,1,80,0,1,0,0,0,40.2,1.3333333333333333,1863
35,650,14,13,1,69,1,0,0,0,0,34.8,0.9285714285714286,9100
40,703,2,6,0,71,0,1,1,0,0,35.7,3.0,1406
35,875,11,11,1,72,1,1,0,0,0,36.5,1.0,9625
23,534,2,6,1,75,0,0,0,0,0,37.5,3.0,1068
23,761,1,6,1,71,0,0,1,0,0,35.5,6.0,761
28,846,7,10,1,77,0,0,0,0,0,38.5,1.4285714285714286,5922
28,598,2,6,1,81,1,0,0,0,0,40.8,3.0,1196
41,764,2,3,1,81,0,1,1,1,0,40.7,1.5,1528
27,792,7,10,1,74,0,0,0,0,0,37.0,1.4285714285714286,5544
22,740,2,3,1,69,0,0,0,0,0,34.5,1.5,1480
37,859,3,2,1,81,0,0,0,0,0,40.5,0.6666666666666666,2577
30,847,2,6,1,82,0,0,0,1,0,41.0,3.0,1694
24,681,5,4,1,73,1,0,0,0,0,36.8,0.8,3405
34,801,2,4,1,54,0,0,1,0,0,27.0,2.0,1602
30,488,3,6,1,59,0,0,0,0,0,29.5,2.0,1464
25,828,6,9,1,76,0,1,0,0,0,38.2,1.5,4968
41,580,11,13,1,64,0,1,0,0,0,32.2,1.1818181818181819,6380
38,710,2,5,1,98,0,0,0,0,0,49.0,2.5,1420
25,738,1,5,1,87,0,0,0,1,0,43.5,5.0,738
33,661,3,6,1,77,0,0,0,0,0,38.5,2.0,1983
36,670,3,3,1,73,1,0,0,0,0,36.8,1.0,2010
41,689,12,14,1,60,0,0,0,0,0,30.0,1.1666666666666667,8268
39,814,12,10,0,72,0,0,1,0,0,36.0,0.8333333333333334,9768
25,723,6,11,1,58,0,0,0,0,0,29.0,1.8333333333333333,4338
44,725,3,5,1,75,1,0,0,0,0,37.8,1.6666666666666667,2175
32,586,11,12,1,78,0,1,0,0,0,39.2,1.0909090909090908,6446
45,722,11,14,1,88,0,0,0,0,1,44.0,1.2727272727272727,7942
25,565,1,5,1,77,0,1,0,0,0,38.7,5.0,565
36,712,11,11,0,79,0,0,0,0,0,39.5,1.0,7832
31,800,4,2,1,80,1,0,0,0,0,40.3,0.5,3200
22,694,1,2,1,72,0,0,0,0,0,36.0,2.0,694
33,634,11,11,0,67,0,0,0,0,0,33.5,1.0,6974
22,749,1,3,0,66,0,1,1,0,0,33.2,3.0,749
45,687,11,12,1,87,0,0,0,1,1,43.5,1.0909090909090908,7557
41,795,3,2,1,92,1,0,0,0,0,46.3,0.6666666666666666,2385
37,650,11,14,1,69,0,0,0,0,0,34.5,1.2727272727272727,7150
33,636,4,4,1,78,0,0,0,0,0,39.0,1.0,2544
40,728,2,2,1,71,0,1,0,0,0,35.7,1.0,1456
26,620,2,2,1,87,0,0,0,0,0,43.5,1.0,1240
39,777,3,4,1,62,0,1,0,0,0,31.2,1.3333333333333333,2331
44,543,3,4,1,81,1,0,0,0,0,40.8,1.3333333333333333,1629
39,742,13,11,1,62,0,0,0,0,0,31.0,0.8461538461538461,9646
44,780,3,4,1,76,1,0,1,0,0,38.3,1.3333333333333333,2340
29,621,1,6,0,74,0,0,0,0,0,37.0,6.0,621
25,644,2,6,1,85,1,0,0,1,0,42.8,3.0,1288
38,738,13,11,1,79,0,0,0,0,0,39.5,0.8461538461538461,9594
39,633,2,6,1,69,0,0,0,0,0,34.5,3.0,1266
31,704,12,12,1,82,0,1,0,0,0,41.2,1.0,8448
22,588,3,5,1,77,0,0,0,0,0,38.5,1.6666666666666667,1764
45,646,2,6,1,62,0,0,0,0,0,31.0,3.0,1292
37,670,13,11,1,78,0,0,1,0,0,39.0,0.8461538461538461,8710
39,771,4,3,1,57,0,1,1,0,0,28.7,0.75,3084
26,809,9,12,0,78,0,1,0,0,0,39.2,1.3333333333333333,7281
42,673,14,15,0,71,1,0,0,0,0,35.8,1.0714285714285714,9422
44,620,13,11,1,85,0,0,0,0,0,42.5,0.8461538461538461,8060
39,775,2,2,1,73,0,0,1,0,0,36.5,1.0,1550
34,617,11,10,1,97,1,0,0,1,1,48.8,0.9090909090909091,6787
25,677,9,8,1,66,1,0,0,0,0,33.3,0.8888888888888888,6093
34,766,4,4,1,69,0,0,0,0,0,34.5,1.0,3064
22,732,4,5,1,64,0,0,0,0,0,32.0,1.25,2928
32,860,3,3,0,65,0,0,0,0,0,32.5,1.0,2580
29,847,6,12,0,85,0,1,1,0,1,42.7,2.0,5082
25,629,9,8,1,83,0,0,0,1,0,41.5,0.8888888888888888,5661
34,585,11,14,1,71,0,0,0,0,0,35.5,1.2727272727272727,6435
34,737,12,11,1,90,1,1,0,0,1,45.5,0.9166666666666666,8844
35,577,4,4,1,79,1,1,1,0,0,40.0,1.0,2308
24,607,1,4,1,84,1,0,0,1,0,42.3,4.0,607
42,736,12,11,1,67,0,0,0,0,0,33.5,0.9166666666666666,8832
37,788,2,5,0,64,0,0,0,0,0,32.0,2.5,1576
41,534,14,14,1,68,0,0,0,0,0,34.0,1.0,7476
22,745,3,3,1,86,1,0,0,1,0,43.3,1.0,2235
43,681,14,13,1,77,0,0,1,0,0,38.5,0.9285714285714286,9534
34,675,12,12,1,80,1,0,0,0,0,40.3,1.0,8100
30,761,2,3,1,73,0,0,1,0,0,36.5,1.5,1522
43,837,4,6,1,71,0,1,0,0,0,35.7,1.5,3348
29,568,8,7,0,81,0,0,0,1,0,40.5,0.875,4544
34,712,14,13,0,73,0,0,0,0,0,36.5,0.9285714285714286,9968
42,950,2,6,1,87,1,0,0,0,0,43.8,3.0,1900
33,796,13,11,1,93,0,0,0,0,0,46.5,0.8461538461538461,10348
22,521,1,5,0,61,0,0,0,0,0,30.5,5.0,521
26,718,2,5,1,83,0,0,0,0,0,41.5,2.5,1436
23,712,1,6,1,65,0,0,0,0,0,32.5,6.0,712
40,797,2,6,1,92,1,0,0,0,0,46.3,3.0,1594
26,578,2,4,1,61,0,1,0,0,0,30.7,2.0,1156
25,492,6,10,1,91,0,0,1,1,0,45.5,1.6666666666666667,2952
35,583,14,10,1,59,0,0,0,0,0,29.5,0.7142857142857143,8162
30,660,3,2,1,73,1,1,1,0,0,37.0,0.6666666666666666,1980
38,739,3,2,1,94,1,0,0,0,0,47.3,0.6666666666666666,2217
25,720,9,9,1,81,0,0,0,1,0,40.5,1.0,6480
28,639,10,10,0,77,0,0,0,0,0,38.5,1.0,6390
44,674,14,13,1,81,0,0,0,0,0,40.5,0.9285714285714286,9436
23,576,3,2,1,73,0,0,0,0,0,36.5,0.6666666666666666,1728
33,676,11,13,0,76,0,0,0,0,0,38.0,1.1818181818181819,7436
42,888,13,15,1,89,0,0,0,0,1,44.5,1.1538461538461537,11544
24,933,2,4,1,80,1,0,1,0,0,40.3,2.0,1866
29,695,7,10,1,84,1,0,0,0,0,42.3,1.4285714285714286,4865
42,775,2,6,1,83,0,1,1,0,0,41.7,3.0,1550
33,685,13,15,1,78,0,0,0,0,0,39.0,1.1538461538461537,8905
43,663,13,10,1,69,0,0,0,0,0,34.5,0.7692307692307693,8619
36,766,12,10,1,69,0,0,1,0,0,34.5,0.8333333333333334,9192
43,702,11,14,0,77,1,1,0,0,1,39.0,1.2727272727272727,7722
41,650,12,11,1,79,0,1,0,0,0,39.7,0.9166666666666666,7800
36,708,12,11,1,49,0,0,0,0,0,24.5,0.9166666666666666,8496
28,693,2,3,1,83,1,0,0,1,0,41.8,1.5,1386
25,639,7,12,1,96,0,0,0,1,1,48.0,1.7142857142857142,4473
32,731,14,11,1,92,0,1,1,1,1,46.2,0.7857142857142857,10234
25,709,1,3,1,78,0,0,0,0,0,39.0,3.0,709
33,520,4,2,1,55,1,0,0,0,0,27.8,0.5,2080
34,885,2,2,1,73,0,0,0,0,0,36.5,1.0,1770
26,747,8,10,1,63,0,0,0,0,0,31.5,1.25,5976
22,745,1,2,1,85,0,0,1,1,0,42.5,2.0,745
25,599,1,3,0,71,0,0,0,0,0,35.5,3.0,599
27,512,2,6,1,70,0,1,0,0,0,35.2,3.0,1024
38,725,4,4,1,85,0,1,0,0,0,42.7,1.0,2900
22,781,4,2,1,73,0,1,0,0,0,36.7,0.5,3124
26,805,9,12,1,68,0,0,0,0,0,34.0,1.3333333333333333,7245
38,683,14,10,1,78,0,0,0,0,0,39.0,0.7142857142857143,9562
40,745,2,4,1,65,0,0,0,0,0,32.5,2.0,1490
35,552,12,10,0,88,0,0,0,1,0,44.0,0.8333333333333334,6624
23,710,4,6,1,90,0,0,1,0,0,45.0,1.5,2840
45,625,13,12,1,60,0,0,1,0,0,30.0,0.9230769230769231,8125
38,572,3,3,1,65,1,0,0,0,0,32.8,1.0,1716
22,554,1,2,1,82,1,1,0,0,0,41.5,2.0,554
40,740,4,6,1,75,0,0,1,0,0,37.5,1.5,2960
39,664,12,11,0,66,1,0,1,0,0,33.3,0.9166666666666666,7968
29,634,10,13,1,67,0,0,0,0,0,33.5,1.3,6340
43,661,14,13,1,89,0,1,0,0,1,44.7,0.9285714285714286,9254
44,742,14,12,1,60,0,0,0,0,0,30.0,0.8571428571428571,10388
36,551,14,15,1,82,0,0,1,1,1,41.0,1.0714285714285714,7714
37,625,3,6,1,73,0,0,0,0,0,36.5,2.0,1875
30,573,2,3,1,70,0,0,0,0,0,35.0,1.5,1146
24,649,1,5,1,65,0,1,0,0,0,32.7,5.0,649
29,652,2,4,1,51,0,0,0,0,0,25.5,2.0,1304
25,773,7,8,1,68,0,0,0,0,0,34.0,1.1428571428571428,5411
36,799,14,12,1,77,0,0,0,0,0,38.5,0.8571428571428571,11186
22,678,2,3,1,59,0,0,0,0,0,29.5,1.5,1356
43,701,4,4,1,83,0,1,0,0,0,41.7,1.0,2804
30,788,4,3,1,69,1,0,0,0,0,34.8,0.75,3152
25,584,3,5,1,81,0,0,1,1,0,40.5,1.6666666666666667,1752
45,718,2,2,1,70,0,0,0,0,0,35.0,1.0,1436
37,837,12,12,1,51,1,0,0,0,0,25.8,1.0,10044
41,654,2,2,1,79,0,0,0,0,0,39.5,1.0,1308
27,862,3,3,1,64,1,0,0,0,0,32.3,1.0,2586
25,650,3,3,1,75,1,0,0,0,0,37.8,1.0,1950
43,734,11,12,1,90,0,0,0,1,1,45.0,1.0909090909090908,8074
31,770,4,4,1,72,1,0,0,0,0,36.3,1.0,3080
31,873,2,3,1,78,0,1,0,0,0,39.2,1.5,1746
25,655,3,4,1,78,0,0,0,0,0,39.0,1.3333333333333333,1965
37,786,13,12,1,65,0,0,0,0,0,32.5,0.9230769230769231,10218
42,841,11,15,1,90,0,0,0,0,1,45.0,1.3636363636363635,9251
34,827,11,11,1,100,0,0,0,0,1,50.0,1.0,9097
44,730,3,2,1,64,0,1,0,0,0,32.2,0.6666666666666666,2190
24,743,2,2,1,75,0,0,0,0,0,37.5,1.0,1486
44,662,4,2,0,88,0,0,0,1,0,44.0,0.5,2648
37,675,3,6,1,87,0,0,1,1,0,43.5,2.0,2025
24,630,3,3,1,70,0,0,0,0,0,35.0,1.0,1890
23,708,5,5,1,56,0,0,0,0,0,28.0,1.0,3540
33,733,3,6,1,60,0,1,0,0,0,30.2,2.0,2199
38,877,4,6,1,57,0,0,0,0,0,28.5,1.5,3508
37,823,13,13,1,69,0,1,0,0,0,34.7,1.0,10699
39,756,12,12,1,79,0,0,0,0,0,39.5,1.0,9072
42,774,12,14,1,79,0,0,1,0,0,39.5,1.1666666666666667,9288
44,688,3,5,1,66,0,0,1,0,0,33.0,1.6666666666666667,2064
41,708,13,15,1,63,0,1,0,0,0,31.7,1.1538461538461537,9204
35,695,11,14,1,65,0,0,0,0,0,32.5,1.2727272727272727,7645
27,686,9,11,1,88,0,0,0,0,0,44.0,1.2222222222222223,6174
24,575,2,6,1,79,0,0,0,0,0,39.5,3.0,1150
44,768,4,4,1,66,0,1,0,0,0,33.2,1.0,3072
42,866,12,13,1,72,0,0,0,0,0,36.0,1.0833333333333333,10392
43,541,12,12,0,71,0,0,1,0,0,35.5,1.0,6492
44,761,13,13,1,78,0,1,1,0,1,39.2,1.0,9893
32,756,14,13,1,61,1,0,1,0,0,30.8,0.9285714285714286,10584
25,656,7,7,1,96,0,0,0,0,0,48.0,1.0,4592
39,692,11,15,1,82,0,0,0,1,1,41.0,1.3636363636363635,7612
36,716,11,10,1,73,0,0,0,0,0,36.5,0.9090909090909091,7876
32,566,11,14,1,76,0,1,0,0,0,38.2,1.2727272727272727,6226
22,733,3,3,1,81,0,0,0,0,0,40.5,1.0,2199
41,587,11,10,0,62,0,0,0,0,0,31.0,0.9090909090909091,6457
41,693,3,6,1,65,0,1,0,0,0,32.7,2.0,2079
24,612,5,5,1,64,0,1,0,0,0,32.2,1.0,3060
41,698,4,5,1,84,1,0,1,0,0,42.3,1.25,2792
39,656,14,15,1,62,1,0,0,0,0,31.3,1.0714285714285714,9184
31,700,14,13,1,78,0,0,0,0,0,39.0,0.9285714285714286,9800
40,611,14,12,1,75,0,0,0,0,0,37.5,0.8571428571428571,8554
23,771,1,4,1,77,0,0,0,0,0,38.5,4.0,771
23,743,2,4,1,65,1,0,0,0,0,32.8,2.0,1486
42,688,13,15,1,75,1,0,0,0,0,37.8,1.1538461538461537,8944
39,449,3,6,1,77,0,0,0,0,0,38.5,2.0,1347
38,923,3,3,1,75,0,0,1,0,0,37.5,1.0,2769
30,565,12,10,1,62,0,0,0,0,0,31.0,0.8333333333333334,6780
30,693,2,5,1,67,0,0,0,0,0,33.5,2.5,1386
41,685,3,3,1,63,0,0,0,0,0,31.5,1.0,2055
44,732,12,10,1,89,1,0,0,0,0,44.8,0.8333333333333334,8784
22,773,4,5,1,60,0,1,1,0,0,30.2,1.25,3092
39,809,3,6,1,73,0,0,0,0,0,36.5,2.0,2427
40,608,2,2,1,86,0,0,0,1,0,43.0,1.0,1216
30,627,3,6,1,71,1,0,0,0,0,35.8,2.0,1881
40,673,11,12,1,79,0,1,0,0,0,39.7,1.0909090909090908,7403
32,591,2,4,1,65,0,0,1,0,0,32.5,2.0,1182
33,533,4,2,1,64,0,0,0,0,0,32.0,0.5,2132
24,624,3,3,1,81,0,0,0,1,0,40.5,1.0,1872
25,780,1,3,1,76,0,0,1,0,0,38.0,3.0,780
39,689,14,12,1,73,0,0,0,0,0,36.5,0.8571428571428571,9646
26,575,6,9,0,74,0,1,0,0,0,37.2,1.5,3450
33,726,3,3,1,78,0,0,0,0,0,39.0,1.0,2178
39,543,14,10,1,69,1,0,0,0,0,34.8,0.7142857142857143,7602
44,817,14,13,1,59,0,0,0,0,0,29.5,0.9285714285714286,11438
26,734,2,2,1,58,1,0,1,0,0,29.3,1.0,1468
25,698,10,13,1,87,0,0,0,1,1,43.5,1.3,6980
32,763,11,13,1,69,0,0,0,0,0,34.5,1.1818181818181819,8393
35,689,2,6,1,92,0,0,0,0,0,46.0,3.0,1378
34,613,3,5,1,72,0,0,1,0,0,36.0,1.6666666666666667,1839
45,818,12,14,1,74,0,0,0,0,0,37.0,1.1666666666666667,9816
35,706,3,2,1,68,0,0,1,0,0,34.0,0.6666666666666666,2118
41,662,2,3,1,53,0,0,0,0,0,26.5,1.5,1324
42,643,12,13,1,52,0,0,0,0,0,26.0,1.0833333333333333,7716
37,683,12,13,0,88,0,0,1,0,1,44.0,1.0833333333333333,8196
28,741,1,4,1,76,0,0,0,0,0,38.0,4.0,741
45,651,4,3,1,76,0,0,0,0,0,38.0,0.75,2604
38,683,13,11,1,80,0,0,1,0,0,40.0,0.8461538461538461,8879
26,647,7,9,0,65,1,0,0,0,0,32.8,1.2857142857142858,4529
31,697,3,5,1,72,1,1,0,0,0,36.5,1.6666666666666667,2091
31,862,11,13,1,78,0,0,0,0,0,39.0,1.1818181818181819,9482
37,505,14,12,1,63,1,0,0,0,0,31.8,0.8571428571428571,7070
37,672,2,4,1,79,1,1,0,0,0,40.0,2.0,1344
30,855,11,15,0,78,0,0,0,0,0,39.0,1.3636363636363635,9405
25,504,7,9,0,73,0,0,1,0,0,36.5,1.2857142857142858,3528
44,824,13,15,1,55,0,1,0,0,0,27.7,1.1538461538461537,10712
24,748,4,6,1,78,0,0,0,0,0,39.0,1.5,2992
44,767,3,4,1,87,0,0,0,1,0,43.5,1.3333333333333333,2301
36,577,11,12,1,95,0,0,0,0,1,47.5,1.0909090909090908,6347
27,557,6,8,1,74,0,0,0,0,0,37.0,1.3333333333333333,3342
28,884,2,2,1,62,1,0,0,0,0,31.3,1.0,1768
30,647,2,6,1,72,1,0,0,0,0,36.3,3.0,1294
26,610,2,3,0,69,1,0,1,0,0,34.8,1.5,1220
32,768,2,5,1,84,0,0,0,1,0,42.0,2.5,1536
37,666,12,10,1,82,1,0,0,0,0,41.3,0.8333333333333334,7992
43,685,12,14,1,70,0,0,0,0,0,35.0,1.1666666666666667,8220
29,750,3,5,1,71,0,0,0,0,0,35.5,1.6666666666666667,2250
34,748,2,2,0,71,0,0,0,0,0,35.5,1.0,1496
27,644,3,6,1,75,1,0,1,0,0,37.8,2.0,1932
28,642,8,7,1,93,0,0,1,1,0,46.5,0.875,5136
40,704,12,11,1,83,0,1,0,1,0,41.7,0.9166666666666666,8448
24,722,4,6,1,76,0,1,0,0,0,38.2,1.5,2888
27,768,7,9,0,81,0,0,0,0,0,40.5,1.2857142857142858,5376
35,854,4,3,1,74,0,0,0,0,0,37.0,0.75,3416
23,754,5,2,1,74,0,0,0,0,0,37.0,0.4,3770
27,716,3,3,1,61,0,1,0,0,0,30.7,1.0,2148
41,651,2,5,1,66,0,0,1,0,0,33.0,2.5,1302
28,662,2,2,1,78,0,0,1,0,0,39.0,1.0,1324
25,749,2,3,1,75,1,0,0,0,0,37.8,1.5,1498
42,826,11,12,0,66,0,1,0,0,0,33.2,1.0909090909090908,9086
23,726,2,6,1,60,1,0,1,0,0,30.3,3.0,1452
27,710,2,4,1,87,0,1,0,1,0,43.7,2.0,1420
29,712,9,12,1,62,0,0,0,0,0,31.0,1.3333333333333333,6408
37,884,4,4,1,77,0,0,0,0,0,38.5,1.0,3536
31,829,13,10,1,78,0,1,1,0,0,39.2,0.7692307692307693,10777
35,571,14,10,1,84,0,1,0,1,0,42.2,0.7142857142857143,7994
22,612,3,4,1,73,0,0,1,0,0,36.5,1.3333333333333333,1836
34,743,4,6,1,51,0,0,0,0,0,25.5,1.5,2972
42,666,12,15,1,77,0,0,0,0,0,38.5,1.25,7992
37,597,2,3,1,73,0,1,0,0,0,36.7,1.5,1194
39,586,11,10,1,81,0,1,0,1,0,40.7,0.9090909090909091,6446
39,363,14,11,1,57,0,0,0,0,0,28.5,0.7857142857142857,5082
43,660,4,3,1,65,1,1,0,0,0,33.0,0.75,2640
27,653,1,3,1,80,0,1,1,0,0,40.2,3.0,653
44,535,4,2,0,74,0,0,0,0,0,37.0,0.5,2140
26,793,3,2,0,73,0,0,0,0,0,36.5,0.6666666666666666,2379
38,535,14,14,1,76,0,0,1,0,0,38.0,1.0,7490
27,578,1,2,1,83,0,0,0,1,0,41.5,2.0,578
25,750,2,6,1,69,0,0,0,0,0,34.5,3.0,1500
35,687,3,2,1,74,0,0,0,0,0,37.0,0.6666666666666666,2061
42,578,3,3,0,68,1,0,1,0,0,34.3,1.0,1734
36,608,13,10,1,62,0,0,0,0,0,31.0,0.7692307692307693,7904
43,815,2,6,1,73,0,1,0,0,0,36.7,3.0,1630
45,763,4,5,1,63,0,1,0,0,0,31.7,1.25,3052
30,757,2,4,1,71,0,0,0,0,0,35.5,2.0,1514
31,786,4,6,1,81,0,0,0,0,0,40.5,1.5,3144
33,705,11,12,1,86,0,1,1,1,1,43.2,1.0909090909090908,7755
29,712,7,8,1,81,0,0,0,1,0,40.5,1.1428571428571428,4984
30,778,3,2,1,69,1,1,0,0,0,35.0,0.6666666666666666,2334
38,625,12,11,1,76,0,0,0,0,0,38.0,0.9166666666666666,7500
40,706,14,14,1,68,0,1,0,0,0,34.2,1.0,9884
25,730,3,6,1,81,0,0,0,0,0,40.5,2.0,2190
44,704,13,13,0,84,0,0,1,0,0,42.0,1.0,9152
45,834,14,15,1,79,1,0,0,0,1,39.8,1.0714285714285714,11676
22,741,2,4,1,80,0,0,0,0,0,40.0,2.0,1482
23,684,1,3,1,62,0,0,0,0,0,31.0,3.0,684
42,683,3,2,1,75,0,0,0,0,0,37.5,0.6666666666666666,2049
44,825,13,15,0,81,0,0,1,0,1,40.5,1.1538461538461537,10725
22,838,1,2,1,72,0,0,0,0,0,36.0,2.0,838
38,673,4,5,1,72,0,0,0,0,0,36.0,1.25,2692
40,677,13,14,0,78,0,0,0,0,0,39.0,1.0769230769230769,8801
23,635,3,4,0,71,0,1,0,0,0,35.7,1.3333333333333333,1905
37,549,11,12,1,83,0,0,1,1,1,41.5,1.0909090909090908,6039
24,606,2,6,0,87,0,0,0,1,0,43.5,3.0,1212
45,637,2,5,1,71,0,1,0,0,0,35.7,2.5,1274
23,621,2,5,1,77,0,0,0,0,0,38.5,2.5,1242
43,638,14,10,1,77,0,0,0,0,0,38.5,0.7142857142857143,8932
42,641,11,11,1,69,1,0,1,0,0,34.8,1.0,7051
45,783,14,11,1,69,0,0,0,0,0,34.5,0.7857142857142857,10962
29,867,8,10,1,67,0,0,0,0,0,33.5,1.25,6936
29,627,2,5,1,63,0,0,0,0,0,31.5,2.5,1254
39,766,11,13,1,51,0,1,0,0,0,25.7,1.1818181818181819,8426
30,664,2,2,1,77,0,0,0,0,0,38.5,1.0,1328
36,693,4,3,1,78,0,1,0,0,0,39.2,0.75,2772
31,826,13,14,1,82,0,0,1,1,1,41.0,1.0769230769230769,10738
29,742,3,5,1,58,1,0,1,0,0,29.3,1.6666666666666667,2226
23,688,2,6,0,64,0,0,0,0,0,32.0,3.0,1376
41,642,3,4,1,78,0,0,0,0,0,39.0,1.3333333333333333,1926
30,716,2,5,0,82,0,1,0,1,0,41.2,2.5,1432
35,950,13,10,1,99,0,0,0,1,1,49.5,0.7692307692307693,12350
33,938,12,14,1,72,1,0,0,0,1,36.3,1.1666666666666667,11256
30,857,2,5,1,70,0,0,0,0,0,35.0,2.5,1714
39,619,4,4,1,92,0,0,1,0,0,46.0,1.0,2476
36,719,11,12,0,72,0,1,0,0,0,36.2,1.0909090909090908,7909
26,735,9,9,1,80,0,0,0,0,0,40.0,1.0,6615
22,614,3,6,1,66,0,0,0,0,0,33.0,2.0,1842
26,776,1,3,1,94,1,0,1,1,0,47.3,3.0,776
22,857,4,2,1,72,1,1,0,0,0,36.5,0.5,3428
44,628,14,12,1,73,0,1,0,0,0,36.7,0.8571428571428571,8792
30,655,2,5,0,66,1,0,1,0,0,33.3,2.5,1310
36,703,13,11,1,81,1,1,0,0,0,41.0,0.8461538461538461,9139
36,688,4,5,1,69,1,1,0,0,0,35.0,1.25,2752
45,747,13,15,1,72,1,0,0,0,0,36.3,1.1538461538461537,9711
24,747,2,5,0,70,1,0,1,0,0,35.3,2.5,1494
34,712,12,12,1,73,0,0,0,0,0,36.5,1.0,8544
23,652,1,2,1,90,0,0,0,1,0,45.0,2.0,652
26,950,7,9,1,66,0,0,0,0,0,33.0,1.2857142857142858,6650
38,668,3,2,1,84,1,0,0,1,0,42.3,0.6666666666666666,2004
29,808,7,11,1,66,0,0,1,0,0,33.0,1.5714285714285714,5656
25,525,1,5,1,75,0,0,0,0,0,37.5,5.0,525
24,666,3,3,1,85,1,0,1,1,0,42.8,1.0,1998
42,518,14,12,1,68,0,0,0,0,0,34.0,0.8571428571428571,7252
30,720,4,5,1,74,0,0,0,0,0,37.0,1.25,2880
23,796,1,3,1,54,0,1,0,0,0,27.2,3.0,796
27,689,10,11,1,85,0,0,0,0,0,42.5,1.1,6890
33,639,12,10,1,84,1,0,1,1,1,42.3,0.8333333333333334,7668
37,669,4,4,1,69,0,0,0,0,0,34.5,1.0,2676
43,631,12,13,1,80,0,1,0,0,0,40.2,1.0833333333333333,7572
22,497,2,2,1,84,0,0,1,0,0,42.0,1.0,994
26,586,2,3,1,66,0,0,0,0,0,33.0,1.5,1172
35,594,13,13,1,64,0,0,0,0,0,32.0,1.0,7722
38,758,11,10,1,77,1,0,1,0,0,38.8,0.9090909090909091,8338
39,690,13,11,1,86,0,0,0,0,0,43.0,0.8461538461538461,8970
36,720,3,2,1,74,0,0,0,0,0,37.0,0.6666666666666666,2160
40,783,3,5,1,75,0,0,0,0,0,37.5,1.6666666666666667,2349
44,768,4,5,0,75,0,0,0,0,0,37.5,1.25,3072
43,799,2,3,1,76,1,0,1,0,0,38.3,1.5,1598
26,729,2,6,1,81,0,1,0,1,0,40.7,3.0,1458
33,599,12,10,0,57,0,0,0,0,0,28.5,0.8333333333333334,7188
23,647,2,6,0,74,0,0,0,0,0,37.0,3.0,1294
25,603,9,8,1,77,0,0,0,0,0,38.5,0.8888888888888888,5427
25,724,8,8,1,85,0,0,1,0,0,42.5,1.0,5792
30,663,12,15,1,62,1,0,0,0,0,31.3,1.25,7956
35,725,2,4,1,73,0,0,1,0,0,36.5,2.0,1450
45,678,3,6,1,65,0,0,0,0,0,32.5,2.0,2034
27,783,6,8,1,78,0,0,0,0,0,39.0,1.3333333333333333,4698
35,831,2,4,1,75,1,0,0,0,0,37.8,2.0,1662
22,742,4,4,1,71,1,0,0,0,0,35.8,1.0,2968
28,857,9,9,1,63,0,0,1,0,0,31.5,1.0,7713
25,641,8,12,1,75,1,0,0,0,0,37.8,1.5,5128
40,553,13,13,0,72,0,0,1,0,0,36.0,1.0,7189
28,832,2,3,0,85,0,0,0,0,0,42.5,1.5,1664
23,809,1,4,1,81,0,1,0,1,0,40.7,4.0,809
42,771,13,10,1,75,0,0,0,0,0,37.5,0.7692307692307693,10023
40,776,3,2,0,58,0,0,1,0,0,29.0,0.6666666666666666,2328
40,741,3,6,1,63,0,0,0,0,0,31.5,2.0,2223
25,594,7,7,1,77,0,1,0,0,0,38.7,1.0,4158
29,830,3,4,0,77,0,0,0,0,0,38.5,1.3333333333333333,2490
41,801,2,3,1,85,0,0,1,1,0,42.5,1.5,1602
26,639,1,2,0,84,0,0,0,1,0,42.0,2.0,639
23,671,1,2,1,52,0,0,0,0,0,26.0,2.0,671
23,768,2,5,0,89,0,0,0,0,0,44.5,2.5,1536
38,650,4,6,0,70,0,0,0,0,0,35.0,1.5,2600
31,732,13,10,1,61,1,0,0,0,0,30.8,0.7692307692307693,9516
22,588,1,5,1,64,0,0,0,0,0,32.0,5.0,588
32,673,2,6,0,72,0,0,0,0,0,36.0,3.0,1346
43,810,2,3,1,69,0,0,1,0,0,34.5,1.5,1620
37,821,2,5,1,68,0,1,0,0,0,34.2,2.5,1642
39,784,14,15,0,79,0,0,0,0,0,39.5,1.0714285714285714,10976
26,644,10,12,0,79,0,0,0,0,0,39.5,1.2,6440
29,731,3,2,1,87,0,0,0,1,0,43.5,0.6666666666666666,2193
39,734,4,2,1,75,0,0,0,0,0,37.5,0.5,2936
26,719,3,3,1,73,0,0,1,0,0,36.5,1.0,2157
25,715,3,3,1,67,0,0,0,0,0,33.5,1.0,2145
26,577,1,4,1,69,0,0,0,0,0,34.5,4.0,577
36,780,4,3,1,70,0,0,0,0,0,35.0,0.75,3120
31,634,12,11,1,88,0,0,1,0,0,44.0,0.9166666666666666,7608
37,812,2,6,1,74,1,0,0,0,0,37.3,3.0,1624
22,875,2,5,1,68,0,0,0,0,0,34.0,2.5,1750
27,656,3,2,0,77,0,0,0,0,0,38.5,0.6666666666666666,1968
26,732,3,5,1,82,1,0,0,1,0,41.3,1.6666666666666667,2196
42,814,2,4,1,77,0,0,0,0,0,38.5,2.0,1628
23,731,4,2,1,76,0,0,1,0,0,38.0,0.5,2924
43,652,3,4,1,56,0,0,0,0,0,28.0,1.3333333333333333,1956
22,725,3,3,1,79,0,1,1,0,0,39.7,1.0,2175
39,537,4,4,1,72,0,0,0,0,0,36.0,1.0,2148
30,819,13,12,1,67,0,0,0,0,0,33.5,0.9230769230769231,10647
37,667,12,11,1,67,0,0,0,0,0,33.5,0.9166666666666666,8004
41,847,3,4,1,95,1,0,0,0,0,47.8,1.3333333333333333,2541
38,667,14,13,1,65,0,0,0,0,0,32.5,0.9285714285714286,9338
40,758,2,4,1,64,1,0,0,0,0,32.3,2.0,1516
35,692,12,10,1,75,1,0,0,0,0,37.8,0.8333333333333334,8304
30,762,12,13,1,75,0,0,0,0,0,37.5,1.0833333333333333,9144
41,643,12,11,1,57,0,1,0,0,0,28.7,0.9166666666666666,7716
45,744,3,2,1,85,0,0,0,1,0,42.5,0.6666666666666666,2232
34,788,13,13,1,77,0,1,1,0,1,38.7,1.0,10244
32,791,2,4,1,90,0,1,1,0,0,45.2,2.0,1582
39,717,11,10,1,73,1,0,1,0,0,36.8,0.9090909090909091,7887
41,645,3,2,1,78,0,0,0,0,0,39.0,0.6666666666666666,1935
41,823,3,5,1,89,0,0,0,1,0,44.5,1.6666666666666667,2469
28,748,1,3,1,72,0,0,0,0,0,36.0,3.0,748
42,611,14,15,1,85,1,0,0,1,1,42.8,1.0714285714285714,8554
38,703,11,11,0,88,0,0,0,1,1,44.0,1.0,7733
37,806,3,5,0,51,0,1,0,0,0,25.7,1.6666666666666667,2418
34,595,4,2,1,92,0,0,0,0,0,46.0,0.5,2380
40,686,3,5,0,67,0,0,0,0,0,33.5,1.6666666666666667,2058
43,557,14,14,1,65,0,1,0,0,0,32.7,1.0,7798
26,801,8,10,1,70,0,0,0,0,0,35.0,1.25,6408
45,683,3,3,1,78,1,0,1,0,0,39.3,1.0,2049
35,800,3,3,1,69,1,1,0,0,0,35.0,1.0,2400
22,840,2,5,1,64,1,0,0,0,0,32.3,2.5,1680
41,624,14,10,0,50,1,0,0,0,0,25.3,0.7142857142857143,8736
24,794,3,4,1,78,0,0,0,0,0,39.0,1.3333333333333333,2382
41,729,11,14,1,61,1,1,0,0,0,31.0,1.2727272727272727,8019
45,633,4,4,1,63,0,0,0,0,0,31.5,1.0,2532
22,709,5,3,1,73,0,0,0,0,0,36.5,0.6,3545
26,753,6,9,0,62,0,0,1,0,0,31.0,1.5,4518
39,650,14,15,1,72,0,0,0,0,0,36.0,1.0714285714285714,9100
28,702,8,11,1,73,0,1,0,0,0,36.7,1.375,5616
35,552,3,4,1,84,1,1,1,1,0,42.5,1.3333333333333333,1656
35,698,14,11,1,65,1,0,0,0,0,32.8,0.7857142857142857,9772
36,695,13,14,0,71,0,0,0,0,0,35.5,1.0769230769230769,9035
27,868,3,4,1,81,0,0,0,1,0,40.5,1.3333333333333333,2604
33,580,14,11,1,85,1,0,0,1,1,42.8,0.7857142857142857,8120
40,777,12,14,1,74,0,0,0,0,0,37.0,1.1666666666666667,9324
23,693,1,4,0,69,0,0,0,0,0,34.5,4.0,693
24,634,1,2,1,65,0,0,0,0,0,32.5,2.0,634
22,767,5,5,1,75,0,0,0,0,0,37.5,1.0,3835
32,780,12,13,1,78,1,0,0,0,0,39.3,1.0833333333333333,9360
29,637,1,6,1,80,1,0,0,0,0,40.3,6.0,637
44,710,13,15,1,74,0,1,0,0,0,37.2,1.1538461538461537,9230
31,777,2,6,1,79,0,0,0,0,0,39.5,3.0,1554
26,757,1,6,1,79,0,0,0,0,0,39.5,6.0,757
38,689,4,6,1,62,0,0,0,0,0,31.0,1.5,2756
23,859,2,6,1,71,0,0,1,0,0,35.5,3.0,1718
39,755,14,14,1,80,0,0,0,0,0,40.0,1.0,10570
23,585,3,2,0,100,0,0,0,1,0,50.0,0.6666666666666666,1755
26,812,6,8,1,71,0,0,0,0,0,35.5,1.3333333333333333,4872
31,615,12,11,0,77,0,1,0,0,0,38.7,0.9166666666666666,7380
43,660,14,10,1,85,0,1,0,0,0,42.7,0.7142857142857143,9240
27,603,1,4,1,84,0,0,0,1,0,42.0,4.0,603
25,773,7,10,1,71,1,0,0,0,0,35.8,1.4285714285714286,5411
38,662,11,12,1,97,0,0,0,1,1,48.5,1.0909090909090908,7282
22,728,2,2,1,85,0,1,0,1,0,42.7,1.0,1456
39,717,11,13,0,55,1,0,1,0,0,27.8,1.1818181818181819,7887
24,613,1,2,1,88,0,0,0,0,0,44.0,2.0,613
23,776,2,3,1,63,1,1,0,0,0,32.0,1.5,1552
35,752,14,12,1,75,0,0,0,0,0,37.5,0.8571428571428571,10528
31,728,2,5,1,67,1,0,0,0,0,33.8,2.5,1456
38,554,2,6,0,71,1,0,0,0,0,35.8,3.0,1108
33,744,3,4,1,68,0,1,0,0,0,34.2,1.3333333333333333,2232
30,826,4,6,1,77,0,0,0,0,0,38.5,1.5,3304
25,619,2,4,1,64,0,0,0,0,0,32.0,2.0,1238
27,598,9,7,1,66,0,0,0,0,0,33.0,0.7777777777777778,5382
30,829,2,2,1,59,0,0,0,0,0,29.5,1.0,1658
33,615,2,3,1,67,0,0,0,0,0,33.5,1.5,1230
26,808,9,12,1,74,0,0,0,0,0,37.0,1.3333333333333333,7272
25,758,1,3,1,79,0,0,0,0,0,39.5,3.0,758
31,843,12,13,1,97,1,1,0,1,1,49.0,1.0833333333333333,10116
45,725,13,11,1,81,0,0,0,0,0,40.5,0.8461538461538461,9425
36,650,11,15,1,76,0,0,0,0,0,38.0,1.3636363636363635,7150
34,669,13,11,0,82,0,0,1,1,0,41.0,0.8461538461538461,8697
38,622,4,5,1,81,0,0,0,1,0,40.5,1.25,2488
33,701,3,3,1,62,0,0,0,0,0,31.0,1.0,2103
41,622,3,2,1,76,0,0,0,0,0,38.0,0.6666666666666666,1866
41,661,13,11,1,74,0,0,0,0,0,37.0,0.8461538461538461,8593
38,720,2,6,1,83,0,0,1,0,0,41.5,3.0,1440
44,687,12,12,0,66,0,0,0,0,0,33.0,1.0,8244
28,599,1,4,1,67,1,0,0,0,0,33.8,4.0,599
37,802,4,3,1,78,0,0,1,0,0,39.0,0.75,3208
35,641,12,14,0,78,0,0,0,0,0,39.0,1.1666666666666667,7692
29,797,2,5,1,65,0,1,0,0,0,32.7,2.5,1594
28,773,9,11,0,69,0,0,1,0,0,34.5,1.2222222222222223,6957
26,863,9,11,1,83,0,0,0,1,0,41.5,1.2222222222222223,7767
45,658,13,12,1,81,1,0,0,1,1,40.8,0.9230769230769231,8554
24,816,4,5,1,71,1,1,1,0,0,36.0,1.25,3264
34,835,2,6,0,69,0,0,0,0,0,34.5,3.0,1670
35,673,3,4,1,72,1,0,0,0,0,36.3,1.3333333333333333,2019
31,529,4,6,1,80,0,1,0,0,0,40.2,1.5,2116
31,857,11,13,0,82,0,0,0,1,1,41.0,1.1818181818181819,9427
35,691,14,15,1,59,0,1,0,0,0,29.7,1.0714285714285714,9674
45,791,4,4,1,76,0,0,0,0,0,38.0,1.0,3164
26,712,1,6,0,75,0,0,0,0,0,37.5,6.0,712
28,767,8,11,1,81,0,0,1,0,0,40.5,1.375,6136
32,632,2,6,0,72,0,0,0,0,0,36.0,3.0,1264
32,726,2,4,1,73,0,0,0,0,0,36.5,2.0,1452
31,746,3,2,1,78,0,0,0,0,0,39.0,0.6666666666666666,2238
40,818,14,15,1,82,0,0,0,1,1,41.0,1.0714285714285714,11452
30,865,3,6,0,68,0,1,1,0,0,34.2,2.0,2595
35,549,13,12,1,76,0,0,0,0,0,38.0,0.9230769230769231,7137
34,474,13,10,1,79,1,0,0,0,0,39.8,0.7692307692307693,6162
23,737,1,2,0,82,0,1,0,0,0,41.2,2.0,737
23,610,3,6,0,82,0,0,0,0,0,41.0,2.0,1830
38,671,11,11,1,77,0,0,1,0,0,38.5,1.0,7381
41,912,4,6,1,78,0,0,1,0,0,39.0,1.5,3648
33,647,4,3,1,80,0,0,0,0,0,40.0,0.75,2588
43,747,4,3,1,80,0,0,0,0,0,40.0,0.75,2988
40,719,14,15,1,82,0,0,0,1,1,41.0,1.0714285714285714,10066
43,702,3,4,0,91,1,1,0,1,0,46.0,1.3333333333333333,2106
22,869,1,5,0,63,1,0,0,0,0,31.8,5.0,869
40,549,14,11,1,85,0,0,0,1,0,42.5,0.7857142857142857,7686
25,756,8,8,0,79,0,0,0,0,0,39.5,1.0,6048
22,837,1,4,1,80,0,0,0,0,0,40.0,4.0,837
28,771,2,3,1,90,0,0,0,0,0,45.0,1.5,1542
44,824,3,6,1,66,0,0,0,0,0,33.0,2.0,2472
39,846,13,10,1,78,1,0,0,0,0,39.3,0.7692307692307693,10998
45,736,3,5,1,76,1,0,0,0,0,38.3,1.6666666666666667,2208
28,695,8,10,0,71,0,0,0,0,0,35.5,1.25,5560
43,577,12,10,1,79,0,0,0,0,0,39.5,0.8333333333333334,6924
30,663,3,4,1,56,0,1,0,0,0,28.2,1.3333333333333333,1989
25,616,8,7,0,73,0,0,0,0,0,36.5,0.875,4928
45,630,2,4,1,76,0,0,0,0,0,38.0,2.0,1260
24,635,3,3,1,75,0,0,0,0,0,37.5,1.0,1905
42,622,4,5,1,63,0,0,0,0,0,31.5,1.25,2488
45,867,4,2,1,78,0,0,1,0,0,39.0,0.5,3468
34,770,3,3,1,84,1,0,0,0,0,42.3,1.0,2310
26,629,7,10,0,74,0,1,0,0,0,37.2,1.4285714285714286,4403
31,838,4,5,1,60,0,0,0,0,0,30.0,1.25,3352
32,787,12,12,0,85,0,0,0,1,1,42.5,1.0,9444
35,572,14,15,1,66,0,0,0,0,0,33.0,1.0714285714285714,8008
33,773,12,14,1,71,0,0,0,0,0,35.5,1.1666666666666667,9276
32,589,2,3,0,73,0,0,0,0,0,36.5,1.5,1178
29,610,2,6,1,61,0,0,1,0,0,30.5,3.0,1220
24,752,2,2,1,57,1,0,0,0,0,28.8,1.0,1504
42,779,4,2,1,63,0,1,0,0,0,31.7,0.5,3116
38,688,14,10,1,59,0,1,1,0,0,29.7,0.7142857142857143,9632
38,658,11,15,1,90,1,0,0,0,1,45.3,1.3636363636363635,7238
39,713,11,10,1,59,0,0,0,0,0,29.5,0.9090909090909091,7843
29,680,6,12,0,67,0,0,0,0,0,33.5,2.0,4080
23,549,1,2,1,82,1,0,0,0,0,41.3,2.0,549
26,803,6,12,0,62,0,0,0,0,0,31.0,2.0,4818
22,805,3,3,1,79,0,1,0,0,0,39.7,1.0,2415
31,571,14,15,1,70,0,0,0,0,0,35.0,1.0714285714285714,7994
33,788,3,2,1,57,0,1,0,0,0,28.7,0.6666666666666666,2364
29,726,2,3,1,66,1,0,0,0,0,33.3,1.5,1452
31,596,11,12,1,69,0,1,0,0,0,34.7,1.0909090909090908,6556
39,710,4,3,1,87,0,0,0,1,0,43.5,0.75,2840
33,768,3,3,1,45,1,0,0,0,0,22.8,1.0,2304
38,638,3,2,1,80,1,0,0,0,0,40.3,0.6666666666666666,1914
29,737,2,6,1,79,0,0,1,0,0,39.5,3.0,1474
29,787,8,11,1,58,0,1,0,0,0,29.2,1.375,6296
40,906,12,13,0,100,0,0,0,1,1,50.0,1.0833333333333333,10872
41,867,12,15,0,82,0,0,0,0,0,41.0,1.25,10404
42,591,14,10,0,72,1,0,0,0,0,36.3,0.7142857142857143,8274
39,705,12,10,1,81,1,0,0,0,0,40.8,0.8333333333333334,8460
32,758,12,14,1,72,0,0,0,0,0,36.0,1.1666666666666667,9096
30,800,11,13,0,61,1,0,0,0,0,30.8,1.1818181818181819,8800
28,696,3,4,0,57,0,0,0,0,0,28.5,1.3333333333333333,2088
25,950,6,12,0,66,0,0,0,0,0,33.0,2.0,5700
33,794,12,11,1,87,0,0,0,1,1,43.5,0.9166666666666666,9528
37,801,4,4,1,86,0,0,0,0,0,43.0,1.0,3204
31,679,3,3,1,70,0,0,1,0,0,35.0,1.0,2037
31,703,3,2,1,77,0,0,1,0,0,38.5,0.6666666666666666,2109
29,714,1,5,1,63,0,0,0,0,0,31.5,5.0,714
45,643,3,3,1,59,0,0,0,0,0,29.5,1.0,1929
43,703,13,13,1,75,0,1,0,0,0,37.7,1.0,9139
37,625,13,11,1,58,0,1,0,0,0,29.2,0.8461538461538461,8125
31,718,4,5,1,63,0,0,0,0,0,31.5,1.25,2872
38,793,2,6,0,77,0,0,0,0,0,38.5,3.0,1586
35,647,14,11,1,60,0,0,0,0,0,30.0,0.7857142857142857,9058
39,769,2,3,1,79,0,0,0,0,0,39.5,1.5,1538
44,617,3,3,1,82,1,0,0,0,0,41.3,1.0,1851
24,590,3,2,1,65,0,0,0,0,0,32.5,0.6666666666666666,1770
44,467,13,10,1,75,0,1,0,0,0,37.7,0.7692307692307693,6071
32,848,13,11,0,69,0,0,0,0,0,34.5,0.8461538461538461,11024
36,648,12,11,1,72,0,0,1,0,0,36.0,0.9166666666666666,7776
28,605,3,3,0,78,0,1,0,0,0,39.2,1.0,1815
28,626,2,6,1,85,0,0,1,1,0,42.5,3.0,1252
23,729,1,6,0,77,0,0,0,0,0,38.5,6.0,729
29,876,7,12,1,77,0,0,1,0,0,38.5,1.7142857142857142,6132
22,860,1,2,1,84,0,0,0,0,0,42.0,2.0,860
32,690,2,3,0,74,0,0,0,0,0,37.0,1.5,1380
26,692,8,7,0,89,1,0,0,0,0,44.8,0.875,5536
39,649,13,12,0,82,0,0,0,0,0,41.0,0.9230769230769231,8437
36,832,3,2,1,65,1,0,0,0,0,32.8,0.6666666666666666,2496
25,880,2,2,1,64,0,0,0,0,0,32.0,1.0,1760
29,598,8,10,1,79,1,0,0,0,0,39.8,1.25,4784
44,691,12,15,1,70,1,0,0,0,0,35.3,1.25,8292
31,660,14,12,1,79,0,1,0,0,0,39.7,0.8571428571428571,9240
38,821,4,3,0,90,0,0,0,0,0,45.0,0.75,3284
40,711,2,5,0,84,0,1,0,0,0,42.2,2.5,1422
33,668,11,15,1,91,0,0,1,1,1,45.5,1.3636363636363635,7348
28,600,1,6,1,82,1,0,0,0,0,41.3,6.0,600
27,729,2,3,0,78,0,0,0,0,0,39.0,1.5,1458
35,669,3,4,1,91,0,0,0,0,0,45.5,1.3333333333333333,2007
28,678,1,4,1,66,1,1,0,0,0,33.5,4.0,678
33,726,13,10,0,77,0,0,0,0,0,38.5,0.7692307692307693,9438
35,687,13,14,1,75,0,0,1,0,0,37.5,1.0769230769230769,8931
26,580,1,5,1,73,0,1,0,0,0,36.7,5.0,580
38,675,2,2,1,85,0,0,0,0,0,42.5,1.0,1350
36,654,14,12,1,63,0,1,0,0,0,31.7,0.8571428571428571,9156
24,561,2,4,1,82,0,0,0,1,0,41.0,2.0,1122
26,778,2,3,1,67,0,0,0,0,0,33.5,1.5,1556
26,718,2,3,1,84,1,0,1,0,0,42.3,1.5,1436
30,659,13,11,1,75,0,1,0,0,0,37.7,0.8461538461538461,8567
30,775,14,10,1,83,0,0,0,0,0,41.5,0.7142857142857143,10850
38,469,4,2,1,81,0,0,0,0,0,40.5,0.5,1876
25,866,3,3,1,70,0,1,0,0,0,35.2,1.0,2598
40,735,13,13,1,81,0,0,0,1,1,40.5,1.0,9555
31,842,4,4,1,76,0,1,0,0,0,38.2,1.0,3368
34,734,3,5,1,68,0,0,0,0,0,34.0,1.6666666666666667,2202
22,628,4,4,0,75,0,1,0,0,0,37.7,1.0,2512
27,734,6,9,1,88,0,0,0,0,0,44.0,1.5,4404
38,659,2,2,0,69,0,1,1,0,0,34.7,1.0,1318
45,685,4,2,1,79,0,0,0,0,0,39.5,0.5,2740
26,604,9,11,1,73,0,1,0,0,0,36.7,1.2222222222222223,5436
40,586,3,4,1,68,0,0,0,0,0,34.0,1.3333333333333333,1758
33,605,11,13,1,80,1,0,1,0,1,40.3,1.1818181818181819,6655
34,713,12,12,1,76,0,0,0,0,0,38.0,1.0,8556
45,851,2,4,1,72,1,0,0,0,0,36.3,2.0,1702
29,838,3,2,1,100,0,1,0,1,0,50.2,0.6666666666666666,2514
41,739,4,6,1,79,0,0,0,0,0,39.5,1.5,2956
33,816,4,4,1,71,0,0,0,0,0,35.5,1.0,3264
40,690,13,13,1,69,0,0,0,0,0,34.5,1.0,8970
45,890,2,5,1,91,0,0,0,0,0,45.5,2.5,1780
37,603,13,13,1,92,0,0,1,0,1,46.0,1.0,7839
37,725,13,10,1,74,1,0,0,0,0,37.3,0.7692307692307693,9425
24,641,1,4,1,63,0,0,0,0,0,31.5,4.0,641
27,860,9,8,1,78,1,0,0,0,0,39.3,0.8888888888888888,7740
23,698,5,4,1,70,0,0,1,0,0,35.0,0.8,3490
41,712,12,14,1,80,0,0,0,0,0,40.0,1.1666666666666667,8544
34,836,12,12,1,74,0,1,0,0,1,37.2,1.0,10032
23,829,3,4,1,83,0,0,0,1,0,41.5,1.3333333333333333,2487
41,704,13,15,0,87,0,0,0,0,1,43.5,1.1538461538461537,9152
45,607,14,14,1,77,1,0,1,0,1,38.8,1.0,8498
40,545,2,2,0,97,0,0,1,0,0,48.5,1.0,1090
30,696,12,12,1,67,1,1,0,0,0,34.0,1.0,8352
32,638,14,12,0,80,0,1,0,0,0,40.2,0.8571428571428571,8932
37,634,2,2,1,68,0,0,0,0,0,34.0,1.0,1268
26,830,1,6,1,67,1,0,0,0,0,33.8,6.0,830
23,593,3,5,1,66,0,1,0,0,0,33.2,1.6666666666666667,1779
22,673,2,5,1,78,0,0,0,0,0,39.0,2.5,1346
39,713,12,15,1,76,0,0,0,0,0,38.0,1.25,8556
36,528,2,4,1,74,0,1,0,0,0,37.2,2.0,1056
26,622,10,14,0,81,1,0,0,1,1,40.8,1.4,6220
34,761,12,10,1,69,0,0,0,0,0,34.5,0.8333333333333334,9132
42,907,12,10,1,78,0,0,0,0,0,39.0,0.8333333333333334,10884
33,701,11,14,1,72,1,0,0,0,0,36.3,1.2727272727272727,7711
25,692,9,8,1,68,0,0,0,0,0,34.0,0.8888888888888888,6228
42,720,14,12,1,81,0,0,0,0,0,40.5,0.8571428571428571,10080
24,761,2,6,1,54,0,0,0,0,0,27.0,3.0,1522
44,807,3,4,1,55,0,0,0,0,0,27.5,1.3333333333333333,2421
41,746,4,4,1,75,0,0,0,0,0,37.5,1.0,2984
25,692,8,12,0,86,0,0,0,1,1,43.0,1.5,5536
32,664,3,3,1,77,0,0,0,0,0,38.5,1.0,1992
40,781,4,4,1,80,1,0,0,0,0,40.3,1.0,3124
25,623,2,3,1,65,1,0,0,0,0,32.8,1.5,1246
22,687,2,6,1,56,0,1,0,0,0,28.2,3.0,1374
27,645,3,6,1,69,0,0,1,0,0,34.5,2.0,1935
42,636,13,10,1,84,0,0,0,1,0,42.0,0.7692307692307693,8268
24,660,3,2,1,72,0,0,1,0,0,36.0,0.6666666666666666,1980
40,740,3,3,1,70,1,0,1,0,0,35.3,1.0,2220
44,594,4,3,1,77,0,0,0,0,0,38.5,0.75,2376
37,651,2,6,1,69,0,0,0,0,0,34.5,3.0,1302
26,750,7,11,1,63,0,0,1,0,0,31.5,1.5714285714285714,5250
36,597,2,3,1,83,1,0,0,0,0,41.8,1.5,1194
34,670,4,3,1,76,0,1,1,0,0,38.2,0.75,2680
38,735,3,5,1,82,1,0,1,0,0,41.3,1.6666666666666667,2205
24,756,5,3,1,74,0,0,0,0,0,37.0,0.6,3780
38,756,3,4,1,76,0,0,0,0,0,38.0,1.3333333333333333,2268
45,626,2,5,1,75,0,0,0,0,0,37.5,2.5,1252
43,572,12,14,1,63,1,0,1,0,0,31.8,1.1666666666666667,6864
41,793,4,2,1,94,0,0,0,0,0,47.0,0.5,3172
32,499,13,12,1,70,0,0,1,0,0,35.0,0.9230769230769231,6487
28,598,7,12,1,63,0,0,1,0,0,31.5,1.7142857142857142,4186
25,575,1,2,0,73,0,1,0,0,0,36.7,2.0,575
35,669,11,15,1,87,0,1,0,0,1,43.7,1.3636363636363635,7359
26,788,10,10,0,86,1,0,0,1,1,43.3,1.0,7880
35,705,13,15,0,70,0,0,0,0,0,35.0,1.1538461538461537,9165
36,599,2,2,1,68,0,0,0,0,0,34.0,1.0,1198
30,714,14,14,0,73,0,0,0,0,0,36.5,1.0,9996
27,732,3,3,1,79,0,0,0,0,0,39.5,1.0,2196
29,786,6,12,0,81,0,0,0,1,0,40.5,2.0,4716
39,629,14,15,1,77,0,0,0,0,0,38.5,1.0714285714285714,8806
45,622,4,4,1,83,0,0,0,0,0,41.5,1.0,2488
28,667,6,8,0,82,0,0,0,1,0,41.0,1.3333333333333333,4002
43,760,14,15,1,91,0,0,0,1,1,45.5,1.0714285714285714,10640
31,833,3,3,1,60,0,0,1,0,0,30.0,1.0,2499
31,433,13,15,1,78,0,0,0,0,0,39.0,1.1538461538461537,5629
27,661,7,11,1,70,0,0,1,0,0,35.0,1.5714285714285714,4627
24,658,2,4,1,100,0,0,1,0,0,50.0,2.0,1316
40,619,12,15,1,83,0,1,1,1,1,41.7,1.25,7428
41,627,13,15,1,81,0,0,1,0,0,40.5,1.1538461538461537,8151
40,836,13,15,1,74,0,0,1,0,1,37.0,1.1538461538461537,10868
30,829,11,15,1,61,0,0,0,0,0,30.5,1.3636363636363635,9119
33,711,14,14,1,84,0,1,0,0,0,42.2,1.0,9954
26,713,2,6,1,75,1,1,1,0,0,38.0,3.0,1426
23,751,3,6,0,74,0,0,0,0,0,37.0,2.0,2253
32,752,11,11,1,70,0,0,0,0,0,35.0,1.0,8272
45,464,14,15,1,68,0,0,0,0,0,34.0,1.0714285714285714,6496
43,770,4,5,1,69,1,0,0,0,0,34.8,1.25,3080
33,638,2,6,0,52,0,0,0,0,0,26.0,3.0,1276
40,667,2,3,0,78,0,0,0,0,0,39.0,1.5,1334
33,714,14,15,1,74,0,0,0,0,0,37.0,1.0714285714285714,9996
38,771,2,5,1,66,0,1,0,0,0,33.2,2.5,1542
24,669,3,2,0,76,1,0,1,0,0,38.3,0.6666666666666666,2007
29,676,10,12,1,72,1,0,0,0,0,36.3,1.2,6760
37,764,4,6,1,72,0,0,1,0,0,36.0,1.5,3056
30,577,11,14,1,76,0,0,0,0,0,38.0,1.2727272727272727,6347
23,711,1,6,1,87,0,0,1,0,0,43.5,6.0,711
31,736,12,10,1,66,0,0,0,0,0,33.0,0.8333333333333334,8832
37,778,13,12,1,77,0,1,0,0,0,38.7,0.9230769230769231,10114
44,750,11,14,1,70,0,0,0,0,0,35.0,1.2727272727272727,8250
28,710,3,6,1,67,0,0,0,0,0,33.5,2.0,2130
31,705,2,4,1,56,0,0,0,0,0,28.0,2.0,1410
27,652,3,5,0,88,0,1,0,1,0,44.2,1.6666666666666667,1956
36,743,3,5,1,68,0,0,0,0,0,34.0,1.6666666666666667,2229
24,614,1,5,1,63,0,0,0,0,0,31.5,5.0,614
33,879,2,2,0,77,0,0,0,0,0,38.5,1.0,1758
26,602,1,4,1,78,0,0,0,0,0,39.0,4.0,602
36,646,3,2,1,67,0,0,0,0,0,33.5,0.6666666666666666,1938
30,704,11,13,1,93,1,0,0,1,1,46.8,1.1818181818181819,7744
33,650,4,4,1,71,0,0,0,0,0,35.5,1.0,2600
31,594,13,15,1,72,0,1,1,0,0,36.2,1.1538461538461537,7722
37,816,2,2,1,70,0,0,0,0,0,35.0,1.0,1632
26,545,6,9,0,79,0,1,0,0,0,39.7,1.5,3270
25,797,3,5,1,73,0,1,0,0,0,36.7,1.6666666666666667,2391
25,477,1,6,1,67,0,0,0,0,0,33.5,6.0,477
35,694,14,13,1,62,0,0,0,0,0,31.0,0.9285714285714286,9716
43,600,12,12,1,64,1,1,0,0,0,32.5,1.0,7200
30,577,14,12,1,85,0,0,1,0,1,42.5,0.8571428571428571,8078
32,759,3,2,1,77,1,0,0,0,0,38.8,0.6666666666666666,2277
37,720,2,4,1,75,0,0,1,0,0,37.5,2.0,1440
34,715,4,2,1,86,0,0,0,0,0,43.0,0.5,2860
34,754,12,10,1,80,0,0,0,0,0,40.0,0.8333333333333334,9048
45,768,14,11,1,70,1,0,1,0,0,35.3,0.7857142857142857,10752
23,689,2,6,1,82,0,0,0,0,0,41.0,3.0,1378
39,740,13,10,1,76,0,0,0,0,0,38.0,0.7692307692307693,9620
42,581,4,5,1,89,0,0,0,1,0,44.5,1.25,2324
43,730,3,5,1,86,0,0,0,0,0,43.0,1.6666666666666667,2190
22,494,3,2,1,71,1,0,0,0,0,35.8,0.6666666666666666,1482
23,848,4,4,1,87,0,1,0,1,0,43.7,1.0,3392
33,717,4,4,1,93,0,0,0,1,0,46.5,1.0,2868
30,539,11,11,1,67,0,0,1,0,0,33.5,1.0,5929
45,665,12,12,1,75,0,0,0,0,0,37.5,1.0,7980
23,860,4,6,0,76,0,0,0,0,0,38.0,1.5,3440
42,614,3,3,1,70,1,1,0,0,0,35.5,1.0,1842
41,640,13,13,1,74,0,1,0,0,0,37.2,1.0,8320
45,762,4,6,0,76,1,0,0,0,0,38.3,1.5,3048
22,711,2,6,1,100,0,0,0,1,0,50.0,3.0,1422
42,727,2,2,1,78,0,0,0,0,0,39.0,1.0,1454
29,751,10,14,1,58,0,1,0,0,0,29.2,1.4,7510
44,474,3,4,1,52,1,1,0,0,0,26.5,1.3333333333333333,1422
43,738,13,14,1,85,0,0,1,0,1,42.5,1.0769230769230769,9594
24,537,2,2,1,62,0,0,0,0,0,31.0,1.0,1074
38,825,11,12,1,78,1,1,0,0,1,39.5,1.0909090909090908,9075
34,607,3,5,0,67,0,1,0,0,0,33.7,1.6666666666666667,1821
40,670,14,13,1,76,0,0,0,0,0,38.0,0.9285714285714286,9380
34,893,2,4,1,53,1,0,0,0,0,26.8,2.0,1786
37,539,14,13,1,84,0,0,0,0,0,42.0,0.9285714285714286,7546
31,671,12,10,1,88,0,0,0,1,1,44.0,0.8333333333333334,8052
38,749,14,13,1,83,0,1,0,1,1,41.7,0.9285714285714286,10486
34,724,14,15,1,69,1,0,0,0,0,34.8,1.0714285714285714,10136
41,676,3,6,0,60,0,0,0,0,0,30.0,2.0,2028
32,660,4,6,1,86,0,0,0,1,0,43.0,1.5,2640
31,700,13,12,1,62,0,1,1,0,0,31.2,0.9230769230769231,9100
34,801,14,14,1,70,0,0,1,0,1,35.0,1.0,11214
36,779,3,2,1,73,1,0,0,0,0,36.8,0.6666666666666666,2337
40,787,3,2,1,76,0,1,0,0,0,38.2,0.6666666666666666,2361
26,745,3,6,1,73,1,0,0,0,0,36.8,2.0,2235
43,527,13,10,0,77,0,0,0,0,0,38.5,0.7692307692307693,6851
32,836,13,14,1,83,1,0,1,0,1,41.8,1.0769230769230769,10868
40,685,12,14,1,73,0,0,0,0,0,36.5,1.1666666666666667,8220
25,632,1,3,1,89,0,0,0,0,0,44.5,3.0,632
32,678,11,11,1,65,0,0,0,0,0,32.5,1.0,7458
29,679,7,12,1,79,0,0,1,0,0,39.5,1.7142857142857142,4753
40,825,13,13,1,54,0,0,0,0,0,27.0,1.0,10725
36,715,3,4,1,82,0,0,0,0,0,41.0,1.3333333333333333,2145
31,649,2,5,1,73,0,0,0,0,0,36.5,2.5,1298
34,696,13,15,1,66,1,0,0,0,0,33.3,1.1538461538461537,9048
30,647,4,5,1,76,0,0,1,0,0,38.0,1.25,2588
22,736,3,2,1,77,0,0,1,0,0,38.5,0.6666666666666666,2208
29,570,7,11,1,64,0,0,1,0,0,32.0,1.5714285714285714,3990
38,598,13,15,1,73,0,0,0,0,0,36.5,1.1538461538461537,7774
45,729,14,11,1,91,0,0,0,0,0,45.5,0.7857142857142857,10206
43,626,2,5,1,83,0,0,1,0,0,41.5,2.5,1252
24,736,1,5,0,83,0,0,0,0,0,41.5,5.0,736
25,654,1,3,1,59,0,0,0,0,0,29.5,3.0,654
40,730,12,11,1,74,1,0,0,0,0,37.3,0.9166666666666666,8760
40,580,3,3,0,87,0,0,1,0,0,43.5,1.0,1740
43,665,12,14,1,84,0,0,0,0,0,42.0,1.1666666666666667,7980
29,645,1,5,1,72,1,0,0,0,0,36.3,5.0,645
44,683,3,4,0,76,0,1,0,0,0,38.2,1.3333333333333333,2049
32,594,3,6,1,80,0,0,0,0,0,40.0,2.0,1782
31,700,11,12,1,67,0,1,0,0,0,33.7,1.0909090909090908,7700
40,674,2,4,0,73,0,0,0,0,0,36.5,2.0,1348
26,704,1,4,1,85,0,0,0,1,0,42.5,4.0,704
36,766,12,11,1,65,0,0,1,0,0,32.5,0.9166666666666666,9192
32,742,4,3,1,76,0,0,0,0,0,38.0,0.75,2968
22,794,2,4,1,72,1,0,1,0,0,36.3,2.0,1588
37,749,11,11,1,88,0,0,0,1,1,44.0,1.0,8239
35,842,2,2,1,73,0,0,0,0,0,36.5,1.0,1684
37,950,11,14,1,90,0,0,0,0,1,45.0,1.2727272727272727,10450
39,602,12,11,1,60,0,0,0,0,0,30.0,0.9166666666666666,7224
24,720,1,3,0,74,0,0,0,0,0,37.0,3.0,720
26,777,2,5,1,75,0,0,0,0,0,37.5,2.5,1554
24,735,3,4,1,64,0,0,0,0,0,32.0,1.3333333333333333,2205
35,560,3,5,1,59,1,1,0,0,0,30.0,1.6666666666666667,1680
33,702,2,6,1,92,0,1,1,1,0,46.2,3.0,1404
44,716,2,5,1,55,0,0,0,0,0,27.5,2.5,1432
23,801,3,4,1,61,0,0,0,0,0,30.5,1.3333333333333333,2403
45,758,14,10,1,52,1,0,0,0,0,26.3,0.7142857142857143,10612
33,743,11,12,0,90,0,0,0,0,1,45.0,1.0909090909090908,8173
22,762,1,3,0,71,0,0,1,0,0,35.5,3.0,762
28,583,1,5,1,74,0,0,0,0,0,37.0,5.0,583
40,504,4,3,1,76,1,0,0,0,0,38.3,0.75,2016
28,811,1,3,1,70,0,0,0,0,0,35.0,3.0,811
40,473,13,10,1,62,0,0,0,0,0,31.0,0.7692307692307693,6149
28,770,2,3,1,78,0,1,0,0,0,39.2,1.5,1540
27,598,1,4,0,71,1,0,0,0,0,35.8,4.0,598
37,662,2,4,1,99,1,0,0,0,0,49.8,2.0,1324
40,561,2,5,0,63,0,0,1,0,0,31.5,2.5,1122
40,734,3,3,1,75,0,0,0,0,0,37.5,1.0,2202
43,734,4,4,1,95,0,0,1,0,0,47.5,1.0,2936
38,654,3,3,1,70,0,0,1,0,0,35.0,1.0,1962
24,642,1,6,1,71,0,0,0,0,0,35.5,6.0,642
33,950,13,12,1,80,0,0,1,0,1,40.0,0.9230769230769231,12350
29,689,3,6,1,77,1,0,0,0,0,38.8,2.0,2067
28,829,7,10,1,83,0,1,0,0,0,41.7,1.4285714285714286,5803
26,731,6,12,1,89,0,1,0,0,0,44.7,2.0,4386
23,742,5,5,1,55,0,0,0,0,0,27.5,1.0,3710
42,635,4,2,0,85,1,0,0,0,0,42.8,0.5,2540
27,890,3,4,1,72,1,0,0,0,0,36.3,1.3333333333333333,2670
25,510,3,3,0,76,1,1,0,0,0,38.5,1.0,1530
22,794,3,3,1,100,0,0,1,0,0,50.0,1.0,2382
38,603,11,12,1,85,0,0,0,1,1,42.5,1.0909090909090908,6633
43,552,4,2,1,98,0,1,0,0,0,49.2,0.5,2208
32,605,3,6,1,73,0,1,0,0,0,36.7,2.0,1815
35,687,4,2,1,83,0,1,0,0,0,41.7,0.5,2748
40,626,3,5,1,90,0,0,0,0,0,45.0,1.6666666666666667,1878
44,596,4,6,1,50,0,0,0,0,0,25.0,1.5,2384
37,542,4,5,0,82,0,0,0,0,0,41.0,1.25,2168
39,705,2,5,0,84,0,0,0,1,0,42.0,2.5,1410
25,658,6,7,1,84,1,0,0,1,0,42.3,1.1666666666666667,3948
41,822,3,6,1,63,0,0,0,0,0,31.5,2.0,2466
45,506,12,15,1,66,1,0,1,0,0,33.3,1.25,6072
29,523,2,5,1,85,0,0,0,0,0,42.5,2.5,1046
36,769,2,6,1,69,0,0,1,0,0,34.5,3.0,1538
45,528,4,6,1,78,0,0,0,0,0,39.0,1.5,2112
27,679,1,4,1,82,0,0,0,0,0,41.0,4.0,679
41,712,4,4,1,57,0,0,0,0,0,28.5,1.0,2848
39,734,2,3,1,86,0,0,0,1,0,43.0,1.5,1468
39,643,14,10,1,82,0,0,1,1,0,41.0,0.7142857142857143,9002
39,754,3,3,1,77,0,0,0,0,0,38.5,1.0,2262
28,744,2,4,1,76,0,0,0,0,0,38.0,2.0,1488
26,828,7,12,1,59,0,0,0,0,0,29.5,1.7142857142857142,5796
32,805,14,15,1,86,1,0,0,0,1,43.3,1.0714285714285714,11270
36,546,2,5,0,87,0,0,1,0,0,43.5,2.5,1092
35,589,4,5,1,62,0,0,1,0,0,31.0,1.25,2356
42,824,14,11,1,79,0,0,0,0,0,39.5,0.7857142857142857,11536
28,647,6,12,0,66,0,0,0,0,0,33.0,2.0,3882
45,667,3,5,1,70,0,0,0,0,0,35.0,1.6666666666666667,2001
30,755,2,5,1,62,1,0,0,0,0,31.3,2.5,1510
40,570,12,11,1,78,0,0,1,0,0,39.0,0.9166666666666666,6840
34,765,14,14,1,72,0,0,0,0,0,36.0,1.0,10710
30,812,13,15,1,61,0,0,0,0,0,30.5,1.1538461538461537,10556
29,750,7,8,1,69,0,0,0,0,0,34.5,1.1428571428571428,5250
24,706,3,3,1,70,0,0,0,0,0,35.0,1.0,2118
27,724,6,10,0,74,1,0,1,0,0,37.3,1.6666666666666667,4344
23,719,3,4,1,77,0,0,1,0,0,38.5,1.3333333333333333,2157
35,829,4,5,1,78,0,0,1,0,0,39.0,1.25,3316
33,763,2,6,1,67,0,0,0,0,0,33.5,3.0,1526
26,837,7,7,1,49,0,1,0,0,0,24.7,1.0,5859
34,784,13,14,1,74,0,0,0,0,0,37.0,1.0769230769230769,10192
26,525,9,11,1,67,0,0,0,0,0,33.5,1.2222222222222223,4725
42,767,14,11,1,82,1,1,0,0,0,41.5,0.7857142857142857,10738
34,902,13,11,0,70,0,0,0,0,0,35.0,0.8461538461538461,11726
38,784,13,13,1,61,0,1,0,0,0,30.7,1.0,10192
45,660,14,10,1,70,0,0,0,0,0,35.0,0.7142857142857143,9240
33,622,13,13,1,68,1,0,0,0,0,34.3,1.0,8086
36,765,14,15,1,86,0,0,1,0,1,43.0,1.0714285714285714,10710
22,815,3,5,1,83,1,0,0,1,0,41.8,1.6666666666666667,2445
24,612,2,5,0,76,0,0,0,0,0,38.0,2.5,1224
23,651,4,2,1,80,1,1,0,0,0,40.5,0.5,2604
38,722,11,11,1,58,0,0,0,0,0,29.0,1.0,7942
41,695,11,15,0,86,0,0,0,0,1,43.0,1.3636363636363635,7645
30,665,4,6,1,65,0,1,0,0,0,32.7,1.5,2660
37,595,11,10,1,64,1,0,0,0,0,32.3,0.9090909090909091,6545
23,717,3,2,0,71,0,0,0,0,0,35.5,0.6666666666666666,2151
36,751,3,4,1,77,0,0,1,0,0,38.5,1.3333333333333333,2253
41,626,14,10,1,78,0,0,0,0,0,39.0,0.7142857142857143,8764
36,774,3,5,1,71,0,0,0,0,0,35.5,1.6666666666666667,2322
35,699,2,2,1,78,0,0,0,0,0,39.0,1.0,1398
39,536,13,12,1,70,1,0,0,0,0,35.3,0.9230769230769231,6968
31,713,13,14,1,60,0,0,0,0,0,30.0,1.0769230769230769,9269
24,799,1,4,0,74,1,1,0,0,0,37.5,4.0,799
45,607,11,10,0,76,1,0,0,0,0,38.3,0.9090909090909091,6677
34,685,13,14,0,73,1,1,0,0,1,37.0,1.0769230769230769,8905
26,762,2,5,1,83,0,0,0,0,0,41.5,2.5,1524
38,950,13,12,0,69,0,0,0,0,0,34.5,0.9230769230769231,12350
25,777,3,3,1,73,0,0,0,0,0,36.5,1.0,2331
31,706,13,11,1,84,0,1,0,1,0,42.2,0.8461538461538461,9178
24,825,4,2,0,89,0,0,0,0,0,44.5,0.5,3300
40,783,12,10,1,68,0,0,1,0,0,34.0,0.8333333333333334,9396
33,840,12,14,0,71,0,0,0,0,0,35.5,1.1666666666666667,10080
35,761,13,12,0,57,0,0,0,0,0,28.5,0.9230769230769231,9893
36,774,11,14,0,79,1,1,0,0,1,40.0,1.2727272727272727,8514
27,784,2,4,1,46,0,0,1,0,0,23.0,2.0,1568
31,700,12,14,0,73,0,0,0,0,0,36.5,1.1666666666666667,8400
43,648,11,11,0,85,0,1,0,1,1,42.7,1.0,7128
28,693,3,5,1,55,0,0,0,0,0,27.5,1.6666666666666667,2079
45,707,3,5,0,62,0,1,0,0,0,31.2,1.6666666666666667,2121
33,879,14,12,1,82,1,0,0,1,1,41.3,0.8571428571428571,12306
35,776,3,5,1,69,0,0,0,0,0,34.5,1.6666666666666667,2328
30,620,4,4,0,76,0,1,1,0,0,38.2,1.0,2480
26,716,8,7,1,67,0,0,0,0,0,33.5,0.875,5728
42,728,12,13,0,78,0,0,0,0,0,39.0,1.0833333333333333,8736
45,765,3,4,1,70,0,1,0,0,0,35.2,1.3333333333333333,2295
34,719,2,6,1,87,0,0,1,0,0,43.5,3.0,1438
32,742,13,10,1,91,0,1,1,0,1,45.7,0.7692307692307693,9646
29,519,8,7,1,68,1,1,1,0,0,34.5,0.875,4152
25,698,7,8,1,77,0,0,1,0,0,38.5,1.1428571428571428,4886
32,896,4,5,1,92,0,0,1,0,0,46.0,1.25,3584
31,815,2,5,1,75,0,1,1,0,0,37.7,2.5,1630
36,685,2,6,1,66,0,1,0,0,0,33.2,3.0,1370
44,749,11,14,1,64,0,1,0,0,0,32.2,1.2727272727272727,8239
37,776,12,15,0,73,0,0,0,0,0,36.5,1.25,9312
27,809,3,4,1,59,0,0,0,0,0,29.5,1.3333333333333333,2427
26,798,3,4,1,80,1,0,1,0,0,40.3,1.3333333333333333,2394
34,666,2,2,0,78,1,0,1,0,0,39.3,1.0,1332
27,546,7,12,1,70,0,0,0,0,0,35.0,1.7142857142857142,3822
25,706,1,4,1,83,0,0,0,1,0,41.5,4.0,706
42,828,11,14,1,61,0,0,0,0,0,30.5,1.2727272727272727,9108
26,776,8,9,1,65,0,1,0,0,0,32.7,1.125,6208
41,653,4,4,0,64,0,0,1,0,0,32.0,1.0,2612
28,678,8,10,1,77,0,1,1,0,0,38.7,1.25,5424
31,684,2,3,1,77,0,1,1,0,0,38.7,1.5,1368
34,644,11,12,1,77,1,0,1,0,1,38.8,1.0909090909090908,7084
28,837,9,11,1,73,0,0,0,0,0,36.5,1.2222222222222223,7533
29,678,7,10,1,70,0,0,0,0,0,35.0,1.4285714285714286,4746
29,745,8,12,1,83,0,0,0,0,0,41.5,1.5,5960
26,693,10,13,1,68,0,0,0,0,0,34.0,1.3,6930
28,578,1,3,1,81,0,0,0,0,0,40.5,3.0,578
36,686,3,6,1,74,0,0,0,0,0,37.0,2.0,2058
39,741,11,13,0,80,0,0,0,0,0,40.0,1.1818181818181819,8151
41,792,14,14,1,96,0,0,0,1,1,48.0,1.0,11088
43,611,14,10,0,90,0,1,1,1,1,45.2,0.7142857142857143,8554
35,716,2,5,1,66,0,0,1,0,0,33.0,2.5,1432
35,682,3,6,1,62,0,0,0,0,0,31.0,2.0,2046
27,895,1,5,1,77,0,0,0,0,0,38.5,5.0,895
36,746,12,15,1,64,0,0,0,0,0,32.0,1.25,8952
43,780,3,4,1,54,0,1,0,0,0,27.2,1.3333333333333333,2340
28,670,3,6,1,62,0,0,0,0,0,31.0,2.0,2010
37,639,4,5,1,57,0,0,0,0,0,28.5,1.25,2556
23,825,5,3,1,70,1,0,0,0,0,35.3,0.6,4125
44,777,2,2,1,70,0,0,1,0,0,35.0,1.0,1554
26,689,3,3,1,68,0,0,0,0,0,34.0,1.0,2067
41,648,4,3,1,79,0,1,1,0,0,39.7,0.75,2592
44,691,4,5,1,84,0,0,0,0,0,42.0,1.25,2764
26,712,9,12,0,68,0,0,0,0,0,34.0,1.3333333333333333,6408
31,696,13,15,1,81,0,0,1,1,1,40.5,1.1538461538461537,9048
23,783,1,4,1,83,0,0,0,0,0,41.5,4.0,783
31,518,2,6,1,81,0,0,1,1,0,40.5,3.0,1036
25,445,2,5,1,64,0,0,0,0,0,32.0,2.5,890
29,870,2,4,1,71,1,0,0,0,0,35.8,2.0,1740
34,742,11,12,1,84,0,0,0,0,0,42.0,1.0909090909090908,8162
31,783,13,14,1,74,0,0,1,0,0,37.0,1.0769230769230769,10179
42,819,3,5,1,70,0,0,1,0,0,35.0,1.6666666666666667,2457
32,643,4,3,1,78,1,0,0,0,0,39.3,0.75,2572
37,724,13,12,1,80,1,0,0,0,0,40.3,0.9230769230769231,9412
45,645,14,11,1,72,0,0,0,0,0,36.0,0.7857142857142857,9030
38,695,2,2,1,88,0,0,0,0,0,44.0,1.0,1390
43,740,4,6,0,90,0,0,0,0,0,45.0,1.5,2960
42,712,4,4,0,59,0,0,0,0,0,29.5,1.0,2848
31,689,11,12,1,78,0,1,0,0,0,39.2,1.0909090909090908,7579
24,612,1,3,1,79,0,0,0,0,0,39.5,3.0,612
39,756,2,2,0,86,0,0,0,0,0,43.0,1.0,1512
32,836,12,15,1,64,0,0,0,0,0,32.0,1.25,10032
42,713,13,15,1,70,1,0,0,0,0,35.3,1.1538461538461537,9269
37,790,11,13,1,60,0,0,0,0,0,30.0,1.1818181818181819,8690
35,564,2,5,1,78,0,0,0,0,0,39.0,2.5,1128
36,628,12,15,1,60,0,0,0,0,0,30.0,1.25,7536
23,786,2,3,1,85,0,0,0,1,0,42.5,1.5,1572
34,643,3,3,1,77,0,0,1,0,0,38.5,1.0,1929
28,702,7,8,1,65,0,1,0,0,0,32.7,1.1428571428571428,4914
29,849,3,3,1,86,0,1,0,0,0,43.2,1.0,2547
24,575,3,4,1,96,0,0,0,0,0,48.0,1.3333333333333333,1725
23,651,1,5,1,87,0,0,0,1,0,43.5,5.0,651
30,714,4,5,1,69,0,1,0,0,0,34.7,1.25,2856
44,823,11,15,1,62,0,0,0,0,0,31.0,1.3636363636363635,9053
41,604,4,3,1,74,0,1,0,0,0,37.2,0.75,2416
27,633,1,2,0,79,1,0,1,0,0,39.8,2.0,633
42,659,2,2,1,67,0,0,0,0,0,33.5,1.0,1318
41,903,13,15,1,69,1,0,0,0,0,34.8,1.1538461538461537,11739
38,660,11,11,1,71,0,0,0,0,0,35.5,1.0,7260
42,721,13,12,1,81,0,0,0,0,0,40.5,0.9230769230769231,9373
43,659,4,5,1,62,0,1,0,0,0,31.2,1.25,2636
38,578,3,4,1,67,0,0,0,0,0,33.5,1.3333333333333333,1734
42,705,4,4,1,64,0,0,0,0,0,32.0,1.0,2820
40,657,4,6,1,71,0,0,0,0,0,35.5,1.5,2628
30,761,11,10,1,64,0,0,0,0,0,32.0,0.9090909090909091,8371
24,541,1,5,1,75,0,0,0,0,0,37.5,5.0,541
33,600,14,14,1,77,0,0,0,0,0,38.5,1.0,8400
42,757,3,2,1,80,0,1,1,0,0,40.2,0.6666666666666666,2271
36,616,13,12,1,67,0,0,0,0,0,33.5,0.9230769230769231,8008
30,725,13,11,1,76,0,0,0,0,0,38.0,0.8461538461538461,9425
27,654,10,13,1,62,0,1,0,0,0,31.2,1.3,6540
44,667,4,5,0,81,1,1,0,0,0,41.0,1.25,2668
37,731,13,14,1,64,0,0,0,0,0,32.0,1.0769230769230769,9503
35,895,4,3,1,55,0,0,0,0,0,27.5,0.75,3580
36,719,3,3,1,72,0,0,0,0,0,36.0,1.0,2157
33,740,4,3,0,67,1,0,0,0,0,33.8,0.75,2960
32,751,12,13,1,94,0,0,0,0,1,47.0,1.0833333333333333,9012
29,570,1,6,1,64,0,0,0,0,0,32.0,6.0,570
36,667,11,14,1,76,0,0,0,0,0,38.0,1.2727272727272727,7337
27,828,10,13,1,69,0,1,0,0,0,34.7,1.3,8280
22,665,1,5,1,81,0,0,0,0,0,40.5,5.0,665
41,586,13,10,1,66,0,0,0,0,0,33.0,0.7692307692307693,7618
36,793,11,13,1,85,0,1,0,0,1,42.7,1.1818181818181819,8723
29,817,2,2,1,73,1,1,0,0,0,37.0,1.0,1634
27,737,9,11,1,76,0,0,0,0,0,38.0,1.2222222222222223,6633
23,644,4,4,1,87,0,0,0,1,0,43.5,1.0,2576
30,700,2,6,0,70,0,1,1,0,0,35.2,3.0,1400
40,742,11,11,1,64,0,0,0,0,0,32.0,1.0,8162
43,770,13,11,1,71,1,0,0,0,0,35.8,0.8461538461538461,10010
25,793,7,8,1,61,1,0,0,0,0,30.8,1.1428571428571428,5551
36,719,14,13,0,71,1,0,0,0,0,35.8,0.9285714285714286,10066
44,583,14,10,1,81,1,0,0,0,0,40.8,0.7142857142857143,8162
44,855,14,12,0,78,1,0,0,0,1,39.3,0.8571428571428571,11970
30,687,12,14,1,73,0,0,1,0,0,36.5,1.1666666666666667,8244
28,942,1,3,1,79,0,0,1,0,0,39.5,3.0,942
36,824,11,15,1,63,0,0,0,0,0,31.5,1.3636363636363635,9064
44,904,4,6,0,95,0,0,0,0,0,47.5,1.5,3616
43,731,2,4,1,61,0,0,1,0,0,30.5,2.0,1462
35,753,13,10,0,74,0,1,0,0,0,37.2,0.7692307692307693,9789
30,778,4,2,1,67,0,1,0,0,0,33.7,0.5,3112
33,628,14,11,1,86,1,0,1,1,1,43.3,0.7857142857142857,8792
38,636,11,11,1,91,1,1,1,0,1,46.0,1.0,6996
33,594,4,6,1,94,0,0,0,0,0,47.0,1.5,2376
26,621,6,11,1,69,0,0,1,0,0,34.5,1.8333333333333333,3726
22,678,3,5,0,78,0,0,1,0,0,39.0,1.6666666666666667,2034
34,674,11,13,1,59,0,0,0,0,0,29.5,1.1818181818181819,7414
34,665,12,15,1,79,0,0,0,0,0,39.5,1.25,7980
35,721,12,10,1,73,0,0,0,0,0,36.5,0.8333333333333334,8652
40,594,4,3,1,73,0,0,0,0,0,36.5,0.75,2376
32,740,12,11,1,74,0,1,0,0,0,37.2,0.9166666666666666,8880
29,611,8,11,0,93,0,0,0,0,0,46.5,1.375,4888
34,715,4,4,0,77,0,0,0,0,0,38.5,1.0,2860
42,682,3,5,1,74,0,0,0,0,0,37.0,1.6666666666666667,2046
29,870,9,10,1,67,0,0,0,0,0,33.5,1.1111111111111112,7830
26,733,3,5,1,94,1,0,0,0,0,47.3,1.6666666666666667,2199
36,913,11,14,0,60,0,0,1,0,0,30.0,1.2727272727272727,10043
31,634,3,6,1,84,0,0,0,1,0,42.0,2.0,1902
44,735,11,13,1,56,0,0,0,0,0,28.0,1.1818181818181819,8085
24,763,3,4,1,88,0,0,0,0,0,44.0,1.3333333333333333,2289
38,748,11,14,1,86,0,0,0,0,1,43.0,1.2727272727272727,8228
38,779,3,4,0,78,1,0,0,0,0,39.3,1.3333333333333333,2337
42,563,3,5,1,76,0,0,0,0,0,38.0,1.6666666666666667,1689
38,589,13,13,1,78,0,1,1,0,0,39.2,1.0,7657
40,852,12,15,1,80,0,0,0,0,0,40.0,1.25,10224
34,665,2,6,1,74,0,0,0,0,0,37.0,3.0,1330
42,736,14,13,1,69,0,0,0,0,0,34.5,0.9285714285714286,10304
23,586,3,2,0,70,0,1,0,0,0,35.2,0.6666666666666666,1758
32,660,3,3,1,85,0,0,0,1,0,42.5,1.0,1980
25,829,1,5,1,70,0,0,0,0,0,35.0,5.0,829
39,708,4,4,0,89,1,1,0,1,0,45.0,1.0,2832
37,578,3,5,0,80,0,0,0,0,0,40.0,1.6666666666666667,1734
24,619,5,2,1,87,1,0,0,0,0,43.8,0.4,3095
39,589,3,6,1,64,0,0,0,0,0,32.0,2.0,1767
25,597,10,10,1,76,1,1,0,0,0,38.5,1.0,5970
28,824,2,6,1,64,0,0,0,0,0,32.0,3.0,1648
22,761,2,5,1,80,0,0,0,0,0,40.0,2.5,1522
32,752,3,4,0,74,0,1,0,0,0,37.2,1.3333333333333333,2256
31,720,2,3,1,76,1,0,0,0,0,38.3,1.5,1440
44,621,3,2,1,61,0,1,0,0,0,30.7,0.6666666666666666,1863
36,941,3,5,0,89,1,0,0,1,0,44.8,1.6666666666666667,2823
34,818,14,10,1,91,0,0,0,0,0,45.5,0.7142857142857143,11452
28,688,7,12,1,96,1,1,0,1,1,48.5,1.7142857142857142,4816
29,637,1,3,1,78,0,0,0,0,0,39.0,3.0,637
22,664,1,6,1,88,1,0,0,1,0,44.3,6.0,664
26,658,2,4,1,54,0,1,0,0,0,27.2,2.0,1316
45,773,13,11,1,65,0,0,0,0,0,32.5,0.8461538461538461,10049
31,767,3,3,1,81,0,0,0,1,0,40.5,1.0,2301
31,813,11,14,1,50,0,0,0,0,0,25.0,1.2727272727272727,8943
31,935,2,3,1,82,0,1,0,0,0,41.2,1.5,1870
35,751,4,6,1,87,0,0,1,0,0,43.5,1.5,3004
38,654,14,10,0,70,0,0,0,0,0,35.0,0.7142857142857143,9156
44,701,2,3,1,81,0,1,0,1,0,40.7,1.5,1402
43,854,14,11,1,64,0,0,0,0,0,32.0,0.7857142857142857,11956
25,546,1,3,1,83,0,0,0,0,0,41.5,3.0,546
39,909,14,13,0,58,0,0,0,0,0,29.0,0.9285714285714286,12726
38,865,4,3,0,61,0,0,0,0,0,30.5,0.75,3460
44,659,3,3,0,78,0,0,1,0,0,39.0,1.0,1977
30,739,11,13,1,76,0,0,0,0,0,38.0,1.1818181818181819,8129
26,572,3,5,1,86,0,0,0,0,0,43.0,1.6666666666666667,1716
41,665,14,12,1,72,0,1,0,0,0,36.2,0.8571428571428571,9310
24,906,5,4,1,100,0,0,0,0,0,50.0,0.8,4530
42,733,3,6,1,68,0,1,0,0,0,34.2,2.0,2199
43,727,2,3,1,89,0,0,0,1,0,44.5,1.5,1454
31,917,4,5,0,73,0,0,0,0,0,36.5,1.25,3668
44,692,4,5,1,79,0,0,0,0,0,39.5,1.25,2768
42,692,14,13,0,82,0,0,1,1,1,41.0,0.9285714285714286,9688
34,546,13,10,1,73,0,0,1,0,0,36.5,0.7692307692307693,7098
24,730,3,6,1,65,1,0,0,0,0,32.8,2.0,2190
35,726,13,11,1,72,0,0,0,0,0,36.0,0.8461538461538461,9438
29,716,2,5,1,56,0,1,0,0,0,28.2,2.5,1432
30,468,3,5,1,62,1,0,0,0,0,31.3,1.6666666666666667,1404
36,849,13,12,1,73,0,1,0,0,1,36.7,0.9230769230769231,11037
29,670,8,12,1,78,0,0,1,0,0,39.0,1.5,5360
45,751,11,10,0,79,0,0,0,0,0,39.5,0.9090909090909091,8261
45,404,14,12,1,64,1,0,0,0,0,32.3,0.8571428571428571,5656
40,785,11,15,1,79,0,0,0,0,0,39.5,1.3636363636363635,8635
29,747,7,8,1,63,0,1,0,0,0,31.7,1.1428571428571428,5229
24,721,2,6,0,70,1,0,1,0,0,35.3,3.0,1442
26,619,10,13,1,80,0,0,0,0,0,40.0,1.3,6190
30,685,11,14,1,75,1,0,0,0,0,37.8,1.2727272727272727,7535
34,772,3,2,1,63,0,0,0,0,0,31.5,0.6666666666666666,2316
36,672,2,3,1,60,0,1,0,0,0,30.2,1.5,1344
40,762,2,4,0,71,0,1,0,0,0,35.7,2.0,1524
43,642,3,4,1,76,1,0,0,0,0,38.3,1.3333333333333333,1926
31,825,3,2,1,84,0,0,0,0,0,42.0,0.6666666666666666,2475
37,695,3,6,1,82,0,1,0,1,0,41.2,2.0,2085
30,695,2,4,1,100,0,0,1,1,0,50.0,2.0,1390
36,705,4,3,1,66,1,0,1,0,0,33.3,0.75,2820
41,734,4,5,1,64,0,0,0,0,0,32.0,1.25,2936
38,915,12,13,0,62,0,0,0,0,0,31.0,1.0833333333333333,10980
27,896,2,5,1,69,0,0,0,0,0,34.5,2.5,1792
33,813,3,3,1,63,0,0,1,0,0,31.5,1.0,2439
33,845,2,6,1,67,0,1,0,0,0,33.7,3.0,1690
30,718,2,3,1,63,0,0,1,0,0,31.5,1.5,1436
33,706,14,13,1,87,0,0,0,0,1,43.5,0.9285714285714286,9884
24,811,4,6,1,60,0,0,0,0,0,30.0,1.5,3244
25,605,6,10,1,72,1,0,0,0,0,36.3,1.6666666666666667,3630
41,658,4,2,1,78,0,0,0,0,0,39.0,0.5,2632
30,758,2,4,1,72,0,0,0,0,0,36.0,2.0,1516
44,631,12,11,0,83,0,0,0,1,0,41.5,0.9166666666666666,7572
29,762,8,11,1,68,1,0,0,0,0,34.3,1.375,6096
29,667,8,10,1,66,0,0,0,0,0,33.0,1.25,5336
42,718,14,13,1,85,0,0,0,1,1,42.5,0.9285714285714286,10052
31,558,3,5,1,83,0,0,0,0,0,41.5,1.6666666666666667,1674
45,590,12,13,0,67,0,0,1,0,0,33.5,1.0833333333333333,7080
32,826,3,6,1,87,0,0,0,1,0,43.5,2.0,2478
23,654,1,3,1,87,0,0,1,0,0,43.5,3.0,654
27,863,8,10,1,72,0,0,0,0,0,36.0,1.25,6904
23,555,1,6,1,77,0,0,0,0,0,38.5,6.0,555
33,589,3,6,1,56,0,0,1,0,0,28.0,2.0,1767
35,665,12,12,1,70,0,0,1,0,0,35.0,1.0,7980
30,628,4,4,1,68,1,0,0,0,0,34.3,1.0,2512
27,716,9,7,1,80,1,0,0,0,0,40.3,0.7777777777777778,6444
39,559,4,2,0,77,0,0,1,0,0,38.5,0.5,2236
39,743,13,15,1,87,0,0,0,1,1,43.5,1.1538461538461537,9659
25,748,8,8,1,92,0,1,0,0,0,46.2,1.0,5984
42,758,4,2,1,71,1,0,0,0,0,35.8,0.5,3032
45,825,3,2,1,60,1,0,0,0,0,30.3,0.6666666666666666,2475
38,725,12,13,1,82,0,1,0,1,1,41.2,1.0833333333333333,8700
31,821,14,10,1,88,0,0,0,0,0,44.0,0.7142857142857143,11494
35,680,13,15,1,65,0,0,0,0,0,32.5,1.1538461538461537,8840
32,746,14,12,1,85,0,0,1,1,1,42.5,0.8571428571428571,10444
43,524,3,6,0,58,0,0,0,0,0,29.0,2.0,1572
23,798,2,5,1,90,0,1,0,1,0,45.2,2.5,1596
31,868,13,15,1,54,0,1,0,0,0,27.2,1.1538461538461537,11284
28,950,9,10,1,87,0,0,0,1,0,43.5,1.1111111111111112,8550
31,578,11,11,1,73,1,0,0,0,0,36.8,1.0,6358
36,788,3,5,0,77,0,0,0,0,0,38.5,1.6666666666666667,2364
36,674,11,11,1,70,0,0,0,0,0,35.0,1.0,7414
40,881,2,4,0,64,1,1,1,0,0,32.5,2.0,1762
36,685,13,11,1,90,0,1,0,1,1,45.2,0.8461538461538461,8905
37,669,11,13,1,73,1,0,0,0,0,36.8,1.1818181818181819,7359
25,684,10,14,1,80,0,0,0,0,0,40.0,1.4,6840
33,717,14,12,1,67,1,0,0,0,0,33.8,0.8571428571428571,10038
30,724,14,13,1,69,0,0,0,0,0,34.5,0.9285714285714286,10136
34,786,2,6,1,67,0,0,0,0,0,33.5,3.0,1572
36,681,12,14,1,92,0,0,0,1,1,46.0,1.1666666666666667,8172
23,770,1,2,0,80,1,0,1,0,0,40.3,2.0,770
32,798,11,11,1,52,1,0,0,0,0,26.3,1.0,8778
34,582,14,11,0,59,1,0,0,0,0,29.8,0.7857142857142857,8148
37,681,3,2,1,82,0,1,0,0,0,41.2,0.6666666666666666,2043
33,712,11,14,0,63,0,1,0,0,0,31.7,1.2727272727272727,7832
27,577,7,9,1,68,0,0,0,0,0,34.0,1.2857142857142858,4039
37,538,11,15,1,81,0,1,0,1,1,40.7,1.3636363636363635,5918
26,731,3,3,0,67,0,0,0,0,0,33.5,1.0,2193
41,675,11,10,1,69,0,0,0,0,0,34.5,0.9090909090909091,7425
30,645,4,6,0,62,0,0,0,0,0,31.0,1.5,2580
44,726,2,3,1,79,0,1,0,0,0,39.7,1.5,1452
45,560,12,14,1,67,0,0,0,0,0,33.5,1.1666666666666667,6720
40,815,12,10,1,78,0,1,0,0,0,39.2,0.8333333333333334,9780
40,832,4,6,0,87,0,0,0,0,0,43.5,1.5,3328
45,642,14,13,1,87,1,0,1,0,1,43.8,0.9285714285714286,8988
35,748,12,10,1,73,1,0,1,0,0,36.8,0.8333333333333334,8976
43,566,2,6,1,58,0,0,0,0,0,29.0,3.0,1132
30,645,12,15,0,77,0,0,0,0,0,38.5,1.25,7740
33,636,12,15,1,78,0,0,0,0,0,39.0,1.25,7632
26,677,2,5,1,72,0,1,0,0,0,36.2,2.5,1354
34,726,13,13,1,67,0,0,0,0,0,33.5,1.0,9438
39,609,3,2,1,79,1,0,1,0,0,39.8,0.6666666666666666,1827
43,890,3,4,1,83,0,0,0,1,0,41.5,1.3333333333333333,2670
22,779,5,3,1,67,0,0,0,0,0,33.5,0.6,3895
40,688,3,3,1,76,0,0,0,0,0,38.0,1.0,2064
25,518,6,8,1,71,0,0,0,0,0,35.5,1.3333333333333333,3108
30,899,13,12,1,71,0,0,1,0,1,35.5,0.9230769230769231,11687
23,738,1,6,1,73,1,0,1,0,0,36.8,6.0,738
39,639,2,5,1,69,0,0,0,0,0,34.5,2.5,1278
22,685,2,5,1,78,0,0,0,0,0,39.0,2.5,1370
38,549,4,6,1,72,0,0,0,0,0,36.0,1.5,2196
37,812,14,11,1,77,1,0,0,0,0,38.8,0.7857142857142857,11368
28,721,1,4,1,80,0,1,0,0,0,40.2,4.0,721
24,701,3,6,1,75,0,1,0,0,0,37.7,2.0,2103
45,687,2,5,1,76,0,1,0,0,0,38.2,2.5,1374
29,759,3,6,1,76,1,0,1,0,0,38.3,2.0,2277
27,560,8,10,1,81,0,0,0,1,0,40.5,1.25,4480
30,873,2,4,1,72,0,1,1,0,0,36.2,2.0,1746
40,819,4,2,1,69,0,0,0,0,0,34.5,0.5,3276
41,695,14,14,1,73,0,0,0,0,0,36.5,1.0,9730
31,894,3,3,1,72,0,0,0,0,0,36.0,1.0,2682
24,778,2,5,1,72,0,0,0,0,0,36.0,2.5,1556
26,589,2,3,1,92,1,0,0,1,0,46.3,1.5,1178
34,646,2,3,1,75,0,1,0,0,0,37.7,1.5,1292
44,741,12,15,1,75,0,0,1,0,0,37.5,1.25,8892
32,658,3,5,1,88,0,1,1,1,0,44.2,1.6666666666666667,1974
41,651,2,5,1,64,1,0,0,0,0,32.3,2.5,1302
22,867,1,6,1,72,0,0,0,0,0,36.0,6.0,867
43,824,4,2,0,72,0,1,0,0,0,36.2,0.5,3296
28,691,9,7,1,72,0,0,1,0,0,36.0,0.7777777777777778,6219
37,637,3,4,1,75,1,0,1,0,0,37.8,1.3333333333333333,1911
43,687,13,14,1,69,0,0,0,0,0,34.5,1.0769230769230769,8931
34,877,12,15,1,62,0,0,0,0,0,31.0,1.25,10524
39,524,11,15,0,69,0,0,0,0,0,34.5,1.3636363636363635,5764
23,746,1,5,1,71,0,0,0,0,0,35.5,5.0,746
32,686,3,3,1,79,0,0,0,0,0,39.5,1.0,2058
37,690,11,12,1,70,1,0,0,0,0,35.3,1.0909090909090908,7590
28,672,6,7,1,65,0,1,0,0,0,32.7,1.1666666666666667,4032
31,592,3,6,1,70,0,1,0,0,0,35.2,2.0,1776
25,584,2,4,0,67,0,0,1,0,0,33.5,2.0,1168
37,767,11,15,1,81,0,0,0,1,1,40.5,1.3636363636363635,8437
29,843,10,11,1,81,0,0,0,1,0,40.5,1.1,8430
38,672,3,2,0,90,0,0,1,0,0,45.0,0.6666666666666666,2016
27,639,1,5,0,56,0,0,0,0,0,28.0,5.0,639
30,682,3,5,1,75,0,1,0,0,0,37.7,1.6666666666666667,2046
34,611,12,11,0,62,0,1,0,0,0,31.2,0.9166666666666666,7332
27,703,1,3,1,89,0,0,0,0,0,44.5,3.0,703
44,719,2,3,1,80,0,1,1,0,0,40.2,1.5,1438
36,601,11,13,1,91,0,0,0,1,1,45.5,1.1818181818181819,6611
38,800,2,4,1,75,0,0,0,0,0,37.5,2.0,1600
36,759,3,2,1,69,1,0,0,0,0,34.8,0.6666666666666666,2277
28,778,1,6,1,85,0,1,1,0,0,42.7,6.0,778
35,606,2,6,1,76,0,1,0,0,0,38.2,3.0,1212
28,471,3,4,1,77,1,0,0,0,0,38.8,1.3333333333333333,1413
33,825,14,13,0,73,0,0,0,0,0,36.5,0.9285714285714286,11550
45,658,14,13,1,63,0,0,0,0,0,31.5,0.9285714285714286,9212
36,798,12,12,0,100,1,0,1,0,1,50.3,1.0,9576
40,716,4,6,1,88,0,1,0,0,0,44.2,1.5,2864
43,664,2,6,1,59,1,0,1,0,0,29.8,3.0,1328
45,769,12,15,1,72,0,0,0,0,0,36.0,1.25,9228
24,537,2,3,1,70,0,1,0,0,0,35.2,1.5,1074
23,723,3,5,1,80,0,0,0,0,0,40.0,1.6666666666666667,2169
34,602,3,2,1,74,0,0,0,0,0,37.0,0.6666666666666666,1806
28,653,2,3,1,73,0,1,0,0,0,36.7,1.5,1306
38,633,13,13,1,90,0,0,0,1,1,45.0,1.0,8229
45,642,4,2,1,85,0,0,0,0,0,42.5,0.5,2568
25,619,2,2,1,68,0,0,0,0,0,34.0,1.0,1238
34,863,2,5,1,81,0,0,0,1,0,40.5,2.5,1726
23,905,2,6,1,76,0,1,1,0,0,38.2,3.0,1810
42,837,2,6,1,94,0,1,0,0,0,47.2,3.0,1674
28,571,2,5,0,71,0,0,1,0,0,35.5,2.5,1142
32,642,2,5,0,75,0,1,0,0,0,37.7,2.5,1284
22,776,2,3,1,78,0,0,0,0,0,39.0,1.5,1552
41,716,11,15,1,81,1,1,0,1,1,41.0,1.3636363636363635,7876
37,530,14,15,0,87,0,0,1,1,1,43.5,1.0714285714285714,7420
32,912,12,13,1,68,0,0,1,0,0,34.0,1.0833333333333333,10944
26,798,9,10,1,93,0,0,0,0,0,46.5,1.1111111111111112,7182
26,694,1,2,0,64,0,0,1,0,0,32.0,2.0,694
38,628,2,6,1,89,0,1,0,0,0,44.7,3.0,1256
24,562,4,5,1,71,1,0,0,0,0,35.8,1.25,2248
39,692,3,6,0,69,0,0,0,0,0,34.5,2.0,2076
38,739,12,14,1,80,0,1,0,0,0,40.2,1.1666666666666667,8868
23,666,1,4,1,84,0,1,0,1,0,42.2,4.0,666
39,712,3,3,1,85,1,1,1,0,0,43.0,1.0,2136
26,674,9,11,0,70,1,0,0,0,0,35.3,1.2222222222222223,6066
38,888,11,15,1,71,1,0,1,0,1,35.8,1.3636363636363635,9768
39,794,3,4,1,70,0,0,1,0,0,35.0,1.3333333333333333,2382
27,919,9,10,1,88,1,0,0,1,1,44.3,1.1111111111111112,8271
40,773,12,15,1,77,0,0,0,0,0,38.5,1.25,9276
23,862,5,4,1,78,0,1,0,0,0,39.2,0.8,4310
24,651,2,6,1,47,0,0,0,0,0,23.5,3.0,1302
37,539,4,5,1,76,0,0,0,0,0,38.0,1.25,2156
39,766,12,11,1,96,0,0,0,0,0,48.0,0.9166666666666666,9192
42,915,2,2,1,70,0,1,0,0,0,35.2,1.0,1830
34,664,2,3,1,89,0,0,0,0,0,44.5,1.5,1328
34,650,13,15,1,66,0,1,0,0,0,33.2,1.1538461538461537,8450
27,613,3,3,0,73,0,0,0,0,0,36.5,1.0,1839
38,779,3,2,1,85,0,1,0,1,0,42.7,0.6666666666666666,2337
28,702,9,12,1,75,0,1,0,0,0,37.7,1.3333333333333333,6318
22,692,1,3,0,73,0,0,1,0,0,36.5,3.0,692
34,676,2,3,0,66,0,0,0,0,0,33.0,1.5,1352
24,668,3,2,1,83,0,0,0,0,0,41.5,0.6666666666666666,2004
40,725,2,3,1,70,0,0,0,0,0,35.0,1.5,1450
36,755,13,13,1,70,0,0,0,0,0,35.0,1.0,9815
27,629,2,3,0,65,0,1,1,0,0,32.7,1.5,1258
41,631,4,3,1,55,0,0,0,0,0,27.5,0.75,2524
27,686,8,7,1,79,0,1,1,0,0,39.7,0.875,5488
42,734,12,12,0,88,0,1,0,0,1,44.2,1.0,8808
41,713,2,2,1,70,0,1,0,0,0,35.2,1.0,1426
39,762,4,6,1,74,1,0,0,0,0,37.3,1.5,3048
23,678,2,5,1,64,1,1,0,0,0,32.5,2.5,1356
33,637,4,5,1,81,1,1,0,1,0,41.0,1.25,2548
26,850,10,12,0,58,0,1,0,0,0,29.2,1.2,8500
38,746,12,13,0,72,0,0,0,0,0,36.0,1.0833333333333333,8952
42,840,12,14,1,81,0,0,0,1,1,40.5,1.1666666666666667,10080
30,916,11,15,1,79,1,0,0,0,1,39.8,1.3636363636363635,10076
38,601,12,10,1,86,0,0,0,0,0,43.0,0.8333333333333334,7212
30,642,4,3,0,81,0,1,1,0,0,40.7,0.75,2568
40,759,2,2,1,63,0,0,0,0,0,31.5,1.0,1518
36,774,11,14,0,85,0,0,1,1,1,42.5,1.2727272727272727,8514
30,724,14,12,1,79,0,0,0,0,0,39.5,0.8571428571428571,10136
28,668,8,11,0,71,0,0,0,0,0,35.5,1.375,5344
41,637,12,15,0,83,0,0,0,0,0,41.5,1.25,7644
30,745,13,12,1,89,0,0,0,0,1,44.5,0.9230769230769231,9685
30,446,11,13,1,88,1,0,0,1,1,44.3,1.1818181818181819,4906
43,839,12,11,1,68,0,0,0,0,0,34.0,0.9166666666666666,10068
37,656,3,4,1,78,0,0,1,0,0,39.0,1.3333333333333333,1968
30,803,12,12,1,76,1,0,0,0,1,38.3,1.0,9636
32,458,4,5,0,78,0,1,0,0,0,39.2,1.25,1832
42,740,2,6,1,80,0,0,0,0,0,40.0,3.0,1480
24,800,1,2,1,93,1,0,1,1,0,46.8,2.0,800
23,656,1,4,1,96,0,0,0,0,0,48.0,4.0,656
33,816,11,15,1,78,0,0,1,0,1,39.0,1.3636363636363635,8976
30,571,4,5,1,71,0,0,0,0,0,35.5,1.25,2284
22,721,1,3,1,69,0,0,0,0,0,34.5,3.0,721
39,587,4,6,1,58,0,0,0,0,0,29.0,1.5,2348
43,768,13,11,1,76,1,0,0,0,0,38.3,0.8461538461538461,9984
36,665,2,3,1,62,0,1,0,0,0,31.2,1.5,1330
27,685,3,4,1,90,0,1,0,0,0,45.2,1.3333333333333333,2055
26,583,10,15,0,83,0,0,0,0,0,41.5,1.5,5830
34,724,4,6,0,67,0,1,0,0,0,33.7,1.5,2896
25,696,1,5,1,60,1,0,0,0,0,30.3,5.0,696
37,628,3,5,1,74,0,1,0,0,0,37.2,1.6666666666666667,1884
30,515,12,10,1,79,0,0,0,0,0,39.5,0.8333333333333334,6180
39,640,4,6,1,90,0,0,0,0,0,45.0,1.5,2560
28,613,3,2,1,91,0,0,0,0,0,45.5,0.6666666666666666,1839
32,808,11,15,1,86,0,0,0,1,1,43.0,1.3636363636363635,8888
38,803,3,5,1,64,0,0,0,0,0,32.0,1.6666666666666667,2409
32,846,4,4,1,68,0,0,1,0,0,34.0,1.0,3384
42,678,12,15,1,73,0,0,0,0,0,36.5,1.25,8136
26,631,1,5,0,77,0,0,1,0,0,38.5,5.0,631
27,786,7,10,0,87,0,0,0,1,0,43.5,1.4285714285714286,5502
32,652,2,4,1,93,0,0,0,1,0,46.5,2.0,1304
31,725,13,11,0,87,1,0,0,0,0,43.8,0.8461538461538461,9425
31,502,3,6,1,72,0,0,0,0,0,36.0,2.0,1506
27,734,10,14,1,89,0,1,0,0,1,44.7,1.4,7340
26,696,3,6,0,65,0,0,0,0,0,32.5,2.0,2088
45,584,11,12,1,60,0,0,0,0,0,30.0,1.0909090909090908,6424
32,665,14,11,1,87,0,0,0,0,0,43.5,0.7857142857142857,9310
34,635,13,12,1,70,0,0,0,0,0,35.0,0.9230769230769231,8255
38,621,14,15,1,80,0,1,0,0,0,40.2,1.0714285714285714,8694
39,692,3,5,1,65,0,0,0,0,0,32.5,1.6666666666666667,2076
34,596,11,11,1,64,0,0,0,0,0,32.0,1.0,6556
45,562,14,15,1,63,0,0,1,0,0,31.5,1.0714285714285714,7868
23,644,2,2,1,49,0,0,1,0,0,24.5,1.0,1288
37,642,11,14,1,86,0,0,0,1,1,43.0,1.2727272727272727,7062
33,523,11,15,1,67,0,1,0,0,0,33.7,1.3636363636363635,5753
24,791,3,3,1,71,1,0,0,0,0,35.8,1.0,2373
44,675,3,3,0,60,0,0,0,0,0,30.0,1.0,2025
31,542,3,4,1,62,0,0,0,0,0,31.0,1.3333333333333333,1626
23,731,2,2,1,76,0,0,0,0,0,38.0,1.0,1462
23,615,1,3,1,77,0,1,0,0,0,38.7,3.0,615
39,600,14,13,1,67,0,1,0,0,0,33.7,0.9285714285714286,8400
36,743,11,12,1,70,0,0,1,0,0,35.0,1.0909090909090908,8173
36,806,12,13,1,83,1,0,0,0,1,41.8,1.0833333333333333,9672
27,768,8,8,1,72,0,0,0,0,0,36.0,1.0,6144
43,529,4,4,1,79,0,0,1,0,0,39.5,1.0,2116
39,504,12,12,1,75,0,0,0,0,0,37.5,1.0,6048
35,927,3,3,1,64,0,0,0,0,0,32.0,1.0,2781
25,773,10,10,1,70,0,1,0,0,0,35.2,1.0,7730
31,736,4,3,1,72,1,0,0,0,0,36.3,0.75,2944
35,620,12,15,1,42,0,0,1,0,0,21.0,1.25,7440
23,669,2,5,1,73,0,0,0,0,0,36.5,2.5,1338
45,752,4,4,0,84,0,1,1,0,0,42.2,1.0,3008
24,781,2,6,1,79,0,1,0,0,0,39.7,3.0,1562
33,842,4,4,1,70,0,0,0,0,0,35.0,1.0,3368
25,867,10,12,1,63,0,0,0,0,0,31.5,1.2,8670
40,601,13,10,1,82,0,0,0,1,0,41.0,0.7692307692307693,7813
45,593,2,4,1,74,0,1,0,0,0,37.2,2.0,1186
41,739,3,5,1,73,0,1,0,0,0,36.7,1.6666666666666667,2217
30,771,11,13,1,66,0,1,0,0,0,33.2,1.1818181818181819,8481
36,771,12,11,0,72,1,0,0,0,0,36.3,0.9166666666666666,9252
28,677,10,13,0,67,0,0,0,0,0,33.5,1.3,6770
29,825,10,12,1,70,1,0,0,0,1,35.3,1.2,8250
38,595,4,5,0,80,1,1,0,0,0,40.5,1.25,2380
42,680,3,3,1,74,1,0,0,0,0,37.3,1.0,2040
30,661,3,3,1,82,0,1,1,0,0,41.2,1.0,1983
39,775,4,5,1,78,0,0,1,0,0,39.0,1.25,3100
26,634,9,8,1,78,0,1,0,0,0,39.2,0.8888888888888888,5706
25,612,9,10,1,77,0,1,0,0,0,38.7,1.1111111111111112,5508
43,681,3,4,1,77,1,1,0,0,0,39.0,1.3333333333333333,2043
29,688,1,2,1,82,0,0,0,1,0,41.0,2.0,688
30,500,3,5,1,77,0,0,0,0,0,38.5,1.6666666666666667,1500
40,666,11,15,1,74,1,0,0,0,0,37.3,1.3636363636363635,7326
23,859,1,4,1,71,0,1,0,0,0,35.7,4.0,859
28,608,10,12,1,76,0,0,0,0,0,38.0,1.2,6080
22,631,3,2,1,95,0,0,0,0,0,47.5,0.6666666666666666,1893
38,622,13,15,1,73,0,0,0,0,0,36.5,1.1538461538461537,8086
31,802,3,3,1,79,0,0,0,0,0,39.5,1.0,2406
41,616,11,14,1,63,0,0,0,0,0,31.5,1.2727272727272727,6776
40,697,12,11,1,86,0,0,0,0,0,43.0,0.9166666666666666,8364
30,720,3,5,0,71,1,0,0,0,0,35.8,1.6666666666666667,2160
36,600,2,5,0,72,0,0,0,0,0,36.0,2.5,1200
22,708,1,4,0,85,0,0,0,1,0,42.5,4.0,708
44,748,13,12,1,71,1,0,0,0,0,35.8,0.9230769230769231,9724
29,708,1,5,1,75,1,0,0,0,0,37.8,5.0,708
42,721,3,2,1,74,1,0,1,0,0,37.3,0.6666666666666666,2163
25,703,9,12,1,95,1,0,0,1,1,47.8,1.3333333333333333,6327
36,602,4,2,1,70,0,1,0,0,0,35.2,0.5,2408
37,681,14,15,1,74,0,1,1,0,1,37.2,1.0714285714285714,9534
34,694,11,13,1,63,0,0,1,0,0,31.5,1.1818181818181819,7634
43,621,4,3,1,68,0,0,0,0,0,34.0,0.75,2484
38,757,12,15,0,74,0,1,1,0,1,37.2,1.25,9084
22,730,3,4,1,73,1,1,0,0,0,37.0,1.3333333333333333,2190
26,689,2,3,1,86,0,0,0,0,0,43.0,1.5,1378
31,724,4,5,1,89,1,0,0,0,0,44.8,1.25,2896
41,731,4,5,1,82,0,1,0,0,0,41.2,1.25,2924
43,720,12,14,0,72,0,0,0,0,0,36.0,1.1666666666666667,8640
42,714,3,5,1,100,0,0,0,0,0,50.0,1.6666666666666667,2142
24,677,1,5,0,74,0,0,1,0,0,37.0,5.0,677
32,791,2,3,1,79,0,1,1,0,0,39.7,1.5,1582
40,657,4,5,1,68,0,0,0,0,0,34.0,1.25,2628
27,773,1,2,0,68,1,0,0,0,0,34.3,2.0,773
23,723,1,4,1,81,0,0,0,0,0,40.5,4.0,723
35,543,14,13,1,62,0,0,0,0,0,31.0,0.9285714285714286,7602
38,642,12,10,0,75,0,0,0,0,0,37.5,0.8333333333333334,7704
42,677,11,10,0,77,1,1,0,0,0,39.0,0.9090909090909091,7447
44,664,11,11,1,73,0,0,0,0,0,36.5,1.0,7304
32,724,2,3,1,72,0,0,0,0,0,36.0,1.5,1448
34,616,13,13,1,75,0,0,1,0,0,37.5,1.0,8008
24,742,1,5,0,72,0,0,0,0,0,36.0,5.0,742
22,490,2,5,1,94,1,1,0,1,0,47.5,2.5,980
29,652,9,10,0,82,0,0,0,1,0,41.0,1.1111111111111112,5868
29,848,2,4,1,68,1,0,0,0,0,34.3,2.0,1696
42,692,2,5,1,73,0,0,1,0,0,36.5,2.5,1384
29,601,1,5,0,65,0,0,0,0,0,32.5,5.0,601
26,612,3,4,1,94,1,0,0,0,0,47.3,1.3333333333333333,1836
45,640,13,10,1,78,0,0,0,0,0,39.0,0.7692307692307693,8320
29,678,7,12,1,81,1,0,1,1,1,40.8,1.7142857142857142,4746
31,741,3,5,1,71,0,0,0,0,0,35.5,1.6666666666666667,2223
22,731,1,6,0,77,1,1,0,0,0,39.0,6.0,731
44,700,2,5,0,69,0,1,1,0,0,34.7,2.5,1400
29,681,2,4,1,51,0,0,0,0,0,25.5,2.0,1362
43,753,3,2,0,71,0,0,0,0,0,35.5,0.6666666666666666,2259
40,664,13,12,1,74,0,1,0,0,0,37.2,0.9230769230769231,8632
34,623,11,12,0,68,0,0,0,0,0,34.0,1.0909090909090908,6853
32,529,3,3,1,70,0,0,0,0,0,35.0,1.0,1587
35,730,12,13,1,78,0,0,0,0,0,39.0,1.0833333333333333,8760
26,693,2,4,1,89,0,0,0,0,0,44.5,2.0,1386
28,608,3,2,0,80,1,1,0,0,0,40.5,0.6666666666666666,1824
45,878,3,3,1,71,0,0,0,0,0,35.5,1.0,2634
37,619,11,12,1,80,1,0,0,0,0,40.3,1.0909090909090908,6809
22,581,3,3,1,75,0,1,1,0,0,37.7,1.0,1743
30,703,3,3,1,65,0,0,0,0,0,32.5,1.0,2109
29,708,7,12,0,64,0,0,0,0,0,32.0,1.7142857142857142,4956
25,882,3,2,1,68,0,0,0,0,0,34.0,0.6666666666666666,2646
33,711,2,6,1,64,0,1,0,0,0,32.2,3.0,1422
25,775,7,7,1,64,0,0,1,0,0,32.0,1.0,5425
38,889,13,14,1,70,0,0,0,0,0,35.0,1.0769230769230769,11557
42,694,11,14,1,70,1,0,0,0,0,35.3,1.2727272727272727,7634
38,590,12,12,1,78,0,0,0,0,0,39.0,1.0,7080
38,876,14,14,1,73,1,0,0,0,1,36.8,1.0,12264
36,595,3,4,0,74,0,0,0,0,0,37.0,1.3333333333333333,1785
34,636,11,14,1,80,1,1,0,0,1,40.5,1.2727272727272727,6996
34,684,2,5,1,79,0,0,0,0,0,39.5,2.5,1368
42,711,2,6,1,71,1,1,1,0,0,36.0,3.0,1422
41,604,12,12,1,55,0,0,0,0,0,27.5,1.0,7248
44,865,3,6,1,71,0,0,0,0,0,35.5,2.0,2595
39,698,4,4,1,94,0,1,1,0,0,47.2,1.0,2792
42,672,13,13,1,65,1,0,0,0,0,32.8,1.0,8736
32,578,11,12,1,72,1,0,1,0,0,36.3,1.0909090909090908,6358
23,676,1,4,0,77,0,0,0,0,0,38.5,4.0,676
23,797,3,5,1,84,0,0,0,0,0,42.0,1.6666666666666667,2391
35,820,2,2,0,71,1,0,0,0,0,35.8,1.0,1640
37,489,11,14,1,74,0,1,0,0,0,37.2,1.2727272727272727,5379
30,554,14,13,0,56,0,1,1,0,0,28.2,0.9285714285714286,7756
26,773,6,11,1,80,1,1,0,0,0,40.5,1.8333333333333333,4638
33,768,13,10,1,65,0,1,0,0,0,32.7,0.7692307692307693,9984
30,721,11,13,1,76,0,0,0,0,0,38.0,1.1818181818181819,7931
31,468,3,3,1,82,0,1,1,1,0,41.2,1.0,1404
27,747,8,9,1,83,0,0,0,0,0,41.5,1.125,5976
38,727,2,2,1,69,0,0,1,0,0,34.5,1.0,1454
30,843,13,10,1,82,1,0,0,0,0,41.3,0.7692307692307693,10959
32,771,3,4,1,88,0,0,1,0,0,44.0,1.3333333333333333,2313
31,576,12,14,1,73,1,0,0,0,0,36.8,1.1666666666666667,6912
34,681,4,2,1,65,1,0,0,0,0,32.8,0.5,2724
29,744,6,12,1,67,0,0,0,0,0,33.5,2.0,4464
45,692,11,10,1,80,0,0,1,0,0,40.0,0.9090909090909091,7612
27,612,1,4,0,84,0,1,0,0,0,42.2,4.0,612
45,619,12,11,1,84,0,0,0,0,0,42.0,0.9166666666666666,7428
39,664,11,10,1,59,0,0,1,0,0,29.5,0.9090909090909091,7304
32,605,14,12,1,75,0,1,0,0,0,37.7,0.8571428571428571,8470
38,595,4,3,1,68,0,0,0,0,0,34.0,0.75,2380
42,791,11,14,1,70,1,0,0,0,0,35.3,1.2727272727272727,8701
45,794,14,14,0,68,0,0,0,0,0,34.0,1.0,11116
32,609,4,2,1,72,0,0,0,0,0,36.0,0.5,2436
40,580,13,11,1,70,0,0,0,0,0,35.0,0.8461538461538461,7540
44,739,12,11,1,90,0,0,1,1,1,45.0,0.9166666666666666,8868
38,742,2,3,0,76,0,0,1,0,0,38.0,1.5,1484
29,700,2,4,1,76,0,0,0,0,0,38.0,2.0,1400
30,497,2,6,1,76,0,0,0,0,0,38.0,3.0,994
26,872,10,12,1,70,0,0,0,0,0,35.0,1.2,8720
23,794,2,3,1,67,0,0,1,0,0,33.5,1.5,1588
32,610,13,12,1,73,1,0,0,0,0,36.8,0.9230769230769231,7930
36,497,13,11,1,74,0,1,0,0,0,37.2,0.8461538461538461,6461
26,728,2,2,1,65,1,0,1,0,0,32.8,1.0,1456
27,690,3,5,1,88,0,0,0,0,0,44.0,1.6666666666666667,2070
29,833,1,6,1,71,0,1,0,0,0,35.7,6.0,833
27,495,10,10,1,74,1,0,0,0,0,37.3,1.0,4950
27,556,1,2,1,84,0,0,1,0,0,42.0,2.0,556
22,672,1,3,1,53,0,0,1,0,0,26.5,3.0,672
33,650,2,4,0,77,0,0,0,0,0,38.5,2.0,1300
37,677,4,4,1,56,0,0,0,0,0,28.0,1.0,2708
44,784,11,15,1,81,0,1,0,1,1,40.7,1.3636363636363635,8624
27,753,2,3,0,83,0,1,0,0,0,41.7,1.5,1506
25,779,2,3,0,75,0,0,1,0,0,37.5,1.5,1558
35,786,4,6,0,70,0,0,0,0,0,35.0,1.5,3144
32,631,11,13,0,68,0,0,0,0,0,34.0,1.1818181818181819,6941
44,675,2,6,0,62,0,0,1,0,0,31.0,3.0,1350
40,726,3,2,1,55,1,0,0,0,0,27.8,0.6666666666666666,2178
26,905,1,5,1,59,1,0,0,0,0,29.8,5.0,905
35,744,11,12,1,63,0,0,0,0,0,31.5,1.0909090909090908,8184
30,644,3,5,1,83,0,0,1,1,0,41.5,1.6666666666666667,1932
22,733,3,4,0,80,0,0,1,0,0,40.0,1.3333333333333333,2199
36,619,2,5,1,74,0,1,0,0,0,37.2,2.5,1238
42,610,12,15,1,92,0,1,0,0,1,46.2,1.25,7320
33,716,14,15,1,95,0,0,0,1,1,47.5,1.0714285714285714,10024
34,704,3,5,1,62,0,0,0,0,0,31.0,1.6666666666666667,2112
36,652,4,2,0,83,0,1,0,0,0,41.7,0.5,2608
40,767,3,3,1,74,0,0,1,0,0,37.0,1.0,2301
38,798,2,3,0,86,0,0,0,0,0,43.0,1.5,1596
37,542,4,6,1,75,1,0,0,0,0,37.8,1.5,2168
34,729,4,4,1,89,1,0,0,1,0,44.8,1.0,2916
41,778,3,6,1,78,0,0,1,0,0,39.0,2.0,2334
36,706,2,4,1,66,0,1,0,0,0,33.2,2.0,1412
37,631,4,5,1,70,0,1,0,0,0,35.2,1.25,2524
38,511,12,14,1,72,0,1,0,0,0,36.2,1.1666666666666667,6132
33,532,3,4,1,87,0,0,1,0,0,43.5,1.3333333333333333,1596
23,668,3,2,0,75,0,0,1,0,0,37.5,0.6666666666666666,2004
32,495,2,6,1,80,0,1,1,0,0,40.2,3.0,990
42,460,13,11,1,77,1,1,0,0,0,39.0,0.8461538461538461,5980
28,758,6,11,1,70,0,0,0,0,0,35.0,1.8333333333333333,4548
40,602,14,14,1,51,0,0,0,0,0,25.5,1.0,8428
35,680,4,2,0,68,0,0,0,0,0,34.0,0.5,2720
37,706,2,2,1,86,0,0,0,1,0,43.0,1.0,1412
27,708,9,8,0,68,0,1,0,0,0,34.2,0.8888888888888888,6372
43,498,14,11,1,82,0,0,0,1,0,41.0,0.7857142857142857,6972
45,619,13,13,1,69,0,0,1,0,0,34.5,1.0,8047
28,536,3,6,0,86,0,0,1,0,0,43.0,2.0,1608
28,667,10,13,0,78,0,0,0,0,0,39.0,1.3,6670
37,649,12,11,1,83,0,0,0,1,0,41.5,0.9166666666666666,7788
42,598,14,12,0,57,0,0,0,0,0,28.5,0.8571428571428571,8372
34,660,4,6,1,77,0,0,0,0,0,38.5,1.5,2640
25,658,8,8,1,72,0,1,0,0,0,36.2,1.0,5264
45,666,2,4,1,76,0,1,0,0,0,38.2,2.0,1332
23,661,1,3,0,83,1,0,0,0,0,41.8,3.0,661
22,633,5,2,1,65,0,0,0,0,0,32.5,0.4,3165
31,631,3,3,1,85,0,0,0,0,0,42.5,1.0,1893
45,736,4,2,1,65,1,1,0,0,0,33.0,0.5,2944
27,788,8,11,1,69,0,0,0,0,0,34.5,1.375,6304
31,703,3,3,1,62,1,0,0,0,0,31.3,1.0,2109
36,712,4,4,1,87,0,0,0,1,0,43.5,1.0,2848
33,739,11,10,1,66,0,0,1,0,0,33.0,0.9090909090909091,8129
45,590,12,15,0,74,1,1,0,0,0,37.5,1.25,7080
23,656,1,6,1,92,0,1,0,0,0,46.2,6.0,656
22,832,3,5,1,79,0,0,0,0,0,39.5,1.6666666666666667,2496
33,727,4,2,1,88,0,0,0,1,0,44.0,0.5,2908
41,626,12,11,1,53,0,0,1,0,0,26.5,0.9166666666666666,7512
26,587,10,15,0,55,0,0,0,0,0,27.5,1.5,5870
27,662,8,12,1,80,0,0,0,0,0,40.0,1.5,5296
42,634,11,12,0,74,0,1,0,0,0,37.2,1.0909090909090908,6974
38,650,14,10,1,81,0,0,0,1,0,40.5,0.7142857142857143,9100
29,657,6,10,1,64,0,0,0,0,0,32.0,1.6666666666666667,3942
38,686,4,6,1,76,0,0,0,0,0,38.0,1.5,2744
24,680,4,4,0,75,0,0,0,0,0,37.5,1.0,2720
31,751,3,4,1,74,0,0,1,0,0,37.0,1.3333333333333333,2253
40,671,2,6,0,75,0,0,0,0,0,37.5,3.0,1342
30,618,2,2,1,85,0,0,1,1,0,42.5,1.0,1236
40,497,2,3,0,98,0,0,1,0,0,49.0,1.5,994
42,835,2,5,0,74,0,0,0,0,0,37.0,2.5,1670
43,664,13,12,1,73,0,0,0,0,0,36.5,0.9230769230769231,8632
37,668,4,3,1,87,0,1,1,1,0,43.7,0.75,2672
23,568,3,5,1,75,0,1,0,0,0,37.7,1.6666666666666667,1704
35,767,11,15,1,74,1,0,0,0,0,37.3,1.3636363636363635,8437
22,693,3,2,1,60,1,0,0,0,0,30.3,0.6666666666666666,2079
39,657,12,13,1,67,0,1,0,0,0,33.7,1.0833333333333333,7884
42,950,13,15,1,92,0,0,0,1,1,46.0,1.1538461538461537,12350
30,635,2,5,1,82,0,0,0,0,0,41.0,2.5,1270
27,651,9,12,1,68,1,0,0,0,0,34.3,1.3333333333333333,5859
36,509,3,3,1,70,0,0,0,0,0,35.0,1.0,1527
42,632,11,13,1,73,0,1,0,0,0,36.7,1.1818181818181819,6952
43,770,3,6,0,77,0,1,0,0,0,38.7,2.0,2310
29,655,6,9,0,85,0,1,1,0,0,42.7,1.5,3930
34,641,13,11,0,85,0,0,0,1,1,42.5,0.8461538461538461,8333
45,765,3,4,1,70,0,1,0,0,0,35.2,1.3333333333333333,2295
37,585,3,3,0,67,0,0,0,0,0,33.5,1.0,1755
31,713,4,4,0,61,0,0,0,0,0,30.5,1.0,2852
45,612,4,3,1,79,1,0,0,0,0,39.8,0.75,2448
26,652,3,3,1,81,0,0,1,0,0,40.5,1.0,1956
25,640,1,2,1,81,0,0,0,0,0,40.5,2.0,640
38,790,3,6,1,75,0,1,0,0,0,37.7,2.0,2370
25,818,6,10,1,79,0,1,0,0,0,39.7,1.6666666666666667,4908
24,939,2,2,1,73,0,0,0,0,0,36.5,1.0,1878
27,770,1,4,1,60,1,0,0,0,0,30.3,4.0,770
35,731,14,15,1,57,0,0,0,0,0,28.5,1.0714285714285714,10234
34,786,12,13,1,63,0,0,0,0,0,31.5,1.0833333333333333,9432
37,676,3,5,1,74,0,1,1,0,0,37.2,1.6666666666666667,2028
33,583,3,4,1,71,0,0,0,0,0,35.5,1.3333333333333333,1749
38,603,3,5,1,77,0,0,0,0,0,38.5,1.6666666666666667,1809
25,801,7,8,0,73,0,1,0,0,0,36.7,1.1428571428571428,5607
45,527,12,13,1,64,1,0,0,0,0,32.3,1.0833333333333333,6324
37,577,13,15,1,90,0,0,1,0,1,45.0,1.1538461538461537,7501
35,680,12,14,1,88,0,0,0,1,1,44.0,1.1666666666666667,8160
31,724,13,13,1,82,1,1,0,0,1,41.5,1.0,9412
34,720,14,12,1,81,0,1,0,0,0,40.7,0.8571428571428571,10080
37,661,12,10,1,81,1,0,0,0,0,40.8,0.8333333333333334,7932
37,497,3,5,1,90,0,1,0,0,0,45.2,1.6666666666666667,1491
37,689,12,12,1,72,0,0,0,0,0,36.0,1.0,8268
45,734,11,10,0,73,1,1,1,0,0,37.0,0.9090909090909091,8074
29,639,9,9,1,99,0,0,0,1,0,49.5,1.0,5751
25,624,9,8,1,72,0,0,0,0,0,36.0,0.8888888888888888,5616
45,682,11,14,1,93,0,0,0,0,1,46.5,1.2727272727272727,7502
40,640,4,3,1,63,0,0,0,0,0,31.5,0.75,2560
30,786,12,10,1,82,0,1,0,0,0,41.2,0.8333333333333334,9432
26,770,2,5,1,64,1,0,0,0,0,32.3,2.5,1540
26,789,3,6,1,63,0,1,0,0,0,31.7,2.0,2367
37,632,3,4,1,77,0,0,0,0,0,38.5,1.3333333333333333,1896
29,524,1,2,1,86,0,0,0,1,0,43.0,2.0,524
43,562,11,12,1,66,0,0,0,0,0,33.0,1.0909090909090908,6182
34,818,11,13,1,57,0,0,0,0,0,28.5,1.1818181818181819,8998
25,728,3,2,1,85,0,0,0,1,0,42.5,0.6666666666666666,2184
43,871,14,15,1,64,0,0,0,0,0,32.0,1.0714285714285714,12194
23,773,2,5,1,66,1,0,0,0,0,33.3,2.5,1546
41,675,11,10,1,83,0,1,1,0,0,41.7,0.9090909090909091,7425
29,874,1,6,1,70,0,0,1,0,0,35.0,6.0,874
36,744,12,15,1,77,0,0,0,0,0,38.5,1.25,8928
24,819,3,2,1,91,0,0,0,0,0,45.5,0.6666666666666666,2457
42,607,13,12,1,53,1,0,0,0,0,26.8,0.9230769230769231,7891
31,631,4,4,1,74,0,0,0,0,0,37.0,1.0,2524
23,582,2,3,1,100,0,0,1,0,0,50.0,1.5,1164
32,729,14,12,1,67,0,0,1,0,0,33.5,0.8571428571428571,10206
32,638,14,14,1,73,1,0,0,0,0,36.8,1.0,8932
44,815,13,14,0,72,1,1,0,0,1,36.5,1.0769230769230769,10595
31,911,13,13,0,87,0,0,1,0,1,43.5,1.0,11843
45,608,11,14,1,69,0,0,0,0,0,34.5,1.2727272727272727,6688
41,740,11,11,1,80,0,1,0,0,0,40.2,1.0,8140
33,784,12,11,1,98,0,1,0,1,1,49.2,0.9166666666666666,9408
35,648,11,15,1,40,1,0,0,0,0,20.3,1.3636363636363635,7128
25,837,10,12,0,92,0,0,0,1,1,46.0,1.2,8370
26,758,7,9,1,76,0,0,0,0,0,38.0,1.2857142857142858,5306
22,675,2,3,1,64,0,0,0,0,0,32.0,1.5,1350
28,524,1,3,1,79,0,0,1,0,0,39.5,3.0,524
34,704,14,13,1,70,1,0,0,0,0,35.3,0.9285714285714286,9856
28,637,2,5,1,68,0,0,0,0,0,34.0,2.5,1274
31,682,12,14,0,73,0,1,0,0,0,36.7,1.1666666666666667,8184
44,669,13,15,1,84,0,0,0,0,0,42.0,1.1538461538461537,8697
37,554,4,2,1,85,0,0,0,1,0,42.5,0.5,2216
30,775,2,6,1,56,0,0,1,0,0,28.0,3.0,1550
23,882,2,5,0,65,0,0,1,0,0,32.5,2.5,1764
39,675,2,2,0,71,0,0,0,0,0,35.5,1.0,1350
29,649,7,7,0,90,0,0,0,1,0,45.0,1.0,4543
42,789,4,5,1,77,0,1,0,0,0,38.7,1.25,3156
23,867,4,5,1,81,0,0,0,0,0,40.5,1.25,3468
24,867,1,3,1,100,1,0,0,0,0,50.3,3.0,867
40,659,4,6,0,58,1,0,1,0,0,29.3,1.5,2636
22,813,2,3,1,69,0,0,0,0,0,34.5,1.5,1626
26,678,2,2,1,85,1,0,0,1,0,42.8,1.0,1356
30,705,11,15,1,64,0,0,1,0,0,32.0,1.3636363636363635,7755
43,576,12,10,1,90,0,0,1,0,0,45.0,0.8333333333333334,6912
33,615,13,11,0,73,0,0,1,0,0,36.5,0.8461538461538461,7995
40,856,14,15,1,79,0,0,0,0,0,39.5,1.0714285714285714,11984
24,720,1,5,1,71,0,0,0,0,0,35.5,5.0,720
41,756,2,6,1,89,1,0,1,1,0,44.8,3.0,1512
42,729,13,13,0,72,0,0,0,0,0,36.0,1.0,9477
40,733,12,13,0,66,0,1,0,0,0,33.2,1.0833333333333333,8796
35,745,3,2,1,82,1,0,0,1,0,41.3,0.6666666666666666,2235
31,785,3,2,1,73,0,0,1,0,0,36.5,0.6666666666666666,2355
39,750,14,10,0,82,0,0,0,1,0,41.0,0.7142857142857143,10500
25,533,2,3,0,79,0,1,0,0,0,39.7,1.5,1066
35,728,2,2,1,73,0,0,0,0,0,36.5,1.0,1456
30,749,12,13,1,71,0,0,0,0,0,35.5,1.0833333333333333,8988
38,672,2,4,0,78,1,0,0,0,0,39.3,2.0,1344
31,716,12,15,1,92,0,0,0,1,1,46.0,1.25,8592
30,736,3,2,1,66,0,0,1,0,0,33.0,0.6666666666666666,2208
23,735,1,6,1,64,1,0,1,0,0,32.3,6.0,735
24,709,2,3,1,50,0,0,0,0,0,25.0,1.5,1418
27,723,3,3,1,77,1,0,1,0,0,38.8,1.0,2169
27,673,3,2,1,61,0,0,0,0,0,30.5,0.6666666666666666,2019
32,710,4,3,1,76,0,0,0,0,0,38.0,0.75,2840
42,583,13,15,0,77,0,1,0,0,0,38.7,1.1538461538461537,7579
41,740,12,12,1,64,0,0,0,0,0,32.0,1.0,8880
40,604,11,10,0,84,1,0,0,0,0,42.3,0.9090909090909091,6644
45,710,3,4,1,96,0,0,0,1,0,48.0,1.3333333333333333,2130
41,669,3,2,0,89,1,0,0,1,0,44.8,0.6666666666666666,2007
38,719,4,5,1,68,0,1,0,0,0,34.2,1.25,2876
38,797,12,14,1,60,0,0,0,0,0,30.0,1.1666666666666667,9564
30,743,14,12,1,69,0,0,0,0,0,34.5,0.8571428571428571,10402
37,785,4,2,1,62,0,1,0,0,0,31.2,0.5,3140
22,534,1,2,1,66,0,0,0,0,0,33.0,2.0,534
29,737,9,11,1,79,0,0,0,0,0,39.5,1.2222222222222223,6633
33,736,13,11,1,70,0,0,0,0,0,35.0,0.8461538461538461,9568
39,615,13,14,1,84,0,0,0,0,0,42.0,1.0769230769230769,7995
39,639,3,5,1,60,0,0,1,0,0,30.0,1.6666666666666667,1917
45,651,12,11,1,85,1,1,0,0,1,43.0,0.9166666666666666,7812
41,609,13,15,0,76,1,0,0,0,0,38.3,1.1538461538461537,7917
36,852,2,6,1,76,0,0,0,0,0,38.0,3.0,1704
34,665,2,4,1,62,0,0,0,0,0,31.0,2.0,1330
35,550,4,2,1,67,0,1,0,0,0,33.7,0.5,2200
31,848,3,4,1,78,0,1,0,0,0,39.2,1.3333333333333333,2544
27,814,3,2,0,73,0,0,0,0,0,36.5,0.6666666666666666,2442
26,655,8,10,1,79,1,0,0,0,0,39.8,1.25,5240
39,603,13,11,0,62,0,0,0,0,0,31.0,0.8461538461538461,7839
38,646,14,10,1,88,0,0,0,1,1,44.0,0.7142857142857143,9044
26,819,8,11,1,62,0,1,0,0,0,31.2,1.375,6552
39,618,4,2,0,69,0,0,0,0,0,34.5,0.5,2472
30,683,3,2,1,64,0,0,0,0,0,32.0,0.6666666666666666,2049
26,747,3,6,1,75,0,0,0,0,0,37.5,2.0,2241
24,783,3,6,1,97,0,0,0,0,0,48.5,2.0,2349
25,740,7,10,0,67,0,1,0,0,0,33.7,1.4285714285714286,5180
33,699,11,14,0,77,0,0,0,0,0,38.5,1.2727272727272727,7689
23,622,3,6,1,86,0,0,0,0,0,43.0,2.0,1866
43,765,14,12,1,55,0,0,0,0,0,27.5,0.8571428571428571,10710
41,555,4,4,1,63,0,0,0,0,0,31.5,1.0,2220
39,738,3,2,1,62,1,0,0,0,0,31.3,0.6666666666666666,2214
35,718,4,3,0,63,0,0,0,0,0,31.5,0.75,2872
45,823,11,14,1,77,1,0,0,0,1,38.8,1.2727272727272727,9053
29,655,9,10,1,95,0,0,0,1,0,47.5,1.1111111111111112,5895
41,632,2,4,1,68,0,0,0,0,0,34.0,2.0,1264
34,701,13,14,1,78,0,0,0,0,0,39.0,1.0769230769230769,9113
33,890,2,6,1,56,0,0,1,0,0,28.0,3.0,1780
43,633,2,4,1,75,0,0,0,0,0,37.5,2.0,1266
29,816,3,2,0,64,0,0,1,0,0,32.0,0.6666666666666666,2448
25,718,8,11,1,78,1,0,1,0,0,39.3,1.375,5744
44,770,2,4,0,66,1,0,0,0,0,33.3,2.0,1540
42,584,12,12,0,58,0,1,0,0,0,29.2,1.0,7008
23,858,5,2,1,88,1,0,0,1,0,44.3,0.4,4290
24,655,3,2,0,70,0,0,0,0,0,35.0,0.6666666666666666,1965
23,724,3,2,0,66,0,1,0,0,0,33.2,0.6666666666666666,2172
25,812,1,4,0,100,1,0,1,0,0,50.3,4.0,812
25,758,3,2,1,69,0,1,1,0,0,34.7,0.6666666666666666,2274
37,874,4,5,1,87,0,0,0,0,0,43.5,1.25,3496
34,579,14,13,1,93,0,0,0,0,0,46.5,0.9285714285714286,8106
26,675,3,2,1,92,0,1,0,1,0,46.2,0.6666666666666666,2025
43,550,14,12,1,70,0,0,0,0,0,35.0,0.8571428571428571,7700
45,683,11,14,1,63,0,0,0,0,0,31.5,1.2727272727272727,7513
36,873,12,13,1,69,0,1,0,0,0,34.7,1.0833333333333333,10476
30,622,4,2,1,59,0,0,1,0,0,29.5,0.5,2488
27,747,1,5,1,68,0,0,0,0,0,34.0,5.0,747
27,606,3,2,1,76,1,0,1,0,0,38.3,0.6666666666666666,1818
32,624,11,15,1,90,0,0,1,1,1,45.0,1.3636363636363635,6864
39,602,13,15,1,90,0,0,0,1,1,45.0,1.1538461538461537,7826
23,607,1,4,1,82,1,1,0,0,0,41.5,4.0,607
39,739,14,15,1,76,1,0,1,0,1,38.3,1.0714285714285714,10346
31,686,4,2,1,63,0,1,0,0,0,31.7,0.5,2744
32,798,2,3,1,80,1,0,0,0,0,40.3,1.5,1596
29,784,6,11,1,75,1,0,1,0,0,37.8,1.8333333333333333,4704
33,571,13,11,1,88,0,0,0,0,0,44.0,0.8461538461538461,7423
29,773,1,6,1,86,0,0,1,0,0,43.0,6.0,773
32,897,3,5,0,79,1,0,0,0,0,39.8,1.6666666666666667,2691
31,747,13,11,1,76,0,0,0,0,0,38.0,0.8461538461538461,9711
30,659,2,2,1,73,0,1,1,0,0,36.7,1.0,1318
43,675,3,5,0,69,0,0,0,0,0,34.5,1.6666666666666667,2025
41,609,2,2,0,61,0,0,0,0,0,30.5,1.0,1218
27,602,7,7,1,81,0,0,0,1,0,40.5,1.0,4214
32,702,13,15,0,72,1,0,0,0,0,36.3,1.1538461538461537,9126
42,721,13,10,1,64,0,0,0,0,0,32.0,0.7692307692307693,9373
45,671,3,2,1,81,0,0,0,1,0,40.5,0.6666666666666666,2013
32,799,13,13,1,69,0,0,0,0,0,34.5,1.0,10387
38,676,3,3,1,70,0,0,0,0,0,35.0,1.0,2028
23,707,3,4,1,75,0,0,0,0,0,37.5,1.3333333333333333,2121
42,556,13,12,1,84,0,0,0,0,0,42.0,0.9230769230769231,7228
24,848,2,6,0,64,0,1,0,0,0,32.2,3.0,1696
43,916,3,4,1,71,0,0,0,0,0,35.5,1.3333333333333333,2748
32,496,14,11,1,67,1,0,1,0,0,33.8,0.7857142857142857,6944
34,498,2,4,1,74,0,1,1,0,0,37.2,2.0,996
42,706,11,11,0,58,0,0,0,0,0,29.0,1.0,7766
34,859,13,15,1,76,0,0,1,0,1,38.0,1.1538461538461537,11167
28,734,9,10,1,99,0,0,0,1,0,49.5,1.1111111111111112,6606
41,584,13,13,1,70,0,0,0,0,0,35.0,1.0,7592
23,522,2,3,1,61,1,0,0,0,0,30.8,1.5,1044
41,535,4,6,1,79,1,0,0,0,0,39.8,1.5,2140
25,828,3,3,1,75,0,0,0,0,0,37.5,1.0,2484
33,748,13,12,1,67,0,0,0,0,0,33.5,0.9230769230769231,9724
38,537,12,12,1,71,0,0,0,0,0,35.5,1.0,6444
43,856,11,13,0,78,0,0,0,0,0,39.0,1.1818181818181819,9416
33,641,14,11,1,71,0,0,0,0,0,35.5,0.7857142857142857,8974
42,566,3,2,1,83,0,0,0,1,0,41.5,0.6666666666666666,1698
44,714,13,12,1,56,0,0,1,0,0,28.0,0.9230769230769231,9282
33,911,4,4,1,74,0,0,0,0,0,37.0,1.0,3644
41,696,12,12,1,61,1,0,0,0,0,30.8,1.0,8352
26,604,3,2,0,80,0,0,0,0,0,40.0,0.6666666666666666,1812
30,691,2,3,0,65,1,0,0,0,0,32.8,1.5,1382
40,669,11,12,1,73,0,0,0,0,0,36.5,1.0909090909090908,7359
27,726,3,6,1,79,1,0,0,0,0,39.8,2.0,2178
36,512,2,6,0,85,0,0,0,1,0,42.5,3.0,1024
26,787,7,10,0,68,1,0,0,0,0,34.3,1.4285714285714286,5509
36,693,4,3,0,60,0,0,1,0,0,30.0,0.75,2772
25,706,2,4,1,92,0,0,0,0,0,46.0,2.0,1412
30,608,13,10,1,88,0,0,0,1,1,44.0,0.7692307692307693,7904
39,841,14,15,1,67,0,0,0,0,0,33.5,1.0714285714285714,11774
35,699,4,4,0,62,0,0,0,0,0,31.0,1.0,2796
22,736,2,5,1,80,0,0,0,0,0,40.0,2.5,1472
42,654,2,2,1,77,1,1,0,0,0,39.0,1.0,1308
43,691,3,6,1,72,0,0,0,0,0,36.0,2.0,2073
33,844,11,13,1,84,0,0,0,0,0,42.0,1.1818181818181819,9284
45,611,4,4,1,87,0,0,1,0,0,43.5,1.0,2444
41,769,4,3,1,74,0,0,0,0,0,37.0,0.75,3076
33,724,2,2,0,78,0,0,0,0,0,39.0,1.0,1448
27,794,10,15,0,75,0,1,0,0,0,37.7,1.5,7940
28,686,7,11,1,84,0,1,0,0,0,42.2,1.5714285714285714,4802
35,704,4,5,1,75,0,1,0,0,0,37.7,1.25,2816
38,649,2,2,1,76,0,0,0,0,0,38.0,1.0,1298
39,746,14,15,1,78,1,0,0,0,0,39.3,1.0714285714285714,10444
28,851,3,2,0,69,0,0,0,0,0,34.5,0.6666666666666666,2553
39,701,3,2,1,71,0,1,0,0,0,35.7,0.6666666666666666,2103
26,541,9,9,0,72,0,0,1,0,0,36.0,1.0,4869
38,812,4,6,1,76,0,0,0,0,0,38.0,1.5,3248
27,621,10,11,1,76,0,0,0,0,0,38.0,1.1,6210
38,662,3,6,1,78,0,0,0,0,0,39.0,2.0,1986
22,608,4,2,1,79,1,0,1,0,0,39.8,0.5,2432
42,676,4,6,1,75,0,0,0,0,0,37.5,1.5,2704
25,743,2,2,1,66,1,0,1,0,0,33.3,1.0,1486
35,805,4,3,0,69,0,0,0,0,0,34.5,0.75,3220
27,662,10,12,1,65,1,0,0,0,0,32.8,1.2,6620
26,914,1,6,1,79,0,0,0,0,0,39.5,6.0,914
39,646,4,3,1,74,0,0,0,0,0,37.0,0.75,2584
38,611,13,11,0,84,0,0,0,0,0,42.0,0.8461538461538461,7943
29,659,2,6,1,88,1,0,0,0,0,44.3,3.0,1318
43,800,2,2,1,61,0,0,0,0,0,30.5,1.0,1600
30,618,13,12,1,87,0,0,0,1,1,43.5,0.9230769230769231,8034
26,555,9,9,1,88,0,1,1,0,0,44.2,1.0,4995
45,742,4,6,0,99,0,0,0,1,0,49.5,1.5,2968
45,744,3,5,1,64,0,0,0,0,0,32.0,1.6666666666666667,2232
42,711,4,3,1,69,0,0,0,0,0,34.5,0.75,2844
24,593,3,2,1,77,0,0,0,0,0,38.5,0.6666666666666666,1779
39,774,3,6,1,67,0,0,0,0,0,33.5,2.0,2322
44,832,11,15,1,70,1,0,1,0,1,35.3,1.3636363636363635,9152
33,639,13,11,0,77,0,1,0,0,0,38.7,0.8461538461538461,8307
43,868,14,13,1,85,0,1,0,0,1,42.7,0.9285714285714286,12152
34,813,11,10,1,59,0,0,0,0,0,29.5,0.9090909090909091,8943
34,797,11,12,0,86,1,1,0,1,1,43.5,1.0909090909090908,8767
23,848,5,3,1,79,1,0,0,0,0,39.8,0.6,4240
40,634,14,14,1,82,0,0,1,0,0,41.0,1.0,8876
38,581,4,4,0,73,0,1,1,0,0,36.7,1.0,2324
31,622,2,5,1,65,0,0,0,0,0,32.5,2.5,1244
40,910,4,3,0,70,0,0,0,0,0,35.0,0.75,3640
24,691,2,6,1,68,0,0,0,0,0,34.0,3.0,1382
25,665,10,10,1,65,0,0,1,0,0,32.5,1.0,6650
36,594,2,2,1,74,0,0,0,0,0,37.0,1.0,1188
39,674,3,3,1,74,0,0,1,0,0,37.0,1.0,2022
44,711,14,10,1,57,0,0,1,0,0,28.5,0.7142857142857143,9954
28,814,3,3,0,71,0,1,0,0,0,35.7,1.0,2442
33,792,12,14,1,70,0,0,0,0,0,35.0,1.1666666666666667,9504
24,830,5,3,1,84,0,0,0,0,0,42.0,0.6,4150
31,615,11,11,1,61,0,0,1,0,0,30.5,1.0,6765
35,687,3,3,1,83,0,0,0,0,0,41.5,1.0,2061
44,602,4,2,1,83,0,0,0,0,0,41.5,0.5,2408
28,482,3,5,0,73,0,1,0,0,0,36.7,1.6666666666666667,1446
40,837,11,12,1,69,0,1,1,0,1,34.7,1.0909090909090908,9207
24,628,4,5,1,80,0,0,1,0,0,40.0,1.25,2512
42,897,11,10,1,73,0,0,0,0,0,36.5,0.9090909090909091,9867
31,722,4,5,1,60,0,0,0,0,0,30.0,1.25,2888
25,810,1,3,1,76,0,0,1,0,0,38.0,3.0,810
32,852,13,15,1,86,0,1,1,0,1,43.2,1.1538461538461537,11076
31,614,14,15,1,82,0,0,1,1,1,41.0,1.0714285714285714,8596
22,554,3,6,1,54,0,0,0,0,0,27.0,2.0,1662
29,689,7,12,0,88,1,1,0,1,1,44.5,1.7142857142857142,4823
35,734,2,5,1,64,0,0,1,0,0,32.0,2.5,1468
43,925,2,6,1,68,0,0,0,0,0,34.0,3.0,1850
29,763,2,3,1,73,1,0,1,0,0,36.8,1.5,1526
27,596,10,10,1,70,1,0,1,0,0,35.3,1.0,5960
34,749,14,11,1,75,0,0,0,0,0,37.5,0.7857142857142857,10486
24,718,1,6,1,67,0,1,0,0,0,33.7,6.0,718
36,730,14,11,1,79,0,1,0,0,0,39.7,0.7857142857142857,10220
34,525,2,5,1,87,0,0,1,0,0,43.5,2.5,1050
33,619,11,14,1,84,0,0,0,1,1,42.0,1.2727272727272727,6809
23,718,1,3,1,82,1,0,1,1,0,41.3,3.0,718
45,776,2,4,1,59,0,0,0,0,0,29.5,2.0,1552
28,650,2,3,0,68,0,1,0,0,0,34.2,1.5,1300
28,671,3,3,1,73,0,0,0,0,0,36.5,1.0,2013
34,720,11,15,0,65,0,0,0,0,0,32.5,1.3636363636363635,7920
31,689,4,4,1,100,0,0,1,0,0,50.0,1.0,2756
36,572,13,10,1,50,0,0,0,0,0,25.0,0.7692307692307693,7436
29,612,3,5,0,67,0,0,0,0,0,33.5,1.6666666666666667,1836
35,772,12,11,1,68,0,1,0,0,0,34.2,0.9166666666666666,9264
43,631,3,6,1,53,0,0,1,0,0,26.5,2.0,1893
31,645,3,4,0,74,1,0,0,0,0,37.3,1.3333333333333333,1935
45,712,4,3,1,66,0,0,1,0,0,33.0,0.75,2848
33,643,3,5,1,74,0,0,0,0,0,37.0,1.6666666666666667,1929
30,772,13,12,1,79,0,1,0,0,0,39.7,0.9230769230769231,10036
37,829,4,3,1,77,0,0,1,0,0,38.5,0.75,3316
28,733,9,8,1,69,0,0,0,0,0,34.5,0.8888888888888888,6597
30,735,2,3,1,83,1,0,0,0,0,41.8,1.5,1470
44,617,4,6,1,80,0,0,0,0,0,40.0,1.5,2468
32,869,14,10,1,61,0,0,0,0,0,30.5,0.7142857142857143,12166
43,711,11,11,1,74,0,0,0,0,0,37.0,1.0,7821
26,488,3,4,1,72,0,0,0,0,0,36.0,1.3333333333333333,1464
31,712,4,6,1,64,0,0,0,0,0,32.0,1.5,2848
37,406,14,11,1,75,0,0,0,0,0,37.5,0.7857142857142857,5684
34,653,3,4,1,84,0,0,1,1,0,42.0,1.3333333333333333,1959
25,860,1,4,1,80,0,0,1,0,0,40.0,4.0,860
45,711,12,13,1,76,0,0,1,0,0,38.0,1.0833333333333333,8532
34,701,4,2,1,74,0,0,0,0,0,37.0,0.5,2804
23,685,2,3,1,70,0,0,1,0,0,35.0,1.5,1370
33,647,13,11,1,92,0,1,0,0,0,46.2,0.8461538461538461,8411
38,745,14,13,1,69,0,0,0,0,0,34.5,0.9285714285714286,10430
39,754,2,4,1,89,1,0,0,0,0,44.8,2.0,1508
22,640,1,4,1,66,0,0,0,0,0,33.0,4.0,640
31,683,13,14,1,93,1,0,0,1,1,46.8,1.0769230769230769,8879
30,837,3,5,1,74,0,0,0,0,0,37.0,1.6666666666666667,2511
43,569,12,13,1,81,0,0,0,0,0,40.5,1.0833333333333333,6828
34,730,13,11,1,80,1,0,0,0,0,40.3,0.8461538461538461,9490
27,699,2,4,1,87,1,0,0,0,0,43.8,2.0,1398
33,846,11,12,1,83,0,1,0,0,1,41.7,1.0909090909090908,9306
36,737,12,14,0,71,0,0,0,0,0,35.5,1.1666666666666667,8844
42,577,2,2,0,83,0,0,0,1,0,41.5,1.0,1154
45,682,4,4,1,67,0,0,0,0,0,33.5,1.0,2728
27,627,9,10,1,66,0,0,0,0,0,33.0,1.1111111111111112,5643
27,593,9,10,1,64,0,0,0,0,0,32.0,1.1111111111111112,5337
31,743,3,2,0,75,0,0,0,0,0,37.5,0.6666666666666666,2229
37,674,2,2,1,79,0,0,0,0,0,39.5,1.0,1348
42,814,14,11,1,66,0,0,0,0,0,33.0,0.7857142857142857,11396
36,788,13,12,1,90,0,0,0,0,1,45.0,0.9230769230769231,10244
26,808,9,7,1,64,0,0,0,0,0,32.0,0.7777777777777778,7272
22,826,3,6,0,65,0,0,0,0,0,32.5,2.0,2478
40,741,4,4,1,70,0,0,0,0,0,35.0,1.0,2964
33,695,13,13,1,73,0,0,0,0,0,36.5,1.0,9035
23,651,5,4,1,57,0,0,1,0,0,28.5,0.8,3255
35,878,2,2,1,79,0,0,0,0,0,39.5,1.0,1756
26,535,1,4,1,74,1,0,0,0,0,37.3,4.0,535
32,714,3,5,1,58,1,0,0,0,0,29.3,1.6666666666666667,2142
31,708,3,3,1,77,0,1,0,0,0,38.7,1.0,2124
36,705,4,3,1,62,0,0,0,0,0,31.0,0.75,2820
29,713,7,12,1,79,0,0,0,0,0,39.5,1.7142857142857142,4991
45,552,2,5,0,73,0,0,0,0,0,36.5,2.5,1104
28,799,10,12,1,79,0,0,0,0,0,39.5,1.2,7990
27,498,3,5,1,81,0,1,0,1,0,40.7,1.6666666666666667,1494
22,700,1,6,1,78,1,0,0,0,0,39.3,6.0,700
39,729,3,3,0,67,1,0,0,0,0,33.8,1.0,2187
39,517,3,4,1,64,0,0,0,0,0,32.0,1.3333333333333333,1551
29,672,9,12,1,75,0,0,0,0,0,37.5,1.3333333333333333,6048
38,710,14,15,1,57,0,1,0,0,0,28.7,1.0714285714285714,9940
44,574,3,4,1,67,0,0,0,0,0,33.5,1.3333333333333333,1722
28,669,3,4,1,75,1,0,0,0,0,37.8,1.3333333333333333,2007
25,587,9,9,1,74,1,0,0,0,0,37.3,1.0,5283
32,700,14,15,1,65,0,1,0,0,0,32.7,1.0714285714285714,9800
36,729,3,2,1,71,1,1,0,0,0,36.0,0.6666666666666666,2187
43,524,11,13,1,80,0,0,1,0,0,40.0,1.1818181818181819,5764
23,647,1,4,1,80,0,0,1,0,0,40.0,4.0,647
37,765,2,3,1,81,0,0,0,0,0,40.5,1.5,1530
24,680,2,6,1,76,0,0,0,0,0,38.0,3.0,1360
27,611,1,6,1,74,0,1,0,0,0,37.2,6.0,611
25,613,6,11,1,82,0,0,1,0,0,41.0,1.8333333333333333,3678
28,639,8,11,1,67,0,1,1,0,0,33.7,1.375,5112
22,588,4,4,1,85,1,0,0,0,0,42.8,1.0,2352
24,630,4,5,0,63,0,1,0,0,0,31.7,1.25,2520
26,826,10,14,1,82,0,1,1,0,1,41.2,1.4,8260
27,693,2,6,1,69,0,0,1,0,0,34.5,3.0,1386
36,555,3,4,1,76,1,0,0,0,0,38.3,1.3333333333333333,1665
38,752,3,5,1,92,0,0,0,0,0,46.0,1.6666666666666667,2256
42,785,14,14,1,78,0,0,0,0,0,39.0,1.0,10990
29,505,3,4,1,83,0,0,1,0,0,41.5,1.3333333333333333,1515
30,862,11,13,1,61,0,0,0,0,0,30.5,1.1818181818181819,9482
30,616,14,11,1,68,0,0,0,0,0,34.0,0.7857142857142857,8624
38,778,2,4,1,76,0,0,0,0,0,38.0,2.0,1556
39,650,2,6,1,72,1,0,1,0,0,36.3,3.0,1300
45,583,4,6,1,68,0,1,0,0,0,34.2,1.5,2332
33,824,2,5,1,78,1,0,0,0,0,39.3,2.5,1648
44,587,4,5,1,72,0,0,0,0,0,36.0,1.25,2348
27,713,6,8,1,70,0,0,1,0,0,35.0,1.3333333333333333,4278
37,630,4,6,1,79,1,1,0,0,0,40.0,1.5,2520
23,677,2,5,1,82,0,1,0,1,0,41.2,2.5,1354
37,734,2,5,1,69,0,0,0,0,0,34.5,2.5,1468
28,613,3,6,1,67,0,1,0,0,0,33.7,2.0,1839
37,682,11,11,1,71,1,0,0,0,0,35.8,1.0,7502
29,619,10,12,1,87,0,1,0,1,1,43.7,1.2,6190
22,669,2,2,1,77,0,0,0,0,0,38.5,1.0,1338
23,622,2,3,1,78,0,0,0,0,0,39.0,1.5,1244
32,618,11,15,1,66,1,0,0,0,0,33.3,1.3636363636363635,6798
43,717,4,4,1,83,0,0,0,0,0,41.5,1.0,2868
33,627,2,5,1,59,0,1,0,0,0,29.7,2.5,1254
26,713,9,12,1,72,0,0,0,0,0,36.0,1.3333333333333333,6417
34,639,12,11,1,70,0,0,0,0,0,35.0,0.9166666666666666,7668
39,734,3,4,0,83,1,1,1,1,0,42.0,1.3333333333333333,2202
41,849,12,12,1,67,0,1,0,0,0,33.7,1.0,10188
39,839,3,6,1,73,0,1,0,0,0,36.7,2.0,2517
29,589,2,2,1,64,0,1,0,0,0,32.2,1.0,1178
29,716,8,8,1,72,0,1,0,0,0,36.2,1.0,5728
33,666,4,3,1,80,0,0,0,0,0,40.0,0.75,2664
38,524,4,4,1,85,0,0,0,0,0,42.5,1.0,2096
35,691,12,10,1,88,0,0,0,1,1,44.0,0.8333333333333334,8292
31,670,4,5,1,79,1,0,0,0,0,39.8,1.25,2680
30,621,14,15,0,76,0,1,0,0,0,38.2,1.0714285714285714,8694
33,775,2,5,1,77,0,0,1,0,0,38.5,2.5,1550
37,682,3,5,1,85,0,0,0,1,0,42.5,1.6666666666666667,2046
39,791,11,11,1,69,0,0,0,0,0,34.5,1.0,8701
38,695,4,5,1,88,1,0,0,0,0,44.3,1.25,2780
22,657,2,2,1,82,1,0,0,0,0,41.3,1.0,1314
45,691,11,10,1,64,0,1,0,0,0,32.2,0.9090909090909091,7601
39,773,11,10,1,61,0,0,1,0,0,30.5,0.9090909090909091,8503
33,681,2,2,0,68,0,0,0,0,0,34.0,1.0,1362
45,676,12,13,1,70,0,0,0,0,0,35.0,1.0833333333333333,8112
32,699,2,4,1,72,0,0,0,0,0,36.0,2.0,1398
38,631,14,15,0,88,0,0,0,1,1,44.0,1.0714285714285714,8834
31,651,3,4,1,79,0,0,0,0,0,39.5,1.3333333333333333,1953
28,634,1,6,1,73,0,1,0,0,0,36.7,6.0,634
37,715,12,14,1,73,0,0,0,0,0,36.5,1.1666666666666667,8580
30,577,3,3,1,73,1,0,0,0,0,36.8,1.0,1731
29,687,10,12,1,68,0,0,0,0,0,34.0,1.2,6870
24,821,1,2,1,80,1,1,0,0,0,40.5,2.0,821
44,889,11,13,1,64,0,0,0,0,0,32.0,1.1818181818181819,9779
27,732,7,9,1,84,0,0,0,1,0,42.0,1.2857142857142858,5124
32,565,13,12,1,64,0,0,0,0,0,32.0,0.9230769230769231,7345
42,657,2,3,1,95,0,1,0,0,0,47.7,1.5,1314
25,614,3,5,1,81,0,0,0,1,0,40.5,1.6666666666666667,1842
35,710,13,10,1,74,0,0,0,0,0,37.0,0.7692307692307693,9230
22,736,1,2,0,72,1,1,1,0,0,36.5,2.0,736
22,606,2,5,1,81,0,0,0,0,0,40.5,2.5,1212
24,689,2,6,1,99,1,0,1,1,0,49.8,3.0,1378
35,749,3,5,1,91,0,0,0,1,0,45.5,1.6666666666666667,2247
44,625,2,2,0,50,0,0,1,0,0,25.0,1.0,1250
37,714,12,15,1,72,1,0,0,0,0,36.3,1.25,8568
32,689,4,3,1,66,0,0,1,0,0,33.0,0.75,2756
23,852,5,2,1,67,0,1,0,0,0,33.7,0.4,4260
30,589,11,15,0,70,0,0,1,0,0,35.0,1.3636363636363635,6479
43,560,4,2,1,75,0,0,0,0,0,37.5,0.5,2240
43,707,2,3,1,65,0,0,0,0,0,32.5,1.5,1414
45,731,13,15,1,55,1,0,0,0,0,27.8,1.1538461538461537,9503
32,614,3,2,1,49,0,1,0,0,0,24.7,0.6666666666666666,1842
29,674,3,3,1,68,0,1,0,0,0,34.2,1.0,2022
32,628,4,2,1,84,1,1,1,0,0,42.5,0.5,2512
41,729,2,5,1,77,0,0,0,0,0,38.5,2.5,1458
32,587,2,2,0,75,0,0,0,0,0,37.5,1.0,1174
28,696,6,7,0,70,0,0,0,0,0,35.0,1.1666666666666667,4176
35,832,3,5,1,76,1,0,1,0,0,38.3,1.6666666666666667,2496
25,668,3,2,1,65,0,0,0,0,0,32.5,0.6666666666666666,2004
26,578,7,9,0,94,0,1,0,0,0,47.2,1.2857142857142858,4046
43,758,11,13,0,82,1,0,0,0,0,41.3,1.1818181818181819,8338
44,689,3,2,1,70,0,0,0,0,0,35.0,0.6666666666666666,2067
39,579,12,14,1,95,1,0,1,1,1,47.8,1.1666666666666667,6948
33,872,11,14,1,72,0,0,0,0,0,36.0,1.2727272727272727,9592
33,646,3,4,0,76,0,0,0,0,0,38.0,1.3333333333333333,1938
35,755,12,14,1,74,0,0,0,0,0,37.0,1.1666666666666667,9060
43,740,3,3,0,75,1,0,0,0,0,37.8,1.0,2220
39,659,11,13,1,76,1,0,0,0,0,38.3,1.1818181818181819,7249
37,697,3,5,0,70,0,0,0,0,0,35.0,1.6666666666666667,2091
29,932,6,8,1,81,0,0,0,0,0,40.5,1.3333333333333333,5592
36,758,14,14,1,94,0,0,0,0,1,47.0,1.0,10612
32,664,11,10,1,84,1,1,1,0,0,42.5,0.9090909090909091,7304
39,764,3,2,1,67,0,1,0,0,0,33.7,0.6666666666666666,2292
28,611,1,6,0,76,0,0,0,0,0,38.0,6.0,611
27,730,10,13,1,64,0,0,0,0,0,32.0,1.3,7300
36,853,12,10,1,85,0,0,0,1,1,42.5,0.8333333333333334,10236
27,686,3,4,1,59,1,0,0,0,0,29.8,1.3333333333333333,2058
22,768,1,5,1,55,1,0,0,0,0,27.8,5.0,768
40,759,3,2,0,79,1,0,0,0,0,39.8,0.6666666666666666,2277
32,545,14,13,1,88,0,1,0,1,1,44.2,0.9285714285714286,7630
34,538,12,12,1,96,0,1,0,0,1,48.2,1.0,6456
25,706,1,4,1,80,0,1,1,0,0,40.2,4.0,706
42,821,4,3,1,60,1,0,0,0,0,30.3,0.75,3284
24,690,2,6,1,65,0,0,0,0,0,32.5,3.0,1380
22,791,3,2,1,78,0,0,0,0,0,39.0,0.6666666666666666,2373
34,562,11,11,1,82,0,0,0,0,0,41.0,1.0,6182
26,659,2,3,1,86,0,0,0,0,0,43.0,1.5,1318
31,631,3,5,1,75,1,0,0,0,0,37.8,1.6666666666666667,1893
41,476,11,11,1,80,0,0,0,0,0,40.0,1.0,5236
43,621,12,15,1,77,0,1,0,0,0,38.7,1.25,7452
42,732,4,5,1,65,0,0,0,0,0,32.5,1.25,2928
41,694,4,3,0,85,0,0,0,1,0,42.5,0.75,2776
33,675,11,15,1,93,0,0,0,1,1,46.5,1.3636363636363635,7425
31,787,3,2,0,69,0,0,0,0,0,34.5,0.6666666666666666,2361
30,695,12,11,1,51,1,0,0,0,0,25.8,0.9166666666666666,8340
42,782,12,10,1,79,0,0,0,0,0,39.5,0.8333333333333334,9384
27,734,10,11,0,88,0,0,1,1,1,44.0,1.1,7340
27,721,1,3,1,61,0,0,0,0,0,30.5,3.0,721
25,676,1,6,1,73,0,0,0,0,0,36.5,6.0,676
38,874,11,14,1,61,0,0,0,0,0,30.5,1.2727272727272727,9614
42,659,11,15,1,75,0,0,0,0,0,37.5,1.3636363636363635,7249
39,754,11,14,0,78,0,1,0,0,0,39.2,1.2727272727272727,8294
22,855,2,4,1,91,1,1,0,1,0,46.0,2.0,1710
43,635,2,5,1,56,0,0,0,0,0,28.0,2.5,1270
22,725,4,3,1,83,0,0,0,1,0,41.5,0.75,2900
32,749,3,6,1,67,1,1,0,0,0,34.0,2.0,2247
25,376,1,3,1,67,1,1,1,0,0,34.0,3.0,376
34,704,3,5,1,83,1,0,0,0,0,41.8,1.6666666666666667,2112
30,604,11,10,0,72,0,1,0,0,0,36.2,0.9090909090909091,6644
40,745,2,4,0,56,0,0,0,0,0,28.0,2.0,1490
32,721,13,10,1,82,0,1,0,0,0,41.2,0.7692307692307693,9373
26,753,3,4,1,62,0,1,0,0,0,31.2,1.3333333333333333,2259
44,649,2,2,1,89,1,0,0,1,0,44.8,1.0,1298
27,873,3,5,1,78,0,0,0,0,0,39.0,1.6666666666666667,2619
39,711,4,6,1,85,0,0,1,0,0,42.5,1.5,2844
38,548,3,6,1,96,0,0,0,0,0,48.0,2.0,1644
35,523,3,3,1,86,0,0,0,0,0,43.0,1.0,1569
43,631,12,10,1,75,0,0,0,0,0,37.5,0.8333333333333334,7572
32,610,12,14,1,65,0,0,0,0,0,32.5,1.1666666666666667,7320
30,811,2,5,1,71,0,1,0,0,0,35.7,2.5,1622
33,816,3,6,1,81,0,0,0,1,0,40.5,2.0,2448
27,696,1,4,1,78,0,0,0,0,0,39.0,4.0,696
43,879,3,4,0,86,0,0,1,0,0,43.0,1.3333333333333333,2637
25,727,9,12,1,69,0,0,1,0,0,34.5,1.3333333333333333,6543
23,874,1,2,0,78,0,0,0,0,0,39.0,2.0,874
28,490,6,12,1,72,0,1,0,0,0,36.2,2.0,2940
32,716,13,14,1,78,0,1,1,0,1,39.2,1.0769230769230769,9308
32,767,4,3,1,58,0,1,0,0,0,29.2,0.75,3068
30,669,13,13,1,78,0,0,0,0,0,39.0,1.0,8697
43,856,12,14,1,93,0,0,0,0,1,46.5,1.1666666666666667,10272
34,950,11,11,1,71,0,1,0,0,0,35.7,1.0,10450
26,718,7,12,1,71,0,0,0,0,0,35.5,1.7142857142857142,5026
32,770,2,2,0,87,0,0,1,0,0,43.5,1.0,1540
40,746,12,11,1,94,0,0,0,0,0,47.0,0.9166666666666666,8952
35,688,14,14,0,78,0,0,0,0,0,39.0,1.0,9632
27,669,8,8,1,82,0,0,0,0,0,41.0,1.0,5352
36,816,13,13,0,68,1,0,0,0,0,34.3,1.0,10608
34,671,3,2,1,89,0,0,0,1,0,44.5,0.6666666666666666,2013
31,682,11,14,1,81,1,1,0,1,1,41.0,1.2727272727272727,7502
33,686,4,2,0,68,0,0,0,0,0,34.0,0.5,2744
41,755,13,11,1,64,0,0,0,0,0,32.0,0.8461538461538461,9815
40,603,13,12,1,68,0,0,0,0,0,34.0,0.9230769230769231,7839
35,666,3,3,1,66,0,0,0,0,0,33.0,1.0,1998
28,526,1,4,1,79,1,1,0,0,0,40.0,4.0,526
45,776,4,4,1,70,0,1,0,0,0,35.2,1.0,3104
34,676,12,14,1,73,0,0,0,0,0,36.5,1.1666666666666667,8112
38,612,4,5,1,84,0,0,0,0,0,42.0,1.25,2448
40,950,12,15,1,75,0,0,0,0,0,37.5,1.25,11400
43,727,11,10,1,81,0,0,1,0,0,40.5,0.9090909090909091,7997
24,650,2,3,1,94,0,0,0,1,0,47.0,1.5,1300
41,593,4,3,1,73,0,0,0,0,0,36.5,0.75,2372
39,685,14,11,1,60,0,0,0,0,0,30.0,0.7857142857142857,9590
31,598,11,11,1,87,0,0,0,0,0,43.5,1.0,6578
35,791,2,5,1,86,0,1,0,1,0,43.2,2.5,1582
41,877,3,6,0,69,0,0,0,0,0,34.5,2.0,2631
24,875,3,2,1,70,0,1,1,0,0,35.2,0.6666666666666666,2625
24,543,3,4,0,83,0,1,0,1,0,41.7,1.3333333333333333,1629
23,602,1,2,0,66,0,0,0,0,0,33.0,2.0,602
36,575,3,2,1,86,0,0,0,0,0,43.0,0.6666666666666666,1725
23,581,3,5,1,80,0,0,0,0,0,40.0,1.6666666666666667,1743
28,722,6,7,1,83,0,0,0,1,0,41.5,1.1666666666666667,4332
37,645,11,14,0,70,1,1,0,0,1,35.5,1.2727272727272727,7095
40,736,2,2,1,83,0,0,0,1,0,41.5,1.0,1472
38,621,14,10,1,90,1,0,1,1,1,45.3,0.7142857142857143,8694
36,818,4,3,1,73,0,0,1,0,0,36.5,0.75,3272
39,769,13,12,1,77,0,0,0,0,0,38.5,0.9230769230769231,9997
45,746,3,4,0,70,1,0,0,0,0,35.3,1.3333333333333333,2238
24,718,2,6,0,62,0,0,1,0,0,31.0,3.0,1436
39,854,12,15,1,71,0,0,0,0,0,35.5,1.25,10248
37,561,12,14,1,67,0,0,0,0,0,33.5,1.1666666666666667,6732
27,648,10,10,0,78,0,0,0,0,0,39.0,1.0,6480
42,718,4,4,1,77,0,1,0,0,0,38.7,1.0,2872
28,853,1,4,1,76,0,0,0,0,0,38.0,4.0,853
28,643,6,7,1,77,0,0,0,0,0,38.5,1.1666666666666667,3858
39,718,13,13,1,77,0,0,0,0,0,38.5,1.0,9334
29,745,2,5,0,63,1,0,1,0,0,31.8,2.5,1490
35,668,11,12,1,86,0,0,0,0,1,43.0,1.0909090909090908,7348
45,634,4,2,1,84,1,0,0,1,0,42.3,0.5,2536
29,886,1,4,1,82,0,1,1,1,0,41.2,4.0,886
40,632,13,13,0,86,0,0,0,1,1,43.0,1.0,8216
32,748,13,10,1,65,0,0,0,0,0,32.5,0.7692307692307693,9724
44,838,2,5,1,73,0,0,0,0,0,36.5,2.5,1676
44,852,11,11,1,65,0,0,0,0,0,32.5,1.0,9372
38,610,14,15,1,68,0,0,0,0,0,34.0,1.0714285714285714,8540
25,659,2,3,1,68,0,0,1,0,0,34.0,1.5,1318
31,653,2,4,1,63,0,1,0,0,0,31.7,2.0,1306
35,761,11,13,0,68,1,0,0,0,0,34.3,1.1818181818181819,8371
33,715,4,6,0,69,0,0,0,0,0,34.5,1.5,2860
41,604,3,2,1,66,0,0,1,0,0,33.0,0.6666666666666666,1812
23,528,2,3,0,75,0,0,0,0,0,37.5,1.5,1056
42,690,12,15,1,69,1,0,0,0,0,34.8,1.25,8280
34,620,14,12,1,69,0,0,0,0,0,34.5,0.8571428571428571,8680
24,723,2,6,1,83,0,0,0,0,0,41.5,3.0,1446
41,479,14,15,1,75,0,0,0,0,0,37.5,1.0714285714285714,6706
25,842,1,2,0,70,0,0,0,0,0,35.0,2.0,842
31,565,3,5,0,84,0,0,1,1,0,42.0,1.6666666666666667,1695
33,804,4,6,1,99,1,0,0,1,0,49.8,1.5,3216
45,667,14,11,1,71,0,1,0,0,0,35.7,0.7857142857142857,9338
39,797,12,10,0,77,0,1,1,0,0,38.7,0.8333333333333334,9564
39,575,14,12,0,64,0,0,0,0,0,32.0,0.8571428571428571,8050
34,582,12,12,1,51,0,0,0,0,0,25.5,1.0,6984
34,692,3,3,1,71,0,0,0,0,0,35.5,1.0,2076
29,350,2,6,1,91,0,0,0,1,0,45.5,3.0,700
25,627,6,7,1,60,0,0,0,0,0,30.0,1.1666666666666667,3762
26,687,3,3,1,66,0,0,1,0,0,33.0,1.0,2061
41,693,2,4,1,49,1,0,1,0,0,24.8,2.0,1386
29,608,9,12,1,66,0,0,1,0,0,33.0,1.3333333333333333,5472
29,631,10,14,0,68,0,0,0,0,0,34.0,1.4,6310
41,510,4,5,1,81,0,0,0,0,0,40.5,1.25,2040
25,722,3,6,0,66,0,1,0,0,0,33.2,2.0,2166
44,735,13,13,1,63,1,0,0,0,0,31.8,1.0,9555
29,487,9,10,1,75,0,1,0,0,0,37.7,1.1111111111111112,4383
23,735,1,6,1,78,0,0,0,0,0,39.0,6.0,735
43,591,14,12,1,75,0,0,0,0,0,37.5,0.8571428571428571,8274
22,826,3,2,1,73,0,0,0,0,0,36.5,0.6666666666666666,2478
42,619,3,4,1,65,1,0,0,0,0,32.8,1.3333333333333333,1857
38,622,4,2,1,97,0,0,0,1,0,48.5,0.5,2488
45,552,13,15,1,80,0,0,1,0,0,40.0,1.1538461538461537,7176
40,702,14,10,1,74,0,0,0,0,0,37.0,0.7142857142857143,9828
26,834,1,5,1,74,1,1,0,0,0,37.5,5.0,834
30,707,4,5,1,69,0,0,0,0,0,34.5,1.25,2828
32,690,12,10,1,53,0,0,0,0,0,26.5,0.8333333333333334,8280
34,727,2,3,1,81,0,0,1,1,0,40.5,1.5,1454
31,621,2,6,1,56,0,0,0,0,0,28.0,3.0,1242
28,776,10,12,0,56,0,0,0,0,0,28.0,1.2,7760
42,631,14,15,0,61,0,0,0,0,0,30.5,1.0714285714285714,8834
41,700,3,5,1,61,0,0,0,0,0,30.5,1.6666666666666667,2100
23,589,2,5,1,62,0,0,0,0,0,31.0,2.5,1178
31,750,4,6,1,66,0,0,1,0,0,33.0,1.5,3000
38,661,14,15,0,71,0,0,0,0,0,35.5,1.0714285714285714,9254
42,862,4,3,1,79,0,0,0,0,0,39.5,0.75,3448
42,806,3,4,0,73,0,1,1,0,0,36.7,1.3333333333333333,2418
37,529,3,2,0,73,0,0,0,0,0,36.5,0.6666666666666666,1587
38,672,13,15,1,65,1,0,0,0,0,32.8,1.1538461538461537,8736
41,694,13,13,1,82,0,1,0,1,1,41.2,1.0,9022
23,686,1,4,1,86,1,0,1,1,0,43.3,4.0,686
29,780,10,13,0,69,0,0,0,0,0,34.5,1.3,7800
22,741,3,5,1,70,0,0,0,0,0,35.0,1.6666666666666667,2223
41,767,3,5,1,86,0,0,0,0,0,43.0,1.6666666666666667,2301
41,583,14,12,1,72,0,0,1,0,0,36.0,0.8571428571428571,8162
32,618,2,3,1,68,0,0,0,0,0,34.0,1.5,1236
36,656,4,3,1,97,0,0,0,1,0,48.5,0.75,2624
36,593,2,6,0,89,0,0,1,0,0,44.5,3.0,1186
45,661,2,4,1,92,1,0,0,1,0,46.3,2.0,1322
43,832,2,3,1,86,0,0,0,1,0,43.0,1.5,1664
34,491,3,3,1,85,0,1,0,1,0,42.7,1.0,1473
45,602,14,10,1,68,0,0,0,0,0,34.0,0.7142857142857143,8428
40,782,4,2,1,82,0,0,0,1,0,41.0,0.5,3128
34,625,4,6,1,68,0,0,0,0,0,34.0,1.5,2500
34,691,4,6,1,75,0,0,0,0,0,37.5,1.5,2764
35,786,14,12,1,65,0,0,0,0,0,32.5,0.8571428571428571,11004
36,813,14,10,1,86,0,0,0,1,1,43.0,0.7142857142857143,11382
26,843,7,9,1,76,0,0,1,0,0,38.0,1.2857142857142858,5901
40,798,4,6,1,72,0,1,0,0,0,36.2,1.5,3192
43,754,14,12,0,92,0,0,1,0,1,46.0,0.8571428571428571,10556
36,544,12,12,1,62,0,0,1,0,0,31.0,1.0,6528
36,819,2,5,1,64,0,0,0,0,0,32.0,2.5,1638
33,513,12,15,0,83,0,0,1,1,1,41.5,1.25,6156
37,694,14,11,1,80,1,0,0,0,0,40.3,0.7857142857142857,9716
34,781,11,14,0,58,0,0,0,0,0,29.0,1.2727272727272727,8591
43,779,11,12,1,93,0,1,1,0,1,46.7,1.0909090909090908,8569
35,710,14,10,0,71,1,0,1,0,0,35.8,0.7142857142857143,9940
39,842,11,13,1,73,0,0,0,0,0,36.5,1.1818181818181819,9262
34,795,2,4,1,92,0,0,0,1,0,46.0,2.0,1590
22,752,2,3,1,76,0,0,0,0,0,38.0,1.5,1504
22,678,5,2,1,78,0,0,0,0,0,39.0,0.4,3390
41,904,13,11,0,70,0,0,1,0,0,35.0,0.8461538461538461,11752
31,646,3,2,1,94,1,0,0,1,0,47.3,0.6666666666666666,1938
25,659,6,9,1,59,0,0,0,0,0,29.5,1.5,3954
23,703,2,6,1,100,0,0,0,1,0,50.0,3.0,1406
42,588,3,4,1,84,0,0,1,1,0,42.0,1.3333333333333333,1764
34,649,11,11,1,65,1,0,0,0,0,32.8,1.0,7139
34,745,13,12,1,73,0,0,1,0,0,36.5,0.9230769230769231,9685
36,771,13,10,1,79,0,0,0,0,0,39.5,0.7692307692307693,10023
32,705,11,11,0,71,0,1,0,0,0,35.7,1.0,7755
34,746,14,12,1,83,0,0,1,1,1,41.5,0.8571428571428571,10444
38,631,14,10,0,90,0,0,0,1,1,45.0,0.7142857142857143,8834
36,619,11,12,1,68,1,0,1,0,0,34.3,1.0909090909090908,6809
22,576,2,4,1,62,1,0,0,0,0,31.3,2.0,1152
31,578,2,5,1,80,0,1,0,0,0,40.2,2.5,1156
40,583,3,5,1,63,0,0,0,0,0,31.5,1.6666666666666667,1749
22,736,3,6,1,77,0,0,0,0,0,38.5,2.0,2208
39,733,2,2,1,64,0,1,0,0,0,32.2,1.0,1466
39,744,2,2,0,74,0,0,1,0,0,37.0,1.0,1488
36,643,13,10,0,66,1,1,0,0,0,33.5,0.7692307692307693,8359
37,524,13,13,1,70,0,0,0,0,0,35.0,1.0,6812
30,661,12,10,1,85,0,0,0,1,1,42.5,0.8333333333333334,7932
43,760,3,4,1,68,0,0,1,0,0,34.0,1.3333333333333333,2280
24,728,1,5,1,72,0,0,0,0,0,36.0,5.0,728
41,710,3,4,1,78,0,0,1,0,0,39.0,1.3333333333333333,2130
44,839,11,12,1,87,1,0,1,1,1,43.8,1.0909090909090908,9229
29,654,10,15,0,70,0,1,0,0,0,35.2,1.5,6540
40,572,13,15,0,79,0,0,0,0,0,39.5,1.1538461538461537,7436
44,686,3,4,0,72,0,1,1,0,0,36.2,1.3333333333333333,2058
44,587,13,15,0,75,0,0,0,0,0,37.5,1.1538461538461537,7631
34,632,11,12,1,81,0,1,0,1,1,40.7,1.0909090909090908,6952
25,851,1,3,1,77,0,0,0,0,0,38.5,3.0,851
37,888,12,10,1,83,1,1,0,1,1,42.0,0.8333333333333334,10656
25,752,8,11,1,91,1,1,0,1,1,46.0,1.375,6016
41,797,3,5,1,69,1,0,0,0,0,34.8,1.6666666666666667,2391
25,746,2,4,1,84,0,1,0,1,0,42.2,2.0,1492
26,584,10,12,1,88,0,0,0,1,1,44.0,1.2,5840
22,687,1,5,1,69,0,0,0,0,0,34.5,5.0,687
41,506,2,6,0,68,0,1,0,0,0,34.2,3.0,1012
45,584,4,5,1,60,0,1,0,0,0,30.2,1.25,2336
30,712,3,3,1,64,0,0,0,0,0,32.0,1.0,2136
38,771,12,12,1,78,0,1,0,0,0,39.2,1.0,9252
29,673,3,5,1,72,0,0,0,0,0,36.0,1.6666666666666667,2019
42,540,2,2,0,79,0,0,0,0,0,39.5,1.0,1080
36,637,4,6,1,86,0,1,1,0,0,43.2,1.5,2548
24,620,3,3,0,62,0,0,0,0,0,31.0,1.0,1860
38,800,3,2,1,66,0,0,0,0,0,33.0,0.6666666666666666,2400
34,929,3,3,0,77,0,0,0,0,0,38.5,1.0,2787
32,801,2,3,1,64,0,1,0,0,0,32.2,1.5,1602
44,775,2,5,1,78,0,0,1,0,0,39.0,2.5,1550
24,620,5,2,0,59,0,1,0,0,0,29.7,0.4,3100
28,673,1,6,1,79,1,1,0,0,0,40.0,6.0,673
45,755,12,11,0,61,0,0,0,0,0,30.5,0.9166666666666666,9060
45,738,4,5,1,68,0,1,0,0,0,34.2,1.25,2952
39,818,13,14,1,77,0,0,0,0,0,38.5,1.0769230769230769,10634
31,628,4,3,1,72,0,0,1,0,0,36.0,0.75,2512
44,779,2,4,0,60,0,0,0,0,0,30.0,2.0,1558
31,762,12,12,1,74,0,0,0,0,0,37.0,1.0,9144
45,911,3,6,1,70,0,0,0,0,0,35.0,2.0,2733
25,779,6,12,1,73,0,0,0,0,0,36.5,2.0,4674
42,851,13,13,1,74,0,0,1,0,1,37.0,1.0,11063
37,756,12,13,1,89,0,0,1,1,1,44.5,1.0833333333333333,9072
38,698,4,3,1,73,0,0,0,0,0,36.5,0.75,2792
37,835,3,4,1,72,0,1,0,0,0,36.2,1.3333333333333333,2505
26,748,8,7,1,71,0,0,0,0,0,35.5,0.875,5984
34,780,13,14,1,72,0,0,0,0,0,36.0,1.0769230769230769,10140
30,751,3,2,1,76,1,0,0,0,0,38.3,0.6666666666666666,2253
44,491,11,10,1,64,1,0,0,0,0,32.3,0.9090909090909091,5401
35,656,11,11,1,65,0,1,0,0,0,32.7,1.0,7216
32,745,3,2,0,79,0,0,1,0,0,39.5,0.6666666666666666,2235
37,767,12,12,1,82,0,0,0,0,0,41.0,1.0,9204
27,719,7,12,0,68,0,0,1,0,0,34.0,1.7142857142857142,5033
28,877,3,3,0,77,0,0,0,0,0,38.5,1.0,2631
26,749,1,4,0,100,0,0,0,1,0,50.0,4.0,749
45,557,3,6,0,70,0,0,0,0,0,35.0,2.0,1671
43,590,12,15,1,88,0,0,0,0,0,44.0,1.25,7080
27,887,3,2,1,78,0,0,0,0,0,39.0,0.6666666666666666,2661
36,776,13,14,1,80,0,1,0,0,0,40.2,1.0769230769230769,10088
30,766,14,14,0,72,1,0,0,0,0,36.3,1.0,10724
38,632,2,4,1,89,0,1,0,1,0,44.7,2.0,1264
39,931,13,15,0,75,0,0,0,0,0,37.5,1.1538461538461537,12103
43,629,4,6,1,72,0,0,1,0,0,36.0,1.5,2516
36,599,2,4,0,68,0,0,0,0,0,34.0,2.0,1198
28,771,7,10,1,73,0,0,0,0,0,36.5,1.4285714285714286,5397
45,844,12,10,1,72,1,0,0,0,0,36.3,0.8333333333333334,10128
40,721,3,4,0,62,1,0,0,0,0,31.3,1.3333333333333333,2163
38,709,14,13,1,77,1,0,0,0,0,38.8,0.9285714285714286,9926
43,713,14,15,1,70,0,0,0,0,0,35.0,1.0714285714285714,9982
25,739,1,2,1,82,0,0,0,1,0,41.0,2.0,739
43,821,11,14,1,80,0,0,0,0,0,40.0,1.2727272727272727,9031
45,738,4,2,1,65,0,0,1,0,0,32.5,0.5,2952
24,749,5,4,0,64,0,0,0,0,0,32.0,0.8,3745
39,659,13,13,0,89,0,0,0,0,1,44.5,1.0,8567
28,651,7,12,0,85,0,1,0,0,0,42.7,1.7142857142857142,4557
42,888,14,10,0,61,0,0,0,0,0,30.5,0.7142857142857143,12432
37,593,12,15,1,77,0,0,0,0,0,38.5,1.25,7116
30,860,4,6,1,55,0,0,1,0,0,27.5,1.5,3440
34,704,3,2,1,82,0,0,0,0,0,41.0,0.6666666666666666,2112
31,794,14,12,1,83,0,0,1,1,1,41.5,0.8571428571428571,11116
40,732,3,6,1,61,0,0,0,0,0,30.5,2.0,2196
37,691,3,4,1,67,0,0,1,0,0,33.5,1.3333333333333333,2073
28,487,10,15,1,77,0,1,0,0,0,38.7,1.5,4870
23,737,1,3,1,70,0,0,0,0,0,35.0,3.0,737
29,758,1,5,0,74,0,0,0,0,0,37.0,5.0,758
34,527,3,5,1,66,0,1,0,0,0,33.2,1.6666666666666667,1581
36,750,3,6,0,66,0,1,1,0,0,33.2,2.0,2250
24,669,1,3,1,50,0,1,1,0,0,25.2,3.0,669
28,682,2,3,0,67,0,1,0,0,0,33.7,1.5,1364
42,775,13,13,1,83,0,0,0,1,1,41.5,1.0,10075
39,902,12,14,1,78,0,0,1,0,1,39.0,1.1666666666666667,10824
23,807,3,4,1,82,0,0,1,1,0,41.0,1.3333333333333333,2421
27,721,2,4,1,75,0,0,0,0,0,37.5,2.0,1442
30,629,11,11,0,68,0,0,0,0,0,34.0,1.0,6919
24,440,3,4,0,68,0,0,1,0,0,34.0,1.3333333333333333,1320
43,634,3,4,1,67,1,0,0,0,0,33.8,1.3333333333333333,1902
35,659,13,12,1,68,0,0,0,0,0,34.0,0.9230769230769231,8567
32,595,11,11,1,90,0,1,0,0,0,45.2,1.0,6545
31,645,3,4,1,72,0,0,0,0,0,36.0,1.3333333333333333,1935
36,717,14,12,1,82,0,0,0,1,1,41.0,0.8571428571428571,10038
30,668,11,15,0,74,1,0,0,0,0,37.3,1.3636363636363635,7348
30,556,12,14,1,83,0,0,0,1,0,41.5,1.1666666666666667,6672
34,692,11,15,1,65,0,0,0,0,0,32.5,1.3636363636363635,7612
33,710,11,13,1,73,1,0,0,0,0,36.8,1.1818181818181819,7810
28,729,1,3,0,85,0,1,0,1,0,42.7,3.0,729
39,690,12,12,1,80,0,0,0,0,0,40.0,1.0,8280
32,656,4,5,0,90,0,0,0,0,0,45.0,1.25,2624
30,686,2,3,1,78,1,0,0,0,0,39.3,1.5,1372
35,668,4,4,1,79,1,0,0,0,0,39.8,1.0,2672
41,841,12,13,1,61,0,0,0,0,0,30.5,1.0833333333333333,10092
30,666,13,12,1,64,0,0,0,0,0,32.0,0.9230769230769231,8658
34,641,2,5,1,59,0,0,1,0,0,29.5,2.5,1282
27,746,3,6,0,68,0,0,0,0,0,34.0,2.0,2238
37,588,13,13,1,71,1,0,0,0,0,35.8,1.0,7644
41,940,2,6,1,87,1,1,0,1,0,44.0,3.0,1880
30,699,11,10,0,84,1,0,0,0,0,42.3,0.9090909090909091,7689
28,902,9,10,0,84,0,0,0,0,0,42.0,1.1111111111111112,8118
37,633,13,11,1,73,0,0,1,0,0,36.5,0.8461538461538461,8229
23,600,2,3,1,77,0,0,0,0,0,38.5,1.5,1200
30,758,13,10,1,68,0,0,0,0,0,34.0,0.7692307692307693,9854
39,741,11,14,1,62,0,1,0,0,0,31.2,1.2727272727272727,8151
36,646,3,2,1,65,0,0,0,0,0,32.5,0.6666666666666666,1938
38,725,14,10,1,76,0,0,0,0,0,38.0,0.7142857142857143,10150
39,861,2,4,1,71,0,0,1,0,0,35.5,2.0,1722
30,791,3,3,1,86,0,0,1,0,0,43.0,1.0,2373
30,616,14,10,1,59,0,0,0,0,0,29.5,0.7142857142857143,8624
30,512,4,2,0,62,0,0,0,0,0,31.0,0.5,2048
38,587,12,15,1,61,1,0,0,0,0,30.8,1.25,7044
38,772,14,13,1,71,0,0,0,0,0,35.5,0.9285714285714286,10808
28,788,2,2,1,83,0,0,0,1,0,41.5,1.0,1576
34,721,13,14,0,86,1,0,0,1,1,43.3,1.0769230769230769,9373
22,755,2,4,1,71,0,0,0,0,0,35.5,2.0,1510
36,774,2,3,1,94,0,0,1,0,0,47.0,1.5,1548
27,744,8,9,1,81,0,0,0,1,0,40.5,1.125,5952
35,644,4,6,1,76,0,0,0,0,0,38.0,1.5,2576
31,575,12,14,1,87,0,0,0,0,0,43.5,1.1666666666666667,6900
39,603,2,5,0,83,1,0,1,0,0,41.8,2.5,1206
29,599,9,12,1,48,0,0,0,0,0,24.0,1.3333333333333333,5391
27,654,7,12,1,78,1,0,0,0,0,39.3,1.7142857142857142,4578
34,868,13,15,1,77,0,0,0,0,0,38.5,1.1538461538461537,11284
35,541,2,5,1,76,1,0,0,0,0,38.3,2.5,1082
34,567,13,10,1,87,0,0,1,1,1,43.5,0.7692307692307693,7371
27,751,6,12,1,78,0,0,0,0,0,39.0,2.0,4506
24,561,3,5,1,78,1,0,0,0,0,39.3,1.6666666666666667,1683
30,670,4,2,0,60,0,0,1,0,0,30.0,0.5,2680
31,618,13,10,1,89,0,0,0,1,1,44.5,0.7692307692307693,8034
31,723,3,3,1,65,0,1,1,0,0,32.7,1.0,2169
35,755,3,4,1,70,0,1,0,0,0,35.2,1.3333333333333333,2265
35,908,14,15,1,80,0,0,1,0,1,40.0,1.0714285714285714,12712
39,733,12,11,1,83,0,0,0,0,0,41.5,0.9166666666666666,8796
41,724,2,4,1,80,1,0,0,0,0,40.3,2.0,1448
41,815,12,10,0,76,0,0,0,0,0,38.0,0.8333333333333334,9780
32,702,13,15,1,59,0,0,0,0,0,29.5,1.1538461538461537,9126
38,828,14,14,0,83,0,0,0,1,1,41.5,1.0,11592
27,660,3,2,1,68,0,0,0,0,0,34.0,0.6666666666666666,1980
30,737,4,6,1,79,1,1,1,0,0,40.0,1.5,2948
33,631,4,2,1,70,0,0,0,0,0,35.0,0.5,2524
27,641,6,9,1,74,0,0,0,0,0,37.0,1.5,3846
37,766,12,13,1,75,0,1,0,0,0,37.7,1.0833333333333333,9192
37,692,2,5,0,75,1,0,1,0,0,37.8,2.5,1384
28,616,2,6,1,77,1,0,0,0,0,38.8,3.0,1232
37,436,13,12,1,82,0,0,0,0,0,41.0,0.9230769230769231,5668
34,908,3,2,1,53,0,1,0,0,0,26.7,0.6666666666666666,2724
41,630,14,10,0,66,0,0,0,0,0,33.0,0.7142857142857143,8820
32,738,13,11,1,85,0,0,0,1,1,42.5,0.8461538461538461,9594
27,744,8,7,1,73,0,1,1,0,0,36.7,0.875,5952
23,772,1,4,1,65,0,0,1,0,0,32.5,4.0,772
30,501,11,15,1,84,1,0,0,0,0,42.3,1.3636363636363635,5511
41,746,11,11,1,77,0,1,1,0,0,38.7,1.0,8206
23,773,1,4,1,71,0,1,0,0,0,35.7,4.0,773
26,659,3,5,1,80,0,0,0,0,0,40.0,1.6666666666666667,1977
35,480,12,10,0,86,0,0,0,1,0,43.0,0.8333333333333334,5760
34,797,3,2,1,56,1,1,1,0,0,28.5,0.6666666666666666,2391
37,694,4,5,1,93,0,1,0,1,0,46.7,1.25,2776
42,658,2,2,0,69,0,0,0,0,0,34.5,1.0,1316
45,534,4,4,1,79,0,0,0,0,0,39.5,1.0,2136
39,715,3,3,1,89,0,0,0,1,0,44.5,1.0,2145
45,697,13,14,1,68,0,0,0,0,0,34.0,1.0769230769230769,9061
28,832,10,14,1,82,0,0,0,0,0,41.0,1.4,8320
31,870,11,10,0,62,1,0,0,0,0,31.3,0.9090909090909091,9570
22,799,2,4,1,71,0,0,1,0,0,35.5,2.0,1598
33,711,2,3,1,67,0,0,1,0,0,33.5,1.5,1422
27,579,3,5,1,74,1,0,0,0,0,37.3,1.6666666666666667,1737
34,685,4,3,0,69,1,0,1,0,0,34.8,0.75,2740
43,608,12,15,1,78,0,0,1,0,0,39.0,1.25,7296
43,715,4,4,1,81,1,0,0,0,0,40.8,1.0,2860
30,740,2,2,0,63,0,0,0,0,0,31.5,1.0,1480
45,638,4,6,1,89,1,1,1,1,0,45.0,1.5,2552
43,699,3,3,1,72,0,0,0,0,0,36.0,1.0,2097
24,667,1,5,1,79,1,1,0,0,0,40.0,5.0,667
28,667,2,4,1,74,0,1,1,0,0,37.2,2.0,1334
25,602,7,8,0,77,0,0,0,0,0,38.5,1.1428571428571428,4214
33,703,2,2,1,68,0,0,1,0,0,34.0,1.0,1406
22,828,1,6,1,91,1,0,1,1,0,45.8,6.0,828
40,726,12,10,1,96,0,0,1,1,1,48.0,0.8333333333333334,8712
42,727,3,5,1,77,0,0,0,0,0,38.5,1.6666666666666667,2181
35,669,3,5,1,88,0,0,1,0,0,44.0,1.6666666666666667,2007
45,829,2,4,1,71,1,1,0,0,0,36.0,2.0,1658
40,604,11,11,1,84,0,0,0,0,0,42.0,1.0,6644
45,699,3,2,1,93,0,0,0,0,0,46.5,0.6666666666666666,2097
23,904,5,6,1,79,1,0,0,0,0,39.8,1.2,4520
34,563,2,4,1,86,0,1,0,1,0,43.2,2.0,1126
43,950,4,5,1,81,0,0,0,0,0,40.5,1.25,3800
24,553,2,3,1,63,0,0,0,0,0,31.5,1.5,1106
39,492,2,4,1,62,0,0,0,0,0,31.0,2.0,984
43,779,2,2,0,67,0,0,0,0,0,33.5,1.0,1558
25,645,10,11,0,82,0,0,0,1,0,41.0,1.1,6450
37,737,14,14,0,69,0,0,0,0,0,34.5,1.0,10318
27,665,3,4,1,80,0,0,0,0,0,40.0,1.3333333333333333,1995
24,818,4,6,0,77,0,0,0,0,0,38.5,1.5,3272
34,749,13,13,1,84,0,0,0,1,1,42.0,1.0,9737
34,600,4,4,1,74,1,0,0,0,0,37.3,1.0,2400
42,834,14,12,1,62,0,1,1,0,1,31.2,0.8571428571428571,11676
43,767,12,15,1,79,0,0,0,0,0,39.5,1.25,9204
30,768,14,12,1,76,0,0,0,0,0,38.0,0.8571428571428571,10752
41,648,2,3,1,64,0,0,0,0,0,32.0,1.5,1296
38,736,12,11,0,74,1,0,0,0,0,37.3,0.9166666666666666,8832
31,738,14,11,1,75,1,1,1,0,0,38.0,0.7857142857142857,10332
39,655,14,13,1,81,0,1,0,1,1,40.7,0.9285714285714286,9170
40,599,13,13,1,64,0,0,1,0,0,32.0,1.0,7787
24,702,1,5,1,83,1,0,0,1,0,41.8,5.0,702
31,704,2,3,1,47,0,1,0,0,0,23.7,1.5,1408
31,748,11,14,0,89,0,0,1,0,1,44.5,1.2727272727272727,8228
32,387,4,5,0,77,1,0,0,0,0,38.8,1.25,1548
35,755,14,15,0,69,0,0,0,0,0,34.5,1.0714285714285714,10570
37,554,13,12,1,92,0,0,0,1,1,46.0,0.9230769230769231,7202
40,762,3,4,0,81,0,0,1,0,0,40.5,1.3333333333333333,2286
38,777,12,14,0,71,0,0,0,0,0,35.5,1.1666666666666667,9324
26,601,3,6,1,77,0,0,0,0,0,38.5,2.0,1803
36,718,4,4,1,73,0,0,0,0,0,36.5,1.0,2872
37,749,2,2,1,71,0,0,0,0,0,35.5,1.0,1498
36,643,12,15,1,83,0,1,0,0,0,41.7,1.25,7716
44,765,11,15,0,71,1,0,0,0,0,35.8,1.3636363636363635,8415
22,761,1,4,1,69,1,1,0,0,0,35.0,4.0,761
34,754,4,2,1,88,0,0,1,0,0,44.0,0.5,3016
38,658,12,13,1,72,0,0,0,0,0,36.0,1.0833333333333333,7896
33,633,3,5,1,72,0,0,0,0,0,36.0,1.6666666666666667,1899
31,812,11,13,1,76,1,0,0,0,1,38.3,1.1818181818181819,8932
27,629,9,11,1,71,0,0,0,0,0,35.5,1.2222222222222223,5661
26,802,3,5,0,79,0,1,0,0,0,39.7,1.6666666666666667,2406
24,719,4,5,0,85,0,0,0,1,0,42.5,1.25,2876
33,685,4,2,1,74,0,0,1,0,0,37.0,0.5,2740
38,773,4,4,0,69,0,0,1,0,0,34.5,1.0,3092
37,768,3,4,1,71,0,0,0,0,0,35.5,1.3333333333333333,2304
39,714,2,4,0,70,1,1,0,0,0,35.5,2.0,1428
31,653,3,6,1,69,0,0,0,0,0,34.5,2.0,1959
22,787,2,5,0,66,0,0,0,0,0,33.0,2.5,1574
44,922,4,3,0,72,0,1,0,0,0,36.2,0.75,3688
32,671,13,12,0,91,0,0,0,1,1,45.5,0.9230769230769231,8723
43,753,12,14,1,80,0,0,0,0,0,40.0,1.1666666666666667,9036
39,773,13,15,1,69,0,0,0,0,0,34.5,1.1538461538461537,10049
44,649,14,13,1,73,0,0,0,0,0,36.5,0.9285714285714286,9086
40,783,14,12,1,77,1,1,0,0,1,39.0,0.8571428571428571,10962
36,654,13,14,0,89,0,0,0,0,1,44.5,1.0769230769230769,8502
29,705,1,6,1,87,0,0,1,0,0,43.5,6.0,705
27,649,6,8,1,69,0,0,0,0,0,34.5,1.3333333333333333,3894
45,700,14,12,1,82,0,0,0,1,1,41.0,0.8571428571428571,9800
26,660,3,3,1,76,1,0,0,0,0,38.3,1.0,1980
28,858,7,11,0,69,0,0,0,0,0,34.5,1.5714285714285714,6006
35,745,4,2,0,74,0,0,0,0,0,37.0,0.5,2980
30,626,13,11,1,85,0,0,0,1,1,42.5,0.8461538461538461,8138
43,917,13,10,0,63,0,1,0,0,0,31.7,0.7692307692307693,11921
39,599,14,13,1,61,0,0,1,0,0,30.5,0.9285714285714286,8386
33,833,2,3,0,62,0,0,1,0,0,31.0,1.5,1666
35,874,12,15,1,65,0,0,0,0,0,32.5,1.25,10488
32,623,4,5,0,59,0,0,0,0,0,29.5,1.25,2492
45,705,2,4,1,69,0,0,0,0,0,34.5,2.0,1410
27,789,3,6,1,74,0,0,0,0,0,37.0,2.0,2367
31,579,4,2,1,72,0,0,0,0,0,36.0,0.5,2316
39,848,2,3,1,71,1,1,0,0,0,36.0,1.5,1696
44,350,12,11,1,78,0,0,0,0,0,39.0,0.9166666666666666,4200
40,764,2,3,1,71,1,0,0,0,0,35.8,1.5,1528
30,618,3,3,1,83,0,0,1,0,0,41.5,1.0,1854
29,577,3,3,1,80,0,0,0,0,0,40.0,1.0,1731
25,570,2,3,1,69,0,0,1,0,0,34.5,1.5,1140
45,758,4,2,1,72,0,0,0,0,0,36.0,0.5,3032
31,666,11,11,1,75,1,0,0,0,0,37.8,1.0,7326
42,801,4,6,0,89,0,0,0,0,0,44.5,1.5,3204
42,704,2,5,1,73,1,1,0,0,0,37.0,2.5,1408
34,511,11,13,1,74,1,0,0,0,0,37.3,1.1818181818181819,5621
23,710,2,4,0,71,0,1,0,0,0,35.7,2.0,1420
28,700,6,8,1,77,0,0,0,0,0,38.5,1.3333333333333333,4200
24,597,2,5,1,74,0,0,0,0,0,37.0,2.5,1194
42,589,13,13,1,81,1,0,0,0,0,40.8,1.0,7657
39,567,12,10,1,70,0,0,0,0,0,35.0,0.8333333333333334,6804
29,836,2,6,1,59,1,0,1,0,0,29.8,3.0,1672
43,666,14,12,1,63,0,0,0,0,0,31.5,0.8571428571428571,9324
45,616,2,3,1,78,0,0,0,0,0,39.0,1.5,1232
35,757,3,3,1,59,0,0,1,0,0,29.5,1.0,2271
34,519,2,3,1,64,0,0,0,0,0,32.0,1.5,1038
30,578,13,12,1,68,0,0,0,0,0,34.0,0.9230769230769231,7514
26,793,1,4,1,82,0,0,0,1,0,41.0,4.0,793
22,699,3,2,1,83,0,0,0,1,0,41.5,0.6666666666666666,2097
22,621,1,4,1,80,0,1,0,0,0,40.2,4.0,621
28,604,6,7,1,78,1,0,1,0,0,39.3,1.1666666666666667,3624
22,767,1,5,1,81,0,0,1,1,0,40.5,5.0,767
42,661,14,10,1,75,0,0,1,0,0,37.5,0.7142857142857143,9254
24,609,1,4,0,87,0,0,1,1,0,43.5,4.0,609
23,650,2,3,1,66,0,0,0,0,0,33.0,1.5,1300
42,591,12,10,1,60,0,0,0,0,0,30.0,0.8333333333333334,7092
33,780,11,12,1,70,0,0,1,0,0,35.0,1.0909090909090908,8580
36,712,4,6,1,76,0,0,0,0,0,38.0,1.5,2848
38,610,14,15,1,78,1,0,0,0,0,39.3,1.0714285714285714,8540
38,533,4,2,1,63,0,0,0,0,0,31.5,0.5,2132
25,775,6,9,1,74,0,1,0,0,0,37.2,1.5,4650
31,874,2,2,1,78,0,0,1,0,0,39.0,1.0,1748
43,500,14,11,1,60,1,0,0,0,0,30.3,0.7857142857142857,7000
23,645,3,6,0,73,1,0,0,0,0,36.8,2.0,1935
41,830,4,3,1,71,0,0,0,0,0,35.5,0.75,3320
45,726,3,6,1,73,0,0,0,0,0,36.5,2.0,2178
40,646,14,15,1,89,0,0,0,0,1,44.5,1.0714285714285714,9044
26,652,1,6,1,81,0,0,0,1,0,40.5,6.0,652
40,836,12,13,1,78,0,0,0,0,0,39.0,1.0833333333333333,10032
27,675,2,4,1,90,0,0,0,0,0,45.0,2.0,1350
22,631,2,2,1,62,0,0,1,0,0,31.0,1.0,1262
26,897,9,7,0,69,0,0,0,0,0,34.5,0.7777777777777778,8073
39,830,14,12,0,69,0,0,0,0,0,34.5,0.8571428571428571,11620
33,694,2,5,1,73,1,0,0,0,0,36.8,2.5,1388
41,738,14,10,1,74,0,0,0,0,0,37.0,0.7142857142857143,10332
41,692,2,6,1,79,0,0,0,0,0,39.5,3.0,1384
37,819,11,11,1,76,0,1,1,0,0,38.2,1.0,9009
41,678,13,11,1,75,0,0,0,0,0,37.5,0.8461538461538461,8814
37,687,11,11,1,61,0,0,0,0,0,30.5,1.0,7557
30,605,3,4,1,94,0,0,0,0,0,47.0,1.3333333333333333,1815
33,753,13,13,0,93,0,0,1,0,1,46.5,1.0,9789
29,738,2,3,1,86,1,1,0,0,0,43.5,1.5,1476
40,867,4,3,1,80,1,0,0,0,0,40.3,0.75,3468
28,617,9,12,1,82,0,0,0,0,0,41.0,1.3333333333333333,5553
26,661,1,2,1,83,0,0,0,0,0,41.5,2.0,661
28,687,6,12,1,60,0,0,0,0,0,30.0,2.0,4122
37,627,13,13,0,82,0,0,0,1,1,41.0,1.0,8151
40,700,4,4,1,82,1,0,0,1,0,41.3,1.0,2800
41,511,4,4,1,85,0,0,0,1,0,42.5,1.0,2044
34,741,12,12,1,68,0,1,0,0,0,34.2,1.0,8892
28,679,6,11,1,81,0,0,0,0,0,40.5,1.8333333333333333,4074
22,882,1,3,0,70,1,0,0,0,0,35.3,3.0,882
38,762,2,6,1,69,0,0,0,0,0,34.5,3.0,1524
37,688,2,6,0,82,0,1,0,1,0,41.2,3.0,1376
36,779,3,2,1,68,0,0,1,0,0,34.0,0.6666666666666666,2337
25,671,2,4,1,77,0,1,0,0,0,38.7,2.0,1342
44,676,2,5,1,81,0,0,0,0,0,40.5,2.5,1352
28,718,6,10,1,87,1,0,0,1,0,43.8,1.6666666666666667,4308
27,732,2,5,1,78,0,1,1,0,0,39.2,2.5,1464
38,688,14,12,1,73,1,0,1,0,1,36.8,0.8571428571428571,9632
40,652,11,13,1,66,0,0,1,0,0,33.0,1.1818181818181819,7172
29,653,1,5,0,90,0,0,0,0,0,45.0,5.0,653
26,785,8,10,1,85,0,1,0,0,0,42.7,1.25,6280
45,524,2,4,1,68,1,0,0,0,0,34.3,2.0,1048
30,762,14,15,1,96,0,0,0,1,1,48.0,1.0714285714285714,10668
27,434,2,6,1,76,0,0,0,0,0,38.0,3.0,868
42,791,14,15,1,93,0,0,0,0,1,46.5,1.0714285714285714,11074
33,610,12,15,1,69,0,0,0,0,0,34.5,1.25,7320
24,902,1,4,1,75,0,0,0,0,0,37.5,4.0,902
29,724,8,10,1,71,0,1,1,0,0,35.7,1.25,5792
25,697,3,2,1,76,1,0,0,0,0,38.3,0.6666666666666666,2091
25,627,6,8,1,73,0,1,0,0,0,36.7,1.3333333333333333,3762
37,662,3,4,1,87,0,0,0,0,0,43.5,1.3333333333333333,1986
35,809,12,15,1,60,1,0,0,0,0,30.3,1.25,9708
37,774,13,10,1,76,1,0,0,0,0,38.3,0.7692307692307693,10062
40,679,13,14,1,89,0,0,0,0,1,44.5,1.0769230769230769,8827
38,787,12,15,0,89,0,1,0,1,1,44.7,1.25,9444
29,624,1,4,1,90,1,0,1,0,0,45.3,4.0,624
34,764,13,11,1,66,0,0,0,0,0,33.0,0.8461538461538461,9932
45,789,13,12,1,59,0,0,1,0,0,29.5,0.9230769230769231,10257
28,686,3,6,1,87,0,0,1,1,0,43.5,2.0,2058
35,771,4,6,1,63,0,0,0,0,0,31.5,1.5,3084
44,732,4,3,1,100,1,0,0,0,0,50.3,0.75,2928
27,636,2,6,1,58,0,0,0,0,0,29.0,3.0,1272
45,795,2,4,1,92,0,0,0,0,0,46.0,2.0,1590
28,714,8,9,1,96,1,1,0,0,0,48.5,1.125,5712
37,620,2,4,1,67,0,1,0,0,0,33.7,2.0,1240
31,624,2,5,1,73,0,0,0,0,0,36.5,2.5,1248
43,558,2,2,1,72,0,0,0,0,0,36.0,1.0,1116
39,694,13,13,1,75,1,0,0,0,0,37.8,1.0,9022
30,679,2,2,1,86,0,1,1,0,0,43.2,1.0,1358
30,552,3,4,1,85,0,0,0,0,0,42.5,1.3333333333333333,1656
44,680,2,5,1,76,0,0,0,0,0,38.0,2.5,1360
44,746,13,12,1,92,0,0,1,0,1,46.0,0.9230769230769231,9698
38,664,11,12,1,77,0,0,0,0,0,38.5,1.0909090909090908,7304
37,698,12,13,1,62,0,0,0,0,0,31.0,1.0833333333333333,8376
38,720,4,6,1,77,0,1,1,0,0,38.7,1.5,2880
27,504,3,5,1,78,0,0,1,0,0,39.0,1.6666666666666667,1512
23,654,3,2,1,62,0,0,1,0,0,31.0,0.6666666666666666,1962
27,726,6,9,1,80,0,0,0,0,0,40.0,1.5,4356
28,724,9,12,1,74,0,0,0,0,0,37.0,1.3333333333333333,6516
31,693,3,2,1,74,0,0,0,0,0,37.0,0.6666666666666666,2079
35,791,2,2,0,74,0,1,0,0,0,37.2,1.0,1582
37,558,2,2,1,61,0,1,0,0,0,30.7,1.0,1116
34,863,14,10,0,79,0,0,0,0,0,39.5,0.7142857142857143,12082
27,599,3,2,1,83,0,0,0,1,0,41.5,0.6666666666666666,1797
22,638,3,4,1,64,0,0,0,0,0,32.0,1.3333333333333333,1914
41,728,11,15,1,82,1,0,0,1,1,41.3,1.3636363636363635,8008
42,514,12,15,1,69,0,0,0,0,0,34.5,1.25,6168
24,553,1,3,1,80,0,0,0,0,0,40.0,3.0,553
37,491,12,15,0,68,0,0,0,0,0,34.0,1.25,5892
40,786,12,12,1,56,0,0,0,0,0,28.0,1.0,9432
25,461,1,4,1,88,1,1,0,0,0,44.5,4.0,461
28,575,8,8,1,71,1,0,0,0,0,35.8,1.0,4600
29,480,7,8,0,73,0,1,0,0,0,36.7,1.1428571428571428,3360
31,716,3,5,1,87,1,0,1,1,0,43.8,1.6666666666666667,2148
37,575,14,11,1,82,1,1,0,1,0,41.5,0.7857142857142857,8050
40,770,14,13,1,77,0,1,1,0,1,38.7,0.9285714285714286,10780
39,543,3,3,1,82,0,0,1,1,0,41.0,1.0,1629
30,950,2,4,1,73,1,0,0,0,0,36.8,2.0,1900
37,698,11,15,1,65,0,0,0,0,0,32.5,1.3636363636363635,7678
41,816,4,2,1,76,1,0,0,0,0,38.3,0.5,3264
44,707,12,10,1,49,1,1,0,0,0,25.0,0.8333333333333334,8484
34,721,12,12,1,73,0,0,0,0,0,36.5,1.0,8652
28,654,9,7,1,73,0,0,0,0,0,36.5,0.7777777777777778,5886
43,603,4,3,0,89,0,0,0,0,0,44.5,0.75,2412
39,758,3,4,1,65,0,0,0,0,0,32.5,1.3333333333333333,2274
33,703,14,10,1,67,1,0,0,0,0,33.8,0.7142857142857143,9842
38,730,14,15,1,66,0,0,0,0,0,33.0,1.0714285714285714,10220
30,711,3,5,1,72,0,1,0,0,0,36.2,1.6666666666666667,2133
26,813,2,2,0,80,0,0,0,0,0,40.0,1.0,1626
33,633,3,5,1,85,0,1,0,0,0,42.7,1.6666666666666667,1899
39,772,11,14,0,84,0,0,0,0,0,42.0,1.2727272727272727,8492
43,817,2,5,1,67,0,1,0,0,0,33.7,2.5,1634
29,840,8,8,1,83,1,0,0,1,0,41.8,1.0,6720
26,621,8,7,1,69,1,1,1,0,0,35.0,0.875,4968
38,702,3,5,1,69,1,0,0,0,0,34.8,1.6666666666666667,2106
34,744,3,2,1,90,1,1,0,0,0,45.5,0.6666666666666666,2232
26,540,10,15,1,72,0,1,0,0,0,36.2,1.5,5400
28,641,2,5,0,69,0,0,0,0,0,34.5,2.5,1282
39,785,14,12,1,80,0,0,0,0,0,40.0,0.8571428571428571,10990
43,542,2,5,0,93,0,0,0,0,0,46.5,2.5,1084
37,821,4,6,0,61,0,0,0,0,0,30.5,1.5,3284
38,642,2,2,1,66,1,0,0,0,0,33.3,1.0,1284
31,749,12,13,1,75,1,0,0,0,0,37.8,1.0833333333333333,8988
35,767,11,11,1,61,0,0,0,0,0,30.5,1.0,8437
41,623,3,3,1,53,0,0,0,0,0,26.5,1.0,1869
45,875,14,12,1,64,0,0,0,0,0,32.0,0.8571428571428571,12250
22,653,1,3,1,63,0,0,0,0,0,31.5,3.0,653
35,652,11,10,0,89,0,0,0,0,0,44.5,0.9090909090909091,7172
43,699,3,6,1,91,0,0,1,0,0,45.5,2.0,2097
45,626,4,2,1,59,0,1,0,0,0,29.7,0.5,2504
39,701,14,12,1,79,0,0,0,0,0,39.5,0.8571428571428571,9814
28,636,3,2,1,78,0,0,0,0,0,39.0,0.6666666666666666,1908
37,780,12,15,1,75,1,0,0,0,0,37.8,1.25,9360
22,632,3,3,1,84,0,0,1,0,0,42.0,1.0,1896
35,812,3,4,1,76,0,0,0,0,0,38.0,1.3333333333333333,2436
44,587,12,15,0,94,0,1,0,0,1,47.2,1.25,7044
28,681,8,12,1,83,0,0,0,1,0,41.5,1.5,5448
34,696,4,2,0,89,0,0,0,1,0,44.5,0.5,2784
28,758,3,5,1,71,0,0,0,0,0,35.5,1.6666666666666667,2274
36,710,3,5,1,73,0,0,0,0,0,36.5,1.6666666666666667,2130
42,619,2,5,1,70,0,0,0,0,0,35.0,2.5,1238
35,621,4,4,1,84,1,0,0,1,0,42.3,1.0,2484
27,770,8,11,1,74,0,1,0,0,0,37.2,1.375,6160
30,782,2,3,0,76,1,0,1,0,0,38.3,1.5,1564
38,716,2,2,1,98,0,0,0,0,0,49.0,1.0,1432
26,699,1,4,1,59,1,0,0,0,0,29.8,4.0,699
40,675,4,4,0,85,0,0,0,1,0,42.5,1.0,2700
36,731,12,12,0,64,0,0,1,0,0,32.0,1.0,8772
37,702,4,6,0,89,1,1,1,1,0,45.0,1.5,2808
29,634,3,2,1,77,0,0,1,0,0,38.5,0.6666666666666666,1902
44,876,11,13,1,60,0,1,0,0,0,30.2,1.1818181818181819,9636
22,553,1,3,1,78,0,1,0,0,0,39.2,3.0,553
41,581,13,14,1,77,1,1,1,0,1,39.0,1.0769230769230769,7553
40,678,12,14,1,77,0,1,0,0,0,38.7,1.1666666666666667,8136
32,594,14,14,1,95,0,0,0,0,1,47.5,1.0,8316
31,829,2,2,0,73,0,0,0,0,0,36.5,1.0,1658
43,675,12,12,1,65,0,0,0,0,0,32.5,1.0,8100
34,689,2,2,1,71,0,0,0,0,0,35.5,1.0,1378
38,787,14,11,1,67,0,0,0,0,0,33.5,0.7857142857142857,11018
22,718,1,4,1,89,0,0,0,1,0,44.5,4.0,718
40,810,4,4,1,72,0,0,1,0,0,36.0,1.0,3240
35,768,2,3,0,63,0,0,0,0,0,31.5,1.5,1536
29,551,7,12,1,64,1,0,0,0,0,32.3,1.7142857142857142,3857
40,771,3,5,1,83,0,0,0,1,0,41.5,1.6666666666666667,2313
22,686,2,5,1,71,0,0,0,0,0,35.5,2.5,1372
31,867,2,6,0,86,0,1,0,0,0,43.2,3.0,1734
22,647,3,2,1,55,1,0,0,0,0,27.8,0.6666666666666666,1941
22,742,3,4,1,75,0,0,0,0,0,37.5,1.3333333333333333,2226
34,570,3,3,0,82,0,1,1,0,0,41.2,1.0,1710
40,750,13,15,0,71,0,0,0,0,0,35.5,1.1538461538461537,9750
44,623,12,13,1,76,0,0,0,0,0,38.0,1.0833333333333333,7476
25,601,3,4,0,49,0,0,0,0,0,24.5,1.3333333333333333,1803
40,727,4,3,1,67,0,0,0,0,0,33.5,0.75,2908
41,683,14,15,1,83,0,0,1,1,1,41.5,1.0714285714285714,9562
34,919,2,2,1,76,0,0,0,0,0,38.0,1.0,1838
29,801,1,4,0,76,1,0,1,0,0,38.3,4.0,801
30,648,13,13,1,84,0,0,0,1,1,42.0,1.0,8424
25,810,2,2,1,77,0,0,0,0,0,38.5,1.0,1620
23,884,2,4,1,63,0,0,0,0,0,31.5,2.0,1768
42,577,11,10,1,77,0,1,0,0,0,38.7,0.9090909090909091,6347
43,527,3,6,1,83,1,0,0,0,0,41.8,2.0,1581
31,734,12,10,1,73,0,0,1,0,0,36.5,0.8333333333333334,8808
44,628,13,13,1,83,0,0,0,1,1,41.5,1.0,8164
41,747,2,2,1,78,0,0,0,0,0,39.0,1.0,1494
38,791,3,5,1,74,0,0,0,0,0,37.0,1.6666666666666667,2373
38,614,4,4,1,64,0,0,0,0,0,32.0,1.0,2456
24,690,3,2,1,82,0,1,0,0,0,41.2,0.6666666666666666,2070
45,695,12,13,1,63,0,0,1,0,0,31.5,1.0833333333333333,8340
37,779,12,12,1,77,0,0,1,0,0,38.5,1.0,9348
31,782,11,10,1,67,0,0,0,0,0,33.5,0.9090909090909091,8602
37,714,3,5,1,76,0,0,0,0,0,38.0,1.6666666666666667,2142
45,821,14,15,1,74,0,0,1,0,1,37.0,1.0714285714285714,11494
44,707,4,3,1,73,0,0,0,0,0,36.5,0.75,2828
30,668,4,6,0,78,0,0,1,0,0,39.0,1.5,2672
24,788,3,6,1,86,0,0,0,0,0,43.0,2.0,2364
29,713,2,6,1,75,0,0,0,0,0,37.5,3.0,1426
37,577,3,3,1,79,0,0,0,0,0,39.5,1.0,1731
32,569,4,6,1,75,0,0,0,0,0,37.5,1.5,2276
33,623,14,11,0,92,0,0,1,1,1,46.0,0.7857142857142857,8722
43,919,14,15,1,68,0,0,0,0,0,34.0,1.0714285714285714,12866
39,684,2,3,1,77,1,0,0,0,0,38.8,1.5,1368
33,641,4,2,1,62,1,0,0,0,0,31.3,0.5,2564
34,711,3,3,1,99,0,0,0,0,0,49.5,1.0,2133
36,654,3,4,1,61,0,0,0,0,0,30.5,1.3333333333333333,1962
23,600,3,2,1,84,0,0,0,1,0,42.0,0.6666666666666666,1800
41,672,14,11,1,93,0,0,0,0,0,46.5,0.7857142857142857,9408
35,869,14,12,1,73,0,0,0,0,0,36.5,0.8571428571428571,12166
38,524,4,3,1,65,0,0,0,0,0,32.5,0.75,2096
26,678,6,11,0,72,0,0,0,0,0,36.0,1.8333333333333333,4068
39,788,14,15,1,66,1,0,0,0,0,33.3,1.0714285714285714,11032
41,605,4,4,1,66,0,0,0,0,0,33.0,1.0,2420
38,753,12,14,0,78,0,0,0,0,0,39.0,1.1666666666666667,9036
32,654,13,13,1,74,0,0,0,0,0,37.0,1.0,8502
27,782,10,13,0,67,0,0,0,0,0,33.5,1.3,7820
25,629,2,2,1,79,0,0,0,0,0,39.5,1.0,1258
41,834,2,4,1,93,1,0,0,0,0,46.8,2.0,1668
38,689,2,3,1,66,0,0,0,0,0,33.0,1.5,1378
32,755,11,13,1,64,1,0,0,0,0,32.3,1.1818181818181819,8305
32,743,3,4,1,100,0,0,0,0,0,50.0,1.3333333333333333,2229
41,688,13,14,0,91,0,1,0,1,1,45.7,1.0769230769230769,8944
41,597,14,15,1,82,0,0,0,1,0,41.0,1.0714285714285714,8358
40,821,14,12,1,71,0,1,0,0,1,35.7,0.8571428571428571,11494
29,897,3,6,1,82,0,1,0,1,0,41.2,2.0,2691
30,768,11,14,1,61,0,0,0,0,0,30.5,1.2727272727272727,8448
31,791,11,11,1,56,0,0,0,0,0,28.0,1.0,8701
23,613,3,6,1,66,0,0,0,0,0,33.0,2.0,1839
45,675,11,15,1,88,0,0,0,1,1,44.0,1.3636363636363635,7425
28,739,2,6,1,96,0,0,0,1,0,48.0,3.0,1478
41,666,2,5,1,80,0,0,0,0,0,40.0,2.5,1332
26,950,6,11,0,67,0,0,0,0,0,33.5,1.8333333333333333,5700
29,559,7,8,1,65,1,0,0,0,0,32.8,1.1428571428571428,3913
31,739,4,2,1,89,0,1,1,1,0,44.7,0.5,2956
30,825,14,15,1,78,0,0,1,0,1,39.0,1.0714285714285714,11550
24,743,3,4,0,54,1,1,0,0,0,27.5,1.3333333333333333,2229
32,737,11,14,1,74,1,0,0,0,0,37.3,1.2727272727272727,8107
30,675,3,5,1,69,0,0,0,0,0,34.5,1.6666666666666667,2025
25,804,10,10,1,72,0,0,0,0,0,36.0,1.0,8040
35,717,14,13,1,80,1,0,0,0,0,40.3,0.9285714285714286,10038
26,819,1,6,1,79,0,0,0,0,0,39.5,6.0,819
42,705,12,13,1,60,0,0,0,0,0,30.0,1.0833333333333333,8460
30,614,14,14,1,80,0,1,0,0,0,40.2,1.0,8596
27,750,9,12,0,79,0,0,1,0,0,39.5,1.3333333333333333,6750
30,667,14,12,1,84,0,1,0,0,0,42.2,0.8571428571428571,9338
38,776,4,3,1,98,0,0,0,0,0,49.0,0.75,3104
39,593,3,6,1,81,0,0,0,0,0,40.5,2.0,1779
22,811,2,5,1,86,0,0,0,0,0,43.0,2.5,1622
40,750,3,3,1,59,0,0,0,0,0,29.5,1.0,2250
43,513,12,14,1,67,0,1,0,0,0,33.7,1.1666666666666667,6156
24,714,5,2,1,74,0,0,0,0,0,37.0,0.4,3570
28,736,1,4,1,83,0,0,0,0,0,41.5,4.0,736
41,371,12,14,1,78,0,0,0,0,0,39.0,1.1666666666666667,4452
32,695,12,11,1,62,0,0,0,0,0,31.0,0.9166666666666666,8340
39,821,13,10,1,85,0,0,0,0,0,42.5,0.7692307692307693,10673
33,489,13,13,1,76,1,0,0,0,0,38.3,1.0,6357
32,726,4,3,0,69,0,0,0,0,0,34.5,0.75,2904
39,603,13,11,1,65,0,0,0,0,0,32.5,0.8461538461538461,7839
45,668,2,2,1,59,0,0,0,0,0,29.5,1.0,1336
43,780,4,6,1,61,0,0,0,0,0,30.5,1.5,3120
24,571,5,6,1,68,0,1,0,0,0,34.2,1.2,2855
25,788,9,9,1,78,0,0,0,0,0,39.0,1.0,7092
37,687,2,3,1,72,0,1,0,0,0,36.2,1.5,1374
24,668,1,3,1,83,0,0,0,0,0,41.5,3.0,668
31,785,11,13,1,63,1,0,0,0,0,31.8,1.1818181818181819,8635
44,828,13,13,1,69,0,0,0,0,0,34.5,1.0,10764
24,734,2,3,0,95,0,0,0,1,0,47.5,1.5,1468
29,703,2,3,1,75,0,0,0,0,0,37.5,1.5,1406
23,831,1,5,0,90,0,0,0,0,0,45.0,5.0,831
31,636,14,15,0,71,0,0,0,0,0,35.5,1.0714285714285714,8904
30,596,2,2,1,70,1,0,0,0,0,35.3,1.0,1192
28,670,10,15,1,62,0,0,0,0,0,31.0,1.5,6700
25,784,7,8,0,84,0,0,1,1,0,42.0,1.1428571428571428,5488
42,719,4,4,1,79,0,1,1,0,0,39.7,1.0,2876
31,845,3,6,0,73,0,1,0,0,0,36.7,2.0,2535
28,727,8,9,1,77,0,0,0,0,0,38.5,1.125,5816
30,577,12,11,1,70,0,1,1,0,0,35.2,0.9166666666666666,6924
34,726,3,6,1,75,0,0,0,0,0,37.5,2.0,2178
27,601,8,11,1,80,0,1,0,0,0,40.2,1.375,4808
24,697,2,4,0,65,0,0,0,0,0,32.5,2.0,1394
26,615,8,11,0,59,0,0,1,0,0,29.5,1.375,4920
26,764,10,11,1,72,0,0,0,0,0,36.0,1.1,7640
41,650,12,12,1,77,0,0,1,0,0,38.5,1.0,7800
35,950,11,12,1,91,1,0,0,0,1,45.8,1.0909090909090908,10450
39,619,3,6,1,70,0,1,0,0,0,35.2,2.0,1857
27,591,2,3,1,71,0,0,0,0,0,35.5,1.5,1182
32,683,2,6,1,80,0,1,0,0,0,40.2,3.0,1366
42,741,2,3,1,71,1,0,0,0,0,35.8,1.5,1482
41,754,2,2,1,75,0,0,0,0,0,37.5,1.0,1508
30,664,14,12,1,73,0,0,1,0,0,36.5,0.8571428571428571,9296
33,911,4,5,1,80,0,1,0,0,0,40.2,1.25,3644
37,604,4,4,1,68,0,0,0,0,0,34.0,1.0,2416
22,903,2,3,1,77,0,1,0,0,0,38.7,1.5,1806
30,716,11,13,1,84,0,1,0,1,1,42.2,1.1818181818181819,7876
38,766,13,13,1,73,1,0,0,0,0,36.8,1.0,9958
33,738,2,6,1,60,0,0,0,0,0,30.0,3.0,1476
41,820,4,5,1,61,0,0,0,0,0,30.5,1.25,3280
38,590,13,12,1,70,0,0,0,0,0,35.0,0.9230769230769231,7670
24,688,2,3,1,89,0,0,0,1,0,44.5,1.5,1376
42,664,13,14,1,78,0,0,0,0,0,39.0,1.0769230769230769,8632
44,715,4,6,1,83,0,1,0,1,0,41.7,1.5,2860
39,605,3,6,0,77,0,0,0,0,0,38.5,2.0,1815
38,640,12,15,1,66,0,0,1,0,0,33.0,1.25,7680
32,632,2,6,1,75,1,0,1,0,0,37.8,3.0,1264
29,693,2,2,1,82,0,0,0,1,0,41.0,1.0,1386
45,528,11,15,1,70,0,1,0,0,0,35.2,1.3636363636363635,5808
23,560,3,6,1,86,0,0,0,1,0,43.0,2.0,1680
34,594,4,6,0,80,0,1,0,0,0,40.2,1.5,2376
22,864,3,5,0,75,0,1,0,0,0,37.7,1.6666666666666667,2592
34,631,3,3,1,78,1,0,1,0,0,39.3,1.0,1893
40,722,11,10,1,74,0,0,0,0,0,37.0,0.9090909090909091,7942
31,741,4,5,0,65,0,0,0,0,0,32.5,1.25,2964
34,549,13,12,0,80,0,0,0,0,0,40.0,0.9230769230769231,7137
38,604,13,12,1,64,0,0,0,0,0,32.0,0.9230769230769231,7852
24,758,3,5,1,67,0,0,0,0,0,33.5,1.6666666666666667,2274
41,767,14,10,1,55,0,0,0,0,0,27.5,0.7142857142857143,10738
44,587,14,12,1,82,0,1,0,1,1,41.2,0.8571428571428571,8218
38,775,4,2,1,85,0,0,0,1,0,42.5,0.5,3100
45,609,2,6,1,78,0,0,0,0,0,39.0,3.0,1218
45,848,3,5,0,59,0,0,1,0,0,29.5,1.6666666666666667,2544
44,675,2,4,1,86,0,0,0,0,0,43.0,2.0,1350
42,440,4,6,1,83,0,0,0,0,0,41.5,1.5,1760
39,777,14,10,1,94,0,0,1,0,0,47.0,0.7142857142857143,10878
22,505,2,4,0,71,0,0,1,0,0,35.5,2.0,1010
40,735,3,2,1,69,0,0,0,0,0,34.5,0.6666666666666666,2205
29,623,3,2,1,81,1,0,0,0,0,40.8,0.6666666666666666,1869
26,682,8,7,1,75,0,0,1,0,0,37.5,0.875,5456
34,641,13,15,1,70,0,0,0,0,0,35.0,1.1538461538461537,8333
33,646,3,4,1,77,0,0,0,0,0,38.5,1.3333333333333333,1938
31,852,4,6,0,62,1,0,0,0,0,31.3,1.5,3408
22,628,1,4,1,73,0,1,0,0,0,36.7,4.0,628
27,634,8,8,1,68,0,0,0,0,0,34.0,1.0,5072
44,625,2,6,0,76,0,0,0,0,0,38.0,3.0,1250
25,721,3,2,0,59,0,0,1,0,0,29.5,0.6666666666666666,2163
44,790,13,12,0,72,0,1,0,0,0,36.2,0.9230769230769231,10270
25,739,3,5,1,67,0,0,0,0,0,33.5,1.6666666666666667,2217
39,692,14,14,1,57,0,1,0,0,0,28.7,1.0,9688
35,704,12,14,1,56,1,0,0,0,0,28.3,1.1666666666666667,8448
32,716,4,6,0,82,0,0,0,1,0,41.0,1.5,2864
28,711,10,13,0,75,1,1,0,0,1,38.0,1.3,7110
44,599,2,4,1,72,0,0,0,0,0,36.0,2.0,1198
37,660,14,11,1,69,0,1,1,0,0,34.7,0.7857142857142857,9240
38,709,11,14,1,62,0,0,0,0,0,31.0,1.2727272727272727,7799
25,597,2,4,0,74,0,0,0,0,0,37.0,2.0,1194
34,732,13,12,1,57,0,0,0,0,0,28.5,0.9230769230769231,9516
42,721,11,15,1,57,0,1,0,0,0,28.7,1.3636363636363635,7931
27,669,3,6,1,82,0,0,0,1,0,41.0,2.0,2007
36,642,2,2,1,73,0,0,0,0,0,36.5,1.0,1284
36,689,3,5,0,78,0,0,0,0,0,39.0,1.6666666666666667,2067
38,701,3,5,1,69,0,1,0,0,0,34.7,1.6666666666666667,2103
37,893,4,2,0,74,0,0,1,0,0,37.0,0.5,3572
36,817,2,3,1,76,0,0,0,0,0,38.0,1.5,1634
41,597,2,2,1,67,0,0,0,0,0,33.5,1.0,1194
39,747,11,10,0,92,0,0,0,1,1,46.0,0.9090909090909091,8217
36,799,3,5,1,92,0,0,0,0,0,46.0,1.6666666666666667,2397
38,749,4,6,1,72,0,0,0,0,0,36.0,1.5,2996
28,664,9,12,1,71,0,1,0,0,0,35.7,1.3333333333333333,5976
34,586,4,6,1,85,0,1,0,1,0,42.7,1.5,2344
30,526,4,4,1,94,0,1,0,0,0,47.2,1.0,2104
30,577,14,15,1,77,0,0,0,0,0,38.5,1.0714285714285714,8078
42,855,13,12,1,84,0,0,0,0,0,42.0,0.9230769230769231,11115
37,711,12,10,1,80,0,0,1,0,0,40.0,0.8333333333333334,8532
33,572,14,12,1,84,0,0,0,0,0,42.0,0.8571428571428571,8008
34,739,14,12,1,73,0,0,1,0,0,36.5,0.8571428571428571,10346
35,737,4,4,1,90,0,0,1,0,0,45.0,1.0,2948
35,715,2,4,1,60,0,1,0,0,0,30.2,2.0,1430
37,732,12,12,1,55,1,0,0,0,0,27.8,1.0,8784
41,708,11,12,1,72,0,0,1,0,0,36.0,1.0909090909090908,7788
38,737,13,15,1,77,0,0,0,0,0,38.5,1.1538461538461537,9581
25,671,3,3,1,83,0,0,0,0,0,41.5,1.0,2013
37,605,2,6,1,92,0,0,0,0,0,46.0,3.0,1210
23,733,2,6,1,59,1,1,0,0,0,30.0,3.0,1466
27,757,6,12,1,85,0,0,0,1,1,42.5,2.0,4542
22,753,1,5,1,68,0,0,1,0,0,34.0,5.0,753
28,763,10,11,0,67,1,1,1,0,0,34.0,1.1,7630
31,705,2,5,1,80,0,0,0,0,0,40.0,2.5,1410
39,563,12,14,0,75,0,0,0,0,0,37.5,1.1666666666666667,6756
28,667,2,5,0,74,0,0,0,0,0,37.0,2.5,1334
22,595,3,6,1,76,0,0,0,0,0,38.0,2.0,1785
25,643,2,4,1,64,0,0,0,0,0,32.0,2.0,1286
29,920,7,12,1,84,0,0,1,0,0,42.0,1.7142857142857142,6440
29,630,7,12,1,68,0,0,0,0,0,34.0,1.7142857142857142,4410
38,677,2,6,1,69,1,0,1,0,0,34.8,3.0,1354
31,902,14,12,1,87,1,0,0,0,1,43.8,0.8571428571428571,12628
38,703,4,3,1,75,0,0,0,0,0,37.5,0.75,2812
26,680,8,11,1,72,0,0,0,0,0,36.0,1.375,5440
34,747,13,15,1,72,0,1,0,0,0,36.2,1.1538461538461537,9711
25,735,10,11,1,65,0,0,0,0,0,32.5,1.1,7350
37,768,13,15,1,57,0,0,0,0,0,28.5,1.1538461538461537,9984
39,950,4,4,1,90,0,0,0,0,0,45.0,1.0,3800
44,681,4,3,1,52,0,0,0,0,0,26.0,0.75,2724
25,826,2,5,1,91,0,0,0,0,0,45.5,2.5,1652
36,612,13,10,1,91,0,0,0,0,0,45.5,0.7692307692307693,7956
33,808,11,12,1,65,0,0,0,0,0,32.5,1.0909090909090908,8888
32,764,2,6,0,64,1,0,1,0,0,32.3,3.0,1528
45,868,12,10,1,54,0,0,0,0,0,27.0,0.8333333333333334,10416
35,542,13,13,1,60,0,0,0,0,0,30.0,1.0,7046
24,778,1,4,1,67,0,1,0,0,0,33.7,4.0,778
35,669,2,4,1,61,0,0,0,0,0,30.5,2.0,1338
35,910,11,10,1,85,0,0,0,0,0,42.5,0.9090909090909091,10010
41,750,12,10,0,77,0,0,0,0,0,38.5,0.8333333333333334,9000
35,651,2,3,1,66,0,1,0,0,0,33.2,1.5,1302
45,886,11,12,0,65,0,1,0,0,0,32.7,1.0909090909090908,9746
42,814,13,13,1,68,1,1,0,0,1,34.5,1.0,10582
45,709,12,12,1,61,0,0,1,0,0,30.5,1.0,8508
36,644,14,14,1,86,0,0,0,0,1,43.0,1.0,9016
35,599,2,3,0,90,0,0,1,0,0,45.0,1.5,1198
44,861,3,2,1,79,0,0,0,0,0,39.5,0.6666666666666666,2583
37,538,13,10,1,77,1,0,0,0,0,38.8,0.7692307692307693,6994
41,817,4,3,0,77,0,0,1,0,0,38.5,0.75,3268
32,646,4,5,1,76,0,0,0,0,0,38.0,1.25,2584
25,689,1,2,1,63,0,0,1,0,0,31.5,2.0,689
31,771,11,11,1,74,0,1,1,0,0,37.2,1.0,8481
25,531,6,10,1,78,0,1,0,0,0,39.2,1.6666666666666667,3186
32,737,3,2,1,71,1,0,0,0,0,35.8,0.6666666666666666,2211
31,610,4,5,1,100,1,1,0,1,0,50.5,1.25,2440
28,775,2,5,1,91,0,1,0,0,0,45.7,2.5,1550
22,567,1,2,1,89,0,0,0,1,0,44.5,2.0,567
32,631,12,13,1,80,1,0,0,0,0,40.3,1.0833333333333333,7572
42,730,11,15,1,66,0,0,0,0,0,33.0,1.3636363636363635,8030
27,876,1,3,1,65,1,0,0,0,0,32.8,3.0,876
23,791,1,4,1,68,0,0,1,0,0,34.0,4.0,791
29,707,8,12,1,69,0,0,0,0,0,34.5,1.5,5656
30,724,13,15,1,67,0,0,0,0,0,33.5,1.1538461538461537,9412
45,722,11,12,1,69,0,0,0,0,0,34.5,1.0909090909090908,7942
35,621,4,3,1,75,0,1,0,0,0,37.7,0.75,2484
41,677,14,10,1,77,0,1,0,0,0,38.7,0.7142857142857143,9478
26,839,9,9,0,73,1,0,0,0,0,36.8,1.0,7551
37,759,3,5,1,62,0,0,0,0,0,31.0,1.6666666666666667,2277
31,771,2,4,1,67,0,0,0,0,0,33.5,2.0,1542
36,764,4,2,1,66,0,0,0,0,0,33.0,0.5,3056
24,799,3,2,1,51,1,1,0,0,0,26.0,0.6666666666666666,2397
34,767,11,12,1,66,1,0,0,0,0,33.3,1.0909090909090908,8437
31,636,3,5,1,84,0,0,0,1,0,42.0,1.6666666666666667,1908
27,671,9,12,0,74,0,1,1,0,0,37.2,1.3333333333333333,6039
38,604,11,12,1,75,0,0,1,0,0,37.5,1.0909090909090908,6644
31,769,3,4,0,70,1,1,0,0,0,35.5,1.3333333333333333,2307
30,672,13,10,1,86,0,1,1,1,1,43.2,0.7692307692307693,8736
43,813,3,2,0,70,1,0,0,0,0,35.3,0.6666666666666666,2439
28,736,3,4,1,68,0,1,0,0,0,34.2,1.3333333333333333,2208
43,628,14,10,1,67,0,0,1,0,0,33.5,0.7142857142857143,8792
27,651,3,3,1,87,0,1,1,1,0,43.7,1.0,1953
26,720,9,9,1,80,0,1,1,0,0,40.2,1.0,6480
43,748,3,2,1,68,0,0,0,0,0,34.0,0.6666666666666666,2244
45,612,4,4,1,89,0,0,0,0,0,44.5,1.0,2448
45,830,3,4,1,96,1,1,0,1,0,48.5,1.3333333333333333,2490
38,726,3,5,1,84,1,0,1,1,0,42.3,1.6666666666666667,2178
41,582,12,11,1,65,0,1,0,0,0,32.7,0.9166666666666666,6984
23,621,3,4,1,60,1,0,0,0,0,30.3,1.3333333333333333,1863
45,718,13,10,1,61,1,0,0,0,0,30.8,0.7692307692307693,9334
43,709,3,2,1,84,0,0,0,0,0,42.0,0.6666666666666666,2127
45,664,11,11,1,79,0,0,0,0,0,39.5,1.0,7304
27,844,7,11,1,74,1,1,0,0,0,37.5,1.5714285714285714,5908
43,762,12,15,1,81,0,0,1,1,1,40.5,1.25,9144
24,950,5,5,0,67,0,1,0,0,0,33.7,1.0,4750
39,792,3,2,1,84,0,0,1,1,0,42.0,0.6666666666666666,2376
35,618,13,11,1,70,0,0,0,0,0,35.0,0.8461538461538461,8034
34,808,11,13,1,62,0,0,0,0,0,31.0,1.1818181818181819,8888
42,727,13,15,1,77,0,0,0,0,0,38.5,1.1538461538461537,9451
41,620,14,14,1,87,0,0,0,0,1,43.5,1.0,8680
31,702,13,15,1,56,0,0,0,0,0,28.0,1.1538461538461537,9126
39,778,2,5,1,61,0,0,1,0,0,30.5,2.5,1556
41,905,13,14,1,77,0,0,0,0,0,38.5,1.0769230769230769,11765
22,667,1,3,1,61,1,0,0,0,0,30.8,3.0,667
25,560,2,6,1,79,0,0,0,0,0,39.5,3.0,1120
43,842,2,4,1,94,1,0,0,0,0,47.3,2.0,1684
24,695,2,3,1,72,0,0,0,0,0,36.0,1.5,1390
35,592,11,12,1,67,0,1,0,0,0,33.7,1.0909090909090908,6512
45,556,11,11,0,67,0,0,0,0,0,33.5,1.0,6116
34,729,11,14,1,78,0,0,0,0,0,39.0,1.2727272727272727,8019
22,740,3,6,1,63,0,0,0,0,0,31.5,2.0,2220
40,752,14,15,1,71,1,0,0,0,0,35.8,1.0714285714285714,10528
36,778,13,10,1,68,0,0,1,0,0,34.0,0.7692307692307693,10114
34,731,4,4,1,77,0,0,0,0,0,38.5,1.0,2924
44,811,2,3,1,100,0,1,0,0,0,50.2,1.5,1622
40,751,14,10,1,55,0,0,0,0,0,27.5,0.7142857142857143,10514
36,605,2,2,1,89,0,0,0,0,0,44.5,1.0,1210
24,680,1,6,0,80,0,0,0,0,0,40.0,6.0,680
30,641,13,14,1,74,0,0,1,0,0,37.0,1.0769230769230769,8333
45,640,2,5,1,68,0,0,0,0,0,34.0,2.5,1280
36,668,4,3,1,56,0,0,0,0,0,28.0,0.75,2672
23,685,1,4,1,81,0,1,0,1,0,40.7,4.0,685
42,772,11,11,1,55,0,0,0,0,0,27.5,1.0,8492
40,658,12,14,0,74,1,1,0,0,1,37.5,1.1666666666666667,7896
25,750,3,2,0,60,0,1,0,0,0,30.2,0.6666666666666666,2250
33,626,14,11,1,75,0,0,0,0,0,37.5,0.7857142857142857,8764
25,685,2,2,0,61,0,1,0,0,0,30.7,1.0,1370
44,777,14,13,1,75,0,0,0,0,0,37.5,0.9285714285714286,10878
31,602,13,11,1,59,1,1,0,0,0,30.0,0.8461538461538461,7826
45,637,14,15,1,75,0,1,0,0,0,37.7,1.0714285714285714,8918
37,812,13,13,1,68,0,0,0,0,0,34.0,1.0,10556
38,704,4,6,1,82,0,0,0,0,0,41.0,1.5,2816
34,866,11,13,1,74,0,0,0,0,0,37.0,1.1818181818181819,9526
32,647,3,6,0,80,0,0,1,0,0,40.0,2.0,1941
39,595,4,2,1,68,1,0,0,0,0,34.3,0.5,2380
45,686,13,13,1,74,0,0,0,0,0,37.0,1.0,8918
22,868,4,5,1,83,0,0,0,1,0,41.5,1.25,3472
31,669,3,2,1,81,0,0,0,0,0,40.5,0.6666666666666666,2007
23,711,1,6,0,67,0,0,0,0,0,33.5,6.0,711
26,674,2,2,1,81,0,0,0,1,0,40.5,1.0,1348
24,742,1,2,1,63,1,0,0,0,0,31.8,2.0,742
28,649,2,3,1,95,1,0,0,0,0,47.8,1.5,1298
22,576,5,3,1,73,0,0,1,0,0,36.5,0.6,2880
34,704,12,14,1,82,0,0,0,1,1,41.0,1.1666666666666667,8448
38,725,4,4,1,82,0,0,0,0,0,41.0,1.0,2900
40,681,3,5,1,83,0,0,0,1,0,41.5,1.6666666666666667,2043
34,735,11,15,1,57,0,0,0,0,0,28.5,1.3636363636363635,8085
40,603,4,6,1,68,0,0,0,0,0,34.0,1.5,2412
44,785,12,11,1,79,0,0,0,0,0,39.5,0.9166666666666666,9420
40,653,4,3,0,71,0,0,0,0,0,35.5,0.75,2612
32,753,11,11,1,58,0,0,1,0,0,29.0,1.0,8283
35,721,4,5,1,57,0,0,0,0,0,28.5,1.25,2884
36,617,13,12,1,73,0,0,0,0,0,36.5,0.9230769230769231,8021
35,657,4,6,1,58,0,0,0,0,0,29.0,1.5,2628
27,733,1,5,1,84,0,0,0,1,0,42.0,5.0,733
31,601,12,15,1,65,0,0,0,0,0,32.5,1.25,7212
42,609,4,5,1,73,0,0,0,0,0,36.5,1.25,2436
33,740,13,11,1,75,1,1,1,0,0,38.0,0.8461538461538461,9620
38,822,4,2,1,67,0,0,0,0,0,33.5,0.5,3288
30,690,11,13,1,66,0,0,1,0,0,33.0,1.1818181818181819,7590
41,776,4,6,1,91,0,0,0,1,0,45.5,1.5,3104
26,696,3,2,1,76,0,0,0,0,0,38.0,0.6666666666666666,2088
45,551,13,11,1,78,0,0,0,0,0,39.0,0.8461538461538461,7163
38,755,3,4,1,62,0,1,0,0,0,31.2,1.3333333333333333,2265
33,677,12,10,1,65,0,0,1,0,0,32.5,0.8333333333333334,8124
43,821,3,4,1,78,0,0,0,0,0,39.0,1.3333333333333333,2463
24,518,1,2,1,67,1,0,0,0,0,33.8,2.0,518
38,831,12,13,0,61,0,0,0,0,0,30.5,1.0833333333333333,9972
36,827,2,5,1,84,0,0,0,0,0,42.0,2.5,1654
38,913,4,4,1,63,0,1,0,0,0,31.7,1.0,3652
43,744,2,2,1,69,0,0,0,0,0,34.5,1.0,1488
29,645,6,7,1,62,0,0,0,0,0,31.0,1.1666666666666667,3870
40,631,14,10,1,80,0,1,0,0,0,40.2,0.7142857142857143,8834
30,796,4,4,0,50,0,1,0,0,0,25.2,1.0,3184
29,696,8,9,1,64,0,0,0,0,0,32.0,1.125,5568
26,678,2,2,1,58,0,1,0,0,0,29.2,1.0,1356
39,696,4,4,1,73,0,0,1,0,0,36.5,1.0,2784
39,688,14,12,1,74,0,0,0,0,0,37.0,0.8571428571428571,9632
36,655,2,5,1,85,1,0,0,1,0,42.8,2.5,1310
39,824,12,14,0,76,0,0,0,0,0,38.0,1.1666666666666667,9888
39,895,14,13,1,79,0,0,0,0,0,39.5,0.9285714285714286,12530
27,817,6,10,1,71,1,0,0,0,0,35.8,1.6666666666666667,4902
33,950,13,13,1,77,1,0,0,0,1,38.8,1.0,12350
41,665,3,3,0,80,0,0,0,0,0,40.0,1.0,1995
35,820,2,3,1,69,0,0,0,0,0,34.5,1.5,1640
27,833,7,11,0,79,0,0,1,0,0,39.5,1.5714285714285714,5831
33,866,13,10,1,71,0,0,0,0,0,35.5,0.7692307692307693,11258
25,632,6,11,1,82,0,0,0,1,0,41.0,1.8333333333333333,3792
27,798,1,6,1,67,0,1,0,0,0,33.7,6.0,798
31,584,14,11,1,88,0,0,0,1,0,44.0,0.7857142857142857,8176
40,527,4,3,1,88,0,0,1,0,0,44.0,0.75,2108
37,784,11,11,1,57,1,0,0,0,0,28.8,1.0,8624
39,624,11,14,1,73,1,0,0,0,0,36.8,1.2727272727272727,6864
36,690,4,2,1,80,1,1,0,0,0,40.5,0.5,2760
37,717,4,3,1,73,0,0,1,0,0,36.5,0.75,2868
45,634,13,10,1,63,1,0,0,0,0,31.8,0.7692307692307693,8242
39,684,11,10,1,85,1,0,0,0,0,42.8,0.9090909090909091,7524
40,748,3,2,0,92,0,1,0,1,0,46.2,0.6666666666666666,2244
28,696,9,12,1,81,0,0,0,0,0,40.5,1.3333333333333333,6264
40,860,12,10,1,62,0,0,0,0,0,31.0,0.8333333333333334,10320
39,563,3,4,1,84,1,0,0,1,0,42.3,1.3333333333333333,1689
38,841,12,10,0,56,0,0,0,0,0,28.0,0.8333333333333334,10092
33,769,14,13,0,75,0,0,0,0,0,37.5,0.9285714285714286,10766
23,753,5,5,1,94,0,0,0,1,0,47.0,1.0,3765
26,853,10,14,0,70,0,1,0,0,1,35.2,1.4,8530
35,718,4,5,1,61,1,0,1,0,0,30.8,1.25,2872
23,553,1,5,0,86,0,0,0,0,0,43.0,5.0,553
41,843,3,3,1,82,1,1,0,0,0,41.5,1.0,2529
26,669,3,3,1,91,0,0,0,0,0,45.5,1.0,2007
42,617,13,14,1,64,0,0,0,0,0,32.0,1.0769230769230769,8021
38,682,2,6,1,66,1,0,0,0,0,33.3,3.0,1364
39,514,11,14,1,72,0,0,0,0,0,36.0,1.2727272727272727,5654
44,776,3,6,1,89,0,0,0,1,0,44.5,2.0,2328
23,835,5,3,0,68,0,0,0,0,0,34.0,0.6,4175
41,592,3,3,1,93,0,1,0,1,0,46.7,1.0,1776
37,541,4,4,1,76,0,1,0,0,0,38.2,1.0,2164
26,673,2,5,1,64,0,0,0,0,0,32.0,2.5,1346
24,587,2,6,1,65,0,0,0,0,0,32.5,3.0,1174
22,681,3,2,1,80,1,0,0,0,0,40.3,0.6666666666666666,2043
30,815,4,4,1,99,0,1,0,1,0,49.7,1.0,3260
42,703,13,15,0,75,0,0,0,0,0,37.5,1.1538461538461537,9139
44,598,12,11,1,69,1,0,0,0,0,34.8,0.9166666666666666,7176
35,840,14,11,1,83,0,0,0,0,0,41.5,0.7857142857142857,11760
42,599,11,15,1,77,0,0,0,0,0,38.5,1.3636363636363635,6589
37,601,2,4,1,82,0,1,1,0,0,41.2,2.0,1202
28,729,7,9,1,77,0,0,0,0,0,38.5,1.2857142857142858,5103
29,741,8,12,1,84,0,0,0,1,0,42.0,1.5,5928
33,928,14,15,1,76,0,0,0,0,0,38.0,1.0714285714285714,12992
40,770,11,15,1,76,0,0,1,0,0,38.0,1.3636363636363635,8470
23,618,2,4,1,68,1,0,0,0,0,34.3,2.0,1236
24,627,1,5,1,64,0,0,0,0,0,32.0,5.0,627
39,718,14,15,0,72,1,0,0,0,0,36.3,1.0714285714285714,10052
37,687,4,5,1,65,0,0,0,0,0,32.5,1.25,2748
45,597,11,11,1,79,0,0,0,0,0,39.5,1.0,6567
45,659,14,10,1,65,1,0,0,0,0,32.8,0.7142857142857143,9226
26,798,1,3,1,72,1,0,0,0,0,36.3,3.0,798
37,740,4,2,0,76,0,0,0,0,0,38.0,0.5,2960
38,760,13,15,1,55,0,0,0,0,0,27.5,1.1538461538461537,9880
42,587,14,14,0,69,0,0,1,0,0,34.5,1.0,8218
30,600,13,13,1,77,0,0,0,0,0,38.5,1.0,7800
25,501,10,10,0,70,1,1,0,0,0,35.5,1.0,5010
44,564,3,2,0,65,0,0,0,0,0,32.5,0.6666666666666666,1692
25,588,7,7,0,59,0,0,0,0,0,29.5,1.0,4116
41,723,14,14,1,69,1,0,0,0,0,34.8,1.0,10122
34,763,14,13,1,89,0,0,0,1,1,44.5,0.9285714285714286,10682
41,785,3,2,1,80,0,0,0,0,0,40.0,0.6666666666666666,2355
42,843,12,11,0,75,1,0,0,0,0,37.8,0.9166666666666666,10116
37,842,2,5,1,84,0,0,0,1,0,42.0,2.5,1684
34,656,14,12,1,81,0,0,0,0,0,40.5,0.8571428571428571,9184
34,709,3,4,1,78,0,0,0,0,0,39.0,1.3333333333333333,2127
40,748,11,14,1,65,0,0,0,0,0,32.5,1.2727272727272727,8228
24,749,2,3,1,79,0,0,0,0,0,39.5,1.5,1498
43,679,13,13,0,78,0,0,0,0,0,39.0,1.0,8827
31,596,4,5,0,56,0,0,0,0,0,28.0,1.25,2384
29,573,9,12,1,90,0,0,0,1,0,45.0,1.3333333333333333,5157
31,810,12,10,1,65,0,0,0,0,0,32.5,0.8333333333333334,9720
44,757,4,2,1,70,0,0,0,0,0,35.0,0.5,3028
45,848,11,14,1,70,1,0,0,0,1,35.3,1.2727272727272727,9328
30,472,2,4,1,68,1,0,0,0,0,34.3,2.0,944
36,714,4,3,1,81,0,0,1,1,0,40.5,0.75,2856
31,868,12,10,1,85,1,0,0,1,1,42.8,0.8333333333333334,10416
29,606,8,9,1,99,0,0,0,1,0,49.5,1.125,4848
45,706,4,3,1,70,0,0,0,0,0,35.0,0.75,2824
31,714,4,6,1,74,1,0,1,0,0,37.3,1.5,2856
31,872,12,14,1,67,0,0,0,0,0,33.5,1.1666666666666667,10464
24,420,5,4,1,66,0,0,0,0,0,33.0,0.8,2100
25,645,7,12,1,69,0,0,0,0,0,34.5,1.7142857142857142,4515
34,572,14,15,0,48,1,1,0,0,0,24.5,1.0714285714285714,8008
38,826,4,3,1,81,0,0,0,1,0,40.5,0.75,3304
42,772,2,3,0,72,0,1,0,0,0,36.2,1.5,1544
30,739,4,5,1,75,0,1,0,0,0,37.7,1.25,2956
33,710,3,6,1,96,0,0,0,1,0,48.0,2.0,2130
25,677,2,4,0,78,1,1,0,0,0,39.5,2.0,1354
43,766,14,15,1,65,0,0,1,0,0,32.5,1.0714285714285714,10724
36,737,2,2,1,62,0,0,0,0,0,31.0,1.0,1474
39,736,2,4,0,79,1,1,0,0,0,40.0,2.0,1472
34,715,2,4,1,66,0,0,0,0,0,33.0,2.0,1430
30,605,4,4,0,84,0,1,0,0,0,42.2,1.0,2420
39,753,14,14,1,75,0,0,0,0,0,37.5,1.0,10542
32,826,13,15,1,53,0,0,1,0,0,26.5,1.1538461538461537,10738
27,511,7,9,1,64,0,0,0,0,0,32.0,1.2857142857142858,3577
37,549,4,5,1,66,0,0,0,0,0,33.0,1.25,2196
41,621,13,12,1,53,0,0,0,0,0,26.5,0.9230769230769231,8073
24,714,5,2,1,68,0,1,1,0,0,34.2,0.4,3570
30,530,11,14,1,66,0,0,0,0,0,33.0,1.2727272727272727,5830
23,684,4,4,1,73,1,0,0,0,0,36.8,1.0,2736
23,616,3,4,1,67,0,0,0,0,0,33.5,1.3333333333333333,1848
26,520,3,5,1,81,0,0,1,0,0,40.5,1.6666666666666667,1560
23,742,1,2,1,58,0,0,1,0,0,29.0,2.0,742
38,819,2,5,1,76,0,0,0,0,0,38.0,2.5,1638
28,649,8,12,1,71,1,0,0,0,0,35.8,1.5,5192
43,656,12,15,1,73,0,0,1,0,0,36.5,1.25,7872
34,543,13,10,1,74,1,0,0,0,0,37.3,0.7692307692307693,7059
33,670,14,12,1,71,0,0,0,0,0,35.5,0.8571428571428571,9380
23,655,3,2,0,78,0,0,0,0,0,39.0,0.6666666666666666,1965
32,603,3,3,1,78,1,1,0,0,0,39.5,1.0,1809
23,789,1,6,1,78,0,0,0,0,0,39.0,6.0,789
33,766,3,4,1,85,0,1,0,1,0,42.7,1.3333333333333333,2298
22,635,2,4,0,90,0,1,0,0,0,45.2,2.0,1270
31,663,12,14,1,91,0,0,1,1,1,45.5,1.1666666666666667,7956
38,647,3,2,1,75,0,0,0,0,0,37.5,0.6666666666666666,1941
45,942,12,10,1,67,0,1,0,0,0,33.7,0.8333333333333334,11304
31,865,2,4,1,78,0,0,0,0,0,39.0,2.0,1730
35,606,11,13,1,79,0,0,0,0,0,39.5,1.1818181818181819,6666
31,559,12,10,1,64,1,0,0,0,0,32.3,0.8333333333333334,6708
31,746,12,10,0,80,0,0,0,0,0,40.0,0.8333333333333334,8952
22,706,2,4,1,72,0,1,0,0,0,36.2,2.0,1412
34,761,2,2,0,73,0,0,0,0,0,36.5,1.0,1522
36,740,11,15,0,93,1,0,0,1,1,46.8,1.3636363636363635,8140
45,950,12,10,1,74,0,0,0,0,0,37.0,0.8333333333333334,11400
35,735,4,5,1,76,0,1,1,0,0,38.2,1.25,2940
28,812,1,4,0,62,0,0,0,0,0,31.0,4.0,812
27,746,1,3,1,61,0,0,1,0,0,30.5,3.0,746
22,737,4,4,1,79,1,0,0,0,0,39.8,1.0,2948
35,712,11,10,0,81,1,0,0,0,0,40.8,0.9090909090909091,7832
26,866,7,7,1,71,0,0,1,0,0,35.5,1.0,6062
32,840,2,5,0,61,0,1,0,0,0,30.7,2.5,1680
39,827,12,12,1,80,1,0,0,0,1,40.3,1.0,9924
42,674,11,10,1,83,0,1,0,0,0,41.7,0.9090909090909091,7414
43,770,4,3,1,87,0,1,0,0,0,43.7,0.75,3080
44,748,2,3,0,72,0,1,0,0,0,36.2,1.5,1496
30,640,2,5,1,79,0,0,0,0,0,39.5,2.5,1280
37,633,12,13,0,73,0,0,0,0,0,36.5,1.0833333333333333,7596
31,714,4,6,1,72,0,0,0,0,0,36.0,1.5,2856
40,652,2,2,0,83,1,0,1,1,0,41.8,1.0,1304
43,639,11,13,1,80,1,1,0,0,1,40.5,1.1818181818181819,7029
27,630,3,6,0,63,0,0,1,0,0,31.5,2.0,1890
39,700,11,14,1,70,0,1,0,0,0,35.2,1.2727272727272727,7700
41,697,14,12,1,86,0,0,0,1,1,43.0,0.8571428571428571,9758
32,508,2,5,1,67,0,0,0,0,0,33.5,2.5,1016
22,588,3,6,0,78,0,0,0,0,0,39.0,2.0,1764
42,631,4,4,1,54,0,0,0,0,0,27.0,1.0,2524
31,773,11,12,1,59,1,0,0,0,0,29.8,1.0909090909090908,8503
44,746,4,6,1,65,0,0,0,0,0,32.5,1.5,2984
35,793,4,4,1,72,0,1,0,0,0,36.2,1.0,3172
39,744,2,5,1,72,0,0,0,0,0,36.0,2.5,1488
36,733,11,13,1,75,0,0,0,0,0,37.5,1.1818181818181819,8063
27,589,10,12,1,80,0,0,1,0,0,40.0,1.2,5890
23,545,4,2,1,76,0,0,0,0,0,38.0,0.5,2180
26,818,2,2,1,93,0,0,1,0,0,46.5,1.0,1636
23,896,1,5,1,65,0,1,0,0,0,32.7,5.0,896
31,645,3,3,1,64,0,0,0,0,0,32.0,1.0,1935
44,886,4,3,1,82,0,1,0,0,0,41.2,0.75,3544
29,753,8,10,1,68,0,0,0,0,0,34.0,1.25,6024
41,784,13,15,1,75,0,0,1,0,0,37.5,1.1538461538461537,10192
25,778,6,7,1,58,0,0,0,0,0,29.0,1.1666666666666667,4668
23,658,2,2,1,98,0,0,0,1,0,49.0,1.0,1316
24,746,3,6,1,81,0,0,0,0,0,40.5,2.0,2238
44,675,2,4,1,82,0,0,0,0,0,41.0,2.0,1350
25,618,8,9,1,73,0,1,1,0,0,36.7,1.125,4944
27,718,8,12,0,64,1,1,0,0,0,32.5,1.5,5744
43,729,2,2,1,62,0,0,1,0,0,31.0,1.0,1458
39,717,2,6,1,66,0,0,1,0,0,33.0,3.0,1434
39,607,3,6,1,79,0,0,0,0,0,39.5,2.0,1821
22,752,1,3,1,72,0,0,0,0,0,36.0,3.0,752
25,836,10,10,1,74,1,0,1,0,0,37.3,1.0,8360
34,827,11,11,1,74,0,0,1,0,0,37.0,1.0,9097
43,621,3,3,1,65,1,0,0,0,0,32.8,1.0,1863
30,574,2,6,1,74,0,0,0,0,0,37.0,3.0,1148
41,765,12,14,0,81,0,0,0,0,0,40.5,1.1666666666666667,9180
43,775,2,5,1,76,0,0,0,0,0,38.0,2.5,1550
28,649,3,3,1,83,0,0,0,1,0,41.5,1.0,1947
43,653,2,4,1,67,0,0,0,0,0,33.5,2.0,1306
22,503,2,2,1,59,1,0,0,0,0,29.8,1.0,1006
23,752,2,3,1,75,0,1,0,0,0,37.7,1.5,1504
44,893,2,3,1,87,1,0,0,1,0,43.8,1.5,1786
42,663,4,4,1,67,0,0,0,0,0,33.5,1.0,2652
42,751,14,11,1,70,1,0,0,0,0,35.3,0.7857142857142857,10514
24,699,1,6,1,71,0,0,0,0,0,35.5,6.0,699
31,791,2,6,1,84,0,0,0,0,0,42.0,3.0,1582
40,653,3,3,1,85,0,0,0,0,0,42.5,1.0,1959
23,889,2,2,1,62,0,1,1,0,0,31.2,1.0,1778
30,718,2,3,0,73,0,0,0,0,0,36.5,1.5,1436
30,770,12,13,1,58,0,0,0,0,0,29.0,1.0833333333333333,9240
35,804,3,2,1,72,0,1,0,0,0,36.2,0.6666666666666666,2412
30,605,4,3,0,89,0,0,1,1,0,44.5,0.75,2420
35,668,3,6,1,80,0,0,0,0,0,40.0,2.0,2004
41,840,4,6,0,78,0,0,1,0,0,39.0,1.5,3360
45,619,14,14,0,76,0,0,0,0,0,38.0,1.0,8666
24,635,1,5,1,80,0,0,0,0,0,40.0,5.0,635
23,620,4,3,1,95,0,0,0,1,0,47.5,0.75,2480
28,671,7,11,0,81,0,0,0,1,0,40.5,1.5714285714285714,4697
28,611,7,12,1,64,1,1,0,0,0,32.5,1.7142857142857142,4277
43,688,2,5,1,92,0,0,0,0,0,46.0,2.5,1376
41,464,3,6,1,92,1,0,0,0,0,46.3,2.0,1392
36,885,13,15,1,78,1,0,0,0,1,39.3,1.1538461538461537,11505
33,688,2,3,1,66,0,0,0,0,0,33.0,1.5,1376
22,559,3,6,1,78,0,0,1,0,0,39.0,2.0,1677
42,551,14,14,1,84,0,0,0,0,0,42.0,1.0,7714
30,637,4,4,1,58,1,0,0,0,0,29.3,1.0,2548
33,638,14,13,0,72,0,0,0,0,0,36.0,0.9285714285714286,8932
23,748,2,4,1,64,0,1,0,0,0,32.2,2.0,1496
33,643,12,15,1,74,0,0,0,0,0,37.0,1.25,7716
35,560,12,15,1,76,0,0,1,0,0,38.0,1.25,6720
28,478,9,8,1,69,0,0,0,0,0,34.5,0.8888888888888888,4302
23,648,5,4,1,72,0,0,0,0,0,36.0,0.8,3240
26,730,9,11,1,73,0,0,0,0,0,36.5,1.2222222222222223,6570
37,613,11,13,1,66,0,0,1,0,0,33.0,1.1818181818181819,6743
24,670,5,4,1,85,0,1,1,1,0,42.7,0.8,3350
29,734,3,4,1,61,0,0,0,0,0,30.5,1.3333333333333333,2202
29,734,1,2,1,76,1,0,0,0,0,38.3,2.0,734
23,643,1,3,1,81,1,0,0,0,0,40.8,3.0,643
24,549,3,5,1,82,0,1,0,0,0,41.2,1.6666666666666667,1647
42,626,11,14,0,82,0,0,0,0,0,41.0,1.2727272727272727,6886
23,907,1,6,1,66,0,0,0,0,0,33.0,6.0,907
28,828,3,5,1,88,0,0,0,1,0,44.0,1.6666666666666667,2484
25,587,8,12,1,67,0,0,0,0,0,33.5,1.5,4696
23,548,2,4,1,76,0,0,0,0,0,38.0,2.0,1096
29,632,3,5,1,73,0,1,0,0,0,36.7,1.6666666666666667,1896
34,617,13,10,1,57,0,0,0,0,0,28.5,0.7692307692307693,8021
32,925,4,2,1,74,0,1,0,0,0,37.2,0.5,3700
26,712,8,7,1,59,0,0,0,0,0,29.5,0.875,5696
41,781,13,12,1,77,0,0,0,0,0,38.5,0.9230769230769231,10153
26,705,6,8,1,77,0,0,1,0,0,38.5,1.3333333333333333,4230
28,855,8,8,1,82,0,1,0,0,0,41.2,1.0,6840
35,780,14,13,0,82,0,0,0,1,1,41.0,0.9285714285714286,10920
30,627,2,6,1,94,0,0,1,1,0,47.0,3.0,1254
28,706,10,13,1,71,0,0,0,0,0,35.5,1.3,7060
44,771,11,12,1,62,0,1,0,0,0,31.2,1.0909090909090908,8481
28,838,10,13,1,61,0,0,0,0,0,30.5,1.3,8380
30,672,4,6,1,52,0,1,0,0,0,26.2,1.5,2688
24,565,3,2,1,84,0,0,0,0,0,42.0,0.6666666666666666,1695
44,787,14,10,1,92,0,0,0,1,1,46.0,0.7142857142857143,11018
24,817,1,5,1,78,0,0,0,0,0,39.0,5.0,817
41,620,12,13,0,69,1,0,0,0,0,34.8,1.0833333333333333,7440
32,638,12,15,1,72,0,1,0,0,0,36.2,1.25,7656
39,590,13,14,1,77,0,0,0,0,0,38.5,1.0769230769230769,7670
33,750,13,10,1,67,0,0,0,0,0,33.5,0.7692307692307693,9750
37,744,11,13,1,76,1,0,0,0,0,38.3,1.1818181818181819,8184
38,569,2,3,1,66,0,0,0,0,0,33.0,1.5,1138
38,809,14,14,0,71,0,1,1,0,1,35.7,1.0,11326
28,707,2,3,0,71,0,0,0,0,0,35.5,1.5,1414
44,716,4,2,1,74,0,1,1,0,0,37.2,0.5,2864
27,840,1,2,1,60,0,0,0,0,0,30.0,2.0,840
26,717,9,11,1,81,0,0,1,0,0,40.5,1.2222222222222223,6453
45,814,4,5,1,75,0,0,0,0,0,37.5,1.25,3256
45,551,4,4,1,87,0,0,0,0,0,43.5,1.0,2204
30,699,12,12,1,67,0,0,0,0,0,33.5,1.0,8388
25,764,2,3,1,75,0,0,0,0,0,37.5,1.5,1528
25,751,2,3,1,89,0,0,0,1,0,44.5,1.5,1502
33,904,11,13,1,74,0,0,0,0,0,37.0,1.1818181818181819,9944
35,661,11,14,1,75,1,0,0,0,0,37.8,1.2727272727272727,7271
26,680,7,12,1,86,0,1,1,1,1,43.2,1.7142857142857142,4760
27,742,1,5,1,73,0,0,0,0,0,36.5,5.0,742
38,599,11,13,0,64,0,1,0,0,0,32.2,1.1818181818181819,6589
41,684,3,3,1,68,0,0,0,0,0,34.0,1.0,2052
36,683,4,5,1,75,1,0,0,0,0,37.8,1.25,2732
28,673,10,10,1,51,0,1,1,0,0,25.7,1.0,6730
31,600,11,11,1,77,0,1,0,0,0,38.7,1.0,6600
25,647,3,4,1,70,0,0,0,0,0,35.0,1.3333333333333333,1941
23,600,2,3,1,75,0,1,0,0,0,37.7,1.5,1200
39,747,3,6,0,65,0,0,1,0,0,32.5,2.0,2241
33,680,11,15,1,68,0,1,0,0,0,34.2,1.3636363636363635,7480
22,859,3,6,1,67,0,0,1,0,0,33.5,2.0,2577
37,672,14,12,1,75,0,0,0,0,0,37.5,0.8571428571428571,9408
39,737,14,12,1,77,0,0,0,0,0,38.5,0.8571428571428571,10318
24,621,2,6,1,67,1,0,0,0,0,33.8,3.0,1242
31,691,11,13,1,74,0,0,0,0,0,37.0,1.1818181818181819,7601
45,601,14,12,1,70,0,0,0,0,0,35.0,0.8571428571428571,8414
39,791,3,4,0,68,0,0,0,0,0,34.0,1.3333333333333333,2373
28,651,2,3,1,66,0,1,0,0,0,33.2,1.5,1302
33,595,2,2,1,81,1,0,0,0,0,40.8,1.0,1190
28,764,1,5,0,79,0,1,0,0,0,39.7,5.0,764
34,651,14,12,1,75,1,1,0,0,1,38.0,0.8571428571428571,9114
45,889,3,5,0,79,0,0,0,0,0,39.5,1.6666666666666667,2667
23,564,3,2,1,65,0,0,1,0,0,32.5,0.6666666666666666,1692
44,633,11,13,0,80,0,0,0,0,0,40.0,1.1818181818181819,6963
35,824,12,10,0,72,0,0,0,0,0,36.0,0.8333333333333334,9888
28,683,1,4,1,66,0,0,0,0,0,33.0,4.0,683
42,563,12,15,1,78,0,0,0,0,0,39.0,1.25,6756
35,950,14,11,0,78,1,0,0,0,0,39.3,0.7857142857142857,13300
31,758,4,2,0,83,0,0,0,1,0,41.5,0.5,3032
37,636,11,15,0,57,1,0,0,0,0,28.8,1.3636363636363635,6996
37,741,14,13,1,64,0,0,0,0,0,32.0,0.9285714285714286,10374
33,884,4,3,0,67,0,1,0,0,0,33.7,0.75,3536
32,752,14,12,1,57,0,0,0,0,0,28.5,0.8571428571428571,10528
43,722,14,14,1,84,0,1,0,1,1,42.2,1.0,10108
34,553,2,3,1,67,0,1,1,0,0,33.7,1.5,1106
24,620,2,4,1,61,0,0,0,0,0,30.5,2.0,1240
22,776,3,5,1,55,0,0,0,0,0,27.5,1.6666666666666667,2328
44,676,3,2,1,77,1,0,0,0,0,38.8,0.6666666666666666,2028
41,658,13,11,1,69,0,0,0,0,0,34.5,0.8461538461538461,8554
39,714,11,11,1,92,1,0,0,1,1,46.3,1.0,7854
35,748,12,14,0,55,0,0,1,0,0,27.5,1.1666666666666667,8976
39,736,11,15,1,78,1,0,0,0,0,39.3,1.3636363636363635,8096
40,854,4,6,1,98,0,0,0,1,0,49.0,1.5,3416
27,710,3,3,1,83,0,0,1,0,0,41.5,1.0,2130
43,666,12,10,1,78,1,0,1,0,0,39.3,0.8333333333333334,7992
32,745,13,14,1,90,1,0,0,0,1,45.3,1.0769230769230769,9685
41,680,11,14,1,67,0,0,0,0,0,33.5,1.2727272727272727,7480
24,647,2,4,0,69,0,0,0,0,0,34.5,2.0,1294
34,603,4,4,1,58,1,1,0,0,0,29.5,1.0,2412
23,649,2,2,1,100,0,0,0,1,0,50.0,1.0,1298
28,684,1,6,1,78,0,0,1,0,0,39.0,6.0,684
32,683,4,6,1,71,0,0,0,0,0,35.5,1.5,2732
33,638,4,2,1,71,0,0,0,0,0,35.5,0.5,2552
37,654,2,6,1,62,0,0,0,0,0,31.0,3.0,1308
31,761,14,15,1,69,0,0,0,0,0,34.5,1.0714285714285714,10654
24,617,5,3,1,61,0,1,0,0,0,30.7,0.6,3085
43,661,12,13,1,55,1,0,0,0,0,27.8,1.0833333333333333,7932
43,677,13,13,1,73,0,0,0,0,0,36.5,1.0,8801
30,664,4,6,1,81,0,0,0,0,0,40.5,1.5,2656
33,808,11,15,1,79,0,1,1,0,1,39.7,1.3636363636363635,8888
41,639,13,10,1,59,0,0,1,0,0,29.5,0.7692307692307693,8307
29,775,8,9,1,80,0,0,0,0,0,40.0,1.125,6200
27,660,8,12,1,79,0,0,0,0,0,39.5,1.5,5280
41,801,11,12,1,85,0,1,0,0,1,42.7,1.0909090909090908,8811
39,830,13,14,1,70,0,1,1,0,1,35.2,1.0769230769230769,10790
44,716,14,11,1,75,1,0,0,0,0,37.8,0.7857142857142857,10024
33,574,14,13,1,94,0,0,1,0,1,47.0,0.9285714285714286,8036
38,880,2,6,1,77,1,0,0,0,0,38.8,3.0,1760
39,598,14,10,1,63,0,1,1,0,0,31.7,0.7142857142857143,8372
23,776,2,5,1,76,0,0,1,0,0,38.0,2.5,1552
32,643,2,2,1,54,0,0,0,0,0,27.0,1.0,1286
28,609,6,12,0,77,0,1,0,0,0,38.7,2.0,3654
34,822,14,11,1,77,0,0,0,0,0,38.5,0.7857142857142857,11508
37,767,2,4,1,70,0,0,0,0,0,35.0,2.0,1534
35,645,4,3,1,100,1,0,1,0,0,50.3,0.75,2580
35,653,14,11,0,75,0,0,0,0,0,37.5,0.7857142857142857,9142
27,611,8,9,1,61,0,0,1,0,0,30.5,1.125,4888
31,723,2,2,0,81,0,0,0,0,0,40.5,1.0,1446
24,728,2,2,1,98,0,0,1,1,0,49.0,1.0,1456
35,590,4,5,1,87,0,0,1,0,0,43.5,1.25,2360
37,728,11,11,1,84,0,1,0,1,0,42.2,1.0,8008
23,672,1,5,1,88,0,0,1,0,0,44.0,5.0,672
32,783,4,6,0,70,1,0,0,0,0,35.3,1.5,3132
25,650,3,2,0,40,0,0,0,0,0,20.0,0.6666666666666666,1950
44,665,4,6,1,66,0,1,0,0,0,33.2,1.5,2660
30,756,14,11,1,70,0,0,1,0,0,35.0,0.7857142857142857,10584
24,737,2,6,1,67,0,0,0,0,0,33.5,3.0,1474
36,606,12,13,1,75,0,0,0,0,0,37.5,1.0833333333333333,7272
35,811,4,6,1,71,0,0,0,0,0,35.5,1.5,3244
27,672,2,2,1,94,0,0,0,0,0,47.0,1.0,1344
31,605,14,11,1,77,0,1,0,0,0,38.7,0.7857142857142857,8470
41,751,4,5,1,81,0,0,0,1,0,40.5,1.25,3004
41,776,13,13,1,64,1,0,0,0,0,32.3,1.0,10088
37,755,2,3,1,69,0,0,0,0,0,34.5,1.5,1510
41,640,2,3,1,67,0,0,1,0,0,33.5,1.5,1280
36,696,4,4,1,79,0,0,0,0,0,39.5,1.0,2784
30,678,3,4,1,74,0,0,0,0,0,37.0,1.3333333333333333,2034
28,728,6,12,1,57,1,0,0,0,0,28.8,2.0,4368
44,714,3,2,1,84,1,0,1,0,0,42.3,0.6666666666666666,2142
39,786,3,6,1,77,0,0,1,0,0,38.5,2.0,2358
35,699,4,5,0,86,0,0,0,1,0,43.0,1.25,2796
40,792,2,6,1,83,0,1,0,0,0,41.7,3.0,1584
36,801,13,14,1,86,0,0,0,0,1,43.0,1.0769230769230769,10413
27,619,1,2,1,56,0,1,0,0,0,28.2,2.0,619
29,616,7,7,1,78,0,0,1,0,0,39.0,1.0,4312
41,594,12,12,1,76,0,1,1,0,0,38.2,1.0,7128
27,626,2,5,1,78,0,1,0,0,0,39.2,2.5,1252
29,747,3,3,0,94,0,1,0,0,0,47.2,1.0,2241
27,653,1,4,0,74,0,0,1,0,0,37.0,4.0,653
45,833,3,6,1,82,1,0,0,0,0,41.3,2.0,2499
33,950,11,15,1,90,1,0,0,1,1,45.3,1.3636363636363635,10450
37,675,3,3,0,76,1,0,0,0,0,38.3,1.0,2025
45,777,3,6,1,85,0,0,0,1,0,42.5,2.0,2331
27,670,7,9,1,76,0,1,0,0,0,38.2,1.2857142857142858,4690
28,636,7,10,1,87,0,0,0,0,0,43.5,1.4285714285714286,4452
39,754,11,12,0,76,0,0,0,0,0,38.0,1.0909090909090908,8294
40,789,11,11,1,77,0,1,0,0,0,38.7,1.0,8679
43,635,14,11,1,69,0,0,0,0,0,34.5,0.7857142857142857,8890
29,734,8,12,1,68,0,1,0,0,0,34.2,1.5,5872
26,723,1,6,0,80,0,0,0,0,0,40.0,6.0,723
29,597,2,3,1,80,0,0,1,0,0,40.0,1.5,1194
44,754,14,15,1,74,0,0,1,0,0,37.0,1.0714285714285714,10556
25,826,2,3,1,75,0,1,0,0,0,37.7,1.5,1652
41,803,4,5,1,67,0,0,0,0,0,33.5,1.25,3212
32,730,4,5,1,82,0,0,1,1,0,41.0,1.25,2920
32,689,11,13,1,74,0,1,0,0,0,37.2,1.1818181818181819,7579
28,762,1,2,1,96,1,0,0,0,0,48.3,2.0,762
45,863,3,4,0,65,0,0,0,0,0,32.5,1.3333333333333333,2589
27,574,2,2,1,60,0,0,1,0,0,30.0,1.0,1148
35,710,14,11,1,76,0,0,0,0,0,38.0,0.7857142857142857,9940
34,586,12,14,1,85,0,1,0,0,1,42.7,1.1666666666666667,7032
37,685,3,5,1,66,0,0,1,0,0,33.0,1.6666666666666667,2055
36,762,12,15,1,95,0,1,0,0,1,47.7,1.25,9144
34,754,3,6,1,65,0,0,0,0,0,32.5,2.0,2262
26,585,2,5,1,74,0,0,0,0,0,37.0,2.5,1170
30,765,13,13,1,69,0,0,0,0,0,34.5,1.0,9945
40,643,11,11,1,65,0,1,1,0,0,32.7,1.0,7073
28,733,8,11,0,60,0,0,0,0,0,30.0,1.375,5864
27,633,6,9,1,73,0,0,0,0,0,36.5,1.5,3798
33,649,11,11,1,87,1,0,1,1,1,43.8,1.0,7139
32,701,13,15,1,96,0,1,0,0,1,48.2,1.1538461538461537,9113
30,780,4,2,1,76,1,1,0,0,0,38.5,0.5,3120
26,687,8,7,0,89,0,0,1,0,0,44.5,0.875,5496
44,665,13,10,1,79,0,0,0,0,0,39.5,0.7692307692307693,8645
25,686,9,8,1,70,0,0,0,0,0,35.0,0.8888888888888888,6174
40,739,2,5,1,64,0,0,0,0,0,32.0,2.5,1478
28,686,2,4,1,89,1,0,1,1,0,44.8,2.0,1372
40,658,14,12,1,78,0,0,0,0,0,39.0,0.8571428571428571,9212
24,767,2,6,1,47,1,0,0,0,0,23.8,3.0,1534
33,772,2,3,1,81,0,1,1,0,0,40.7,1.5,1544
27,808,6,10,0,73,0,0,0,0,0,36.5,1.6666666666666667,4848
25,818,2,2,1,71,0,1,0,0,0,35.7,1.0,1636
44,597,4,5,1,84,0,0,0,0,0,42.0,1.25,2388
39,559,11,14,0,74,0,0,1,0,0,37.0,1.2727272727272727,6149
22,636,2,6,0,72,0,1,0,0,0,36.2,3.0,1272
40,663,3,6,1,74,0,1,0,0,0,37.2,2.0,1989
42,607,3,6,1,69,0,1,0,0,0,34.7,2.0,1821
39,622,11,12,1,61,0,0,1,0,0,30.5,1.0909090909090908,6842
22,806,3,5,0,83,0,0,0,0,0,41.5,1.6666666666666667,2418
37,761,4,4,0,96,0,0,0,1,0,48.0,1.0,3044
22,722,3,2,0,86,0,0,0,0,0,43.0,0.6666666666666666,2166
22,663,2,5,1,68,0,1,1,0,0,34.2,2.5,1326
45,786,3,4,1,80,0,0,0,0,0,40.0,1.3333333333333333,2358
39,738,4,3,1,79,1,0,0,0,0,39.8,0.75,2952
24,763,2,4,0,91,0,0,0,1,0,45.5,2.0,1526
24,547,4,2,1,84,0,0,0,1,0,42.0,0.5,2188
30,729,14,12,1,73,1,0,0,0,0,36.8,0.8571428571428571,10206
39,385,3,5,0,61,0,0,1,0,0,30.5,1.6666666666666667,1155
45,669,12,15,1,69,0,0,0,0,0,34.5,1.25,8028
26,697,8,9,1,72,0,0,0,0,0,36.0,1.125,5576
28,713,6,7,1,78,0,0,0,0,0,39.0,1.1666666666666667,4278
42,711,4,3,1,56,0,0,0,0,0,28.0,0.75,2844
37,798,14,12,0,76,0,0,0,0,0,38.0,0.8571428571428571,11172
39,650,4,6,1,65,0,0,0,0,0,32.5,1.5,2600
31,939,12,12,1,74,0,0,0,0,0,37.0,1.0,11268
24,889,4,4,1,81,0,0,0,0,0,40.5,1.0,3556
44,692,2,5,0,63,1,0,0,0,0,31.8,2.5,1384
26,692,8,7,1,79,0,0,0,0,0,39.5,0.875,5536
40,741,4,6,1,78,0,0,0,0,0,39.0,1.5,2964
45,852,13,11,1,68,1,0,0,0,0,34.3,0.8461538461538461,11076
27,629,1,4,1,81,0,0,1,1,0,40.5,4.0,629
39,552,4,3,0,72,0,0,0,0,0,36.0,0.75,2208
32,753,13,15,1,66,0,1,1,0,0,33.2,1.1538461538461537,9789
42,473,2,5,0,82,0,0,0,1,0,41.0,2.5,946
38,679,2,6,1,85,0,0,1,0,0,42.5,3.0,1358
29,798,10,15,1,71,0,1,0,0,0,35.7,1.5,7980
38,779,11,11,0,93,0,0,0,0,0,46.5,1.0,8569
39,692,4,5,1,62,0,1,0,0,0,31.2,1.25,2768
