CandidateId,Age,English,Experience,Projects,Education,Python,Docker,Redis,RabbitMQ,AI,Hired
1,35,808,2,6,1,82,0,1,0,0,0
2,42,611,14,14,0,62,0,0,0,0,0
3,26,690,2,2,1,74,0,0,0,0,0
4,44,680,11,11,1,59,0,0,0,0,0
5,22,631,1,5,0,87,0,0,1,1,0
6,29,785,9,8,1,84,1,0,0,1,0
7,23,715,4,4,1,80,0,0,0,0,0
8,29,897,1,3,1,83,0,0,0,1,0
9,35,709,2,2,1,80,0,1,1,0,0
10,28,648,7,7,1,90,0,0,0,0,0
11,33,724,11,15,0,74,0,0,1,0,0
12,37,600,2,2,0,83,0,0,0,1,0
13,29,568,1,5,1,43,0,1,1,0,0
14,38,650,12,15,1,71,0,0,0,0,0
15,28,611,2,6,1,77,0,0,0,0,0
16,34,553,2,2,1,78,0,0,1,0,0
17,42,794,2,2,0,61,0,1,0,0,0
18,45,599,4,5,1,69,0,0,0,0,0
19,23,627,4,2,1,83,0,0,1,0,0
20,40,564,3,5,0,69,0,0,0,0,0
21,25,832,2,4,1,88,0,0,0,1,0
22,38,675,4,6,1,77,0,1,0,0,0
23,42,743,3,3,0,84,1,1,0,0,0
24,40,950,14,15,1,69,0,0,1,0,0
25,28,626,2,6,1,100,0,0,0,0,0
26,32,729,14,13,1,62,0,0,0,0,0
27,35,684,2,5,1,52,0,1,0,0,0
28,43,855,3,6,0,79,1,0,1,0,0
29,45,721,11,12,1,80,0,0,0,0,0
30,41,857,4,4,1,87,0,0,0,0,0
31,37,646,14,11,0,63,0,0,0,0,0
32,30,906,4,4,0,78,0,1,0,0,0
33,33,634,4,6,1,85,0,0,0,1,0
34,38,446,4,4,1,84,0,0,0,1,0
35,23,626,2,5,1,66,0,0,1,0,0
36,33,572,14,14,1,71,0,1,0,0,0
37,22,730,1,5,1,90,0,1,0,0,0
38,32,626,12,11,0,68,1,1,0,0,0
39,24,651,2,5,1,74,1,0,0,0,0
40,39,676,11,13,1,71,0,0,0,0,0
41,30,599,2,4,1,78,1,0,0,0,0
42,37,720,14,10,1,79,0,0,1,0,0
43,40,623,4,2,1,97,0,0,0,0,0
44,22,723,1,5,1,77,0,1,1,0,0
45,36,654,3,2,1,89,0,0,0,1,0
46,33,655,2,5,1,75,0,0,0,0,0
47,27,663,1,2,1,79,1,0,0,0,0
48,37,789,12,15,1,91,0,0,0,1,1
49,34,685,13,12,1,93,0,0,0,1,1
50,35,571,12,12,1,59,0,1,1,0,0
51,23,733,3,5,1,85,0,1,0,1,0
52,35,761,13,13,1,73,0,0,1,0,0
53,45,658,3,3,1,61,1,0,1,0,0
54,44,552,12,15,1,82,0,0,0,0,0
55,25,702,3,4,1,84,0,0,0,0,0
56,42,712,12,10,1,68,1,0,0,0,0
57,35,693,11,15,1,81,0,0,0,1,1
58,43,760,3,6,1,84,0,0,0,0,0
59,28,672,2,6,0,65,0,0,0,0,0
60,38,830,12,12,0,81,0,0,0,1,1
61,27,678,2,4,1,71,0,1,0,0,0
62,25,798,10,11,1,77,0,0,0,0,0
63,32,599,2,2,1,74,0,0,0,0,0
64,38,730,4,4,1,78,0,0,0,0,0
65,31,449,12,15,1,74,0,1,0,0,0
66,31,675,13,13,0,76,0,0,0,0,0
67,31,757,12,13,0,77,0,0,1,0,0
68,32,662,12,11,1,71,0,0,0,0,0
69,42,768,14,11,1,96,0,0,0,0,0
70,33,576,2,3,0,65,0,0,0,0,0
71,30,698,13,15,1,64,1,0,0,0,0
72,24,648,3,5,1,76,0,0,1,0,0
73,39,559,11,14,1,67,1,0,0,0,0
74,42,867,14,10,1,67,1,1,0,0,0
75,38,732,13,14,1,77,1,0,1,0,1
76,28,682,1,6,1,89,0,0,0,1,0
77,39,831,2,4,1,67,0,0,0,0,0
78,43,935,12,13,1,70,1,0,0,0,1
79,29,674,3,4,1,82,1,1,1,0,0
80,33,750,11,14,1,78,0,1,1,0,1
81,30,654,2,6,0,68,0,0,0,0,0
82,35,546,14,11,1,74,0,0,0,0,0
83,24,881,3,4,1,78,1,0,1,0,0
84,32,658,13,15,1,75,1,0,0,0,0
85,25,521,10,13,1,78,0,1,1,0,0
86,34,716,4,6,1,47,1,1,0,0,0
87,41,917,3,2,0,66,0,0,1,0,0
88,38,591,12,13,1,75,0,0,0,0,0
89,43,571,2,3,1,75,0,1,0,0,0
90,26,615,3,6,1,80,0,0,0,0,0
91,23,654,5,5,1,69,0,0,0,0,0
92,42,756,4,6,1,77,0,0,0,0,0
93,32,869,14,12,1,82,0,0,0,0,0
94,36,761,13,12,1,84,0,1,0,0,0
95,28,595,9,10,1,61,0,1,0,0,0
96,44,685,12,11,1,70,0,0,0,0,0
97,26,597,6,10,1,72,0,0,0,0,0
98,39,556,14,12,1,60,0,0,0,0,0
99,22,880,5,2,1,79,1,1,0,0,0
100,26,551,9,7,1,59,0,0,0,0,0
101,22,641,2,5,1,77,0,0,0,0,0
102,29,899,1,2,1,79,1,0,0,0,0
103,45,659,11,14,1,77,0,1,0,0,0
104,26,731,1,3,1,66,0,0,0,0,0
105,28,780,2,4,1,84,0,0,0,0,0
106,27,764,1,2,1,90,0,1,0,1,0
107,36,617,2,2,1,87,1,0,0,1,0
108,32,814,12,12,1,78,0,0,1,0,1
109,32,730,4,5,1,71,0,1,0,0,0
110,31,784,4,4,1,60,0,1,0,0,0
111,36,614,3,5,1,73,0,0,0,0,0
112,28,602,3,4,1,79,1,0,0,0,0
113,25,863,8,8,1,65,0,0,0,0,0
114,22,721,2,3,1,71,0,0,0,0,0
115,43,533,4,6,0,79,0,0,0,0,0
116,42,760,2,6,1,65,0,0,0,0,0
117,39,515,13,15,1,68,0,0,0,0,0
118,34,713,4,4,0,78,0,0,0,0,0
119,29,782,9,12,1,77,1,0,0,0,0
120,22,497,3,4,0,75,0,0,0,0,0
121,24,655,2,4,0,62,1,0,0,0,0
122,36,757,3,5,1,76,0,1,1,0,0
123,36,749,3,3,1,66,1,0,0,0,0
124,25,890,10,14,1,86,0,0,0,0,1
125,33,779,13,12,1,63,1,1,0,0,0
126,24,794,3,3,1,65,1,0,1,0,0
127,45,560,4,4,1,79,0,1,0,0,0
128,34,611,3,2,0,48,0,0,0,0,0
129,40,530,2,5,1,80,0,0,0,0,0
130,25,808,1,2,0,63,0,0,0,0,0
131,40,693,2,6,1,88,1,0,0,0,0
132,25,670,6,7,1,74,0,0,1,0,0
133,40,828,2,5,1,78,0,0,1,0,0
134,39,542,14,10,1,83,0,1,0,1,0
135,29,791,3,3,1,76,0,0,1,0,0
136,45,758,2,6,1,76,0,1,0,0,0
137,37,686,3,4,1,65,0,0,1,0,0
138,36,522,3,5,1,69,0,0,0,0,0
139,26,792,7,8,1,71,0,0,0,0,0
140,31,826,4,2,0,67,0,0,0,0,0
141,42,653,2,6,0,77,0,0,0,0,0
142,27,527,9,10,0,79,0,0,1,0,0
143,25,666,2,3,0,65,0,0,0,0,0
144,28,689,1,4,1,62,0,0,0,0,0
145,44,555,12,13,1,80,0,0,0,0,0
146,44,585,3,6,1,83,0,0,0,1,0
147,27,805,2,4,1,75,0,0,0,0,0
148,41,706,14,11,0,91,1,0,1,1,1
149,22,734,1,6,1,84,0,0,0,0,0
150,43,607,13,10,1,90,0,0,0,0,0
151,22,805,1,6,0,70,0,0,0,0,0
152,45,723,4,2,1,56,1,0,0,0,0
153,31,658,4,3,0,83,1,0,0,1,0
154,40,663,3,3,1,70,0,0,0,0,0
155,31,648,3,6,0,62,0,1,0,0,0
156,45,723,12,15,1,75,1,0,1,0,1
157,22,658,2,6,1,65,1,0,0,0,0
158,24,715,1,3,1,93,1,0,0,0,0
159,32,608,13,12,1,72,1,1,0,0,1
160,43,757,4,6,1,79,0,0,0,0,0
161,39,678,12,15,1,62,1,0,0,0,0
162,42,677,11,15,1,71,0,1,1,0,1
163,27,678,3,4,1,82,0,1,0,1,0
164,44,771,12,13,1,84,0,1,0,1,1
165,24,707,3,6,1,68,0,0,0,0,0
166,28,663,3,6,1,88,1,0,1,0,0
167,38,768,12,15,0,87,1,0,1,1,1
168,23,804,1,3,0,65,1,0,0,0,0
169,22,543,1,5,1,68,0,0,1,0,0
170,37,657,4,2,1,68,1,0,0,0,0
171,32,749,2,4,1,57,0,0,1,0,0
172,22,747,2,5,0,72,1,0,1,0,0
173,23,637,4,5,1,56,0,0,0,0,0
174,36,866,14,14,0,76,0,0,1,0,1
175,25,801,10,14,1,76,0,1,1,0,1
176,45,716,4,5,1,76,0,0,1,0,0
177,37,660,4,6,1,65,0,0,1,0,0
178,39,771,2,2,1,64,1,0,0,0,0
179,34,386,12,15,1,82,0,0,0,0,0
180,36,906,11,14,1,82,0,0,1,0,1
181,34,842,2,3,1,84,0,0,0,1,0
182,35,748,4,4,1,59,1,1,0,0,0
183,36,776,4,6,1,83,0,0,0,1,0
184,26,787,6,11,1,61,1,0,0,0,0
185,33,950,3,5,1,74,0,0,0,0,0
186,39,600,4,3,1,62,0,0,0,0,0
187,27,742,3,4,0,75,0,0,0,0,0
188,32,751,14,11,1,81,1,0,0,1,0
189,39,738,3,6,0,72,1,0,0,0,0
190,29,873,8,9,1,92,1,0,0,0,0
191,41,659,2,2,0,51,0,0,0,0,0
192,36,852,2,3,0,80,0,1,0,0,0
193,27,689,9,12,1,85,0,1,1,1,1
194,33,902,11,13,1,83,0,1,0,1,1
195,42,763,2,6,1,98,0,0,0,1,0
196,24,786,3,5,1,77,1,0,0,0,0
197,26,710,3,5,0,83,0,0,1,1,0
198,32,707,3,5,1,78,1,0,1,0,0
199,27,617,8,8,1,62,0,1,0,0,0
200,30,664,12,15,1,87,0,0,1,1,1
201,35,950,12,13,1,80,0,0,0,0,0
202,39,606,3,2,1,79,0,1,0,0,0
203,45,715,4,6,1,56,0,0,0,0,0
204,30,705,4,5,0,79,0,0,0,0,0
205,36,784,3,6,1,71,0,0,1,0,0
206,22,844,1,5,1,89,1,0,0,1,0
207,31,910,4,5,1,79,0,0,0,0,0
208,27,749,7,9,1,57,0,0,0,0,0
209,32,826,2,5,1,74,0,0,0,0,0
210,23,737,1,4,1,91,1,1,0,1,0
211,41,667,2,4,1,71,0,1,1,0,0
212,30,769,4,6,1,74,0,0,0,0,0
213,38,738,13,14,1,71,0,0,0,0,0
214,32,848,14,12,1,60,0,0,0,0,0
215,38,657,13,15,1,84,0,0,0,1,1
216,30,877,11,15,0,64,0,0,0,0,0
217,24,651,4,3,1,81,0,0,1,1,0
218,42,660,11,11,1,67,0,0,0,0,0
219,38,737,12,10,0,88,0,0,0,0,0
220,24,674,2,2,1,70,0,0,1,0,0
221,31,648,4,5,1,77,0,0,0,0,0
222,36,609,12,15,1,76,0,0,0,0,0
223,23,775,4,3,1,82,0,0,0,0,0
224,30,812,4,5,1,71,0,1,0,0,0
225,38,686,11,14,1,69,0,0,0,0,0
226,39,639,14,10,1,81,0,0,0,0,0
227,35,738,11,11,1,91,1,0,0,0,0
228,40,739,2,4,1,63,0,0,0,0,0
229,27,694,9,11,1,73,0,0,1,0,0
230,45,778,3,3,1,76,1,0,0,0,0
231,27,663,1,4,1,62,0,0,1,0,0
232,35,630,11,12,1,64,1,0,0,0,0
233,32,687,14,15,1,65,0,0,0,0,0
234,35,703,3,3,1,67,0,0,0,0,0
235,22,906,2,2,1,85,0,0,0,0,0
236,25,643,7,12,1,86,0,0,1,0,0
237,45,831,13,14,1,80,0,0,0,0,0
238,24,722,1,3,0,71,0,0,0,0,0
239,31,585,11,14,1,60,0,0,0,0,0
240,35,648,13,13,1,86,0,1,0,1,1
241,42,737,3,3,1,67,0,0,0,0,0
242,35,638,14,10,1,65,0,1,0,0,0
243,44,922,12,14,1,73,0,0,0,0,0
244,34,700,2,6,1,79,0,0,0,0,0
245,35,719,13,11,1,91,0,0,0,1,1
246,39,871,14,10,0,66,1,0,1,0,0
247,40,548,4,4,1,82,0,1,0,0,0
248,37,762,3,5,1,75,0,0,0,0,0
249,25,634,2,2,1,56,0,1,0,0,0
250,35,638,14,15,1,61,1,1,0,0,0
251,33,710,13,15,1,80,0,0,0,0,0
252,34,881,12,10,1,90,0,0,0,0,0
253,38,828,13,12,0,80,1,1,0,0,1
254,28,432,8,11,1,74,0,0,0,0,0
255,24,849,1,6,0,75,0,0,0,0,0
256,28,870,2,2,0,86,0,0,1,0,0
257,40,479,2,3,1,70,0,1,0,0,0
258,24,592,2,6,0,71,0,0,0,0,0
259,44,770,12,11,1,74,0,0,0,0,0
260,36,682,3,6,0,90,1,0,0,1,0
261,37,568,4,5,1,67,0,0,0,0,0
262,33,520,13,15,1,70,0,0,0,0,0
263,30,713,3,5,1,77,0,0,1,0,0
264,44,567,14,15,1,52,0,0,0,0,0
265,35,735,4,4,0,72,1,1,0,0,0
266,39,641,13,15,1,90,0,0,0,1,1
267,31,757,3,6,0,72,0,0,0,0,0
268,23,620,2,5,1,79,1,0,0,0,0
269,30,721,14,11,1,95,1,0,0,1,1
270,33,786,3,5,1,77,1,0,0,0,0
271,44,775,2,4,1,70,0,0,0,0,0
272,34,886,2,6,0,83,0,0,0,0,0
273,39,703,11,11,1,77,0,0,0,0,0
274,26,838,9,8,1,63,0,0,0,0,0
275,25,654,6,8,1,84,0,0,1,1,0
276,37,712,2,6,1,75,1,0,1,0,0
277,24,686,2,3,0,80,1,0,0,0,0
278,27,742,1,6,1,86,1,1,0,0,0
279,43,629,2,5,1,65,0,0,0,0,0
280,29,787,6,7,1,74,0,1,0,0,0
281,41,474,2,4,1,75,1,0,1,0,0
282,26,618,6,7,1,89,0,0,1,0,0
283,29,663,8,9,1,79,0,0,0,0,0
284,34,736,12,13,1,86,0,0,0,0,1
285,24,787,1,6,1,79,0,0,1,0,0
286,25,675,8,12,1,80,0,0,0,0,0
287,33,703,2,4,1,83,0,0,0,0,0
288,24,445,2,3,0,95,0,0,1,1,0
289,30,771,11,12,1,74,0,0,0,0,0
290,26,918,3,3,1,67,1,0,0,0,0
291,35,477,4,2,1,86,0,1,0,0,0
292,44,799,2,4,1,73,0,1,0,0,0
293,41,655,14,15,1,75,0,0,1,0,0
294,44,657,4,2,1,77,1,0,0,0,0
295,38,781,2,3,1,83,0,0,0,0,0
296,40,598,14,12,1,80,1,1,0,0,0
297,32,631,14,10,1,73,1,1,0,0,0
298,22,707,3,6,1,79,0,0,0,0,0
299,27,634,3,6,1,87,0,0,0,0,0
300,38,920,13,12,1,93,0,0,0,0,1
301,40,684,4,3,1,68,0,0,0,0,0
302,35,651,13,10,0,72,0,0,1,0,0
303,35,647,3,4,1,79,0,0,1,0,0
304,41,800,14,14,1,79,1,0,0,0,1
305,38,723,13,14,0,59,0,0,1,0,0
306,22,664,1,3,1,83,0,0,0,1,0
307,27,734,7,9,1,81,0,0,0,1,0
308,29,696,8,11,1,82,1,0,0,1,0
309,43,663,2,2,1,71,0,1,0,0,0
310,26,628,6,9,1,68,0,0,0,0,0
311,35,493,3,6,1,84,0,0,0,1,0
312,31,819,11,13,1,73,0,1,0,0,1
313,42,775,4,3,0,73,1,0,0,0,0
314,25,629,2,3,1,81,0,1,0,1,0
315,36,732,4,3,1,38,1,0,0,0,0
316,34,839,12,11,1,64,1,0,0,0,0
317,27,807,3,5,1,78,0,0,0,0,0
318,39,584,13,15,0,64,0,0,0,0,0
319,39,565,14,15,0,82,1,0,1,0,0
320,34,757,4,6,1,66,0,0,0,0,0
321,33,659,13,13,1,86,0,1,0,0,1
322,38,760,14,11,1,81,0,0,0,1,0
323,24,739,3,2,0,78,0,0,0,0,0
324,43,735,13,10,1,84,0,1,0,1,0
325,29,681,1,4,1,62,0,0,0,0,0
326,28,614,9,11,1,71,0,0,0,0,0
327,33,833,11,14,1,87,0,1,1,0,1
328,42,776,14,10,0,58,0,0,0,0,0
329,33,707,4,2,1,66,0,1,0,0,0
330,27,776,9,12,1,68,0,1,0,0,0
331,25,753,3,2,1,85,0,0,0,0,0
332,35,778,4,2,1,71,0,0,0,0,0
333,45,764,3,4,0,86,0,1,0,1,0
334,34,714,14,10,1,84,1,0,0,0,0
335,44,826,3,5,1,83,1,0,0,0,0
336,23,628,3,3,1,79,1,0,0,0,0
337,42,707,13,11,0,67,0,0,1,0,0
338,38,682,4,6,1,54,0,0,0,0,0
339,22,698,4,3,1,73,0,0,0,0,0
340,24,561,3,2,1,83,0,0,1,0,0
341,39,909,4,5,1,69,0,0,0,0,0
342,43,649,4,3,1,74,0,1,1,0,0
343,31,828,3,4,1,83,1,0,0,0,0
344,28,666,2,2,1,66,1,0,0,0,0
345,27,660,3,3,1,77,1,0,0,0,0
346,42,857,4,6,1,76,1,0,1,0,0
347,32,631,14,15,1,62,0,0,0,0,0
348,44,685,4,5,1,81,1,0,0,0,0
349,26,638,1,6,1,66,0,0,0,0,0
350,43,726,12,15,1,60,0,0,1,0,0
351,28,736,3,3,1,78,1,0,0,0,0
352,44,604,3,3,1,77,0,0,1,0,0
353,30,681,13,14,1,75,0,0,0,0,0
354,25,596,9,8,1,84,0,0,0,0,0
355,37,549,11,11,1,88,0,1,0,1,1
356,23,817,3,5,1,78,0,0,0,0,0
357,45,772,2,5,1,80,0,0,0,0,0
358,22,448,3,4,0,67,0,0,0,0,0
359,25,689,3,4,0,73,0,0,0,0,0
360,41,681,14,15,1,72,0,0,0,0,0
361,32,665,12,11,1,74,0,0,0,0,0
362,40,824,2,6,1,77,0,0,1,0,0
363,35,586,2,4,1,76,0,0,0,0,0
364,23,471,2,5,1,85,0,0,1,1,0
365,31,703,14,15,1,63,1,0,1,0,0
366,24,681,5,5,1,84,0,0,0,0,0
367,38,842,3,4,1,93,0,0,0,0,0
368,36,586,4,5,1,80,0,0,1,0,0
369,40,915,14,10,1,68,0,0,0,0,0
370,30,678,2,5,1,82,0,0,0,0,0
371,42,600,2,6,1,64,0,0,0,0,0
372,34,588,12,10,0,83,0,1,0,1,0
373,41,653,12,11,1,84,0,0,0,1,0
374,36,700,13,13,1,68,0,0,0,0,0
375,24,699,2,6,1,71,0,0,0,0,0
376,40,560,12,11,1,70,0,0,0,0,0
377,41,863,13,13,1,79,0,0,0,0,0
378,34,603,4,4,1,79,1,0,1,0,0
379,31,802,13,15,1,73,1,0,0,0,1
380,30,557,2,5,1,73,0,0,0,0,0
381,28,725,8,12,1,95,1,0,0,0,1
382,39,637,13,14,1,69,0,0,0,0,0
383,32,771,14,12,0,74,0,0,0,0,0
384,40,950,12,14,1,88,0,1,0,0,1
385,29,716,6,11,1,77,0,0,1,0,0
386,23,699,3,4,1,80,1,0,0,0,0
387,25,803,10,13,1,80,1,0,0,0,1
388,27,775,2,3,0,66,0,0,0,0,0
389,28,485,1,3,1,100,1,0,1,1,0
390,26,886,3,5,0,88,0,0,0,1,0
391,43,544,12,14,1,70,0,0,0,0,0
392,36,831,11,11,0,69,1,0,1,0,0
393,22,628,4,2,1,71,1,0,1,0,0
394,40,521,2,2,1,71,0,0,0,0,0
395,43,767,3,6,1,69,0,0,1,0,0
396,23,697,3,4,1,69,0,1,1,0,0
397,23,670,3,3,1,77,1,1,0,0,0
398,41,739,4,2,1,62,0,0,0,0,0
399,35,761,4,3,0,72,0,0,0,0,0
400,31,873,4,2,1,69,0,0,1,0,0
401,43,686,3,2,1,79,0,0,0,0,0
402,23,802,3,2,1,76,0,1,0,0,0
403,43,684,13,10,1,85,0,0,0,0,0
404,45,468,3,6,1,74,0,0,0,0,0
405,44,565,14,10,1,59,0,1,1,0,0
406,33,764,3,6,1,68,0,1,1,0,0
407,31,753,14,11,1,62,0,0,0,0,0
408,37,950,4,4,1,73,1,0,1,0,0
409,23,664,1,3,1,79,0,0,1,0,0
410,44,472,3,4,1,86,0,0,0,0,0
411,25,631,6,12,1,72,0,0,0,0,0
412,32,516,3,2,0,61,0,0,0,0,0
413,42,648,4,2,1,75,0,1,0,0,0
414,29,861,3,4,1,71,0,0,0,0,0
415,28,831,1,5,1,76,0,1,1,0,0
416,28,600,2,4,1,72,0,0,0,0,0
417,37,747,11,12,0,73,0,0,0,0,0
418,44,675,13,15,1,81,0,0,0,1,1
419,22,653,1,6,1,76,0,0,0,0,0
420,22,760,5,5,1,83,1,0,0,0,0
421,23,614,1,3,0,68,1,0,1,0,0
422,35,635,4,6,1,73,0,0,1,0,0
423,31,543,2,6,0,85,0,0,0,0,0
424,39,650,14,14,1,73,0,1,1,0,1
425,42,694,3,6,0,78,0,0,0,0,0
426,33,699,12,14,0,98,0,1,1,1,1
427,30,543,11,12,0,80,0,1,0,0,0
428,22,632,1,6,1,63,0,1,0,0,0
429,22,745,2,2,1,82,0,0,0,0,0
430,31,521,12,14,1,80,0,0,1,0,0
431,30,855,11,13,1,85,1,0,1,1,1
432,36,648,3,2,1,75,0,0,0,0,0
433,29,620,10,14,1,77,0,0,1,0,0
434,27,784,3,2,0,88,0,0,0,1,0
435,42,795,12,10,1,68,0,0,1,0,0
436,35,903,11,15,1,78,0,0,0,0,0
437,36,681,3,4,1,66,0,1,0,0,0
438,28,619,10,10,1,80,0,0,1,0,0
439,44,826,14,11,0,72,0,0,1,0,0
440,22,801,2,6,1,65,0,0,0,0,0
441,39,741,12,14,1,59,0,0,0,0,0
442,23,741,1,6,1,63,0,0,0,0,0
443,37,705,3,3,1,64,0,0,0,0,0
444,22,797,2,6,1,69,0,0,0,0,0
445,33,667,12,10,1,72,0,0,0,0,0
446,34,595,3,3,1,73,0,0,1,0,0
447,24,482,3,4,1,55,0,0,1,0,0
448,26,686,1,3,0,82,1,0,0,0,0
449,42,498,12,15,1,75,0,0,0,0,0
450,38,658,4,4,1,74,0,0,1,0,0
451,40,658,11,12,1,80,1,0,1,0,1
452,37,637,11,14,0,72,0,1,0,0,0
453,44,543,14,15,1,72,0,0,1,0,0
454,36,809,14,11,1,74,0,0,0,0,0
455,39,633,14,11,1,82,0,1,0,0,0
456,33,624,4,3,0,69,0,0,0,0,0
457,27,529,2,5,1,79,0,0,0,0,0
458,29,633,9,7,1,70,1,0,0,0,0
459,42,588,13,14,1,70,0,0,0,0,0
460,38,709,13,12,1,86,1,0,0,0,1
461,36,718,11,14,1,61,0,0,0,0,0
462,45,680,14,13,0,80,0,0,0,0,0
463,42,660,13,13,1,56,0,1,0,0,0
464,23,599,5,5,1,62,0,0,0,0,0
465,42,783,13,12,1,75,0,1,0,0,0
466,39,848,14,10,0,74,0,0,0,0,0
467,27,747,7,8,0,71,0,0,1,0,0
468,36,507,12,11,1,69,0,0,1,0,0
469,28,868,6,11,0,87,1,0,1,0,0
470,44,700,3,4,0,81,0,0,0,0,0
471,27,817,9,12,1,91,0,0,0,0,0
472,33,496,3,2,1,69,0,0,0,0,0
473,25,640,9,7,0,70,0,0,0,0,0
474,29,709,2,2,1,84,0,0,0,1,0
475,28,749,3,2,1,74,0,0,0,0,0
476,22,847,3,3,1,60,1,0,0,0,0
477,39,613,2,4,1,67,0,0,0,0,0
478,39,737,4,2,0,64,1,0,0,0,0
479,35,593,14,12,1,62,1,0,0,0,0
480,28,522,2,3,0,75,0,0,0,0,0
481,43,555,14,13,1,100,0,0,0,1,1
482,34,553,3,4,1,74,0,1,0,0,0
483,35,752,2,6,1,80,0,0,0,0,0
484,25,623,1,6,1,96,0,0,0,0,0
485,29,888,6,7,1,66,0,0,1,0,0
486,42,836,13,11,1,79,0,0,0,0,0
487,32,809,13,13,1,72,0,0,1,0,1
488,42,746,12,13,0,69,1,0,0,0,0
489,29,753,9,11,1,80,1,1,0,0,0
490,23,783,3,4,1,69,0,0,1,0,0
491,44,805,14,13,1,92,0,0,0,0,1
492,26,578,1,6,1,80,0,0,1,0,0
493,42,711,3,4,0,100,1,0,0,0,0
494,33,753,4,5,1,76,1,0,0,0,0
495,38,586,3,5,1,52,1,1,1,0,0
496,32,816,12,12,1,70,0,0,0,0,0
497,39,707,3,5,1,60,0,0,0,0,0
498,29,712,6,12,1,81,0,0,1,0,0
499,38,757,11,10,0,69,0,1,1,0,0
500,24,902,3,5,1,68,0,0,0,0,0
501,29,606,8,7,0,74,0,0,1,0,0
502,27,688,10,13,1,89,0,0,0,1,1
503,33,789,4,5,1,76,0,0,0,0,0
504,45,619,13,14,1,65,0,0,0,0,0
505,37,865,4,5,1,65,0,0,1,0,0
506,36,651,14,12,0,84,0,1,0,1,1
507,26,608,3,4,1,89,0,0,0,1,0
508,24,582,1,3,1,89,0,0,1,1,0
509,38,775,2,5,1,70,0,0,0,0,0
510,32,570,12,14,1,69,1,0,0,0,0
511,33,876,11,12,1,93,1,0,0,1,1
512,40,671,4,5,1,76,0,0,0,0,0
513,44,676,11,12,1,65,1,0,0,0,0
514,45,899,12,13,1,74,0,0,0,0,0
515,35,783,13,14,1,64,1,0,0,0,0
516,27,517,1,6,0,73,0,0,0,0,0
517,29,919,1,6,0,71,0,0,0,0,0
518,38,703,2,3,0,54,0,1,0,0,0
519,39,797,3,2,1,76,0,0,0,0,0
520,39,599,2,2,1,76,0,0,1,0,0
521,42,663,4,2,1,65,0,0,0,0,0
522,23,612,1,6,0,61,0,1,0,0,0
523,42,540,12,15,0,64,1,0,0,0,0
524,22,578,4,6,0,73,0,0,1,0,0
525,41,646,14,10,1,48,0,0,0,0,0
526,43,649,12,10,0,82,1,1,0,0,0
527,35,648,14,13,1,79,1,0,0,0,0
528,38,822,3,2,0,73,0,0,0,0,0
529,27,769,7,7,1,65,0,0,0,0,0
530,44,623,2,5,0,74,0,1,0,0,0
531,27,805,2,5,0,70,0,0,0,0,0
532,43,655,4,3,1,62,0,1,0,0,0
533,25,713,3,6,1,82,0,0,0,0,0
534,31,760,11,15,0,47,0,0,1,0,0
535,27,609,1,4,1,73,0,0,0,0,0
536,35,642,2,4,1,81,0,0,0,1,0
537,38,862,12,12,1,81,1,0,0,0,1
538,34,495,13,15,1,85,0,0,0,0,0
539,43,700,11,15,1,67,1,0,0,0,0
540,32,706,2,4,1,77,0,0,1,0,0
541,34,697,3,2,1,83,0,0,0,0,0
542,36,627,3,2,1,73,0,0,0,0,0
543,25,751,1,5,0,51,0,1,0,0,0
544,33,533,13,14,0,89,1,1,0,0,1
545,43,701,13,14,1,78,0,0,0,0,0
546,36,769,2,2,1,80,0,0,0,0,0
547,25,699,2,4,1,79,1,0,0,0,0
548,30,489,4,5,1,67,0,0,0,0,0
549,35,764,3,2,1,68,1,0,0,0,0
550,25,793,9,11,1,62,0,0,0,0,0
551,36,774,12,15,1,82,0,0,0,1,1
552,39,505,13,11,1,88,0,0,1,1,1
553,44,697,4,6,1,73,0,1,0,0,0
554,38,773,4,5,1,68,0,0,0,0,0
555,27,745,1,5,1,85,0,0,0,0,0
556,30,680,2,5,1,63,1,0,0,0,0
557,45,876,4,4,1,69,0,0,1,0,0
558,27,876,8,8,1,71,0,0,0,0,0
559,36,831,11,13,1,78,0,1,0,0,1
560,24,654,5,5,1,84,0,1,0,1,0
561,42,632,3,3,1,69,1,0,0,0,0
562,38,618,12,13,0,59,0,1,0,0,0
563,44,762,12,12,1,65,0,0,0,0,0
564,29,733,1,2,1,74,0,0,0,0,0
565,40,950,2,4,1,80,0,0,0,0,0
566,41,628,4,5,1,43,0,0,1,0,0
567,35,607,12,15,0,87,0,0,0,0,1
568,37,603,13,10,1,66,0,0,0,0,0
569,34,824,3,6,1,53,0,0,0,0,0
570,44,752,4,3,1,75,1,1,0,0,0
571,42,667,12,10,0,57,0,0,0,0,0
572,25,619,8,10,1,75,0,0,0,0,0
573,37,574,2,3,1,87,1,1,1,1,0
574,29,722,10,14,1,84,0,1,0,0,0
575,28,715,3,3,1,61,0,0,0,0,0
576,37,614,4,2,0,73,0,1,0,0,0
577,40,646,2,2,1,78,0,1,0,0,0
578,39,636,3,3,1,68,1,1,0,0,0
579,28,704,1,2,1,73,0,0,0,0,0
580,23,685,4,4,1,67,0,0,0,0,0
581,39,517,11,10,1,90,0,0,1,1,1
582,29,663,1,5,1,80,0,0,0,0,0
583,25,649,9,11,1,54,0,0,0,0,0
584,44,720,4,3,1,90,0,0,0,1,0
585,23,632,4,4,1,63,0,0,0,0,0
586,26,692,6,7,1,90,0,0,1,1,0
587,45,776,11,14,0,79,1,0,0,0,0
588,34,749,3,2,1,76,1,0,1,0,0
589,38,565,14,12,0,77,0,0,0,0,0
590,33,434,12,10,1,94,0,0,0,1,0
591,35,805,3,4,1,71,0,0,0,0,0
592,28,678,3,5,1,49,1,0,1,0,0
593,32,799,3,3,1,87,0,1,0,1,0
594,24,699,2,4,0,70,0,0,1,0,0
595,34,631,4,3,0,79,0,0,1,0,0
596,32,717,3,3,1,81,0,1,0,1,0
597,32,620,11,15,1,75,1,0,0,0,0
598,23,728,4,3,0,84,1,0,0,0,0
599,35,570,12,10,0,67,0,1,1,0,0
600,33,661,12,12,1,60,0,0,0,0,0
601,31,858,11,14,1,75,1,1,0,0,1
602,33,801,2,4,1,69,0,0,0,0,0
603,42,762,4,6,1,70,0,0,0,0,0
604,28,678,8,8,0,67,0,0,0,0,0
605,45,635,14,10,1,81,0,0,1,0,0
606,31,841,12,15,1,79,0,1,0,0,1
607,39,548,13,13,0,87,0,1,0,1,1
608,43,649,4,5,0,89,1,1,0,1,0
609,33,579,12,10,1,90,1,0,0,1,1
610,36,691,13,15,0,73,0,1,0,0,0
611,25,711,2,5,0,90,0,0,0,0,0
612,35,814,12,11,1,82,0,0,0,1,0
613,37,790,4,3,1,79,0,0,0,0,0
614,23,884,3,6,1,87,0,0,0,0,0
615,34,872,3,2,1,79,0,0,1,0,0
616,27,781,2,6,1,71,1,0,0,0,0
617,24,819,1,5,1,66,0,1,1,0,0
618,37,489,11,15,1,82,0,0,0,0,0
619,29,660,8,11,1,71,0,0,1,0,0
620,27,869,6,12,0,66,0,1,0,0,0
621,31,559,14,10,0,52,0,0,0,0,0
622,22,767,2,4,1,80,0,0,0,0,0
623,30,542,11,11,0,85,0,0,0,1,0
624,31,820,13,13,1,62,1,1,0,0,1
625,27,670,2,3,0,63,0,0,1,0,0
626,40,756,11,15,1,79,1,0,1,0,1
627,34,721,3,3,0,71,0,0,0,0,0
628,37,736,4,5,1,78,0,0,0,0,0
629,38,455,4,4,1,62,0,0,0,0,0
630,24,771,5,6,0,86,0,1,0,1,0
631,31,625,11,12,1,75,0,0,1,0,0
632,40,684,11,12,1,83,0,1,0,0,0
633,37,660,3,3,1,87,0,0,0,0,0
634,44,867,3,2,1,65,0,1,0,0,0
635,29,747,2,5,0,72,0,0,0,0,0
636,45,813,2,6,1,64,0,1,0,0,0
637,34,826,14,11,1,52,0,0,1,0,0
638,25,680,2,2,1,74,1,0,0,0,0
639,22,670,3,3,0,73,0,0,0,0,0
640,43,703,2,3,0,87,0,1,0,0,0
641,39,752,14,13,1,60,0,0,0,0,0
642,40,893,4,4,0,72,0,0,0,0,0
643,27,615,10,13,1,60,0,1,0,0,0
644,22,803,2,6,1,57,0,0,0,0,0
645,28,770,7,10,1,58,0,0,1,0,0
646,32,770,3,6,0,72,0,0,0,0,0
647,40,694,14,14,1,86,0,0,0,0,1
648,44,660,12,11,0,50,0,0,0,0,0
649,29,783,1,4,1,80,0,0,0,0,0
650,28,672,1,3,1,92,0,0,0,1,0
651,36,728,4,3,1,60,0,0,0,0,0
652,39,767,13,15,1,66,1,0,1,0,0
653,32,642,4,5,1,73,0,1,1,0,0
654,36,812,12,13,1,86,0,0,0,1,1
655,31,761,13,10,0,64,0,0,0,0,0
656,24,812,2,6,0,72,0,1,1,0,0
657,44,633,3,5,1,71,0,0,0,0,0
658,36,690,2,2,1,86,0,0,0,1,0
659,32,562,13,14,1,75,1,0,0,0,0
660,26,757,9,7,0,91,1,0,0,1,0
661,41,769,14,14,0,81,1,1,0,0,1
662,36,750,14,14,0,73,0,0,0,0,0
663,24,669,2,4,1,72,0,0,0,0,0
664,24,406,3,3,0,84,0,0,0,1,0
665,40,736,3,4,1,64,0,1,1,0,0
666,42,516,2,3,1,71,1,0,0,0,0
667,26,712,2,3,1,91,1,0,1,1,0
668,45,696,11,10,1,72,0,0,0,0,0
669,24,699,4,3,1,78,0,0,0,0,0
670,40,696,12,11,1,71,0,0,0,0,0
671,40,558,2,4,1,82,0,0,0,0,0
672,38,363,2,3,1,78,1,0,0,0,0
673,43,844,11,10,1,79,0,0,0,0,0
674,30,821,14,12,1,71,0,0,0,0,0
675,40,755,14,14,1,62,0,0,0,0,0
676,32,777,14,12,0,69,0,0,0,0,0
677,31,578,11,10,1,82,0,0,1,1,0
678,35,802,11,15,1,66,0,1,0,0,0
679,37,779,13,14,1,60,0,0,1,0,0
680,41,651,3,4,1,93,0,0,0,1,0
681,28,866,3,3,1,67,0,0,0,0,0
682,28,770,10,15,0,86,0,0,1,0,1
683,25,746,6,9,1,78,1,0,1,0,0
684,23,857,3,4,1,80,0,0,0,0,0
685,42,854,2,4,1,79,0,0,0,0,0
686,22,765,3,6,1,75,0,0,0,0,0
687,32,719,14,14,1,71,0,0,0,0,0
688,27,631,7,7,0,68,0,0,0,0,0
689,29,950,3,3,1,81,0,1,0,0,0
690,30,768,4,6,1,71,0,1,0,0,0
691,30,585,14,13,0,77,0,0,1,0,0
692,26,570,9,12,0,63,0,0,0,0,0
693,26,422,2,5,0,85,0,0,0,1,0
694,43,774,4,5,1,63,1,0,0,0,0
695,22,683,3,6,1,69,0,0,0,0,0
696,34,717,3,3,1,69,1,0,0,0,0
697,25,593,7,9,0,73,0,0,0,0,0
698,38,634,4,2,1,76,0,0,0,0,0
699,42,809,13,12,1,76,0,1,0,0,1
700,37,818,2,5,1,71,0,0,1,0,0
701,27,764,6,9,1,72,1,0,0,0,0
702,22,623,1,4,1,65,0,0,0,0,0
703,45,724,3,5,0,85,0,0,1,1,0
704,36,741,2,4,1,76,0,0,0,0,0
705,29,865,3,2,1,63,1,1,0,0,0
706,24,698,3,3,0,83,0,0,0,1,0
707,24,590,3,5,1,74,1,0,1,0,0
708,24,858,5,2,1,64,0,0,0,0,0
709,22,605,2,6,1,71,0,1,0,0,0
710,22,467,4,5,1,90,0,0,1,0,0
711,44,698,12,12,0,82,0,0,0,1,1
712,24,789,1,5,1,77,1,0,0,0,0
713,39,810,3,5,1,88,1,0,1,1,0
714,36,946,2,6,1,72,0,0,0,0,0
715,41,733,3,2,1,51,0,1,0,0,0
716,37,724,2,3,1,65,0,0,0,0,0
717,30,787,11,10,0,59,0,0,0,0,0
718,35,811,2,4,1,72,0,0,0,0,0
719,42,672,4,4,0,70,0,0,0,0,0
720,29,785,2,4,1,74,0,0,0,0,0
721,22,585,3,5,1,78,0,0,0,0,0
722,44,583,13,10,1,72,0,0,0,0,0
723,45,658,4,5,1,59,0,0,0,0,0
724,26,731,10,11,1,70,0,0,0,0,0
725,27,886,7,12,1,86,0,1,0,0,1
726,36,591,12,12,1,63,0,1,0,0,0
727,40,740,11,10,0,67,1,0,0,0,0
728,32,604,4,3,1,85,0,1,0,1,0
729,22,612,2,6,1,73,0,0,0,0,0
730,43,686,13,14,1,49,1,0,0,0,0
731,39,718,3,6,1,59,0,0,0,0,0
732,37,681,2,2,1,82,0,0,1,1,0
733,36,533,11,14,0,78,0,0,0,0,0
734,36,431,4,5,0,59,0,0,0,0,0
735,30,777,12,10,1,76,0,0,0,0,0
736,36,731,12,10,1,69,0,0,0,0,0
737,24,627,1,5,1,81,0,0,0,1,0
738,35,541,2,3,1,87,0,1,1,1,0
739,31,568,14,10,1,82,0,0,0,0,0
740,22,756,1,5,1,62,0,0,0,0,0
741,28,770,3,3,1,82,1,0,0,0,0
742,42,722,3,3,1,71,1,1,0,0,0
743,26,670,1,4,1,75,0,0,0,0,0
744,35,648,12,10,1,78,0,1,0,0,0
745,27,732,1,2,1,64,0,0,0,0,0
746,28,657,3,2,1,82,0,0,0,1,0
747,29,675,1,5,1,80,0,0,0,0,0
748,38,751,13,15,1,92,0,0,0,1,1
749,39,800,12,13,1,82,0,0,0,0,0
750,29,725,10,10,1,73,0,0,0,0,0
751,44,865,3,5,1,84,1,0,0,0,0
752,31,598,12,12,1,79,1,1,0,0,0
753,42,659,12,13,1,74,1,0,0,0,0
754,32,470,11,15,0,86,0,0,0,1,1
755,40,710,12,12,1,67,1,1,0,0,0
756,24,691,2,3,1,85,0,0,0,0,0
757,27,758,6,11,0,67,0,0,0,0,0
758,41,738,13,11,1,87,0,0,0,0,0
759,24,689,1,6,0,76,1,0,0,0,0
760,37,655,14,12,1,72,0,0,0,0,0
761,30,599,13,13,1,69,0,1,0,0,0
762,23,696,1,6,1,88,0,0,0,0,0
763,31,527,2,4,1,87,1,0,0,0,0
764,38,893,2,5,1,84,0,0,0,1,0
765,44,663,2,3,1,69,0,0,0,0,0
766,38,539,4,6,1,81,0,0,0,0,0
767,37,521,3,5,1,88,0,0,0,0,0
768,42,742,13,11,1,71,1,1,0,0,0
769,25,515,6,8,1,57,0,0,1,0,0
770,27,646,1,3,1,86,0,0,0,1,0
771,22,807,1,5,1,65,0,0,0,0,0
772,38,812,2,3,1,60,0,0,0,0,0
773,22,704,1,6,1,86,1,0,0,0,0
774,39,644,14,12,0,73,0,1,0,0,0
775,34,814,14,15,1,60,0,0,0,0,0
776,23,653,2,4,1,93,0,0,0,0,0
777,28,815,1,4,1,74,0,0,1,0,0
778,41,738,14,10,1,72,0,0,0,0,0
779,39,665,2,4,1,74,0,1,0,0,0
780,40,539,14,13,0,81,0,0,1,1,1
781,34,573,2,5,1,77,0,1,0,0,0
782,30,660,11,10,0,77,0,0,0,0,0
783,32,716,4,4,1,90,0,1,0,0,0
784,34,835,3,3,1,67,0,1,1,0,0
785,36,722,3,3,1,57,0,0,0,0,0
786,31,542,3,5,1,67,0,0,0,0,0
787,40,703,3,3,1,76,1,0,0,0,0
788,33,662,3,2,0,62,0,0,0,0,0
789,39,590,12,11,1,72,1,0,1,0,0
790,36,769,13,12,1,100,1,1,0,1,1
791,39,789,14,13,1,81,1,1,0,0,1
792,40,733,11,10,1,80,0,0,0,0,0
793,38,654,4,2,1,76,0,1,0,0,0
794,39,626,13,12,0,73,1,0,0,0,0
795,39,600,11,13,1,86,0,1,0,0,1
796,29,845,2,3,1,63,1,0,0,0,0
797,29,617,10,11,0,74,0,0,1,0,0
798,40,696,14,10,1,78,0,0,0,0,0
799,35,833,11,15,1,68,1,1,1,0,1
800,43,699,12,10,1,76,0,0,1,0,0
801,35,613,4,5,1,68,0,0,0,0,0
802,23,742,3,4,1,79,0,0,0,0,0
803,45,862,12,15,1,77,1,0,0,0,1
804,23,698,3,4,1,67,0,0,1,0,0
805,25,814,10,15,0,85,0,1,0,0,1
806,43,720,12,12,1,72,0,0,0,0,0
807,40,705,3,2,1,66,0,1,0,0,0
808,30,738,3,5,0,80,0,1,0,0,0
809,29,724,7,9,1,67,0,0,0,0,0
810,25,801,3,4,1,88,0,0,0,0,0
811,44,499,3,5,0,86,0,0,0,1,0
812,28,781,1,5,1,65,0,0,0,0,0
813,26,454,2,5,1,63,0,0,0,0,0
814,42,734,14,11,1,65,1,0,0,0,0
815,28,653,1,2,1,83,0,1,0,1,0
816,33,594,14,15,1,64,0,1,0,0,0
817,27,705,2,5,0,73,0,0,1,0,0
818,31,700,2,2,1,72,0,0,0,0,0
819,22,833,2,3,0,85,0,1,1,0,0
820,39,669,14,12,0,79,1,0,0,0,0
821,32,730,3,3,1,92,0,0,1,1,0
822,23,811,3,2,1,71,0,0,0,0,0
823,23,950,4,6,1,85,0,0,1,0,0
824,43,816,11,12,0,93,0,0,0,1,1
825,30,648,3,5,0,85,0,0,0,0,0
826,32,729,3,6,1,87,0,0,1,0,0
827,31,608,12,12,1,79,0,0,0,0,0
828,38,519,13,11,0,79,0,1,1,0,0
829,38,531,2,3,1,75,0,0,0,0,0
830,39,728,2,6,1,76,0,0,1,0,0
831,33,698,14,11,0,70,0,1,0,0,0
832,40,665,2,4,1,79,0,0,1,0,0
833,36,805,4,2,1,85,0,0,1,1,0
834,42,701,2,2,1,60,0,0,0,0,0
835,41,822,3,4,1,90,0,0,0,1,0
836,38,783,11,14,1,79,1,0,0,0,0
837,42,555,3,5,1,67,0,0,1,0,0
838,36,541,4,5,1,62,0,0,0,0,0
839,31,841,14,10,0,62,0,0,0,0,0
840,44,726,4,3,0,73,0,0,0,0,0
841,32,572,2,3,1,71,0,0,0,0,0
842,33,743,4,5,0,77,0,0,0,0,0
843,24,744,4,6,1,61,0,0,0,0,0
844,36,742,3,5,1,51,0,0,0,0,0
845,33,637,4,6,1,77,0,1,0,0,0
846,43,854,11,11,1,69,0,0,0,0,0
847,43,547,4,2,1,94,0,1,0,1,0
848,36,767,3,2,0,99,0,0,0,0,0
849,37,720,13,15,1,75,0,0,0,0,0
850,42,659,11,15,1,82,0,0,0,0,0
851,22,668,2,2,1,76,0,0,0,0,0
852,29,576,7,11,1,81,0,0,0,1,0
853,32,573,3,3,0,58,0,1,0,0,0
854,41,690,3,2,1,87,0,0,0,1,0
855,39,701,14,10,1,78,1,0,0,0,0
856,37,500,13,14,1,76,0,0,0,0,0
857,34,788,12,11,1,71,0,0,0,0,0
858,39,664,13,10,0,74,0,0,0,0,0
859,31,764,2,3,1,94,0,0,0,0,0
860,39,757,3,5,0,64,0,0,0,0,0
861,39,755,12,14,0,78,0,1,0,0,0
862,44,658,3,6,1,70,0,0,0,0,0
863,45,788,2,4,1,81,0,0,0,0,0
864,32,635,12,11,1,71,0,1,0,0,0
865,38,689,11,14,1,69,0,0,0,0,0
866,31,779,2,2,0,89,0,0,0,1,0
867,27,579,9,9,1,86,0,0,0,1,0
868,35,642,3,5,0,74,0,0,0,0,0
869,43,776,2,4,1,65,0,0,0,0,0
870,40,652,13,10,1,79,0,0,0,0,0
871,40,754,3,3,1,76,1,0,1,0,0
872,22,774,2,3,1,55,0,0,1,0,0
873,26,613,8,8,1,82,0,0,0,1,0
874,45,627,13,11,1,70,1,1,1,0,0
875,43,765,2,6,1,80,0,0,0,0,0
876,36,742,2,5,1,76,0,0,1,0,0
877,22,620,2,4,1,78,0,0,0,0,0
878,36,810,12,12,1,65,0,0,1,0,0
879,28,535,1,4,1,78,1,0,0,0,0
880,38,701,3,6,1,73,0,0,0,0,0
881,25,745,3,6,1,78,1,0,0,0,0
882,37,838,3,2,1,85,0,0,0,0,0
883,35,665,3,2,1,78,1,0,0,0,0
884,33,697,2,4,0,71,1,1,1,0,0
885,23,613,2,4,1,79,0,0,0,0,0
886,40,723,4,3,1,83,0,0,0,1,0
887,24,781,1,3,1,86,0,0,0,1,0
888,32,697,11,11,0,69,0,0,0,0,0
889,39,675,2,5,1,71,0,1,0,0,0
890,43,667,12,10,1,61,0,0,0,0,0
891,42,451,3,6,1,77,0,0,0,0,0
892,30,834,13,14,1,72,0,0,0,0,0
893,22,708,2,2,0,73,0,0,0,0,0
894,44,781,3,5,1,78,0,1,0,0,0
895,27,636,1,3,0,55,0,1,0,0,0
896,35,667,11,14,1,58,0,0,0,0,0
897,38,752,14,15,1,70,0,0,0,0,0
898,34,632,14,10,0,77,0,0,0,0,0
899,25,526,7,8,1,69,0,0,0,0,0
900,35,676,12,11,1,75,0,0,0,0,0
901,24,524,2,2,0,85,0,0,0,1,0
902,30,811,13,11,1,82,1,0,0,0,0
903,42,757,2,2,1,75,0,0,0,0,0
904,43,672,11,12,1,67,0,0,0,0,0
905,36,754,3,5,1,60,0,0,1,0,0
906,37,672,3,2,1,87,0,0,0,1,0
907,22,690,1,5,1,64,0,0,0,0,0
908,26,512,8,11,1,72,1,0,0,0,0
909,25,747,6,11,1,86,0,0,0,0,0
910,24,721,2,5,1,85,0,0,0,0,0
911,29,532,1,3,1,81,0,0,0,1,0
912,34,574,2,3,1,82,1,0,0,1,0
913,30,679,13,10,1,71,0,0,0,0,0
914,22,793,2,2,1,84,0,0,1,1,0
915,36,738,4,3,1,87,1,0,0,1,0
916,26,660,2,4,1,55,1,1,0,0,0
917,25,846,3,2,1,71,0,0,0,0,0
918,27,861,10,12,1,94,0,1,0,1,1
919,34,608,13,10,0,75,0,0,0,0,0
920,34,884,3,5,0,69,0,1,0,0,0
921,24,716,1,4,0,88,0,1,0,1,0
922,29,687,2,3,0,69,0,0,1,0,0
923,39,901,12,10,0,77,0,0,0,0,0
924,32,807,11,13,0,100,0,1,0,0,1
925,22,688,3,3,1,82,0,0,0,1,0
926,41,664,4,4,1,75,0,0,0,0,0
927,34,656,4,2,1,80,1,1,0,0,0
928,28,697,2,3,0,65,0,0,0,0,0
929,22,608,2,5,0,75,0,0,1,0,0
930,24,613,2,2,1,67,0,1,0,0,0
931,33,671,3,4,1,84,0,0,0,1,0
932,40,637,4,5,1,92,0,0,0,0,0
933,28,649,10,13,1,62,0,0,0,0,0
934,24,720,1,4,1,88,0,0,0,0,0
935,27,635,6,9,1,60,0,0,0,0,0
936,35,634,4,5,0,75,0,0,0,0,0
937,37,435,11,11,1,73,0,0,0,0,0
938,24,611,5,6,1,83,0,1,1,1,0
939,35,788,2,2,1,90,0,0,0,0,0
940,38,660,14,13,1,64,1,0,0,0,0
941,24,617,3,2,1,83,0,0,0,1,0
942,27,734,2,5,1,81,0,0,0,1,0
943,42,772,4,3,1,77,1,0,0,0,0
944,28,735,10,15,1,83,0,1,0,1,1
945,36,779,3,2,1,85,0,0,0,0,0
946,22,583,4,3,1,56,0,0,0,0,0
947,23,609,3,2,0,68,0,1,0,0,0
948,25,868,7,11,1,79,0,0,0,0,0
949,25,612,3,6,1,71,1,0,0,0,0
950,36,635,2,3,1,60,0,1,0,0,0
951,43,812,2,4,1,77,1,0,0,0,0
952,26,545,3,3,1,81,1,0,0,0,0
953,32,717,13,11,1,82,0,0,1,1,0
954,43,856,4,3,1,86,0,0,0,1,0
955,37,503,4,5,1,71,0,1,0,0,0
956,45,864,3,4,1,90,0,0,0,0,0
957,33,674,2,2,1,66,0,0,1,0,0
958,25,634,7,12,1,71,0,0,0,0,0
959,42,825,3,2,0,69,1,0,0,0,0
960,45,814,12,11,1,59,1,0,0,0,0
961,42,693,13,12,1,82,0,1,0,1,1
962,22,694,1,2,1,87,0,0,0,0,0
963,38,783,3,2,1,75,0,0,1,0,0
964,33,748,4,2,1,80,0,0,0,0,0
965,40,699,11,15,1,75,0,0,0,0,0
966,27,675,10,15,1,84,0,0,0,1,1
967,27,652,2,5,0,79,0,0,1,0,0
968,40,525,12,13,1,72,0,1,0,0,0
969,35,732,11,10,1,74,0,0,0,0,0
970,27,683,8,10,1,67,1,0,1,0,0
971,25,599,10,15,1,83,0,1,0,1,1
972,43,858,11,11,1,71,0,0,0,0,0
973,39,790,4,6,1,62,1,0,0,0,0
974,40,789,13,12,0,74,0,1,0,0,0
975,34,658,12,15,1,91,0,1,0,0,1
976,40,616,11,12,1,60,1,0,0,0,0
977,34,673,4,5,0,87,1,0,1,1,0
978,39,827,13,11,1,70,0,1,0,0,0
979,33,792,12,13,0,85,1,0,0,1,1
980,43,654,3,3,1,93,0,0,1,1,0
981,36,795,4,2,1,68,0,1,1,0,0
982,36,594,4,5,1,80,0,0,1,0,0
983,40,784,11,11,1,74,1,0,0,0,0
984,27,761,9,8,1,73,0,0,0,0,0
985,23,686,2,6,0,89,0,0,0,1,0
986,26,703,3,6,1,83,0,0,0,1,0
987,32,583,12,13,1,56,1,1,0,0,0
988,24,654,2,6,1,91,0,1,0,1,0
989,32,603,2,5,1,89,0,0,1,0,0
990,39,693,12,14,0,88,0,0,0,0,1
991,23,673,3,2,1,68,0,0,0,0,0
992,33,554,2,5,0,71,0,0,0,0,0
993,34,800,12,11,1,72,0,0,0,0,0
994,44,596,11,15,0,75,0,1,0,0,0
995,24,678,4,5,1,89,0,1,0,0,0
996,25,801,7,11,1,74,0,0,0,0,0
997,32,677,11,13,1,84,0,0,0,1,1
998,29,670,6,11,0,75,0,0,0,0,0
999,25,695,2,5,1,65,0,0,0,0,0
1000,25,835,2,3,1,73,0,0,1,0,0
1001,31,756,12,15,0,63,1,1,0,0,0
1002,31,779,4,3,0,75,0,0,0,0,0
1003,33,606,2,3,1,85,0,0,0,0,0
1004,23,790,2,4,1,76,0,0,0,0,0
1005,31,736,4,3,1,71,0,0,0,0,0
1006,32,581,4,6,1,85,1,1,0,0,0
1007,29,805,7,9,0,61,0,0,1,0,0
1008,30,546,11,14,1,70,0,0,0,0,0
1009,37,626,11,13,1,71,0,1,0,0,0
1010,37,677,12,14,1,67,1,1,0,0,0
1011,31,916,11,13,1,80,0,0,0,0,0
1012,40,775,13,11,1,72,0,0,0,0,0
1013,24,726,5,3,1,70,0,1,0,0,0
1014,28,497,6,8,1,77,0,0,0,0,0
1015,38,619,2,3,1,72,0,0,0,0,0
1016,35,739,4,3,1,66,0,0,1,0,0
1017,35,834,2,5,1,83,0,1,0,0,0
1018,27,574,1,3,1,79,1,0,1,0,0
1019,22,931,3,2,1,83,0,0,0,0,0
1020,41,687,3,4,1,87,1,0,0,1,0
1021,30,684,4,3,0,81,0,0,0,0,0
1022,25,647,3,4,1,66,1,0,0,0,0
1023,22,725,1,4,1,80,0,0,0,0,0
1024,30,666,3,6,0,83,1,0,0,0,0
1025,22,812,2,2,1,59,0,0,0,0,0
1026,39,531,3,6,0,86,0,0,0,0,0
1027,25,769,10,10,1,59,0,0,0,0,0
1028,24,731,3,2,1,96,1,1,0,1,0
1029,24,792,2,5,1,79,1,1,0,0,0
1030,27,803,7,7,1,84,1,1,0,0,0
1031,34,735,14,11,1,76,1,0,0,0,0
1032,36,881,14,15,1,72,1,0,0,0,1
1033,37,909,12,10,1,86,1,0,0,1,1
1034,27,795,8,12,1,80,1,0,0,0,0
1035,26,728,1,2,1,50,1,0,0,0,0
1036,35,629,3,2,1,83,0,0,0,1,0
1037,39,737,11,12,1,70,0,1,0,0,0
1038,35,640,11,12,0,71,1,0,0,0,0
1039,29,624,8,9,1,81,0,0,0,1,0
1040,28,724,2,2,1,78,0,0,0,0,0
1041,44,615,4,4,0,78,0,0,0,0,0
1042,38,780,2,3,1,90,0,0,0,1,0
1043,29,681,10,12,1,73,0,0,0,0,0
1044,36,724,14,13,1,65,0,0,0,0,0
1045,32,675,2,4,1,89,0,0,0,1,0
1046,34,722,13,15,1,85,0,0,0,0,1
1047,32,644,3,4,1,68,1,0,0,0,0
1048,33,545,14,11,0,71,1,0,0,0,0
1049,40,696,3,2,1,82,1,0,0,1,0
1050,37,622,13,11,0,71,0,0,0,0,0
1051,38,686,3,4,1,84,1,0,0,0,0
1052,42,900,3,6,1,75,0,0,0,0,0
1053,38,850,12,15,1,91,0,0,1,0,1
1054,39,707,3,6,0,81,1,0,1,1,0
1055,36,613,2,2,1,79,0,0,1,0,0
1056,37,699,14,13,1,67,0,1,0,0,0
1057,42,654,13,14,1,78,1,0,0,0,0
1058,31,653,11,11,0,70,0,0,0,0,0
1059,37,597,3,2,1,72,0,0,1,0,0
1060,29,753,3,6,1,56,0,0,0,0,0
1061,42,596,11,12,1,69,1,1,0,0,0
1062,38,612,13,10,1,76,0,0,1,0,0
1063,37,868,4,2,1,68,1,0,0,0,0
1064,35,742,4,2,1,70,0,0,0,0,0
1065,25,654,8,10,1,82,1,0,0,0,0
1066,37,665,2,6,1,82,0,1,0,1,0
1067,44,807,4,3,0,66,0,0,0,0,0
1068,42,577,12,10,1,65,0,0,0,0,0
1069,26,596,6,11,1,78,0,0,1,0,0
1070,28,350,6,12,1,59,1,0,0,0,0
1071,44,653,3,6,1,83,1,0,1,0,0
1072,24,734,5,4,0,88,0,0,0,1,0
1073,36,749,3,3,1,69,0,0,0,0,0
1074,40,668,12,15,1,68,1,0,0,0,0
1075,35,837,2,3,1,80,0,0,0,0,0
1076,39,718,3,5,0,75,0,1,0,0,0
1077,32,840,2,6,1,80,1,0,1,0,0
1078,44,894,11,12,1,77,0,1,0,0,1
1079,41,724,2,3,1,66,0,0,0,0,0
1080,41,804,13,12,1,78,0,0,0,0,0
1081,32,643,12,11,1,70,1,1,1,0,0
1082,44,707,3,2,1,81,0,1,0,0,0
1083,42,629,11,13,1,67,0,1,0,0,0
1084,36,638,4,4,1,64,0,0,0,0,0
1085,26,753,10,15,1,76,0,0,0,0,0
1086,41,692,2,6,1,74,0,0,1,0,0
1087,42,853,2,4,1,61,1,0,0,0,0
1088,43,711,14,10,1,69,0,0,1,0,0
1089,33,667,11,12,1,65,1,0,0,0,0
1090,34,771,3,3,1,94,0,0,0,0,0
1091,39,572,4,5,1,84,0,0,0,0,0
1092,45,873,2,4,1,72,0,0,0,0,0
1093,41,578,13,15,1,72,1,0,0,0,0
1094,38,474,2,5,1,96,0,0,0,0,0
1095,30,707,13,10,1,70,0,0,0,0,0
1096,33,796,11,15,1,72,0,0,0,0,0
1097,43,684,4,3,1,65,0,0,0,0,0
1098,37,741,3,4,1,87,0,1,0,0,0
1099,40,946,14,12,1,73,0,0,0,0,0
1100,29,751,2,6,1,61,1,0,0,0,0
1101,37,798,2,5,1,66,0,0,0,0,0
1102,39,580,12,10,1,64,0,0,1,0,0
1103,34,935,4,5,1,79,0,0,0,0,0
1104,25,701,1,3,1,65,0,1,1,0,0
1105,30,807,13,11,1,87,0,1,0,1,1
1106,28,684,7,11,0,73,0,1,0,0,0
1107,41,862,4,2,1,78,1,1,0,0,0
1108,36,628,2,2,1,77,0,0,0,0,0
1109,27,657,9,8,1,77,0,0,1,0,0
1110,37,543,13,14,1,62,0,0,0,0,0
1111,35,767,14,15,1,84,0,0,1,0,0
1112,38,916,3,4,1,73,0,0,0,0,0
1113,43,739,14,15,1,69,0,0,0,0,0
1114,32,666,13,13,1,70,1,0,1,0,1
1115,37,589,11,10,1,72,0,0,0,0,0
1116,23,619,3,2,0,98,0,0,1,0,0
1117,27,910,7,12,1,78,1,0,1,0,0
1118,22,822,1,5,0,69,0,1,0,0,0
1119,36,781,2,5,1,75,0,0,0,0,0
1120,41,731,14,10,1,97,1,0,0,1,1
1121,28,827,2,3,1,86,1,0,0,1,0
1122,30,604,13,14,1,72,0,1,0,0,0
1123,29,568,3,4,1,68,0,0,0,0,0
1124,34,647,4,4,1,69,0,1,0,0,0
1125,33,673,2,3,0,77,1,0,0,0,0
1126,32,636,11,11,0,80,0,0,0,0,0
1127,27,848,3,6,1,86,0,1,1,0,0
1128,32,834,3,2,1,76,0,0,0,0,0
1129,23,626,5,5,1,85,0,0,0,1,0
1130,33,535,2,4,0,73,0,1,0,0,0
1131,35,844,11,15,0,78,1,0,0,0,1
1132,45,629,3,3,1,68,0,0,0,0,0
1133,41,809,14,12,0,54,0,0,0,0,0
1134,27,794,6,8,1,74,0,0,0,0,0
1135,35,639,12,12,0,82,0,0,0,0,0
1136,44,650,2,5,1,81,0,0,0,0,0
1137,25,546,7,11,1,68,0,0,0,0,0
1138,42,721,3,6,1,62,0,0,0,0,0
1139,34,569,12,15,0,72,0,0,0,0,0
1140,34,827,3,6,0,63,1,0,0,0,0
1141,36,669,4,6,1,60,0,0,1,0,0
1142,29,562,2,5,1,71,0,1,0,0,0
1143,29,737,6,12,1,62,0,0,0,0,0
1144,45,723,13,15,1,75,0,0,0,0,0
1145,23,803,3,6,1,75,0,0,0,0,0
1146,34,693,4,3,1,82,0,0,0,0,0
1147,28,581,9,9,1,61,0,0,0,0,0
1148,29,840,6,10,1,92,0,1,1,1,1
1149,28,730,7,9,1,71,0,0,0,0,0
1150,34,715,12,11,1,76,0,0,0,0,0
1151,39,598,11,12,0,71,0,0,0,0,0
1152,40,862,2,2,1,94,0,0,1,0,0
1153,37,663,3,6,0,70,0,0,0,0,0
1154,45,651,14,13,1,82,0,0,0,0,0
1155,38,575,14,14,1,60,0,0,0,0,0
1156,28,637,2,6,1,75,0,0,1,0,0
1157,43,784,3,6,0,79,0,1,1,0,0
1158,45,732,4,5,1,76,0,0,1,0,0
1159,34,567,2,4,0,69,1,0,0,0,0
1160,43,698,4,4,1,65,0,0,0,0,0
1161,43,682,2,6,1,66,1,0,0,0,0
1162,29,665,7,11,0,75,0,0,0,0,0
1163,41,765,4,3,1,64,0,1,0,0,0
1164,31,803,11,11,1,87,0,1,0,0,1
1165,44,634,11,13,1,76,0,0,0,0,0
1166,28,577,8,8,1,68,0,1,0,0,0
1167,43,908,2,2,0,87,0,0,0,0,0
1168,28,699,9,10,1,54,0,0,0,0,0
1169,25,601,2,2,1,62,0,0,0,0,0
1170,41,663,14,13,1,80,0,0,0,0,0
1171,41,513,14,12,1,82,0,0,0,0,0
1172,31,803,2,4,1,61,0,0,0,0,0
1173,41,701,11,12,1,80,0,0,1,0,0
1174,22,852,3,5,1,59,0,0,0,0,0
1175,45,420,11,10,1,66,0,0,0,0,0
1176,32,673,4,2,1,79,0,0,0,0,0
1177,34,780,11,11,1,72,0,0,0,0,0
1178,30,512,13,13,1,83,0,0,0,1,0
1179,39,648,3,3,1,65,0,0,0,0,0
1180,32,627,11,15,1,49,1,0,0,0,0
1181,28,688,6,8,1,63,0,0,0,0,0
1182,41,697,11,14,1,84,0,1,0,1,1
1183,26,800,2,3,1,60,1,0,0,0,0
1184,37,816,14,13,1,89,0,0,1,1,1
1185,30,723,4,5,0,77,0,0,0,0,0
1186,44,742,14,13,0,98,0,0,0,1,1
1187,45,885,3,4,1,68,0,0,0,0,0
1188,31,467,4,3,1,81,1,0,1,0,0
1189,26,793,8,12,0,80,0,0,0,0,0
1190,35,635,12,15,1,84,0,0,0,1,1
1191,45,841,13,11,1,81,1,0,0,0,0
1192,45,492,11,15,1,75,0,0,0,0,0
1193,40,780,11,14,1,70,0,1,0,0,0
1194,24,744,5,5,1,63,0,0,0,0,0
1195,43,840,12,14,1,70,0,1,1,0,1
1196,34,811,4,3,1,74,0,0,0,0,0
1197,26,758,7,8,1,81,0,0,0,1,0
1198,24,857,2,2,1,68,0,0,1,0,0
1199,40,654,13,14,1,69,0,0,1,0,0
1200,32,768,4,3,1,69,1,0,0,0,0
1201,28,769,7,10,1,72,0,0,0,0,0
1202,23,586,5,2,0,62,0,0,1,0,0
1203,43,828,3,5,1,84,0,0,0,1,0
1204,35,687,14,14,0,68,0,0,1,0,0
1205,44,643,14,11,0,79,0,0,1,0,0
1206,22,662,3,5,1,58,0,0,1,0,0
1207,40,705,13,11,1,72,0,0,0,0,0
1208,25,759,7,9,1,73,0,0,0,0,0
1209,29,628,10,12,0,85,0,0,0,1,1
1210,36,829,12,13,1,63,0,0,0,0,0
1211,41,544,14,15,1,75,0,0,0,0,0
1212,24,685,1,6,1,76,1,0,0,0,0
1213,38,585,2,6,1,68,0,0,0,0,0
1214,43,626,12,11,0,92,0,0,0,0,0
1215,38,682,2,3,1,65,0,0,0,0,0
1216,32,742,4,4,0,78,1,0,0,0,0
1217,41,758,4,6,1,65,0,1,0,0,0
1218,39,711,2,2,1,55,0,0,1,0,0
1219,41,644,11,15,1,74,0,0,0,0,0
1220,22,714,2,6,1,80,1,0,0,0,0
1221,22,599,1,5,1,62,0,0,1,0,0
1222,45,765,4,2,0,76,0,1,0,0,0
1223,38,708,2,5,1,73,0,0,0,0,0
1224,45,677,3,5,1,68,0,1,0,0,0
1225,26,771,6,12,1,71,0,0,1,0,0
1226,39,730,12,14,1,66,0,0,0,0,0
1227,39,656,2,5,0,78,1,0,0,0,0
1228,39,535,4,6,1,80,1,0,0,0,0
1229,28,684,1,5,1,90,0,1,1,1,0
1230,27,805,6,7,1,60,1,0,0,0,0
1231,33,783,4,3,1,63,0,0,0,0,0
1232,45,660,4,6,1,86,0,1,0,1,0
1233,42,742,4,3,1,89,0,0,0,1,0
1234,26,669,6,12,1,71,0,0,0,0,0
1235,35,641,12,15,1,68,0,0,1,0,0
1236,28,729,3,6,1,77,0,0,0,0,0
1237,29,699,7,7,0,73,1,0,0,0,0
1238,30,615,14,15,0,79,0,0,0,0,0
1239,42,799,3,6,0,70,0,0,0,0,0
1240,31,909,12,15,1,66,0,0,0,0,0
1241,34,930,3,4,1,88,0,1,0,1,0
1242,29,739,2,6,0,80,0,1,1,0,0
1243,35,521,3,2,0,77,0,0,0,0,0
1244,27,482,3,5,0,74,0,0,0,0,0
1245,37,694,12,10,1,62,0,0,0,0,0
1246,35,830,14,12,0,88,0,0,0,0,1
1247,22,640,3,3,1,77,0,1,0,0,0
1248,36,762,14,15,0,73,0,0,1,0,0
1249,40,669,13,14,1,57,0,0,0,0,0
1250,43,496,4,3,0,84,0,0,0,0,0
1251,34,675,4,6,1,70,1,0,0,0,0
1252,34,559,11,10,1,86,0,0,1,1,1
1253,23,566,1,2,1,62,0,0,1,0,0
1254,41,623,13,10,0,81,0,0,0,0,0
1255,36,656,13,12,1,98,0,0,0,1,1
1256,29,629,2,2,1,82,0,0,0,0,0
1257,37,659,3,3,1,61,0,0,0,0,0
1258,23,520,4,4,1,61,0,0,0,0,0
1259,31,671,4,4,1,82,0,0,0,1,0
1260,23,702,2,6,1,77,0,0,1,0,0
1261,31,736,4,6,1,68,0,0,0,0,0
1262,26,802,3,3,0,80,0,0,0,0,0
1263,30,614,11,10,1,80,0,0,0,0,0
1264,28,755,7,11,1,83,0,0,0,1,0
1265,29,664,3,5,1,98,0,0,1,0,0
1266,36,800,11,12,0,77,1,0,1,0,1
1267,34,702,3,4,1,85,1,0,0,1,0
1268,24,721,1,6,1,84,1,0,1,1,0
1269,28,712,8,9,1,77,0,0,0,0,0
1270,44,734,14,10,0,87,0,0,0,1,1
1271,43,842,3,6,1,82,0,0,1,0,0
1272,28,691,2,4,1,68,0,0,0,0,0
1273,26,836,2,2,0,71,0,1,0,0,0
1274,37,822,13,11,1,77,0,1,0,0,0
1275,36,613,14,11,1,65,0,0,0,0,0
1276,25,586,2,6,1,55,1,0,0,0,0
1277,23,705,2,4,0,72,0,0,0,0,0
1278,31,788,3,3,1,83,0,0,0,1,0
1279,26,641,9,9,1,82,0,0,0,1,0
1280,38,786,4,3,1,61,1,0,0,0,0
1281,34,563,2,2,0,73,1,0,0,0,0
1282,44,778,11,12,1,82,0,0,0,1,1
1283,27,740,10,13,1,60,0,0,0,0,0
1284,37,578,4,2,0,59,0,0,0,0,0
1285,30,474,3,3,0,72,0,0,0,0,0
1286,35,833,4,4,1,69,0,1,0,0,0
1287,24,457,1,6,0,81,0,1,0,1,0
1288,23,650,2,2,0,73,0,0,0,0,0
1289,23,706,5,3,1,85,0,0,0,0,0
1290,28,655,3,4,0,69,0,0,0,0,0
1291,26,743,3,5,1,61,1,0,0,0,0
1292,33,760,4,3,1,58,0,1,0,0,0
1293,40,543,14,12,1,82,0,0,0,1,0
1294,33,700,12,10,1,77,0,0,0,0,0
1295,45,766,12,14,1,78,0,0,1,0,0
1296,32,591,13,15,1,72,0,0,0,0,0
1297,39,737,13,14,1,67,0,1,1,0,0
1298,36,657,3,6,0,84,0,0,1,0,0
1299,35,882,4,5,1,95,1,1,0,0,0
1300,37,679,14,13,0,73,0,0,1,0,0
1301,45,825,2,5,1,60,0,0,0,0,0
1302,43,740,11,11,1,95,0,0,1,1,1
1303,42,921,13,14,1,75,0,1,0,0,1
1304,44,641,13,14,1,82,0,0,0,1,1
1305,32,596,4,4,1,93,0,0,0,1,0
1306,22,759,4,3,1,58,0,0,0,0,0
1307,43,547,14,14,1,85,1,0,0,0,1
1308,28,776,1,6,1,65,0,0,0,0,0
1309,42,562,4,4,0,73,0,0,1,0,0
1310,43,740,3,2,1,80,0,1,0,0,0
1311,32,673,13,14,1,59,1,0,1,0,0
1312,24,438,1,3,1,75,1,0,0,0,0
1313,25,587,7,7,1,71,0,0,0,0,0
1314,24,781,4,4,1,80,0,0,0,0,0
1315,30,759,14,14,1,74,0,0,1,0,0
1316,38,661,14,13,1,83,1,0,1,0,1
1317,33,817,4,3,1,75,0,0,0,0,0
1318,44,866,12,10,1,68,0,0,1,0,0
1319,45,572,12,11,1,89,1,1,1,0,1
1320,30,857,2,4,0,69,0,0,0,0,0
1321,43,611,3,2,1,68,0,0,0,0,0
1322,30,684,14,11,1,73,0,0,0,0,0
1323,23,532,3,6,1,77,0,0,0,0,0
1324,36,649,11,11,1,53,0,1,0,0,0
1325,26,585,2,2,1,77,0,0,0,0,0
1326,30,737,4,6,1,88,0,0,0,1,0
1327,41,859,4,3,1,64,0,1,0,0,0
1328,40,839,11,10,0,58,1,0,0,0,0
1329,22,731,2,6,1,75,0,0,0,0,0
1330,35,651,12,12,1,85,1,1,1,0,1
1331,31,829,2,6,1,75,0,0,0,0,0
1332,25,557,8,12,1,66,0,0,0,0,0
1333,25,584,6,12,1,63,1,0,0,0,0
1334,31,718,12,15,1,53,0,0,0,0,0
1335,32,785,3,4,1,66,0,0,1,0,0
1336,29,727,2,3,1,67,0,0,1,0,0
1337,27,694,2,6,1,76,0,0,0,0,0
1338,36,644,3,5,1,82,0,0,0,0,0
1339,38,731,12,15,1,63,1,1,0,0,0
1340,35,759,13,13,1,61,0,0,0,0,0
1341,31,767,4,4,0,74,0,1,0,0,0
1342,41,770,3,2,1,83,0,1,0,0,0
1343,38,615,3,6,0,65,0,0,0,0,0
1344,35,751,4,2,0,75,0,0,1,0,0
1345,44,633,2,2,1,61,0,0,0,0,0
1346,24,533,2,4,1,89,0,1,0,0,0
1347,23,610,1,6,1,57,0,1,0,0,0
1348,40,600,3,6,1,67,0,0,0,0,0
1349,28,747,10,11,1,66,0,0,0,0,0
1350,24,635,1,6,1,80,1,1,0,0,0
1351,27,809,8,11,1,74,1,0,0,0,0
1352,22,718,3,4,1,78,0,1,0,0,0
1353,32,566,14,11,0,62,0,1,0,0,0
1354,26,542,10,15,1,73,0,1,0,0,0
1355,42,779,4,2,1,70,0,0,0,0,0
1356,28,819,10,10,0,71,0,0,0,0,0
1357,24,650,1,3,1,72,0,0,0,0,0
1358,30,522,3,3,1,78,0,0,0,0,0
1359,44,813,12,10,0,72,1,0,0,0,0
1360,42,839,13,15,0,76,0,0,1,0,1
1361,24,761,2,5,1,73,0,1,1,0,0
1362,30,616,11,14,1,89,0,0,0,1,1
1363,31,652,4,4,1,78,0,0,0,0,0
1364,26,665,10,11,1,58,0,1,0,0,0
1365,24,741,2,3,1,79,0,0,0,0,0
1366,30,753,3,2,1,78,0,0,0,0,0
1367,36,774,11,15,1,86,0,0,0,1,1
1368,31,735,13,14,1,41,0,0,1,0,0
1369,42,471,3,5,0,83,0,0,1,1,0
1370,39,703,13,12,1,74,0,0,0,0,0
1371,26,608,8,12,0,65,1,0,0,0,0
1372,38,773,14,15,1,73,0,0,0,0,0
1373,34,716,12,15,1,88,0,1,0,0,1
1374,35,679,13,14,0,85,0,0,0,1,1
1375,33,716,4,6,1,70,0,0,0,0,0
1376,37,746,3,6,1,70,0,0,0,0,0
1377,28,662,9,8,1,66,1,0,0,0,0
1378,36,571,3,4,1,81,0,0,0,1,0
1379,22,702,5,2,1,46,1,1,0,0,0
1380,34,539,2,4,1,70,0,0,1,0,0
1381,30,691,3,5,1,89,0,0,0,1,0
1382,24,730,3,5,0,81,0,0,0,0,0
1383,43,617,2,6,1,77,0,0,0,0,0
1384,42,799,12,11,1,77,0,0,1,0,0
1385,24,549,3,2,1,75,0,0,1,0,0
1386,32,672,2,2,1,75,0,0,0,0,0
1387,30,619,3,3,1,83,0,0,0,0,0
1388,45,755,11,14,0,59,0,0,0,0,0
1389,33,612,11,12,0,83,0,0,0,1,1
1390,36,508,2,3,1,66,0,0,0,0,0
1391,34,735,14,10,1,72,0,0,0,0,0
1392,38,682,4,4,1,62,0,0,0,0,0
1393,23,543,2,2,0,73,0,0,0,0,0
1394,44,710,4,3,1,77,0,1,1,0,0
1395,28,613,2,3,1,73,0,0,0,0,0
1396,39,568,12,13,1,78,1,1,1,0,1
1397,27,950,10,12,1,79,1,0,1,0,1
1398,28,665,3,6,1,69,0,0,1,0,0
1399,29,670,9,10,1,71,1,1,0,0,0
1400,36,549,4,6,1,65,0,1,0,0,0
1401,33,810,4,3,1,61,1,0,0,0,0
1402,22,622,3,2,1,80,0,0,1,0,0
1403,40,623,4,2,1,82,0,0,0,1,0
1404,40,620,4,3,0,90,0,0,0,0,0
1405,36,623,12,10,1,74,0,0,1,0,0
1406,43,724,2,4,1,66,0,0,0,0,0
1407,24,748,1,2,1,74,0,0,0,0,0
1408,25,695,2,6,1,77,0,0,1,0,0
1409,33,761,13,14,1,70,0,0,0,0,0
1410,37,741,12,14,0,79,0,1,0,0,0
1411,34,712,12,12,1,80,0,0,0,0,0
1412,31,667,3,6,1,70,0,0,0,0,0
1413,23,535,3,3,1,88,1,0,1,1,0
1414,36,658,3,4,1,63,1,0,1,0,0
1415,41,712,11,15,1,85,0,0,0,0,1
1416,39,657,2,2,1,80,0,0,0,0,0
1417,27,736,3,5,1,87,0,0,0,1,0
1418,37,839,11,15,0,71,0,0,1,0,1
1419,25,797,2,2,1,76,0,0,0,0,0
1420,38,685,13,15,1,80,0,0,0,0,0
1421,42,719,11,10,1,79,1,0,1,0,0
1422,23,642,2,6,1,64,0,0,0,0,0
1423,23,722,1,4,1,68,0,1,0,0,0
1424,41,828,14,15,0,88,0,0,0,0,1
1425,37,768,13,12,0,82,0,0,0,1,1
1426,44,752,14,15,1,75,0,0,0,0,0
1427,41,621,2,2,1,71,0,0,0,0,0
1428,29,685,8,7,1,89,0,0,0,1,0
1429,32,662,12,14,0,50,0,1,0,0,0
1430,45,604,11,10,1,72,0,1,0,0,0
1431,28,719,8,7,1,64,0,0,0,0,0
1432,23,782,3,2,1,55,0,1,0,0,0
1433,34,744,14,14,1,72,1,0,0,0,0
1434,37,854,4,4,1,79,0,1,0,0,0
1435,42,676,3,6,1,72,0,0,0,0,0
1436,43,542,13,12,1,63,0,0,0,0,0
1437,33,635,3,3,0,98,0,0,0,1,0
1438,24,766,1,4,1,70,0,1,0,0,0
1439,40,763,11,11,1,68,0,0,0,0,0
1440,44,837,12,14,1,94,0,0,0,0,1
1441,37,807,13,12,1,77,0,1,0,0,1
1442,22,590,3,5,1,73,0,1,0,0,0
1443,32,671,13,12,1,82,0,0,0,0,0
1444,31,678,11,10,1,55,0,0,0,0,0
1445,37,736,2,3,1,51,0,0,0,0,0
1446,43,701,3,6,1,92,0,0,0,1,0
1447,22,635,3,3,1,83,0,0,1,1,0
1448,27,661,6,11,1,57,0,0,0,0,0
1449,42,861,12,15,1,51,0,1,0,0,0
1450,37,574,3,2,1,82,0,0,0,1,0
1451,38,626,13,15,1,72,1,0,0,0,0
1452,33,631,13,14,1,75,0,0,0,0,0
1453,24,748,2,6,0,79,0,0,0,0,0
1454,42,706,3,4,1,71,1,0,1,0,0
1455,39,664,11,15,1,83,0,0,0,1,1
1456,32,800,3,6,1,77,0,0,1,0,0
1457,41,792,12,15,1,76,0,0,0,0,0
1458,27,937,1,5,1,81,0,0,0,1,0
1459,30,736,13,12,1,71,0,1,0,0,0
1460,23,773,4,4,0,73,0,0,0,0,0
1461,24,608,5,2,1,69,1,0,0,0,0
1462,26,673,9,7,0,90,0,1,0,0,0
1463,30,770,13,11,1,62,0,0,0,0,0
1464,36,682,4,2,1,69,0,0,0,0,0
1465,36,893,4,5,1,74,1,1,1,0,0
1466,22,617,1,6,1,75,0,0,0,0,0
1467,33,658,11,13,0,71,0,0,1,0,0
1468,28,709,2,2,1,74,0,0,0,0,0
1469,29,594,8,8,0,60,0,0,0,0,0
1470,41,704,11,15,1,78,0,0,0,0,0
1471,27,825,9,10,0,99,0,1,0,1,1
1472,43,755,14,10,1,75,0,0,0,0,0
1473,31,699,3,4,1,78,0,0,0,0,0
1474,32,686,4,2,0,85,0,0,1,1,0
1475,29,649,8,12,1,64,0,0,1,0,0
1476,24,643,4,2,0,57,0,1,0,0,0
1477,45,570,11,11,1,60,0,0,0,0,0
1478,25,818,10,14,1,73,1,0,0,0,1
1479,35,720,2,2,1,72,1,0,0,0,0
1480,33,834,12,14,1,90,0,0,0,0,1
1481,24,669,2,4,1,86,1,0,0,0,0
1482,44,797,12,15,1,81,0,0,0,0,0
1483,44,777,4,3,1,89,0,0,0,1,0
1484,36,811,14,14,1,60,0,0,0,0,0
1485,38,754,3,5,0,54,0,0,0,0,0
1486,42,646,12,15,1,73,0,0,0,0,0
1487,25,720,10,15,1,83,1,1,0,1,1
1488,28,833,6,11,1,95,0,0,0,1,1
1489,42,578,2,4,1,84,0,1,0,0,0
1490,26,471,1,4,0,83,1,0,0,0,0
1491,24,448,3,6,0,72,1,0,0,0,0
1492,33,698,3,5,1,71,1,0,0,0,0
1493,22,762,1,3,1,69,1,0,0,0,0
1494,42,944,13,11,1,91,0,0,0,0,0
1495,44,882,13,15,1,67,1,0,0,0,0
1496,39,709,3,5,1,82,0,0,0,1,0
1497,23,659,1,4,1,67,1,1,0,0,0
1498,45,684,11,10,1,82,0,0,0,1,0
1499,44,755,2,4,1,83,0,1,1,1,0
1500,34,808,11,15,1,78,0,0,0,0,0
1501,33,509,2,4,1,49,0,0,0,0,0
1502,23,687,3,2,1,89,0,0,1,0,0
1503,42,662,2,2,1,64,0,0,0,0,0
1504,24,871,1,5,0,83,0,0,0,0,0
1505,45,841,14,13,1,81,0,1,0,1,1
1506,33,646,12,13,1,65,1,0,0,0,0
1507,43,758,4,3,0,87,0,0,0,0,0
1508,28,844,9,11,1,75,0,0,0,0,0
1509,38,750,4,3,1,62,0,0,0,0,0
1510,29,776,3,2,1,68,0,0,0,0,0
1511,37,798,14,11,1,72,0,0,0,0,0
1512,35,724,4,4,0,73,0,0,0,0,0
1513,45,641,11,12,1,77,0,0,0,0,0
1514,33,768,4,3,1,68,0,0,0,0,0
1515,33,653,14,15,1,65,0,0,0,0,0
1516,42,680,4,3,1,56,0,0,0,0,0
1517,24,579,3,3,1,68,0,0,0,0,0
1518,27,863,9,8,1,87,0,0,1,1,1
1519,27,755,10,10,0,54,0,0,0,0,0
1520,28,804,3,3,1,81,1,0,1,1,0
1521,40,472,2,5,1,83,0,0,0,1,0
1522,26,705,1,5,0,81,0,0,1,0,0
1523,30,950,11,10,1,65,0,0,0,0,0
1524,33,608,2,4,1,81,1,0,1,1,0
1525,38,843,3,3,0,79,0,1,0,0,0
1526,42,640,12,11,1,84,0,0,0,1,0
1527,28,693,9,9,1,64,0,0,0,0,0
1528,33,847,2,3,1,83,0,0,0,1,0
1529,31,538,14,13,0,92,0,1,1,1,1
1530,44,632,11,11,0,66,0,1,0,0,0
1531,23,823,1,2,1,76,0,0,0,0,0
1532,27,508,2,2,1,75,0,0,0,0,0
1533,37,889,14,12,1,78,1,0,0,0,1
1534,45,562,14,14,0,62,0,1,0,0,0
1535,39,599,2,4,1,78,0,0,0,0,0
1536,39,674,14,11,0,88,1,1,0,0,1
1537,23,794,5,3,1,95,0,0,0,0,0
1538,22,667,5,4,1,58,0,0,1,0,0
1539,22,655,3,4,0,94,0,0,1,0,0
1540,32,629,13,13,1,88,0,0,1,1,1
1541,37,647,13,11,1,86,0,0,0,1,1
1542,28,673,2,2,1,79,0,1,0,0,0
1543,45,781,12,10,0,80,0,1,0,0,0
1544,30,622,3,6,1,63,0,0,1,0,0
1545,44,562,2,5,1,73,0,0,0,0,0
1546,28,921,9,11,0,62,0,0,0,0,0
1547,25,726,7,9,1,82,0,0,0,0,0
1548,28,728,2,2,0,37,0,1,0,0,0
1549,32,600,13,11,1,76,1,1,0,0,0
1550,31,670,13,12,1,68,1,0,1,0,0
1551,27,605,2,5,1,74,0,1,0,0,0
1552,23,889,2,6,1,67,0,1,0,0,0
1553,23,696,2,4,1,77,0,0,0,0,0
1554,22,844,5,3,1,84,0,0,0,0,0
1555,24,541,2,6,1,69,1,0,0,0,0
1556,33,733,12,14,1,79,0,0,0,0,0
1557,29,721,2,2,1,71,0,0,1,0,0
1558,30,653,11,10,1,60,0,0,0,0,0
1559,35,639,11,15,1,64,0,0,0,0,0
1560,31,836,3,3,1,65,0,0,0,0,0
1561,25,685,3,6,1,90,0,0,0,1,0
1562,38,715,2,5,1,91,0,0,0,1,0
1563,30,728,2,5,1,77,0,0,0,0,0
1564,37,637,2,5,1,91,0,1,0,1,0
1565,34,666,2,4,1,89,0,0,0,0,0
1566,26,701,6,11,1,80,0,0,0,0,0
1567,44,503,12,12,1,72,0,0,1,0,0
1568,40,603,3,2,1,85,1,1,0,0,0
1569,36,797,11,14,1,64,0,0,0,0,0
1570,25,789,1,4,1,66,0,0,0,0,0
1571,38,887,12,14,1,94,0,0,0,1,1
1572,33,663,2,3,1,78,1,0,0,0,0
1573,37,660,14,15,0,69,0,0,0,0,0
1574,43,696,2,3,1,77,0,0,0,0,0
1575,28,652,1,4,1,52,1,1,0,0,0
1576,43,739,13,15,1,81,1,1,0,0,1
1577,24,690,3,6,1,66,0,0,0,0,0
1578,41,679,11,14,1,78,0,0,0,0,0
1579,39,875,3,6,1,63,0,0,0,0,0
1580,31,733,2,4,0,81,0,0,1,1,0
1581,24,905,2,6,1,83,0,0,0,0,0
1582,39,686,11,14,1,72,1,0,0,0,0
1583,24,607,2,6,1,81,0,0,0,1,0
1584,34,909,12,15,1,72,0,0,0,0,0
1585,25,755,8,10,1,66,1,0,1,0,0
1586,44,469,3,5,1,83,0,0,0,0,0
1587,26,826,3,3,1,86,1,0,0,1,0
1588,41,741,12,14,1,81,0,1,1,0,1
1589,22,830,3,4,0,69,1,0,0,0,0
1590,42,718,3,2,1,80,0,0,1,0,0
1591,36,632,4,6,1,69,0,0,0,0,0
1592,43,599,3,6,1,71,0,1,0,0,0
1593,28,738,9,10,1,68,0,0,0,0,0
1594,29,824,1,3,1,81,0,0,0,0,0
1595,25,714,7,12,1,56,0,0,1,0,0
1596,24,629,4,5,0,99,0,0,0,0,0
1597,36,708,12,13,1,71,0,0,0,0,0
1598,28,663,8,7,1,70,1,1,1,0,0
1599,42,739,4,2,1,86,0,1,0,1,0
1600,24,712,5,6,1,82,0,0,0,0,0
1601,36,852,3,4,0,68,0,0,0,0,0
1602,23,569,5,6,1,76,0,0,0,0,0
1603,24,630,4,2,1,75,0,0,0,0,0
1604,44,650,13,11,1,79,0,0,0,0,0
1605,27,619,8,11,1,69,0,0,0,0,0
1606,36,890,2,4,1,72,1,1,0,0,0
1607,35,350,4,4,1,83,0,1,0,1,0
1608,23,742,3,6,1,81,0,0,0,0,0
1609,28,666,3,6,1,74,0,0,0,0,0
1610,43,701,11,11,1,89,1,0,0,1,1
1611,39,557,3,2,1,70,0,0,0,0,0
1612,41,787,4,6,1,71,0,0,0,0,0
1613,37,599,3,4,1,65,0,0,0,0,0
1614,30,561,12,11,1,78,0,0,1,0,0
1615,33,753,4,2,1,57,0,1,0,0,0
1616,44,660,2,2,1,71,0,0,0,0,0
1617,38,628,3,4,1,79,0,0,0,0,0
1618,23,643,1,4,1,61,0,0,1,0,0
1619,36,747,13,14,1,88,0,0,0,1,1
1620,25,689,3,3,0,76,1,0,1,0,0
1621,30,591,4,6,1,77,0,0,1,0,0
1622,30,580,2,2,1,85,0,0,0,1,0
1623,26,766,9,11,1,81,0,0,0,0,0
1624,38,846,14,15,1,63,0,1,1,0,1
1625,24,688,2,2,1,76,1,0,0,0,0
1626,39,655,3,6,1,67,0,1,0,0,0
1627,34,917,2,5,1,90,0,0,1,1,0
1628,23,506,1,4,1,85,0,0,0,1,0
1629,36,673,3,6,1,82,0,0,1,0,0
1630,33,629,12,10,1,83,0,0,1,1,0
1631,33,633,11,12,1,66,0,0,1,0,0
1632,23,573,2,3,1,82,0,0,0,1,0
1633,43,672,3,3,0,91,0,1,0,1,0
1634,44,683,3,2,1,64,0,0,0,0,0
1635,28,649,2,3,1,77,0,0,0,0,0
1636,35,727,4,5,0,68,0,0,0,0,0
1637,33,829,12,12,1,83,0,0,0,1,1
1638,41,761,2,4,1,70,0,1,0,0,0
1639,45,546,3,4,1,91,0,0,0,1,0
1640,37,804,14,15,1,79,0,0,0,0,0
1641,43,578,13,13,1,82,1,0,1,0,0
1642,28,683,8,11,1,61,0,0,0,0,0
1643,29,761,10,11,1,86,0,0,0,1,1
1644,26,768,6,10,1,66,0,0,0,0,0
1645,36,684,11,14,1,83,1,1,0,1,1
1646,32,698,11,10,1,77,0,1,0,0,0
1647,24,757,2,4,1,63,0,1,0,0,0
1648,35,706,13,14,1,100,1,0,0,1,1
1649,27,767,7,8,1,68,1,1,0,0,0
1650,24,696,3,6,1,89,1,0,0,1,0
1651,23,610,4,6,1,90,0,0,0,0,0
1652,39,580,2,4,1,75,0,0,1,0,0
1653,25,763,6,10,1,63,0,0,1,0,0
1654,37,622,4,6,1,81,0,1,0,1,0
1655,43,582,14,12,0,71,0,0,0,0,0
1656,26,696,3,4,1,56,0,1,0,0,0
1657,45,696,11,12,1,89,0,1,0,1,1
1658,41,593,12,13,0,67,0,1,0,0,0
1659,22,645,2,4,0,63,0,0,0,0,0
1660,45,705,4,3,1,77,0,0,0,0,0
1661,30,701,2,6,1,96,0,0,0,1,0
1662,36,687,12,10,1,63,0,1,1,0,0
1663,45,555,11,11,0,66,1,0,0,0,0
1664,37,625,4,3,1,79,0,0,0,0,0
1665,43,680,14,14,1,87,0,1,0,0,1
1666,41,549,4,6,1,74,1,0,1,0,0
1667,38,817,2,3,0,72,0,1,0,0,0
1668,26,600,9,10,1,75,0,0,0,0,0
1669,41,628,3,3,1,91,0,0,0,1,0
1670,34,695,4,5,1,71,0,0,0,0,0
1671,43,649,3,6,1,71,0,0,0,0,0
1672,34,690,4,5,1,100,1,0,0,0,0
1673,31,652,3,5,1,76,0,0,0,0,0
1674,24,677,2,3,0,84,0,0,0,1,0
1675,36,619,12,12,0,92,0,0,0,0,1
1676,38,576,4,6,0,62,0,1,0,0,0
1677,33,907,11,15,1,77,1,1,0,0,1
1678,22,603,3,2,1,72,0,0,0,0,0
1679,22,680,3,4,1,68,0,0,0,0,0
1680,35,771,4,3,1,80,1,0,0,0,0
1681,38,636,13,15,1,73,1,0,0,0,0
1682,45,745,3,4,1,62,0,0,1,0,0
1683,38,803,3,4,1,80,0,0,0,0,0
1684,33,798,2,3,1,72,0,1,0,0,0
1685,28,727,8,12,1,80,0,0,0,0,0
1686,25,950,3,2,0,63,0,0,1,0,0
1687,44,621,4,5,1,69,0,0,0,0,0
1688,33,697,14,13,1,81,0,0,1,1,1
1689,38,551,12,14,1,78,0,1,0,0,0
1690,36,840,2,3,1,64,0,0,0,0,0
1691,26,776,10,12,1,78,1,1,1,0,1
1692,41,685,14,12,1,92,0,0,0,0,1
1693,44,572,4,2,1,82,0,1,0,1,0
1694,35,696,3,3,0,88,0,0,1,1,0
1695,40,631,2,4,1,69,0,0,0,0,0
1696,23,605,2,4,1,70,0,0,0,0,0
1697,42,684,2,2,1,86,0,0,0,1,0
1698,26,448,2,2,0,70,1,0,1,0,0
1699,24,741,1,5,0,83,0,1,1,1,0
1700,36,684,11,12,1,72,1,0,1,0,1
1701,35,707,3,4,0,82,1,0,0,1,0
1702,41,758,14,14,0,69,0,0,0,0,0
1703,29,747,8,7,1,66,1,0,0,0,0
1704,27,658,6,12,1,84,0,0,0,1,0
1705,37,629,2,4,1,73,0,1,0,0,0
1706,45,685,12,14,1,83,0,0,1,0,0
1707,24,723,3,2,0,66,0,0,0,0,0
1708,33,791,3,6,1,84,1,0,0,0,0
1709,38,641,4,3,1,96,0,0,1,1,0
1710,32,794,13,14,1,65,0,0,1,0,0
1711,39,848,13,12,1,73,0,0,0,0,0
1712,41,770,3,4,1,61,0,0,1,0,0
1713,42,678,14,14,1,78,0,1,1,0,1
1714,23,601,3,3,1,68,0,0,1,0,0
1715,32,675,12,13,1,84,0,0,0,0,0
1716,30,678,2,4,1,68,0,1,0,0,0
1717,40,615,14,12,1,75,0,0,0,0,0
1718,42,680,11,13,1,83,0,1,0,0,0
1719,41,663,3,5,1,60,0,0,0,0,0
1720,44,739,4,2,0,77,0,0,0,0,0
1721,30,750,2,2,1,73,0,0,0,0,0
1722,40,615,4,5,1,72,0,0,0,0,0
1723,32,840,14,12,0,61,0,0,0,0,0
1724,36,657,14,12,1,59,0,1,1,0,0
1725,24,650,3,3,1,68,0,0,1,0,0
1726,34,795,2,5,1,71,1,0,0,0,0
1727,40,693,14,11,0,91,0,0,0,0,0
1728,23,646,1,5,1,69,0,0,0,0,0
1729,34,808,4,5,1,60,0,0,0,0,0
1730,29,494,9,10,0,71,0,0,1,0,0
1731,34,693,11,12,1,73,0,0,0,0,0
1732,32,678,2,6,1,83,0,0,0,1,0
1733,38,485,4,4,1,77,0,0,0,0,0
1734,42,537,12,12,1,63,0,0,1,0,0
1735,39,659,13,11,1,83,0,0,1,1,0
1736,25,818,2,4,1,91,0,1,0,1,0
1737,36,636,13,11,1,78,0,0,1,0,0
1738,41,617,14,12,0,86,0,0,1,0,1
1739,23,624,1,3,1,68,0,1,0,0,0
1740,41,933,13,10,1,73,1,0,0,0,0
1741,35,516,4,6,1,91,0,0,0,1,0
1742,37,722,2,5,1,70,0,1,1,0,0
1743,42,790,13,15,1,74,1,0,0,0,0
1744,40,562,4,6,1,83,0,0,0,1,0
1745,39,610,4,6,1,69,0,0,0,0,0
1746,33,657,13,14,1,72,0,1,0,0,0
1747,31,736,12,12,1,71,0,0,0,0,0
1748,43,669,12,14,0,62,0,0,0,0,0
1749,23,700,1,5,0,63,0,0,0,0,0
1750,35,793,4,2,1,81,1,0,0,1,0
1751,35,647,14,11,1,71,1,1,0,0,0
1752,22,741,3,3,1,74,0,0,1,0,0
1753,40,880,4,4,1,79,0,0,0,0,0
1754,43,751,13,15,1,71,1,0,0,0,0
1755,28,658,10,12,1,66,0,0,1,0,0
1756,32,703,2,2,1,86,1,0,0,1,0
1757,37,696,12,10,0,83,1,0,1,1,1
1758,26,672,1,2,1,85,0,1,0,0,0
1759,26,774,10,14,1,73,0,0,0,0,0
1760,45,695,2,6,1,80,0,0,1,0,0
1761,22,743,1,5,1,82,1,1,0,1,0
1762,42,522,2,5,1,70,0,0,0,0,0
1763,34,713,14,10,0,81,0,0,0,1,0
1764,37,590,12,12,1,87,0,0,0,0,0
1765,24,784,2,6,1,78,0,0,0,0,0
1766,44,718,3,4,1,58,0,0,0,0,0
1767,36,566,2,6,1,76,0,0,0,0,0
1768,45,732,11,12,1,93,0,0,0,0,1
1769,27,599,9,8,1,82,0,0,0,0,0
1770,39,897,3,3,1,81,1,0,0,0,0
1771,35,716,11,14,1,100,0,1,0,0,1
1772,29,684,8,9,1,67,0,0,0,0,0
1773,32,696,2,4,0,65,1,0,0,0,0
1774,31,738,13,10,1,72,0,0,0,0,0
1775,24,663,4,3,0,50,0,0,0,0,0
1776,39,775,3,2,1,67,0,1,1,0,0
1777,28,546,10,13,1,81,0,0,0,1,0
1778,37,622,4,6,0,64,0,0,0,0,0
1779,36,687,2,2,1,76,0,0,0,0,0
1780,23,900,2,6,0,72,0,0,0,0,0
1781,29,901,7,11,1,79,0,0,0,0,0
1782,35,702,4,6,1,65,1,1,0,0,0
1783,29,687,8,8,0,78,0,0,0,0,0
1784,44,582,3,2,1,72,1,0,0,0,0
1785,42,671,11,11,1,72,0,0,0,0,0
1786,41,683,14,10,0,72,0,0,1,0,0
1787,26,897,7,7,1,60,0,0,0,0,0
1788,24,597,1,2,1,83,1,0,0,0,0
1789,38,673,2,6,1,81,0,0,0,1,0
1790,39,598,11,12,1,82,0,0,0,1,0
1791,39,824,3,3,1,70,1,0,0,0,0
1792,37,647,3,2,1,74,0,0,1,0,0
1793,29,496,10,13,1,94,0,0,0,1,1
1794,35,726,4,4,1,63,0,0,1,0,0
1795,34,704,2,4,1,63,0,0,1,0,0
1796,29,945,10,12,1,60,0,0,1,0,0
1797,30,656,12,13,1,63,0,0,0,0,0
1798,26,678,8,7,1,73,0,0,0,0,0
1799,40,769,2,3,0,82,0,1,0,0,0
1800,26,756,7,7,1,85,0,1,1,0,0
1801,36,731,11,14,1,65,0,0,0,0,0
1802,25,789,8,11,0,90,0,1,0,1,0
1803,30,794,3,2,0,83,0,1,0,1,0
1804,43,768,13,10,1,78,0,0,0,0,0
1805,35,741,13,12,1,76,0,0,0,0,0
1806,43,833,2,6,0,91,0,1,0,1,0
1807,38,708,2,6,1,99,0,0,0,0,0
1808,23,727,1,3,0,87,1,1,0,1,0
1809,39,694,3,3,1,63,0,1,1,0,0
1810,27,663,10,13,1,95,0,1,1,1,1
1811,29,654,6,8,1,92,0,1,0,0,0
1812,43,557,2,3,1,92,0,0,1,1,0
1813,24,698,5,5,1,44,0,0,0,0,0
1814,30,651,13,14,1,82,0,0,1,0,0
1815,33,768,14,11,1,75,0,1,0,0,0
1816,25,821,9,10,1,86,0,1,0,0,0
1817,45,637,11,12,1,59,0,1,1,0,0
1818,25,748,10,11,0,75,0,0,0,0,0
1819,38,545,3,5,0,69,0,0,0,0,0
1820,31,578,2,5,1,80,0,0,0,0,0
1821,25,686,2,6,0,67,0,0,0,0,0
1822,30,640,11,10,0,70,0,0,0,0,0
1823,40,733,13,15,1,74,0,0,1,0,0
1824,22,524,3,6,0,77,0,1,0,0,0
1825,23,636,1,3,1,65,0,0,0,0,0
1826,34,542,13,15,1,63,0,0,0,0,0
1827,29,679,6,9,0,100,0,0,0,1,0
1828,31,772,4,2,1,77,0,1,1,0,0
1829,36,684,12,10,1,72,0,0,0,0,0
1830,28,723,6,9,1,93,0,0,0,1,0
1831,33,574,2,4,1,66,0,0,0,0,0
1832,34,716,11,11,1,76,0,0,0,0,0
1833,30,477,14,12,1,71,1,1,0,0,0
1834,29,882,9,12,1,67,0,0,0,0,0
1835,32,662,3,3,1,66,0,0,0,0,0
1836,37,643,14,12,1,81,0,1,0,0,0
1837,43,834,2,3,0,86,0,0,1,0,0
1838,38,744,4,5,1,85,0,0,0,1,0
1839,31,737,4,5,1,76,0,0,0,0,0
1840,40,807,14,11,1,74,0,0,0,0,0
1841,27,702,7,9,1,73,0,0,0,0,0
1842,43,582,2,3,1,68,1,0,0,0,0
1843,25,694,1,6,1,81,1,1,0,0,0
1844,43,648,13,11,1,70,0,0,0,0,0
1845,33,673,14,10,0,61,0,0,0,0,0
1846,22,712,2,3,1,85,0,0,0,1,0
1847,44,877,14,10,1,73,1,0,0,0,0
1848,25,678,2,6,0,73,1,1,0,0,0
1849,32,657,12,14,0,70,1,0,0,0,0
1850,38,851,3,6,1,83,0,0,0,1,0
1851,23,707,4,5,1,65,0,0,0,0,0
1852,25,809,8,8,0,81,1,0,1,1,0
1853,24,603,4,6,1,84,0,0,0,1,0
1854,43,583,14,14,1,70,0,1,0,0,0
1855,40,705,3,5,0,83,0,0,0,1,0
1856,45,896,4,3,1,70,0,1,1,0,0
1857,44,656,2,5,1,61,0,0,0,0,0
1858,23,692,1,5,1,78,0,0,1,0,0
1859,36,564,2,5,1,87,0,1,1,0,0
1860,31,748,4,5,0,71,0,0,0,0,0
1861,31,775,4,4,1,69,0,1,1,0,0
1862,41,733,12,14,1,86,1,0,0,0,1
1863,27,792,6,8,1,86,0,0,0,1,0
1864,45,687,3,3,0,83,0,0,0,1,0
1865,33,759,13,10,1,87,0,0,1,0,0
1866,41,790,4,5,1,83,0,0,0,1,0
1867,29,696,6,11,0,68,0,0,1,0,0
1868,37,607,12,11,1,62,1,0,0,0,0
1869,44,694,14,13,1,76,1,0,0,0,0
1870,33,813,14,10,1,65,1,0,0,0,0
1871,42,646,2,4,1,83,1,0,1,0,0
1872,26,688,3,3,1,77,0,1,0,0,0
1873,25,568,1,4,0,64,0,1,0,0,0
1874,45,640,4,5,1,72,0,1,1,0,0
1875,34,901,4,6,1,87,0,1,0,1,0
1876,22,722,1,2,1,63,1,0,0,0,0
1877,38,695,12,11,0,64,0,0,0,0,0
1878,42,744,3,2,1,82,0,0,0,0,0
1879,25,696,10,13,1,58,0,1,0,0,0
1880,36,769,14,11,1,80,0,1,0,0,0
1881,28,659,9,9,1,89,1,0,0,0,0
1882,24,613,3,5,1,67,0,0,0,0,0
1883,38,612,4,5,1,81,1,0,0,0,0
1884,35,754,2,2,0,68,1,1,0,0,0
1885,44,600,11,14,1,74,0,1,1,0,1
1886,24,706,1,3,0,54,1,0,0,0,0
1887,22,648,3,5,1,77,0,0,0,0,0
1888,27,656,9,8,1,71,0,0,0,0,0
1889,45,718,2,6,1,74,0,0,0,0,0
1890,23,623,3,3,1,75,1,0,0,0,0
1891,24,636,3,4,1,76,1,0,0,0,0
1892,32,790,2,6,1,88,0,1,0,0,0
1893,33,699,13,11,0,73,0,0,1,0,0
1894,26,800,1,3,1,88,0,1,0,0,0
1895,39,659,3,4,1,81,0,0,0,1,0
1896,31,734,14,12,1,76,0,0,0,0,0
1897,36,786,12,10,1,74,0,1,0,0,0
1898,34,623,3,2,1,83,0,0,0,1,0
1899,45,751,13,10,1,71,0,0,0,0,0
1900,42,658,13,13,1,66,0,0,0,0,0
1901,29,598,9,10,1,69,0,1,0,0,0
1902,27,872,9,10,1,65,0,0,0,0,0
1903,37,645,2,2,1,51,0,0,1,0,0
1904,36,629,13,10,1,90,0,1,1,0,1
1905,29,614,1,3,1,66,1,0,0,0,0
1906,40,819,2,4,1,84,0,0,0,0,0
1907,24,875,4,5,1,78,0,0,0,0,0
1908,42,652,4,4,1,79,1,1,0,0,0
1909,26,706,6,7,1,77,0,1,0,0,0
1910,34,545,11,14,1,70,0,0,0,0,0
1911,37,707,2,3,1,60,1,0,0,0,0
1912,23,820,3,5,1,67,0,1,0,0,0
1913,29,566,2,4,1,87,0,0,0,1,0
1914,40,802,4,6,0,56,0,1,1,0,0
1915,37,728,3,2,1,79,0,0,0,0,0
1916,40,681,3,2,1,81,0,0,0,0,0
1917,33,739,12,12,0,73,0,1,0,0,0
1918,25,771,9,7,0,72,1,0,0,0,0
1919,39,788,13,13,0,74,1,0,0,0,0
1920,36,649,14,13,1,61,0,0,0,0,0
1921,34,734,11,10,0,72,0,0,0,0,0
1922,38,672,3,6,1,87,0,0,0,1,0
1923,25,706,3,5,1,77,0,0,0,0,0
1924,25,878,7,12,1,80,0,0,0,0,0
1925,41,719,13,10,1,74,0,0,0,0,0
1926,41,580,4,4,1,68,0,0,0,0,0
1927,45,669,3,6,1,70,0,0,0,0,0
1928,27,765,3,4,0,80,0,0,0,0,0
1929,34,635,2,3,1,75,1,0,0,0,0
1930,44,852,2,6,1,76,0,1,0,0,0
1931,23,732,1,3,1,88,0,0,0,0,0
1932,25,701,3,5,0,82,0,0,0,1,0
1933,27,576,6,7,1,71,1,0,1,0,0
1934,31,751,3,5,1,97,0,0,0,1,0
1935,35,668,14,12,1,52,1,0,1,0,0
1936,25,704,10,10,1,53,0,0,0,0,0
1937,42,862,11,11,0,88,0,0,0,1,1
1938,22,689,1,4,0,72,0,1,0,0,0
1939,40,687,13,10,1,81,1,0,1,1,1
1940,25,762,8,12,1,76,0,1,0,0,0
1941,36,713,3,3,0,83,1,0,0,0,0
1942,40,560,12,12,0,77,0,0,0,0,0
1943,24,589,2,4,1,86,0,0,0,0,0
1944,26,722,7,8,1,76,0,0,0,0,0
1945,23,728,2,6,1,77,0,0,1,0,0
1946,37,671,3,3,1,78,0,1,0,0,0
1947,29,828,8,8,1,95,0,0,0,1,1
1948,45,536,13,10,1,68,0,0,0,0,0
1949,29,696,1,6,1,78,0,0,1,0,0
1950,23,640,2,5,1,78,0,0,1,0,0
1951,27,708,1,4,0,69,0,0,0,0,0
1952,32,769,2,2,0,67,0,0,1,0,0
1953,40,696,13,10,0,56,1,0,0,0,0
1954,35,810,14,11,0,69,0,0,0,0,0
1955,43,649,2,3,1,84,0,0,1,1,0
1956,44,591,11,11,1,87,0,0,0,0,0
1957,22,602,2,4,1,82,1,1,1,1,0
1958,35,630,3,4,1,90,0,0,1,1,0
1959,44,620,2,6,1,64,1,0,0,0,0
1960,28,730,6,7,1,66,0,0,0,0,0
1961,32,651,13,15,1,64,0,1,0,0,0
1962,22,532,2,5,1,73,0,0,1,0,0
1963,36,809,13,13,0,74,0,1,0,0,1
1964,31,756,2,2,1,74,0,0,1,0,0
1965,25,723,7,12,1,80,0,0,0,0,0
1966,25,610,9,8,1,64,0,1,0,0,0
1967,24,660,3,6,1,68,1,0,0,0,0
1968,44,714,4,6,1,97,0,0,0,1,0
1969,44,856,12,14,1,69,0,0,1,0,0
1970,24,753,5,6,1,89,0,0,1,1,0
1971,33,571,3,5,1,95,0,0,1,1,0
1972,45,705,14,10,1,69,0,1,1,0,0
1973,23,646,3,3,1,63,0,0,0,0,0
1974,44,764,11,15,1,74,0,0,0,0,0
1975,39,760,3,6,1,86,0,0,1,0,0
1976,30,625,2,6,1,81,0,0,0,0,0
1977,42,674,2,4,1,83,0,0,1,0,0
1978,34,822,13,11,1,78,0,1,0,0,0
1979,25,617,1,4,1,65,0,0,1,0,0
1980,32,677,3,3,1,84,1,0,0,0,0
1981,23,801,1,5,1,85,0,0,1,1,0
1982,43,662,12,15,1,81,1,0,0,0,0
1983,44,714,2,2,1,64,1,0,0,0,0
1984,40,576,11,11,1,72,0,1,0,0,0
1985,42,640,14,11,1,71,0,1,0,0,0
1986,22,728,2,6,0,80,0,0,0,0,0
1987,42,724,3,5,1,76,0,0,0,0,0
1988,40,610,13,12,1,88,0,0,1,1,1
1989,43,707,14,12,1,68,0,1,0,0,0
1990,40,727,4,5,1,60,0,0,0,0,0
1991,34,520,2,3,1,78,0,0,0,0,0
1992,33,883,11,15,0,56,0,1,0,0,0
1993,27,717,1,5,1,80,0,1,0,0,0
1994,44,485,11,11,1,61,1,0,0,0,0
1995,36,816,14,14,1,72,0,0,1,0,1
1996,28,604,6,12,1,63,0,0,1,0,0
1997,30,681,14,10,0,100,0,0,0,1,1
1998,30,820,3,2,1,68,0,0,0,0,0
1999,40,708,2,2,1,65,0,0,0,0,0
2000,44,847,2,5,1,78,0,0,1,0,0
2001,45,570,12,15,1,77,0,0,0,0,0
2002,28,787,1,4,1,83,0,0,0,0,0
2003,45,818,4,6,1,93,0,0,0,0,0
2004,22,573,3,4,1,65,0,1,0,0,0
2005,27,847,10,10,1,73,0,0,0,0,0
2006,22,683,2,3,0,62,0,0,0,0,0
2007,23,615,5,6,1,55,0,0,0,0,0
2008,27,616,8,12,1,86,0,0,0,0,0
2009,32,719,11,12,1,63,0,0,0,0,0
2010,39,558,12,10,1,87,0,0,0,1,0
2011,42,822,11,11,0,75,0,1,0,0,0
2012,35,713,13,10,1,76,0,1,1,0,0
2013,28,768,7,10,1,61,0,0,0,0,0
2014,36,740,3,6,1,84,1,0,0,0,0
2015,42,781,4,4,1,89,0,0,0,1,0
2016,41,521,4,6,1,73,0,0,0,0,0
2017,23,755,3,5,1,81,0,0,0,0,0
2018,35,536,2,2,0,69,0,0,0,0,0
2019,32,796,12,15,1,60,0,0,0,0,0
2020,24,806,3,6,1,61,1,0,0,0,0
2021,23,735,2,2,1,80,1,0,0,0,0
2022,27,763,1,4,1,81,0,0,0,0,0
2023,30,486,3,2,1,69,0,0,0,0,0
2024,22,491,3,3,0,79,0,0,0,0,0
2025,44,737,3,5,1,61,0,0,0,0,0
2026,44,687,11,15,1,60,0,1,0,0,0
2027,35,779,13,12,1,59,0,1,0,0,0
2028,28,775,7,8,1,93,0,0,0,1,0
2029,24,660,5,6,1,72,0,0,0,0,0
2030,22,571,2,2,0,100,0,1,0,0,0
2031,40,757,3,5,0,70,0,0,1,0,0
2032,38,722,12,12,1,89,0,0,0,1,1
2033,33,730,14,14,1,75,1,1,0,0,1
2034,32,719,11,10,1,83,0,0,0,0,0
2035,37,587,2,6,1,73,0,1,0,0,0
2036,33,641,2,5,1,82,0,0,0,0,0
2037,45,774,3,6,0,78,0,0,0,0,0
2038,40,705,3,5,1,57,0,0,0,0,0
2039,43,657,3,2,1,67,1,0,0,0,0
2040,44,619,2,6,1,79,1,0,0,0,0
2041,36,581,4,3,1,75,0,0,1,0,0
2042,41,703,2,5,1,67,1,0,0,0,0
2043,37,630,13,13,1,66,0,1,0,0,0
2044,27,645,9,7,1,77,0,0,0,0,0
2045,45,823,12,10,0,57,0,0,0,0,0
2046,33,769,4,4,1,94,0,0,1,1,0
2047,37,874,4,4,0,84,0,0,0,0,0
2048,32,608,3,3,1,68,0,0,0,0,0
2049,28,650,2,2,1,73,0,1,0,0,0
2050,45,683,4,4,1,82,0,1,0,1,0
2051,22,662,1,4,1,80,0,0,0,0,0
2052,35,710,14,13,1,63,0,0,0,0,0
2053,40,720,13,13,1,66,0,0,1,0,0
2054,29,698,7,10,1,76,1,1,0,0,0
2055,28,693,6,7,1,84,1,0,0,0,0
2056,39,611,2,2,1,54,0,1,0,0,0
2057,34,674,3,6,1,61,0,0,0,0,0
2058,28,808,10,11,1,71,0,0,0,0,0
2059,44,950,13,13,0,72,0,0,0,0,0
2060,44,637,14,12,1,81,0,0,0,0,0
2061,26,716,1,4,0,89,0,0,0,1,0
2062,27,647,2,3,1,73,0,1,0,0,0
2063,37,702,12,15,1,86,0,0,0,1,1
2064,45,755,3,4,0,87,1,1,0,0,0
2065,25,769,1,3,1,75,0,0,0,0,0
2066,22,554,3,4,1,89,0,0,0,1,0
2067,38,706,12,10,1,88,1,0,0,0,0
2068,41,736,14,14,0,79,0,0,0,0,0
2069,23,693,1,2,0,62,0,0,0,0,0
2070,23,673,5,3,0,77,1,1,0,0,0
2071,40,862,12,13,1,74,1,0,0,0,1
2072,25,592,10,12,0,74,1,0,0,0,0
2073,32,865,14,13,1,68,0,0,0,0,0
2074,29,665,10,13,1,58,1,1,0,0,0
2075,40,701,12,11,1,68,0,0,0,0,0
2076,39,683,4,6,1,70,0,1,0,0,0
2077,32,532,2,3,1,82,1,0,0,1,0
2078,36,729,3,2,1,92,0,0,0,0,0
2079,43,688,3,2,1,61,0,0,0,0,0
2080,38,820,4,5,1,62,0,0,0,0,0
2081,29,832,2,2,1,80,0,1,0,0,0
2082,22,741,2,6,0,67,0,0,0,0,0
2083,36,797,2,4,1,75,0,0,0,0,0
2084,26,600,2,6,1,73,0,0,0,0,0
2085,44,855,3,4,0,65,0,1,0,0,0
2086,32,719,3,5,1,59,0,0,0,0,0
2087,43,730,13,12,1,59,1,0,0,0,0
2088,26,731,6,8,1,77,0,0,0,0,0
2089,43,822,11,15,1,58,0,0,0,0,0
2090,22,570,4,2,1,81,0,1,0,1,0
2091,23,787,3,4,1,86,1,0,0,0,0
2092,36,554,13,14,1,75,0,1,0,0,0
2093,24,635,2,3,1,83,0,1,0,1,0
2094,31,765,4,4,1,78,1,0,0,0,0
2095,31,549,13,10,1,82,0,0,0,1,0
2096,32,718,4,6,0,84,1,0,0,0,0
2097,41,644,2,2,1,76,1,1,0,0,0
2098,38,786,12,12,0,75,0,0,1,0,0
2099,35,810,4,3,1,92,0,0,0,1,0
2100,42,702,14,15,1,71,0,0,1,0,0
2101,35,700,3,3,1,90,0,0,0,0,0
2102,42,677,13,14,1,72,0,0,0,0,0
2103,37,656,12,12,0,63,0,0,0,0,0
2104,43,662,14,15,1,76,0,0,0,0,0
2105,28,721,8,10,1,88,0,0,0,1,0
2106,25,715,1,2,1,76,0,0,1,0,0
2107,29,719,3,5,1,72,0,0,1,0,0
2108,22,618,1,5,1,68,0,0,0,0,0
2109,39,661,11,13,1,53,0,0,0,0,0
2110,44,666,4,3,0,70,0,0,0,0,0
2111,29,799,2,4,1,61,0,0,0,0,0
2112,33,654,3,3,1,69,0,0,0,0,0
2113,30,911,2,5,1,71,0,0,0,0,0
2114,22,750,4,2,1,67,0,0,0,0,0
2115,33,750,4,2,1,70,0,0,0,0,0
2116,30,716,3,5,1,73,0,0,0,0,0
2117,42,500,14,11,1,77,0,0,0,0,0
2118,43,837,4,5,0,75,0,0,0,0,0
2119,44,804,14,11,0,84,1,0,0,0,0
2120,31,719,3,4,1,48,0,0,0,0,0
2121,26,933,3,3,1,70,0,0,0,0,0
2122,34,694,13,13,1,74,0,0,0,0,0
2123,42,487,2,2,1,86,0,1,0,1,0
2124,32,481,12,10,1,87,0,0,0,1,0
2125,44,771,12,15,1,79,0,0,1,0,0
2126,26,765,3,4,1,70,1,0,0,0,0
2127,27,769,3,3,1,71,0,1,0,0,0
2128,35,788,4,6,1,78,0,0,0,0,0
2129,31,708,2,2,1,83,1,0,1,1,0
2130,41,662,2,2,1,73,0,0,0,0,0
2131,44,570,4,4,1,79,0,0,0,0,0
2132,43,741,11,11,0,84,1,0,0,1,0
2133,39,754,2,2,1,85,0,1,0,1,0
2134,30,521,4,5,0,55,0,0,0,0,0
2135,30,710,4,4,1,61,1,0,0,0,0
2136,25,632,1,6,1,81,0,1,1,0,0
2137,38,637,11,10,1,71,0,1,0,0,0
2138,36,765,12,11,0,73,0,1,0,0,0
2139,32,765,4,5,1,70,1,0,0,0,0
2140,34,697,3,5,1,68,0,1,0,0,0
2141,41,699,13,15,1,72,0,0,0,0,0
2142,30,546,2,5,0,72,1,0,1,0,0
2143,25,606,6,10,1,62,0,0,0,0,0
2144,37,539,12,15,0,73,0,0,1,0,0
2145,25,453,3,5,0,68,0,0,1,0,0
2146,27,873,1,6,1,96,1,1,0,1,0
2147,39,571,13,10,1,66,1,0,0,0,0
2148,34,716,2,4,1,77,0,0,0,0,0
2149,30,684,14,14,1,71,0,1,0,0,0
2150,24,842,3,6,1,63,0,0,1,0,0
2151,32,714,11,10,1,100,0,0,0,0,0
2152,27,691,1,2,1,75,1,0,0,0,0
2153,26,733,8,12,1,78,1,0,0,0,0
2154,25,765,6,9,0,84,0,0,0,0,0
2155,35,862,13,13,1,75,0,0,0,0,0
2156,37,804,2,5,1,81,0,0,0,1,0
2157,29,648,7,11,1,80,0,0,0,0,0
2158,22,744,4,6,0,79,0,0,0,0,0
2159,23,936,1,3,1,70,0,0,0,0,0
2160,22,562,5,2,1,76,0,0,1,0,0
2161,29,766,8,7,1,76,0,0,0,0,0
2162,45,603,13,15,1,75,1,0,1,0,1
2163,22,647,5,2,1,76,0,0,1,0,0
2164,30,636,3,6,1,78,0,1,0,0,0
2165,45,817,3,6,1,96,0,0,0,0,0
2166,41,510,3,3,0,74,0,0,0,0,0
2167,27,669,3,6,1,64,0,1,0,0,0
2168,45,734,13,11,1,73,0,1,0,0,0
2169,43,818,12,12,1,71,0,0,0,0,0
2170,35,856,3,6,1,71,0,0,0,0,0
2171,39,645,2,6,1,68,0,0,1,0,0
2172,29,840,2,5,1,69,0,0,0,0,0
2173,34,713,13,10,1,76,0,1,1,0,0
2174,38,681,14,15,0,70,0,0,1,0,0
2175,40,721,3,3,1,64,0,0,0,0,0
2176,22,684,2,5,1,70,0,0,0,0,0
2177,33,466,3,2,1,71,0,0,0,0,0
2178,25,627,6,8,1,62,0,0,0,0,0
2179,42,836,14,11,1,69,1,0,1,0,0
2180,33,739,14,14,0,62,0,0,0,0,0
2181,41,707,13,12,1,92,0,0,1,1,1
2182,38,781,2,3,1,81,0,1,0,1,0
2183,25,668,10,12,1,66,0,0,0,0,0
2184,39,849,12,10,1,81,0,0,0,0,0
2185,26,756,7,12,0,71,0,0,0,0,0
2186,28,846,3,5,1,89,0,0,0,0,0
2187,32,731,4,3,1,61,1,0,0,0,0
2188,26,862,2,2,0,80,1,1,0,0,0
2189,28,721,1,4,0,52,0,0,1,0,0
2190,25,716,6,9,1,66,0,1,0,0,0
2191,24,723,1,3,1,74,0,0,0,0,0
2192,29,752,9,7,1,53,0,0,0,0,0
2193,32,678,11,14,0,86,0,0,0,0,1
2194,24,559,3,3,1,88,1,0,0,1,0
2195,36,554,12,10,1,77,0,0,0,0,0
2196,27,726,8,10,0,79,0,0,0,0,0
2197,24,590,3,4,1,66,0,0,0,0,0
2198,39,534,12,10,1,87,0,0,0,1,0
2199,30,781,2,5,0,85,1,1,1,0,0
2200,45,669,2,5,1,81,0,0,1,1,0
2201,42,789,2,6,1,73,0,0,0,0,0
2202,28,630,8,11,1,81,0,0,0,0,0
2203,31,618,11,13,1,68,0,0,0,0,0
2204,43,774,3,5,0,61,0,0,0,0,0
2205,42,623,2,2,1,69,0,0,0,0,0
2206,33,824,3,4,1,73,0,1,0,0,0
2207,30,775,13,12,0,78,0,0,0,0,0
2208,22,727,1,6,1,76,0,0,0,0,0
2209,35,677,14,11,1,74,0,1,0,0,0
2210,31,611,2,3,1,75,0,0,0,0,0
2211,28,669,7,11,1,71,0,0,0,0,0
2212,37,726,4,4,1,89,0,0,0,1,0
2213,28,562,2,4,0,60,0,0,0,0,0
2214,31,608,3,4,1,65,0,0,0,0,0
2215,31,643,13,14,0,58,0,1,1,0,0
2216,36,801,11,15,0,70,0,1,1,0,1
2217,29,785,3,4,1,65,0,0,1,0,0
2218,32,799,4,4,0,47,0,0,0,0,0
2219,41,673,3,6,1,69,0,0,1,0,0
2220,37,645,2,3,1,64,0,1,0,0,0
2221,24,522,3,2,1,79,0,0,1,0,0
2222,22,645,3,2,1,86,1,0,1,0,0
2223,45,705,14,11,1,79,0,0,0,0,0
2224,39,694,2,6,0,71,0,0,0,0,0
2225,40,722,14,11,1,74,0,0,0,0,0
2226,31,675,3,3,1,97,0,0,0,1,0
2227,39,734,13,10,1,65,0,1,0,0,0
2228,37,834,13,11,1,78,0,0,0,0,0
2229,41,663,11,11,1,65,0,0,0,0,0
2230,42,696,2,4,1,64,0,1,0,0,0
2231,24,612,2,3,1,69,0,1,0,0,0
2232,39,737,11,10,0,92,0,0,0,0,0
2233,37,747,3,4,1,85,0,0,0,0,0
2234,24,709,1,4,1,80,0,0,0,0,0
2235,26,493,1,6,1,83,0,0,0,1,0
2236,26,772,9,12,0,60,0,0,0,0,0
2237,40,607,3,3,1,84,0,0,0,0,0
2238,31,667,3,3,1,72,0,0,0,0,0
2239,29,581,6,8,1,82,0,0,0,1,0
2240,32,731,3,6,1,69,0,1,0,0,0
2241,27,621,10,13,1,89,0,0,1,1,1
2242,44,769,12,10,1,79,0,0,0,0,0
2243,24,774,5,2,0,66,0,0,0,0,0
2244,41,819,3,2,1,82,0,1,0,1,0
2245,28,499,9,7,1,76,1,1,0,0,0
2246,23,687,1,3,0,72,0,0,0,0,0
2247,28,679,2,2,1,84,0,1,0,0,0
2248,28,491,1,6,1,58,0,0,0,0,0
2249,24,646,5,3,1,67,1,0,0,0,0
2250,23,661,2,3,1,68,0,1,1,0,0
2251,23,646,4,4,1,77,0,0,0,0,0
2252,37,655,14,14,0,80,1,0,0,0,0
2253,28,881,1,2,0,79,0,0,0,0,0
2254,22,576,2,3,0,80,1,0,0,0,0
2255,39,686,3,3,1,69,0,0,0,0,0
2256,43,629,11,15,1,69,1,0,1,0,0
2257,44,676,2,6,1,75,0,1,0,0,0
2258,43,671,14,14,1,66,1,0,0,0,0
2259,36,661,14,12,1,72,0,0,0,0,0
2260,43,678,4,5,1,62,0,0,0,0,0
2261,45,673,14,11,1,64,0,1,0,0,0
2262,24,573,1,5,1,96,0,0,0,1,0
2263,26,642,1,4,1,75,0,0,0,0,0
2264,33,590,2,4,1,83,0,0,1,1,0
2265,42,739,12,11,1,77,0,0,0,0,0
2266,43,751,13,10,1,62,0,0,0,0,0
2267,39,646,12,13,1,73,0,0,0,0,0
2268,27,504,1,2,1,90,0,1,1,0,0
2269,43,698,3,5,0,82,0,0,0,0,0
2270,29,801,1,3,1,71,0,0,0,0,0
2271,32,668,4,5,1,65,0,0,0,0,0
2272,23,550,3,3,1,85,0,1,0,0,0
2273,22,701,3,5,1,73,1,0,0,0,0
2274,34,626,13,12,1,67,0,0,0,0,0
2275,43,614,14,14,0,60,0,0,0,0,0
2276,34,765,3,2,1,85,0,0,0,0,0
2277,27,645,2,3,1,69,0,1,0,0,0
2278,44,482,11,15,1,96,0,0,0,1,1
2279,29,851,1,2,1,78,0,1,0,0,0
2280,22,678,3,2,0,69,0,0,0,0,0
2281,42,869,4,2,1,79,0,0,0,0,0
2282,42,670,4,2,0,76,0,0,0,0,0
2283,36,662,4,4,1,95,1,1,0,1,0
2284,41,655,4,4,1,71,0,1,1,0,0
2285,40,790,11,14,1,73,1,1,1,0,1
2286,27,619,9,11,0,89,0,0,0,1,0
2287,43,623,4,2,1,78,0,1,0,0,0
2288,27,915,7,9,1,61,1,0,0,0,0
2289,22,852,2,2,1,73,0,0,0,0,0
2290,44,733,12,10,1,66,0,0,1,0,0
2291,37,831,12,13,1,83,0,1,0,1,1
2292,24,643,3,6,1,94,1,0,1,0,0
2293,32,657,14,15,0,68,0,0,0,0,0
2294,22,797,2,4,1,95,0,0,0,1,0
2295,29,767,2,3,1,82,0,0,0,0,0
2296,25,725,3,4,1,73,0,1,0,0,0
2297,28,614,1,5,1,67,0,1,0,0,0
2298,40,780,14,12,1,70,0,0,0,0,0
2299,43,588,13,11,0,90,0,0,0,0,0
2300,31,748,13,10,0,64,0,0,0,0,0
2301,42,758,4,4,1,77,0,0,0,0,0
2302,41,616,12,12,1,91,0,0,1,0,1
2303,31,746,3,4,1,68,1,0,0,0,0
2304,25,684,2,4,1,80,0,0,0,0,0
2305,25,772,2,4,0,100,0,1,0,0,0
2306,26,612,3,5,0,79,0,0,0,0,0
2307,42,707,12,12,1,81,1,0,0,1,1
2308,33,731,14,15,1,86,0,0,0,1,1
2309,42,640,13,15,1,80,0,0,0,0,0
2310,28,780,10,12,1,81,0,0,0,0,0
2311,24,735,3,2,0,80,1,1,0,0,0
2312,22,696,3,5,1,83,0,0,1,0,0
2313,35,845,14,14,1,53,0,0,0,0,0
2314,27,668,6,8,1,89,0,1,1,0,0
2315,37,846,2,2,1,84,1,0,0,1,0
2316,28,519,2,5,1,80,0,0,0,0,0
2317,41,743,3,5,0,91,0,1,0,1,0
2318,26,823,2,4,1,77,0,1,0,0,0
2319,27,615,10,15,1,76,0,0,0,0,0
2320,44,772,11,14,1,60,1,0,0,0,0
2321,45,611,4,2,1,70,1,0,0,0,0
2322,41,714,11,12,1,95,0,1,0,1,1
2323,24,770,3,2,1,75,1,0,1,0,0
2324,26,808,1,6,0,84,0,0,0,1,0
2325,42,767,12,14,1,81,0,0,0,0,0
2326,22,723,3,5,1,74,1,0,1,0,0
2327,23,583,2,3,1,80,0,0,0,0,0
2328,26,612,1,4,0,59,0,0,0,0,0
2329,31,634,4,5,0,76,0,0,1,0,0
2330,38,688,3,2,1,84,0,0,0,0,0
2331,26,672,2,5,1,78,0,0,0,0,0
2332,22,709,4,4,1,83,0,0,0,0,0
2333,41,758,3,4,1,79,0,1,0,0,0
2334,24,722,3,6,1,72,0,0,1,0,0
2335,43,629,2,4,1,77,0,0,1,0,0
2336,30,530,14,14,1,76,1,0,0,0,0
2337,24,766,1,6,1,85,1,0,1,0,0
2338,35,672,13,12,1,80,0,0,0,0,0
2339,39,766,4,3,1,85,0,0,0,1,0
2340,27,720,9,11,1,69,1,0,0,0,0
2341,23,710,3,6,1,85,0,0,0,0,0
2342,32,843,13,13,1,73,1,0,0,0,1
2343,44,626,14,12,1,96,0,0,1,1,1
2344,41,721,4,3,1,66,0,0,0,0,0
2345,45,648,2,4,1,78,0,0,0,0,0
2346,24,532,3,5,1,64,1,0,0,0,0
2347,25,659,1,4,1,67,1,0,0,0,0
2348,29,573,9,11,1,75,1,1,1,0,0
2349,42,662,14,11,1,65,0,0,0,0,0
2350,28,652,9,12,0,80,0,1,0,0,0
2351,42,746,2,4,1,72,1,1,0,0,0
2352,39,735,14,11,1,59,1,1,1,0,0
2353,26,673,2,2,1,83,0,0,1,1,0
2354,41,542,11,12,1,91,0,1,0,1,1
2355,29,675,3,6,1,75,0,1,0,0,0
2356,39,754,13,10,0,68,0,0,0,0,0
2357,42,754,12,12,0,84,0,1,0,0,0
2358,30,747,4,5,1,70,0,1,0,0,0
2359,24,717,3,5,1,72,0,1,0,0,0
2360,40,719,2,6,1,78,1,0,0,0,0
2361,40,713,13,10,0,74,0,1,0,0,0
2362,27,743,8,10,0,79,1,0,0,0,0
2363,40,828,12,12,1,81,0,0,0,1,1
2364,35,614,2,6,0,81,1,0,0,1,0
2365,27,623,3,4,1,77,1,1,0,0,0
2366,38,680,12,10,1,91,1,0,0,0,0
2367,37,950,11,13,0,74,0,0,0,0,0
2368,38,720,3,3,1,75,0,0,1,0,0
2369,44,563,11,14,1,84,1,0,0,1,1
2370,40,734,13,13,1,80,1,1,0,0,1
2371,33,694,4,6,1,93,0,0,0,0,0
2372,24,784,3,5,0,81,0,0,0,0,0
2373,29,521,2,3,0,85,1,0,0,0,0
2374,32,657,14,12,1,72,0,0,0,0,0
2375,38,460,11,13,1,78,1,0,0,0,0
2376,29,647,3,5,1,74,0,0,1,0,0
2377,28,851,6,11,1,74,0,1,0,0,0
2378,23,691,2,5,0,82,1,0,0,0,0
2379,44,675,2,2,1,70,0,0,0,0,0
2380,28,779,9,9,0,65,0,0,0,0,0
2381,36,707,4,5,1,70,0,0,0,0,0
2382,28,788,3,6,1,79,0,0,0,0,0
2383,39,503,4,2,1,62,0,0,0,0,0
2384,42,714,3,2,1,80,0,1,0,0,0
2385,37,729,13,15,1,69,1,0,1,0,0
2386,24,781,1,3,1,73,1,1,0,0,0
2387,42,544,12,11,1,87,0,0,1,0,0
2388,26,722,1,2,1,86,0,0,1,1,0
2389,31,735,4,5,1,72,0,0,0,0,0
2390,34,725,13,13,1,80,0,0,1,0,0
2391,24,722,2,2,0,89,0,1,1,0,0
2392,23,756,4,2,1,79,0,0,0,0,0
2393,25,737,3,4,1,67,0,0,0,0,0
2394,28,732,8,7,1,79,0,0,1,0,0
2395,34,632,4,4,1,66,0,0,1,0,0
2396,34,544,13,14,1,85,0,0,0,1,1
2397,30,694,11,10,0,70,0,0,0,0,0
2398,39,698,14,15,1,78,0,1,0,0,0
2399,36,720,2,4,1,77,0,0,0,0,0
2400,45,547,3,2,1,82,0,0,0,0,0
2401,34,832,3,4,0,66,0,0,0,0,0
2402,25,681,2,5,0,61,0,0,0,0,0
2403,29,632,3,2,1,87,0,0,0,0,0
2404,26,858,10,15,0,74,1,0,0,0,1
2405,36,635,11,15,1,84,0,0,0,1,1
2406,34,673,3,3,1,65,0,0,0,0,0
2407,37,753,4,3,0,86,1,0,0,0,0
2408,28,672,3,3,0,82,0,0,0,0,0
2409,42,726,11,14,1,63,0,0,0,0,0
2410,32,597,2,4,0,62,0,0,0,0,0
2411,22,806,4,2,0,68,0,0,1,0,0
2412,23,687,2,4,1,89,0,1,0,1,0
2413,25,670,2,6,1,91,0,0,0,1,0
2414,41,602,3,6,1,62,0,0,0,0,0
2415,36,648,13,12,1,76,1,1,0,0,1
2416,41,665,12,11,1,87,1,0,0,1,1
2417,38,710,2,4,1,72,0,0,0,0,0
2418,35,741,3,4,1,55,0,0,1,0,0
2419,28,950,2,5,1,74,0,0,0,0,0
2420,32,645,3,4,1,79,0,0,1,0,0
2421,40,616,13,12,1,75,0,0,0,0,0
2422,41,722,13,15,1,67,0,0,0,0,0
2423,28,778,9,7,1,82,0,1,0,0,0
2424,37,856,4,6,1,88,1,0,0,1,0
2425,33,570,4,5,0,84,0,0,0,0,0
2426,27,645,2,2,1,89,0,0,0,0,0
2427,22,673,2,2,1,78,0,0,0,0,0
2428,41,735,2,6,1,55,0,0,0,0,0
2429,40,768,3,2,1,78,0,0,0,0,0
2430,27,704,2,6,1,76,0,1,0,0,0
2431,23,493,3,5,1,90,0,0,0,0,0
2432,37,588,4,3,1,58,0,1,0,0,0
2433,42,617,3,3,1,73,0,0,0,0,0
2434,34,632,11,11,1,88,0,0,0,0,0
2435,32,740,2,6,0,69,0,0,0,0,0
2436,44,692,13,15,1,72,1,0,1,0,1
2437,40,627,2,3,1,91,1,0,0,1,0
2438,40,765,4,4,1,61,0,0,0,0,0
2439,31,789,2,6,1,80,0,0,0,0,0
2440,30,770,12,11,1,74,1,0,0,0,0
2441,37,688,12,10,1,71,1,0,0,0,0
2442,42,614,3,4,1,87,0,0,0,1,0
2443,38,605,3,2,1,60,0,0,1,0,0
2444,45,797,2,6,1,71,0,0,0,0,0
2445,31,587,4,2,1,60,0,0,0,0,0
2446,25,850,3,6,1,72,0,1,1,0,0
2447,28,806,1,5,1,81,1,0,0,0,0
2448,24,816,4,2,1,87,1,0,0,0,0
2449,39,667,14,13,1,66,1,0,0,0,0
2450,41,661,11,14,1,89,1,1,1,0,1
2451,33,498,2,4,0,66,0,0,0,0,0
2452,40,796,3,4,0,76,1,0,0,0,0
2453,41,729,3,4,1,77,0,1,0,0,0
2454,33,739,4,2,1,80,0,0,0,0,0
2455,23,646,4,2,0,69,0,0,1,0,0
2456,31,620,13,14,0,70,0,0,0,0,0
2457,31,647,4,6,1,60,0,1,0,0,0
2458,42,648,11,14,1,63,0,0,0,0,0
2459,34,746,12,12,0,63,0,0,0,0,0
2460,39,731,11,10,1,81,0,0,0,0,0
2461,36,709,4,3,1,68,0,0,0,0,0
2462,28,638,10,13,1,73,0,1,0,0,0
2463,40,806,2,2,0,77,0,0,0,0,0
2464,43,628,2,5,1,89,0,0,0,0,0
2465,41,770,12,10,0,63,1,0,0,0,0
2466,40,842,4,4,1,74,0,0,0,0,0
2467,25,549,2,3,1,87,0,0,0,0,0
2468,40,617,3,6,0,89,1,0,0,0,0
2469,38,779,11,12,0,74,0,0,0,0,0
2470,22,700,5,6,1,90,1,0,0,1,0
2471,30,754,3,4,1,79,1,0,0,0,0
2472,22,531,5,5,1,65,0,0,0,0,0
2473,26,873,7,10,1,97,1,1,0,0,1
2474,23,588,4,3,1,71,1,0,0,0,0
2475,24,798,2,3,0,80,0,0,1,0,0
2476,45,720,12,15,1,71,0,0,1,0,0
2477,37,838,2,3,1,54,0,1,0,0,0
2478,27,895,1,3,1,78,0,1,0,0,0
2479,43,751,13,15,0,75,0,0,0,0,0
2480,25,544,2,5,0,78,0,0,0,0,0
2481,25,716,9,12,0,67,0,0,1,0,0
2482,30,744,12,14,0,95,0,0,0,1,1
2483,44,714,3,6,0,70,0,0,0,0,0
2484,42,532,11,13,1,82,0,0,0,0,0
2485,29,650,2,2,1,87,0,0,0,0,0
2486,24,561,5,5,1,80,1,0,0,0,0
2487,29,738,9,8,1,76,1,0,0,0,0
2488,36,681,11,14,1,74,0,1,0,0,0
2489,35,856,4,4,1,67,0,1,1,0,0
2490,35,421,14,11,1,62,0,0,0,0,0
2491,33,459,11,10,0,81,0,0,1,1,0
2492,24,795,1,2,1,94,1,1,0,1,0
2493,38,754,2,4,1,63,0,0,1,0,0
2494,31,742,11,11,1,66,0,0,0,0,0
2495,43,653,14,14,1,82,0,0,0,0,0
2496,28,627,9,12,1,81,0,0,0,0,0
2497,37,623,4,4,1,81,0,0,0,0,0
2498,27,734,1,2,1,82,0,0,0,1,0
2499,41,662,11,14,1,64,0,0,0,0,0
2500,23,692,3,3,0,71,0,0,0,0,0
2501,38,675,2,4,1,84,1,0,0,1,0
2502,41,789,12,10,1,67,0,0,1,0,0
2503,29,721,1,3,1,85,0,0,1,0,0
2504,24,772,3,2,1,85,0,1,0,0,0
2505,25,910,2,3,0,89,0,0,0,1,0
2506,34,660,3,6,1,90,0,0,0,1,0
2507,26,721,2,5,1,81,0,1,0,0,0
2508,39,655,11,11,1,87,0,0,0,1,1
2509,29,744,1,5,1,83,0,1,0,1,0
2510,32,739,3,2,1,74,0,0,1,0,0
2511,30,813,4,2,1,74,0,1,1,0,0
2512,28,525,3,4,1,65,0,0,1,0,0
2513,33,526,4,3,1,85,0,0,0,1,0
2514,30,847,2,5,1,76,0,0,0,0,0
2515,28,739,6,12,1,79,0,0,0,0,0
2516,39,851,3,5,1,66,0,0,0,0,0
2517,39,869,2,5,0,69,0,1,0,0,0
2518,43,604,2,2,1,57,0,0,0,0,0
2519,45,777,2,4,1,67,0,0,0,0,0
2520,26,762,9,7,0,81,0,1,0,1,0
2521,36,775,14,10,0,75,0,0,0,0,0
2522,34,611,14,11,1,68,0,0,0,0,0
2523,37,628,11,12,1,76,1,0,1,0,1
2524,38,774,12,15,0,83,1,0,0,0,0
2525,28,743,9,12,1,86,0,0,0,1,1
2526,41,604,13,11,1,75,1,0,0,0,0
2527,30,655,3,5,1,83,0,1,0,0,0
2528,29,586,2,3,1,61,0,0,0,0,0
2529,30,580,3,6,0,84,0,0,0,0,0
2530,35,615,13,10,1,89,0,0,0,1,1
2531,34,551,2,5,1,77,0,0,0,0,0
2532,35,777,3,3,1,58,0,1,0,0,0
2533,28,739,3,5,1,88,0,0,0,0,0
2534,29,661,6,8,0,52,0,1,0,0,0
2535,41,692,3,5,1,85,1,0,0,1,0
2536,32,728,4,2,1,80,0,0,0,0,0
2537,27,528,8,10,0,79,0,0,0,0,0
2538,26,527,10,13,1,69,0,0,0,0,0
2539,23,710,3,3,1,77,0,1,0,0,0
2540,38,822,4,2,1,74,0,0,0,0,0
2541,37,744,2,4,1,79,0,0,1,0,0
2542,25,705,1,6,1,74,0,0,0,0,0
2543,44,757,13,10,1,73,1,0,0,0,0
2544,36,614,14,15,1,85,0,0,0,1,1
2545,37,714,14,10,1,92,0,0,0,1,1
2546,44,699,4,2,1,90,0,0,0,0,0
2547,34,608,3,5,1,84,0,1,0,1,0
2548,23,567,2,5,0,65,0,0,0,0,0
2549,23,833,2,4,1,80,0,0,0,0,0
2550,45,751,3,4,1,68,0,0,0,0,0
2551,29,702,1,3,1,84,0,0,0,1,0
2552,39,753,14,10,0,80,0,0,0,0,0
2553,24,566,3,3,1,82,1,0,0,1,0
2554,30,807,11,12,1,59,1,0,0,0,0
2555,33,597,2,5,0,71,0,0,1,0,0
2556,23,611,2,6,1,73,0,0,0,0,0
2557,44,724,12,13,1,82,0,0,0,1,1
2558,39,849,2,5,1,90,0,0,0,1,0
2559,28,843,6,7,1,62,0,0,0,0,0
2560,31,705,11,12,1,93,0,0,1,0,1
2561,27,486,9,7,1,73,0,0,0,0,0
2562,31,777,2,4,1,78,1,1,0,0,0
2563,30,681,12,10,1,76,0,0,0,0,0
2564,43,578,2,3,1,78,0,0,0,0,0
2565,43,766,12,13,1,66,0,0,0,0,0
2566,43,563,14,11,1,100,0,0,0,1,1
2567,34,744,4,2,1,89,1,0,0,1,0
2568,37,805,2,2,1,75,1,1,0,0,0
2569,42,569,4,4,1,77,0,0,0,0,0
2570,35,676,12,14,1,85,0,0,0,0,1
2571,26,776,6,11,1,89,0,0,1,1,0
2572,45,705,14,14,1,61,1,0,0,0,0
2573,35,895,11,11,1,78,0,0,1,0,0
2574,25,803,1,6,1,78,0,0,0,0,0
2575,25,614,3,6,1,88,0,0,1,0,0
2576,45,738,4,5,1,75,1,0,0,0,0
2577,31,684,13,15,1,68,0,0,0,0,0
2578,39,777,2,3,1,75,0,0,0,0,0
2579,45,732,4,3,1,73,0,0,0,0,0
2580,36,510,4,3,1,78,0,0,1,0,0
2581,41,656,2,3,1,92,0,0,0,1,0
2582,34,814,3,6,1,64,1,0,1,0,0
2583,32,790,2,2,1,73,0,0,0,0,0
2584,24,486,3,3,1,68,0,0,0,0,0
2585,32,556,4,4,0,66,0,1,1,0,0
2586,40,950,11,10,1,54,0,0,0,0,0
2587,45,752,2,5,1,71,0,0,0,0,0
2588,32,614,2,4,1,70,1,0,0,0,0
2589,22,648,2,3,0,78,0,0,1,0,0
2590,36,537,12,13,1,87,0,0,1,1,1
2591,27,741,3,4,1,78,0,0,0,0,0
2592,32,652,3,2,1,89,0,0,0,1,0
2593,37,529,3,5,1,77,0,0,0,0,0
2594,43,871,14,10,0,79,0,0,1,0,0
2595,32,596,13,15,0,76,1,0,0,0,0
2596,28,792,9,12,1,88,0,1,1,1,1
2597,35,664,4,3,1,82,0,1,0,1,0
2598,26,717,3,6,1,53,0,0,1,0,0
2599,45,840,2,4,1,72,0,0,1,0,0
2600,30,612,4,2,1,75,0,0,0,0,0
2601,44,689,13,13,1,84,0,1,0,0,0
2602,29,868,7,9,1,69,0,1,0,0,0
2603,39,676,4,5,1,62,1,0,0,0,0
2604,24,569,3,6,1,95,0,0,0,0,0
2605,45,685,14,10,1,74,0,0,0,0,0
2606,39,588,3,6,1,71,0,0,0,0,0
2607,26,725,3,6,0,86,0,0,1,1,0
2608,39,564,3,4,1,83,0,1,0,1,0
2609,45,622,14,11,0,82,0,0,0,0,0
2610,33,635,14,13,1,77,0,0,1,0,0
2611,41,702,14,15,1,70,1,0,0,0,0
2612,42,705,2,2,0,80,0,0,0,0,0
2613,31,730,11,15,1,62,1,0,0,0,0
2614,35,704,14,15,1,73,0,0,0,0,0
2615,30,557,3,2,1,78,1,0,0,0,0
2616,29,754,2,3,0,69,1,0,0,0,0
2617,33,860,2,6,0,64,1,1,0,0,0
2618,39,808,4,2,1,69,0,0,0,0,0
2619,22,755,2,4,1,82,0,0,0,1,0
2620,33,671,11,13,1,80,0,0,0,0,0
2621,42,588,2,2,1,56,0,1,0,0,0
2622,44,691,13,10,0,84,0,0,1,1,0
2623,45,572,13,10,1,82,0,0,0,1,0
2624,28,628,3,3,1,75,0,0,0,0,0
2625,35,661,12,14,1,69,0,0,0,0,0
2626,22,551,2,5,0,94,1,1,1,0,0
2627,43,572,13,13,1,85,1,0,0,1,1
2628,34,668,3,5,1,75,0,0,0,0,0
2629,25,850,3,3,1,80,0,0,1,0,0
2630,39,682,4,3,1,74,0,0,0,0,0
2631,41,689,14,13,0,57,0,1,0,0,0
2632,33,637,3,6,1,73,0,0,1,0,0
2633,36,725,14,13,1,81,0,0,0,0,0
2634,33,652,2,4,1,76,0,0,0,0,0
2635,30,754,4,2,1,66,0,0,1,0,0
2636,43,813,11,15,1,99,0,1,0,1,1
2637,26,713,7,11,1,58,0,0,0,0,0
2638,23,756,2,2,0,80,0,0,0,0,0
2639,34,716,3,2,1,59,0,0,0,0,0
2640,44,550,2,4,1,59,0,1,0,0,0
2641,27,699,7,7,1,67,0,0,0,0,0
2642,25,804,2,6,1,67,0,0,0,0,0
2643,35,635,11,11,1,79,0,1,0,0,0
2644,42,769,13,12,1,62,0,1,0,0,0
2645,35,566,4,5,1,85,0,0,0,0,0
2646,29,868,6,11,0,89,1,0,0,0,0
2647,34,853,2,3,1,74,0,0,0,0,0
2648,41,814,13,11,1,94,1,0,1,0,1
2649,40,618,12,11,1,69,0,1,0,0,0
2650,43,611,2,3,0,58,1,0,0,0,0
2651,23,751,2,3,0,82,0,0,0,1,0
2652,32,739,12,14,1,80,0,0,0,0,0
2653,25,662,2,2,1,70,1,0,0,0,0
2654,34,677,2,3,1,67,0,1,0,0,0
2655,38,657,4,3,1,69,1,0,0,0,0
2656,28,666,2,3,1,73,0,0,0,0,0
2657,27,580,3,5,1,84,0,0,0,1,0
2658,29,634,3,6,1,77,0,1,0,0,0
2659,35,612,2,5,1,73,0,0,1,0,0
2660,38,798,2,4,1,89,0,0,0,1,0
2661,42,659,3,2,1,76,0,0,0,0,0
2662,23,788,4,2,1,76,1,0,0,0,0
2663,43,666,4,6,1,92,1,0,1,0,0
2664,25,654,3,3,1,61,0,0,0,0,0
2665,42,817,11,10,0,61,0,0,0,0,0
2666,42,742,2,4,0,72,0,0,0,0,0
2667,32,728,4,6,1,67,0,1,0,0,0
2668,34,793,12,11,0,67,0,0,0,0,0
2669,29,629,2,5,1,79,0,0,0,0,0
2670,36,669,11,12,0,78,0,0,0,0,0
2671,24,684,2,6,1,95,1,0,0,0,0
2672,30,683,3,5,1,85,1,0,0,0,0
2673,45,667,2,4,1,79,0,0,0,0,0
2674,24,861,2,5,1,83,1,0,1,0,0
2675,30,705,2,2,1,84,0,0,0,1,0
2676,30,798,2,5,1,85,0,0,1,0,0
2677,38,694,2,6,1,66,1,0,0,0,0
2678,29,598,10,12,1,57,0,0,0,0,0
2679,22,593,1,6,1,74,0,0,1,0,0
2680,42,795,14,13,0,94,0,0,0,1,1
2681,44,665,2,4,1,68,0,0,0,0,0
2682,40,501,12,11,1,70,1,1,0,0,0
2683,43,692,3,4,0,67,0,1,0,0,0
2684,44,678,12,15,1,63,0,0,0,0,0
2685,28,869,1,4,0,86,0,0,1,1,0
2686,25,586,2,4,1,63,0,0,0,0,0
2687,29,587,8,8,1,96,0,0,0,0,0
2688,31,658,12,14,1,63,1,0,1,0,0
2689,41,931,3,3,0,59,0,0,0,0,0
2690,30,734,3,2,1,59,0,0,0,0,0
2691,28,691,6,12,0,86,1,1,0,0,1
2692,38,584,12,11,1,69,0,0,0,0,0
2693,22,814,5,3,1,82,0,0,1,1,0
2694,32,708,2,5,0,80,1,0,0,0,0
2695,28,795,2,2,0,90,0,0,0,0,0
2696,44,546,3,5,1,70,1,0,0,0,0
2697,38,562,11,10,1,77,0,0,0,0,0
2698,41,700,14,12,1,80,0,1,0,0,0
2699,27,846,8,10,1,73,0,0,0,0,0
2700,32,739,14,11,1,82,0,0,0,0,0
2701,39,680,13,15,1,61,1,0,1,0,0
2702,41,608,4,2,1,66,0,1,0,0,0
2703,28,850,1,4,1,65,0,0,0,0,0
2704,25,742,7,11,1,71,0,0,0,0,0
2705,23,718,1,2,1,70,1,1,0,0,0
2706,31,702,13,13,1,73,0,0,1,0,0
2707,23,537,5,6,1,65,0,0,0,0,0
2708,22,626,1,3,1,73,0,0,0,0,0
2709,36,764,3,4,0,78,1,0,0,0,0
2710,29,621,6,7,1,76,1,1,0,0,0
2711,45,761,3,2,1,79,0,0,0,0,0
2712,23,563,2,2,0,92,1,0,0,1,0
2713,42,667,2,3,1,66,0,0,1,0,0
2714,23,785,1,2,1,88,0,1,1,0,0
2715,37,628,2,4,1,62,1,0,0,0,0
2716,31,596,11,10,0,81,0,0,0,1,0
2717,35,699,12,12,1,59,1,1,0,0,0
2718,34,527,4,4,1,73,0,1,0,0,0
2719,39,711,3,5,1,71,1,0,0,0,0
2720,39,780,13,11,1,65,1,0,0,0,0
2721,28,838,9,7,1,77,1,0,0,0,0
2722,35,782,13,14,0,85,1,0,0,0,1
2723,22,601,1,3,1,94,0,0,0,1,0
2724,37,614,14,12,1,86,0,0,0,1,1
2725,27,677,9,8,1,82,0,0,0,0,0
2726,29,573,10,11,1,58,0,0,0,0,0
2727,33,836,11,11,1,69,0,0,0,0,0
2728,38,879,12,15,1,80,0,1,0,0,1
2729,26,610,8,10,0,92,0,0,0,1,0
2730,30,950,12,12,1,89,0,0,0,1,1
2731,34,928,4,6,0,76,0,0,0,0,0
2732,44,734,3,2,1,64,0,0,0,0,0
2733,28,683,1,5,1,64,0,0,0,0,0
2734,28,575,8,12,1,78,1,0,0,0,0
2735,40,787,11,14,1,78,0,0,0,0,0
2736,34,743,13,13,0,56,0,1,0,0,0
2737,26,875,3,5,1,65,0,0,0,0,0
2738,31,719,13,14,0,72,0,0,0,0,0
2739,24,778,1,5,0,58,0,0,0,0,0
2740,22,798,1,4,0,73,0,0,0,0,0
2741,39,696,2,3,1,60,0,0,0,0,0
2742,43,599,2,5,0,76,0,0,0,0,0
2743,39,570,13,11,1,85,1,0,0,0,0
2744,31,560,12,12,1,72,0,1,0,0,0
2745,29,741,9,12,0,82,0,0,0,1,0
2746,23,563,4,4,1,70,0,0,0,0,0
2747,41,658,3,6,1,78,1,0,0,0,0
2748,31,671,13,11,0,75,1,0,0,0,0
2749,34,577,12,13,1,83,0,0,0,1,0
2750,36,768,14,14,0,70,0,0,0,0,0
2751,34,750,4,3,1,69,1,1,0,0,0
2752,26,663,8,7,1,65,0,1,0,0,0
2753,32,812,11,15,1,92,0,0,0,1,1
2754,37,501,14,15,1,66,1,1,0,0,0
2755,39,612,3,2,1,61,0,0,0,0,0
2756,34,803,12,11,1,65,0,1,0,0,0
2757,29,606,2,4,1,59,0,0,0,0,0
2758,26,640,7,12,0,77,0,0,1,0,0
2759,39,810,14,13,1,59,0,0,0,0,0
2760,39,677,12,15,1,72,0,0,0,0,0
2761,29,760,6,11,1,85,0,0,0,1,0
2762,43,823,13,14,1,76,0,0,0,0,0
2763,29,668,9,7,0,88,0,0,0,1,0
2764,43,631,14,11,1,70,1,1,0,0,0
2765,44,708,12,10,1,83,0,0,0,1,0
2766,37,791,12,10,1,66,0,1,0,0,0
2767,39,565,13,11,1,71,0,1,0,0,0
2768,24,695,1,2,1,72,0,1,0,0,0
2769,37,753,13,12,1,69,0,0,0,0,0
2770,43,793,14,14,1,71,0,0,0,0,0
2771,32,872,12,14,1,83,0,0,0,1,1
2772,34,751,2,4,1,81,0,1,1,0,0
2773,37,659,12,13,1,73,1,0,0,0,0
2774,42,808,13,14,1,65,0,0,0,0,0
2775,28,581,1,4,1,93,0,0,0,0,0
2776,27,727,2,4,1,70,1,0,1,0,0
2777,42,666,2,2,1,67,0,0,1,0,0
2778,30,778,3,4,1,70,1,0,0,0,0
2779,39,557,13,12,0,83,0,0,0,0,0
2780,40,762,13,11,1,87,1,0,0,1,1
2781,42,682,3,5,1,83,0,1,0,1,0
2782,29,709,8,7,0,76,0,0,1,0,0
2783,26,735,6,10,1,56,1,0,0,0,0
2784,40,807,2,6,1,71,1,0,0,0,0
2785,40,782,11,15,1,92,0,0,1,1,1
2786,26,756,3,5,1,72,0,0,0,0,0
2787,22,736,1,6,1,86,1,0,0,1,0
2788,25,798,1,5,1,70,1,0,0,0,0
2789,31,782,3,6,1,57,0,0,0,0,0
2790,36,765,12,14,0,74,0,0,0,0,0
2791,23,613,3,5,1,83,0,1,0,0,0
2792,43,865,2,2,1,93,1,0,0,1,0
2793,28,828,2,3,1,84,1,0,0,0,0
2794,43,613,2,4,1,54,0,1,0,0,0
2795,41,741,13,14,1,60,0,0,1,0,0
2796,43,566,4,5,1,78,0,0,0,0,0
2797,22,590,3,5,1,84,0,0,1,0,0
2798,27,657,3,2,1,81,0,1,0,0,0
2799,24,613,1,5,1,68,0,0,1,0,0
2800,38,830,2,6,1,75,1,0,0,0,0
2801,38,778,2,3,0,84,0,0,1,0,0
2802,32,694,3,5,1,77,1,0,0,0,0
2803,35,842,2,3,1,63,1,1,0,0,0
2804,26,808,8,10,1,53,1,0,0,0,0
2805,36,879,4,3,1,66,1,0,0,0,0
2806,44,825,4,5,1,74,0,0,0,0,0
2807,26,913,6,12,0,89,0,0,0,0,0
2808,39,667,3,4,1,70,0,0,0,0,0
2809,24,788,1,3,1,79,0,0,0,0,0
2810,39,656,11,15,0,82,1,0,0,0,0
2811,41,608,12,14,1,64,0,0,0,0,0
2812,28,698,7,10,0,83,0,0,0,1,0
2813,31,682,14,15,1,82,1,0,0,1,1
2814,44,619,4,4,0,72,0,0,0,0,0
2815,45,876,2,5,0,68,0,1,1,0,0
2816,36,846,3,3,0,82,0,0,0,0,0
2817,32,609,13,11,1,69,0,0,0,0,0
2818,35,703,14,11,1,66,0,1,0,0,0
2819,42,827,11,11,1,68,0,0,0,0,0
2820,22,697,1,6,1,58,1,0,0,0,0
2821,25,743,10,15,1,73,1,0,0,0,0
2822,30,596,2,3,1,62,0,0,0,0,0
2823,25,584,2,5,1,88,0,0,0,0,0
2824,34,759,11,13,0,83,0,0,0,1,1
2825,32,664,2,3,1,84,0,0,0,1,0
2826,43,950,4,2,1,87,0,0,0,0,0
2827,32,742,3,5,1,56,1,0,0,0,0
2828,42,681,2,3,1,69,0,0,0,0,0
2829,42,713,3,6,1,61,0,0,0,0,0
2830,30,950,4,2,0,64,0,0,0,0,0
2831,25,813,2,5,1,68,0,0,0,0,0
2832,31,757,4,2,0,76,0,0,0,0,0
2833,24,685,5,2,1,73,0,0,0,0,0
2834,40,356,14,11,1,95,1,1,1,1,1
2835,38,668,13,12,0,87,1,1,0,1,1
2836,22,350,1,2,1,83,0,0,0,1,0
2837,28,572,7,11,1,76,1,0,0,0,0
2838,38,645,4,6,1,60,1,0,0,0,0
2839,39,779,12,13,1,79,0,0,0,0,0
2840,22,631,5,6,1,73,0,0,0,0,0
2841,40,591,14,15,1,73,0,0,0,0,0
2842,34,734,12,14,1,75,0,1,1,0,1
2843,38,626,14,15,1,77,1,0,0,0,0
2844,35,879,4,2,1,79,1,0,1,0,0
2845,22,513,4,3,1,81,0,0,0,1,0
2846,22,648,1,6,1,69,1,0,0,0,0
2847,41,660,11,10,0,95,0,0,0,0,0
2848,44,576,4,5,1,96,0,0,0,1,0
2849,35,837,12,11,0,74,0,0,0,0,0
2850,44,700,3,5,1,71,0,0,0,0,0
2851,29,726,2,3,1,62,1,0,0,0,0
2852,45,740,11,15,1,77,0,0,1,0,0
2853,33,585,12,12,1,62,0,0,0,0,0
2854,33,912,14,10,1,77,1,0,1,0,0
2855,42,746,3,4,1,74,0,0,0,0,0
2856,34,620,12,14,1,86,0,0,0,0,1
2857,41,590,3,2,1,74,1,0,0,0,0
2858,29,829,2,5,1,82,1,1,1,1,0
2859,43,699,2,4,1,73,0,0,0,0,0
2860,32,525,11,12,1,73,1,0,0,0,0
2861,45,761,14,10,1,70,0,0,0,0,0
2862,35,622,13,10,1,75,1,0,1,0,0
2863,36,819,14,11,1,69,0,0,0,0,0
2864,35,661,13,15,1,77,0,1,1,0,1
2865,39,876,12,14,1,78,0,0,0,0,0
2866,40,652,11,15,1,78,1,0,0,0,0
2867,25,739,1,2,1,50,0,0,0,0,0
2868,36,774,4,4,1,59,1,0,0,0,0
2869,35,819,11,11,1,68,0,0,0,0,0
2870,45,688,12,10,1,83,0,0,0,0,0
2871,31,757,12,15,0,76,0,0,0,0,0
2872,42,659,2,2,1,90,0,0,1,0,0
2873,43,559,11,13,1,91,0,0,0,0,0
2874,34,722,3,2,1,87,0,0,0,0,0
2875,40,798,12,14,1,72,0,0,0,0,0
2876,28,811,8,11,1,69,0,0,0,0,0
2877,39,816,2,3,1,75,0,1,1,0,0
2878,29,752,2,6,1,87,0,0,0,0,0
2879,37,502,2,6,1,78,0,0,0,0,0
2880,39,687,11,11,1,85,0,1,0,1,1
2881,24,594,1,5,1,63,0,1,1,0,0
2882,22,785,2,2,1,85,1,0,0,1,0
2883,42,800,14,15,1,70,0,1,1,0,1
2884,35,541,2,5,1,78,0,0,0,0,0
2885,30,648,3,6,1,70,0,1,0,0,0
2886,23,698,1,5,1,71,1,1,1,0,0
2887,43,710,3,2,1,77,0,1,0,0,0
2888,45,682,13,12,1,84,1,0,0,0,0
2889,29,584,3,2,1,63,1,0,0,0,0
2890,39,769,13,11,0,82,0,0,0,1,0
2891,28,686,6,11,1,62,0,0,0,0,0
2892,42,753,14,15,1,76,0,1,0,0,0
2893,30,641,12,12,1,83,0,0,1,1,1
2894,28,570,7,10,0,66,0,0,0,0,0
2895,43,663,12,14,1,86,0,0,0,0,1
2896,38,642,14,12,1,65,0,0,0,0,0
2897,27,692,9,10,1,91,0,0,0,1,0
2898,23,909,2,2,0,79,0,1,0,0,0
2899,27,739,3,2,0,85,0,0,1,0,0
2900,24,778,1,2,1,66,0,0,0,0,0
2901,35,723,14,14,1,65,0,0,0,0,0
2902,34,834,4,2,1,84,0,0,1,1,0
2903,39,628,11,11,1,71,0,1,0,0,0
2904,43,665,2,5,1,72,0,1,0,0,0
2905,44,850,4,3,1,75,1,0,0,0,0
2906,27,726,3,5,1,76,0,1,0,0,0
2907,31,752,4,4,1,66,0,0,1,0,0
2908,33,674,4,4,0,78,0,1,0,0,0
2909,41,741,12,11,1,81,0,0,0,1,0
2910,27,633,2,6,1,63,0,0,0,0,0
2911,24,651,3,6,0,67,0,0,0,0,0
2912,36,638,4,4,1,88,0,0,0,0,0
2913,43,596,13,13,1,83,0,1,0,1,1
2914,39,599,12,14,1,72,1,0,0,0,0
2915,23,617,3,5,0,69,0,0,0,0,0
2916,35,532,4,5,1,75,1,1,0,0,0
2917,44,658,4,5,1,64,0,1,0,0,0
2918,32,670,3,2,1,61,0,0,0,0,0
2919,24,719,2,4,1,75,0,0,0,0,0
2920,26,720,9,9,1,76,1,0,0,0,0
2921,41,717,3,6,1,54,0,0,1,0,0
2922,44,588,4,2,1,70,0,0,0,0,0
2923,24,594,1,3,1,80,0,0,0,0,0
2924,26,797,7,11,1,89,0,0,0,1,0
2925,31,857,3,4,1,87,0,0,0,0,0
2926,22,841,1,3,1,80,0,0,0,0,0
2927,28,660,1,4,1,76,1,0,0,0,0
2928,23,627,1,4,1,76,0,0,0,0,0
2929,36,566,12,13,1,62,0,1,0,0,0
2930,41,870,14,11,1,85,0,0,0,1,1
2931,43,648,4,5,1,71,0,0,0,0,0
2932,26,817,3,2,1,77,0,0,0,0,0
2933,45,661,3,4,1,88,1,0,0,1,0
2934,24,835,3,2,1,48,1,1,0,0,0
2935,25,636,3,6,0,80,0,0,0,0,0
2936,43,609,13,13,1,59,0,0,0,0,0
2937,41,793,13,11,0,75,0,0,1,0,0
2938,38,448,12,10,1,70,0,0,0,0,0
2939,24,794,4,3,1,65,0,0,0,0,0
2940,40,664,13,12,1,82,0,1,0,0,0
2941,32,788,12,13,1,77,0,0,0,0,0
2942,38,766,14,13,1,86,0,1,0,1,1
2943,34,752,13,14,0,82,0,1,0,1,1
2944,32,607,11,15,0,64,1,1,1,0,1
2945,23,632,2,5,0,68,0,0,1,0,0
2946,42,950,13,10,1,100,0,0,0,1,1
2947,36,780,12,15,1,75,0,0,0,0,0
2948,37,718,4,6,1,85,0,0,0,1,0
2949,29,548,9,9,1,77,0,1,0,0,0
2950,27,707,8,9,1,80,1,0,1,0,0
2951,28,831,3,3,1,77,0,0,0,0,0
2952,27,826,10,14,0,88,1,0,0,1,1
2953,34,775,13,13,1,69,0,1,0,0,0
2954,23,687,2,6,1,67,0,1,0,0,0
2955,42,749,12,13,1,60,0,0,0,0,0
2956,25,687,8,11,1,77,0,0,0,0,0
2957,41,725,14,11,1,85,0,0,0,0,0
2958,44,547,11,14,1,68,0,0,0,0,0
2959,29,652,1,3,1,68,0,0,0,0,0
2960,29,672,1,5,1,64,0,0,0,0,0
2961,34,827,14,10,1,69,0,1,1,0,0
2962,35,657,14,10,1,78,0,0,0,0,0
2963,26,764,3,2,1,84,0,0,0,1,0
2964,44,678,4,6,1,72,0,0,1,0,0
2965,26,581,2,6,1,86,0,0,0,0,0
2966,42,430,11,11,1,80,0,0,0,0,0
2967,28,706,1,2,1,78,0,0,0,0,0
2968,22,719,1,2,1,70,0,0,0,0,0
2969,28,727,6,9,0,81,0,0,0,1,0
2970,43,752,11,15,1,76,0,1,0,0,0
2971,40,636,3,4,1,72,1,0,0,0,0
2972,42,578,11,15,1,82,1,0,1,1,1
2973,45,609,4,5,1,92,0,0,1,1,0
2974,31,566,4,4,0,64,1,0,0,0,0
2975,28,871,6,8,1,69,0,1,0,0,0
2976,36,634,4,5,1,80,0,0,0,0,0
2977,45,879,13,13,1,78,0,0,0,0,0
2978,37,587,12,12,1,75,0,0,0,0,0
2979,29,675,3,6,1,64,0,1,0,0,0
2980,32,614,12,12,1,75,0,0,0,0,0
2981,39,631,14,10,1,70,0,0,0,0,0
2982,39,693,3,2,1,67,0,0,0,0,0
2983,31,485,14,14,1,90,0,0,0,1,1
2984,40,706,11,11,1,63,0,0,0,0,0
2985,30,912,3,3,0,81,0,0,1,0,0
2986,37,547,11,11,1,62,1,0,0,0,0
2987,32,756,14,14,0,79,0,0,1,0,0
2988,23,849,3,4,1,68,0,0,0,0,0
2989,36,680,2,2,1,59,0,1,0,0,0
2990,22,578,3,3,1,73,1,0,0,0,0
2991,27,775,6,11,1,76,0,0,0,0,0
2992,28,760,8,9,0,78,0,0,0,0,0
2993,41,549,3,2,1,93,0,0,0,1,0
2994,24,565,1,2,1,70,0,0,0,0,0
2995,44,617,3,6,0,67,0,0,0,0,0
2996,31,612,13,14,1,77,0,0,0,0,0
2997,45,592,4,4,1,79,0,0,0,0,0
2998,38,747,12,10,1,80,0,0,0,0,0
2999,27,620,2,3,1,61,0,0,1,0,0
3000,40,640,14,14,1,59,0,1,1,0,0
3001,43,815,4,6,1,69,1,0,0,0,0
3002,34,707,4,4,1,76,0,0,0,0,0
3003,39,746,11,10,1,75,0,0,0,0,0
3004,43,615,13,13,1,85,1,0,0,0,1
3005,24,590,1,3,1,84,0,0,0,1,0
3006,24,675,1,2,1,65,0,1,0,0,0
3007,42,655,11,15,0,78,0,1,1,0,1
3008,33,778,4,3,0,81,1,0,0,0,0
3009,31,816,3,4,1,66,1,1,1,0,0
3010,24,551,2,4,1,66,0,1,0,0,0
3011,39,788,11,10,0,78,0,1,0,0,0
3012,30,626,14,11,1,74,0,0,0,0,0
3013,28,592,10,13,1,77,0,0,0,0,0
3014,24,743,2,5,1,69,0,1,0,0,0
3015,37,720,4,5,1,77,1,0,1,0,0
3016,29,710,10,15,1,66,1,1,0,0,0
3017,39,696,12,12,1,84,0,0,0,1,1
3018,39,568,4,3,1,69,0,0,1,0,0
3019,35,702,11,10,1,76,0,0,0,0,0
3020,24,601,3,6,1,71,0,0,0,0,0
3021,34,699,11,14,1,100,0,1,1,1,1
3022,44,661,3,6,1,78,1,1,0,0,0
3023,23,950,3,5,1,80,0,0,0,0,0
3024,24,473,5,4,1,74,0,1,0,0,0
3025,45,823,2,5,1,48,0,0,0,0,0
3026,25,647,1,3,1,79,0,0,0,0,0
3027,32,765,3,2,1,94,1,0,0,1,0
3028,30,641,3,2,1,73,1,0,0,0,0
3029,30,509,12,14,1,81,1,0,1,1,1
3030,40,667,12,14,1,62,0,0,0,0,0
3031,22,621,2,5,1,71,0,1,1,0,0
3032,24,858,4,6,1,73,0,0,0,0,0
3033,27,639,6,10,1,85,0,0,0,1,0
3034,43,778,11,11,1,68,0,0,0,0,0
3035,45,803,12,13,1,74,0,0,0,0,0
3036,28,813,2,5,1,65,0,0,0,0,0
3037,36,651,3,5,0,87,0,0,0,0,0
3038,24,602,3,5,1,84,0,0,0,1,0
3039,45,606,2,3,1,62,1,0,0,0,0
3040,35,689,2,5,1,72,0,0,0,0,0
3041,35,626,4,4,1,62,0,0,0,0,0
3042,43,770,12,12,1,61,1,1,0,0,0
3043,32,598,4,6,0,69,0,0,0,0,0
3044,28,666,1,2,1,82,0,0,0,1,0
3045,42,619,3,6,1,76,0,0,0,0,0
3046,36,751,2,2,0,66,0,0,0,0,0
3047,38,846,13,13,1,71,1,0,1,0,1
3048,31,663,11,13,1,80,0,0,0,0,0
3049,30,759,14,15,1,78,0,0,0,0,0
3050,42,730,12,15,1,59,0,0,0,0,0
3051,31,723,12,11,1,55,0,0,0,0,0
3052,22,877,2,3,1,72,0,0,0,0,0
3053,27,848,9,8,1,72,1,0,0,0,0
3054,26,662,8,8,1,91,1,0,1,1,1
3055,40,614,4,2,1,69,0,1,1,0,0
3056,39,551,13,12,1,63,0,1,0,0,0
3057,25,645,7,8,0,84,0,0,1,1,0
3058,36,706,11,12,1,68,0,1,0,0,0
3059,37,608,14,14,1,70,0,1,0,0,0
3060,33,777,13,13,1,66,0,0,0,0,0
3061,42,676,2,6,1,62,1,0,0,0,0
3062,33,631,4,5,1,81,0,0,1,0,0
3063,31,787,3,2,0,82,0,0,0,0,0
3064,25,650,9,12,1,57,0,0,0,0,0
3065,36,845,14,15,1,62,0,0,1,0,0
3066,41,871,14,14,0,56,0,0,0,0,0
3067,34,644,4,2,1,66,1,0,1,0,0
3068,31,706,13,11,1,62,1,0,0,0,0
3069,36,722,14,11,0,78,1,0,0,0,0
3070,23,528,3,3,1,77,0,0,1,0,0
3071,36,678,2,4,1,73,0,0,0,0,0
3072,25,652,10,11,1,69,0,0,0,0,0
3073,31,768,2,2,1,60,1,0,0,0,0
3074,34,503,13,13,1,61,0,0,0,0,0
3075,35,622,3,2,0,75,1,0,0,0,0
3076,45,684,13,13,1,57,0,0,0,0,0
3077,31,724,12,10,0,67,0,0,0,0,0
3078,41,726,4,6,1,88,1,0,0,0,0
3079,34,617,13,10,0,62,0,0,0,0,0
3080,38,640,2,2,1,74,1,0,1,0,0
3081,37,781,2,6,1,68,0,1,0,0,0
3082,35,695,12,10,1,69,0,0,0,0,0
3083,35,575,3,5,1,79,0,0,0,0,0
3084,27,660,10,10,1,66,1,0,0,0,0
3085,26,677,3,5,1,66,0,1,0,0,0
3086,36,655,4,4,1,78,0,0,0,0,0
3087,28,637,6,8,1,83,0,0,0,1,0
3088,26,658,3,2,1,67,0,1,1,0,0
3089,39,798,14,10,1,77,0,0,0,0,0
3090,31,793,2,4,1,75,0,0,1,0,0
3091,27,497,2,2,1,84,0,0,0,1,0
3092,31,489,12,13,1,78,0,0,1,0,0
3093,43,602,3,3,1,59,0,0,0,0,0
3094,23,569,3,5,1,75,0,0,0,0,0
3095,35,653,3,4,1,77,0,1,1,0,0
3096,43,597,2,3,1,72,1,0,0,0,0
3097,22,650,2,4,1,88,0,0,0,1,0
3098,25,692,9,10,1,89,1,0,1,0,0
3099,22,466,3,5,1,67,0,0,0,0,0
3100,41,785,12,13,1,70,0,0,0,0,0
3101,30,597,14,14,1,95,0,0,0,1,1
3102,32,800,4,2,0,88,0,0,0,1,0
3103,26,590,3,6,1,76,0,0,0,0,0
3104,34,701,4,5,0,74,0,1,1,0,0
3105,32,758,3,6,1,89,0,0,1,0,0
3106,36,563,2,2,0,66,0,0,0,0,0
3107,35,668,4,5,1,71,1,0,0,0,0
3108,33,715,2,3,0,75,0,0,0,0,0
3109,45,717,4,2,0,85,0,0,0,1,0
3110,34,538,4,3,1,74,0,0,0,0,0
3111,32,710,11,13,1,73,0,0,0,0,0
3112,41,654,12,10,1,82,0,0,1,1,0
3113,44,724,3,3,1,73,0,0,0,0,0
3114,34,891,12,14,1,89,1,0,0,1,1
3115,44,632,4,5,1,79,0,1,0,0,0
3116,36,884,3,4,1,82,0,1,0,1,0
3117,25,501,2,5,1,81,0,0,1,0,0
3118,31,931,2,3,1,72,0,0,0,0,0
3119,26,703,3,2,1,74,1,0,0,0,0
3120,27,498,8,11,1,63,0,0,0,0,0
3121,44,788,4,4,1,75,1,0,0,0,0
3122,25,659,8,12,1,90,0,0,0,1,1
3123,41,719,13,14,1,72,0,0,0,0,0
3124,24,796,3,5,0,85,1,1,0,0,0
3125,32,591,11,13,1,71,0,0,0,0,0
3126,23,710,4,5,1,80,1,1,0,0,0
3127,41,771,11,10,1,77,1,0,0,0,0
3128,38,729,3,6,1,93,1,0,1,1,0
3129,40,865,11,12,1,73,0,0,0,0,0
3130,45,575,13,13,1,85,1,0,0,0,1
3131,35,591,12,12,1,83,0,0,1,1,1
3132,42,507,3,2,1,77,0,0,1,0,0
3133,38,624,3,3,1,80,0,0,0,0,0
3134,30,662,3,4,1,83,0,0,0,0,0
3135,43,555,2,4,0,82,0,0,1,0,0
3136,27,618,6,11,1,78,0,0,1,0,0
3137,22,767,1,6,0,85,0,0,1,0,0
3138,36,670,2,4,1,77,0,1,0,0,0
3139,45,794,3,2,1,75,0,0,1,0,0
3140,41,672,14,14,1,76,0,0,0,0,0
3141,30,634,4,4,1,78,0,0,0,0,0
3142,22,651,1,5,1,62,1,0,0,0,0
3143,29,680,2,6,1,72,0,0,1,0,0
3144,40,618,4,4,1,59,0,0,0,0,0
3145,44,766,3,4,1,73,0,0,0,0,0
3146,41,658,11,13,1,70,0,0,0,0,0
3147,34,849,11,14,1,78,0,0,1,0,1
3148,26,758,9,11,1,60,1,0,0,0,0
3149,27,730,3,5,1,81,0,0,0,0,0
3150,38,740,3,6,1,86,0,0,0,0,0
3151,31,595,4,6,1,74,0,0,0,0,0
3152,33,623,4,2,1,70,0,0,0,0,0
3153,36,649,12,15,1,75,0,0,0,0,0
3154,24,826,2,5,1,69,0,0,1,0,0
3155,25,792,7,10,1,76,0,0,1,0,0
3156,36,735,3,4,1,76,0,0,1,0,0
3157,35,758,3,5,1,87,0,1,1,1,0
3158,37,754,13,11,1,72,0,0,0,0,0
3159,23,606,1,6,1,53,0,0,0,0,0
3160,34,767,4,6,0,61,0,0,0,0,0
3161,25,713,9,10,0,75,0,1,0,0,0
3162,44,775,14,12,1,80,0,0,1,0,0
3163,35,736,14,12,1,60,1,1,0,0,0
3164,26,641,7,11,0,92,0,0,0,1,0
3165,34,700,12,15,1,56,0,1,0,0,0
3166,27,801,3,5,1,88,0,0,0,0,0
3167,43,674,3,4,1,89,0,0,0,1,0
3168,23,734,3,4,0,91,0,0,0,1,0
3169,45,542,4,2,1,74,0,0,0,0,0
3170,26,634,10,13,1,59,0,0,1,0,0
3171,25,799,8,7,1,79,0,1,0,0,0
3172,33,659,3,2,0,65,0,1,0,0,0
3173,27,617,3,4,1,83,0,0,0,0,0
3174,39,757,3,4,1,81,1,1,0,0,0
3175,39,820,12,11,0,83,0,0,0,0,0
3176,37,802,3,6,1,100,0,1,0,0,0
3177,41,704,12,14,1,76,0,0,0,0,0
3178,44,606,13,11,1,72,0,0,1,0,0
3179,24,790,2,4,0,73,0,0,0,0,0
3180,41,838,13,15,1,84,0,0,0,0,0
3181,35,638,11,11,1,69,0,0,0,0,0
3182,29,764,1,2,1,67,0,0,0,0,0
3183,42,708,3,4,0,72,0,1,0,0,0
3184,39,747,11,12,1,82,0,0,0,1,1
3185,43,685,11,15,1,67,0,0,0,0,0
3186,24,717,3,5,1,73,0,0,1,0,0
3187,22,762,2,3,0,74,0,0,0,0,0
3188,42,890,2,3,1,94,1,0,1,0,0
3189,33,705,4,4,1,81,0,0,0,0,0
3190,31,658,4,4,1,58,0,0,0,0,0
3191,37,762,13,15,1,80,0,0,0,0,0
3192,35,774,3,4,1,74,0,0,0,0,0
3193,38,539,14,13,1,77,0,1,0,0,0
3194,28,671,1,2,1,87,0,0,1,1,0
3195,41,583,4,2,0,79,0,0,0,0,0
3196,32,758,11,12,1,83,0,0,0,0,0
3197,26,790,2,6,1,64,1,0,0,0,0
3198,32,802,4,3,1,85,0,0,0,0,0
3199,32,726,14,12,1,74,1,1,0,0,1
3200,41,784,11,14,1,86,0,0,0,0,1
3201,26,667,10,15,1,74,0,0,0,0,0
3202,33,730,4,4,1,68,0,0,0,0,0
3203,44,840,11,13,0,65,0,0,0,0,0
3204,42,947,2,6,1,74,0,0,0,0,0
3205,35,629,2,6,1,82,0,0,0,1,0
3206,28,600,2,3,1,67,0,0,1,0,0
3207,40,534,2,3,1,62,1,0,0,0,0
3208,33,582,4,6,1,82,1,0,0,1,0
3209,39,740,12,14,1,79,0,1,1,0,1
3210,22,753,2,4,1,62,0,0,1,0,0
3211,28,549,8,7,1,98,0,0,0,0,0
3212,39,908,14,12,1,66,0,0,0,0,0
3213,30,889,2,4,1,67,0,0,0,0,0
3214,39,459,2,2,1,63,0,0,0,0,0
3215,28,543,6,10,1,75,0,0,0,0,0
3216,44,593,11,12,1,67,1,0,0,0,0
3217,42,752,2,5,0,76,0,1,0,0,0
3218,24,615,3,2,1,91,1,0,0,0,0
3219,29,608,3,4,1,96,0,0,1,1,0
3220,37,787,2,4,1,58,0,0,1,0,0
3221,37,578,13,14,0,72,0,0,0,0,0
3222,31,580,2,6,1,70,0,1,0,0,0
3223,22,487,1,2,1,76,1,0,0,0,0
3224,30,699,12,11,1,86,0,0,0,1,1
3225,24,798,3,4,1,68,0,0,0,0,0
3226,29,604,6,12,1,80,0,0,0,0,0
3227,25,898,8,7,1,65,0,0,1,0,0
3228,37,653,14,11,1,72,0,1,1,0,0
3229,37,667,14,13,1,84,0,1,0,0,0
3230,24,763,1,5,1,55,0,0,0,0,0
3231,40,758,13,10,0,91,0,0,0,0,0
3232,25,761,2,2,0,78,0,1,0,0,0
3233,36,828,3,6,1,80,1,0,1,0,0
3234,33,850,3,4,1,92,0,0,1,1,0
3235,37,641,12,13,1,66,1,0,0,0,0
3236,39,531,4,4,1,66,1,0,0,0,0
3237,44,745,14,15,0,64,1,0,0,0,0
3238,41,638,3,2,1,84,0,0,0,0,0
3239,22,709,4,4,1,90,0,0,1,0,0
3240,23,568,3,3,1,73,0,1,0,0,0
3241,40,823,3,6,1,57,0,0,0,0,0
3242,26,669,1,3,1,77,1,0,0,0,0
3243,27,868,6,10,1,85,1,0,1,0,0
3244,38,437,2,6,0,64,0,0,0,0,0
3245,22,667,1,6,1,87,0,1,0,1,0
3246,42,626,3,6,1,67,0,0,0,0,0
3247,26,706,6,7,1,84,0,1,0,1,0
3248,28,684,1,2,1,82,0,0,0,1,0
3249,39,704,4,6,1,64,1,0,0,0,0
3250,22,752,1,5,1,79,0,0,1,0,0
3251,44,604,14,14,1,81,0,0,0,1,1
3252,28,591,2,5,1,61,0,0,1,0,0
3253,42,766,3,6,1,71,0,0,0,0,0
3254,23,648,2,5,1,77,0,0,0,0,0
3255,26,624,2,3,0,63,0,0,0,0,0
3256,26,834,10,15,1,67,0,0,1,0,0
3257,29,644,1,2,1,72,0,0,0,0,0
3258,40,640,12,15,1,61,1,0,0,0,0
3259,25,764,8,11,1,85,0,0,0,1,0
3260,29,654,1,6,1,61,1,0,0,0,0
3261,41,629,11,10,1,90,0,0,0,0,0
3262,39,828,11,15,1,73,0,0,0,0,0
3263,42,703,12,13,1,70,0,0,1,0,0
3264,30,694,3,2,1,100,0,0,0,0,0
3265,45,667,11,12,1,100,0,0,0,1,1
3266,22,898,3,5,1,71,0,0,0,0,0
3267,41,799,2,2,1,81,0,0,0,1,0
3268,35,712,14,13,0,83,0,1,0,1,1
3269,34,749,3,2,0,100,0,0,0,1,0
3270,26,850,1,6,1,71,0,0,0,0,0
3271,27,550,3,2,1,84,0,1,1,1,0
3272,39,621,11,14,1,68,0,0,0,0,0
3273,23,753,1,3,1,73,0,1,1,0,0
3274,31,658,4,3,1,81,0,0,0,0,0
3275,23,675,3,6,1,74,0,0,0,0,0
3276,29,680,2,5,1,78,0,0,0,0,0
3277,37,671,13,14,0,73,0,0,0,0,0
3278,25,532,8,9,1,77,0,0,0,0,0
3279,30,854,14,10,1,67,0,0,0,0,0
3280,44,629,11,13,0,76,0,0,0,0,0
3281,44,762,14,14,0,84,0,0,0,0,0
3282,36,710,3,5,1,78,0,0,1,0,0
3283,27,777,8,12,0,53,1,1,0,0,0
3284,45,759,4,3,1,60,0,1,0,0,0
3285,29,746,7,8,0,71,0,0,0,0,0
3286,26,650,10,10,1,82,0,0,1,1,0
3287,25,793,10,10,1,80,0,0,0,0,0
3288,45,950,13,11,1,72,0,1,0,0,0
3289,35,631,2,3,1,63,0,0,0,0,0
3290,34,687,3,4,1,69,0,0,0,0,0
3291,31,790,12,10,1,85,0,0,1,0,0
3292,28,553,10,15,1,69,0,1,0,0,0
3293,34,674,14,15,1,76,1,0,0,0,0
3294,37,709,14,12,1,80,1,1,0,0,1
3295,36,574,4,6,1,90,0,0,0,1,0
3296,38,591,2,5,0,74,0,0,0,0,0
3297,24,736,1,6,1,52,0,1,0,0,0
3298,41,682,11,14,0,87,0,1,0,1,1
3299,34,714,12,10,1,72,1,0,0,0,0
3300,36,616,3,6,1,77,0,0,1,0,0
3301,44,731,3,2,1,77,0,0,0,0,0
3302,28,749,9,12,1,86,0,0,1,0,0
3303,39,866,14,10,1,86,0,0,0,1,1
3304,27,863,1,3,1,56,0,0,0,0,0
3305,22,855,5,2,1,83,0,0,1,0,0
3306,36,691,13,13,0,90,1,1,0,1,1
3307,34,786,13,10,0,82,0,0,0,1,0
3308,26,890,3,6,1,73,0,0,0,0,0
3309,34,690,14,15,1,67,0,0,0,0,0
3310,28,620,1,6,1,83,0,0,1,1,0
3311,37,768,3,2,1,77,0,0,0,0,0
3312,25,721,1,6,1,54,0,1,0,0,0
3313,35,659,12,11,1,70,0,1,0,0,0
3314,42,752,2,6,1,81,0,0,0,0,0
3315,23,537,1,4,1,83,0,0,0,0,0
3316,40,727,2,3,1,64,0,0,0,0,0
3317,43,536,2,6,1,82,0,0,0,1,0
3318,34,711,2,2,1,79,0,0,0,0,0
3319,34,527,11,14,1,93,0,1,1,1,1
3320,42,764,12,14,1,82,0,0,0,0,0
3321,27,582,2,2,1,68,0,0,0,0,0
3322,44,818,3,6,1,81,0,0,1,1,0
3323,44,880,11,10,1,74,0,0,0,0,0
3324,44,582,11,13,1,65,0,0,0,0,0
3325,26,522,2,6,1,78,0,0,1,0,0
3326,45,605,11,11,1,85,0,0,0,1,1
3327,27,577,3,2,1,61,0,0,0,0,0
3328,28,615,10,14,1,67,0,0,0,0,0
3329,44,790,13,15,1,74,0,0,0,0,0
3330,45,588,3,4,1,79,0,0,0,0,0
3331,34,700,13,10,0,93,1,0,0,1,1
3332,28,660,1,4,0,64,0,0,0,0,0
3333,36,613,3,4,1,63,1,0,0,0,0
3334,44,564,12,13,1,67,0,1,0,0,0
3335,37,673,3,4,1,94,0,0,0,0,0
3336,44,675,2,4,1,70,0,0,0,0,0
3337,32,521,3,3,1,83,0,0,0,0,0
3338,25,714,1,5,1,87,0,0,0,0,0
3339,45,771,13,11,1,71,0,0,1,0,0
3340,23,565,3,6,1,74,0,0,0,0,0
3341,30,773,3,2,0,73,0,0,1,0,0
3342,24,659,1,5,1,70,1,0,0,0,0
3343,33,715,2,2,0,42,0,0,1,0,0
3344,26,738,9,11,1,80,1,0,0,0,0
3345,27,850,3,6,1,57,0,0,1,0,0
3346,45,777,3,2,0,87,0,0,0,0,0
3347,37,571,3,3,1,71,0,0,0,0,0
3348,28,638,2,6,1,62,0,0,0,0,0
3349,39,822,2,4,1,67,0,1,1,0,0
3350,29,944,2,2,0,90,0,0,0,0,0
3351,44,758,3,6,1,75,0,0,0,0,0
3352,26,720,1,4,1,64,0,0,1,0,0
3353,41,815,2,4,0,67,0,0,0,0,0
3354,34,669,4,5,0,80,0,0,0,0,0
3355,44,736,13,14,0,77,0,0,0,0,0
3356,27,770,3,3,0,77,0,0,1,0,0
3357,33,780,13,11,1,72,0,0,0,0,0
3358,27,483,3,4,1,61,1,0,0,0,0
3359,22,657,1,6,1,82,0,0,0,0,0
3360,30,656,13,14,1,69,0,0,1,0,0
3361,28,622,3,4,1,68,0,0,0,0,0
3362,24,644,1,4,1,77,0,0,0,0,0
3363,23,505,4,6,1,70,0,0,1,0,0
3364,25,724,2,5,1,87,0,0,0,0,0
3365,29,790,3,4,1,72,1,0,0,0,0
3366,33,613,2,4,0,68,1,0,0,0,0
3367,31,720,3,6,1,72,0,0,0,0,0
3368,31,566,3,6,1,86,0,0,0,1,0
3369,44,660,13,12,1,83,1,0,0,0,0
3370,44,564,12,15,1,48,0,0,0,0,0
3371,42,681,14,14,0,78,0,0,0,0,0
3372,38,724,3,6,1,72,0,0,1,0,0
3373,42,841,14,14,1,74,0,0,0,0,0
3374,36,718,4,4,1,74,0,0,0,0,0
3375,36,611,4,3,1,78,0,1,0,0,0
3376,39,693,4,4,1,68,0,0,0,0,0
3377,25,668,8,10,1,100,0,0,0,1,0
3378,26,792,7,10,0,69,0,1,0,0,0
3379,42,785,4,4,1,97,1,1,0,0,0
3380,43,797,12,10,1,65,1,0,0,0,0
3381,44,904,4,5,1,65,0,1,0,0,0
3382,42,594,11,15,1,75,0,1,1,0,0
3383,40,723,13,13,1,70,0,0,0,0,0
3384,36,743,4,5,1,59,0,0,1,0,0
3385,32,716,12,15,1,68,0,0,0,0,0
3386,37,725,14,10,1,67,0,1,0,0,0
3387,35,623,4,2,1,68,0,1,0,0,0
3388,42,607,3,3,1,88,0,0,0,0,0
3389,39,884,12,15,0,67,0,0,0,0,0
3390,26,738,9,8,1,81,0,0,1,0,0
3391,41,558,4,4,0,68,0,0,1,0,0
3392,45,721,14,15,0,60,0,0,0,0,0
3393,28,802,7,10,1,82,0,0,0,0,0
3394,27,726,10,13,1,71,0,0,0,0,0
3395,37,752,2,2,1,69,1,0,0,0,0
3396,26,612,9,8,0,78,0,1,0,0,0
3397,40,687,2,3,1,60,0,0,0,0,0
3398,23,587,2,3,1,69,1,1,0,0,0
3399,43,708,3,3,1,82,1,0,0,0,0
3400,36,860,2,6,1,69,1,0,0,0,0
3401,24,484,1,4,0,98,0,0,0,0,0
3402,33,698,13,11,1,64,0,0,0,0,0
3403,25,830,1,6,1,73,0,1,0,0,0
3404,32,740,13,15,1,100,0,0,0,0,1
3405,38,750,3,4,0,73,0,1,0,0,0
3406,28,494,1,2,1,83,1,1,0,0,0
3407,32,659,4,4,1,60,1,0,0,0,0
3408,45,588,11,10,1,74,0,0,0,0,0
3409,45,800,2,5,0,71,1,1,1,0,0
3410,31,692,14,15,1,77,0,1,0,0,0
3411,36,484,12,10,1,72,0,0,1,0,0
3412,42,654,3,6,0,74,0,1,0,0,0
3413,44,898,3,6,1,76,0,0,0,0,0
3414,24,630,4,3,1,84,0,0,0,0,0
3415,32,777,4,4,1,79,0,0,0,0,0
3416,32,731,12,13,1,66,1,1,0,0,0
3417,22,722,1,4,1,55,0,0,1,0,0
3418,43,654,3,6,1,63,0,0,0,0,0
3419,30,739,14,14,1,71,0,0,1,0,0
3420,42,886,3,3,1,72,0,0,0,0,0
3421,29,677,6,9,0,72,0,0,0,0,0
3422,43,785,12,12,1,70,0,0,0,0,0
3423,39,802,3,6,0,62,1,0,0,0,0
3424,36,767,12,13,1,61,0,0,0,0,0
3425,29,732,2,4,1,64,0,0,0,0,0
3426,43,605,11,10,1,51,0,1,0,0,0
3427,26,623,7,9,1,69,1,0,0,0,0
3428,27,761,2,4,1,92,0,0,0,1,0
3429,26,924,1,6,1,91,0,0,0,0,0
3430,38,660,12,15,1,72,0,0,1,0,0
3431,41,561,2,5,1,77,1,0,0,0,0
3432,24,732,3,5,1,43,1,0,0,0,0
3433,43,846,12,11,1,81,0,1,1,0,0
3434,33,642,13,11,1,72,0,1,1,0,0
3435,32,699,11,14,0,72,0,0,0,0,0
3436,28,788,6,7,1,89,0,1,0,0,0
3437,25,647,2,5,1,93,0,0,0,1,0
3438,24,621,5,6,1,76,0,0,0,0,0
3439,29,630,1,5,1,78,0,0,0,0,0
3440,39,647,2,2,0,67,0,0,0,0,0
3441,43,829,13,11,1,66,0,0,0,0,0
3442,29,741,9,10,0,71,0,0,0,0,0
3443,25,690,1,3,1,86,0,0,0,1,0
3444,34,758,2,3,1,69,0,0,0,0,0
3445,41,600,12,11,0,65,1,0,0,0,0
3446,29,492,3,5,1,74,0,0,1,0,0
3447,27,708,8,12,1,73,1,0,0,0,0
3448,31,622,2,4,1,80,0,0,1,0,0
3449,33,702,4,2,1,71,0,0,0,0,0
3450,31,656,3,2,1,70,0,0,1,0,0
3451,40,705,2,3,1,78,0,1,0,0,0
3452,29,721,2,3,0,76,0,1,0,0,0
3453,42,614,14,11,1,61,0,1,0,0,0
3454,27,703,7,10,1,59,0,1,0,0,0
3455,31,574,12,13,0,78,1,0,0,0,0
3456,31,661,14,13,1,74,0,1,0,0,0
3457,22,703,2,2,1,63,0,0,0,0,0
3458,34,634,11,13,1,56,0,0,0,0,0
3459,33,730,12,11,1,78,0,0,1,0,0
3460,23,612,1,3,1,85,0,1,1,0,0
3461,29,696,3,6,1,88,0,0,0,1,0
3462,30,803,13,11,0,72,0,0,0,0,0
3463,24,543,3,5,1,91,0,0,0,1,0
3464,37,648,4,2,1,70,0,1,0,0,0
3465,27,868,1,5,0,74,1,0,0,0,0
3466,33,555,3,2,1,82,0,0,0,1,0
3467,28,725,2,6,0,72,0,0,1,0,0
3468,41,667,14,12,1,62,1,0,0,0,0
3469,32,755,14,13,1,53,0,1,0,0,0
3470,37,653,13,11,1,76,1,0,0,0,0
3471,43,715,12,11,1,64,0,1,0,0,0
3472,39,682,2,5,1,75,0,0,0,0,0
3473,29,613,6,10,1,67,0,0,1,0,0
3474,29,575,6,9,1,83,0,1,0,0,0
3475,43,675,13,15,0,65,1,0,0,0,0
3476,22,708,3,4,0,76,1,0,0,0,0
3477,44,691,13,14,1,68,0,0,0,0,0
3478,40,715,4,2,0,54,0,0,0,0,0
3479,41,653,3,3,1,83,0,0,0,1,0
3480,38,666,13,13,1,83,1,0,0,1,1
3481,41,620,11,11,1,69,0,0,0,0,0
3482,43,612,11,11,0,86,0,1,0,1,1
3483,42,648,14,13,0,69,0,1,1,0,0
3484,22,668,5,6,1,71,1,1,0,0,0
3485,38,800,3,3,0,87,1,0,1,0,0
3486,25,728,1,2,1,74,1,0,0,0,0
3487,30,725,11,11,1,56,0,0,0,0,0
3488,34,708,4,2,0,70,1,1,0,0,0
3489,42,644,14,11,1,80,0,0,0,0,0
3490,44,770,3,4,1,72,0,1,1,0,0
3491,32,712,12,12,1,82,1,1,0,1,1
3492,42,715,14,14,1,67,1,0,0,0,0
3493,27,747,8,11,1,62,0,1,0,0,0
3494,34,673,14,10,0,80,0,0,0,0,0
3495,37,704,12,15,1,78,0,0,0,0,0
3496,23,614,3,6,0,73,1,0,0,0,0
3497,40,678,4,4,1,82,1,0,1,0,0
3498,22,587,2,3,1,74,0,0,0,0,0
3499,24,723,4,2,1,59,0,1,0,0,0
3500,34,677,12,13,1,70,1,0,0,0,0
3501,35,743,12,14,1,79,0,1,0,0,0
3502,26,844,1,5,1,82,1,1,0,1,0
3503,33,530,2,3,1,72,0,0,0,0,0
3504,42,691,14,15,1,70,1,0,0,0,0
3505,27,600,6,11,1,68,0,0,1,0,0
3506,27,791,9,10,1,67,0,0,0,0,0
3507,44,683,2,3,1,57,0,0,0,0,0
3508,25,718,3,3,1,70,1,0,0,0,0
3509,30,761,13,10,1,61,0,0,0,0,0
3510,44,736,4,4,1,62,0,0,1,0,0
3511,39,690,3,5,1,80,0,1,1,0,0
3512,37,608,3,3,1,87,0,0,0,1,0
3513,32,664,4,5,0,63,0,0,0,0,0
3514,42,707,2,4,1,70,0,0,0,0,0
3515,41,585,2,2,0,79,0,0,0,0,0
3516,27,665,2,2,1,83,0,1,0,0,0
3517,45,682,4,6,1,79,0,0,0,0,0
3518,39,798,3,3,1,80,1,0,1,0,0
3519,38,548,14,12,1,69,0,0,0,0,0
3520,39,874,11,15,0,84,0,0,1,1,1
3521,23,624,3,3,1,74,0,0,0,0,0
3522,34,506,2,3,1,86,0,1,0,0,0
3523,31,804,3,5,1,64,0,0,0,0,0
3524,25,637,1,6,0,81,0,0,0,1,0
3525,22,523,2,3,1,88,0,1,1,0,0
3526,44,799,13,15,1,74,0,0,0,0,0
3527,34,662,14,13,1,56,0,0,0,0,0
3528,41,579,2,2,1,78,0,0,1,0,0
3529,45,756,2,3,0,66,0,0,0,0,0
3530,40,740,12,14,1,82,0,0,0,1,1
3531,37,649,12,12,1,83,1,1,1,1,1
3532,41,633,12,10,1,64,0,0,0,0,0
3533,39,580,12,14,1,82,0,0,0,1,0
3534,38,941,4,5,1,76,0,0,1,0,0
3535,34,884,2,2,1,67,0,0,0,0,0
3536,23,561,3,6,1,59,1,0,0,0,0
3537,36,660,14,10,1,71,0,0,1,0,0
3538,44,739,13,10,1,57,0,0,0,0,0
3539,26,805,1,3,1,79,0,0,0,0,0
3540,31,809,3,3,1,74,0,0,0,0,0
3541,27,793,6,7,0,78,0,0,0,0,0
3542,30,704,13,10,0,72,0,0,0,0,0
3543,33,807,3,6,1,83,0,0,0,0,0
3544,41,701,11,15,0,64,0,1,0,0,0
3545,31,561,4,3,1,72,0,0,0,0,0
3546,42,717,12,15,1,74,0,1,0,0,0
3547,42,726,11,12,0,84,0,0,0,0,0
3548,25,714,2,3,0,77,0,0,0,0,0
3549,37,732,4,4,1,76,0,1,0,0,0
3550,44,713,13,10,1,89,0,0,0,1,1
3551,37,748,12,15,1,91,0,1,0,1,1
3552,44,589,4,2,0,87,0,0,0,0,0
3553,38,572,11,13,1,65,0,1,0,0,0
3554,45,746,13,14,1,90,0,1,0,0,1
3555,35,673,13,15,1,70,0,1,0,0,0
3556,38,680,14,10,1,73,0,0,0,0,0
3557,22,789,1,2,1,72,1,0,0,0,0
3558,39,795,13,12,1,67,0,0,0,0,0
3559,42,679,3,3,0,66,0,0,0,0,0
3560,37,737,12,11,1,86,1,0,0,1,1
3561,44,638,12,14,0,62,0,1,0,0,0
3562,32,842,4,3,1,68,1,1,0,0,0
3563,39,723,3,5,1,81,1,1,0,1,0
3564,29,861,10,14,1,98,0,0,0,1,1
3565,31,830,13,11,1,71,1,0,0,0,0
3566,39,718,12,15,0,66,0,0,0,0,0
3567,29,699,1,2,0,70,0,1,0,0,0
3568,41,736,3,2,1,64,0,0,0,0,0
3569,41,607,14,14,0,88,0,0,0,0,1
3570,39,664,14,12,0,62,0,0,1,0,0
3571,35,801,11,12,1,74,0,0,0,0,0
3572,41,606,11,12,1,59,0,0,1,0,0
3573,31,706,14,13,0,83,1,0,0,0,0
3574,22,628,2,4,1,67,0,0,0,0,0
3575,40,750,12,14,1,70,0,0,0,0,0
3576,23,530,1,4,1,70,0,0,0,0,0
3577,45,626,11,11,1,88,1,0,0,0,0
3578,23,615,2,6,1,64,0,0,0,0,0
3579,30,736,13,13,1,84,0,0,0,1,1
3580,36,812,12,14,1,52,0,0,0,0,0
3581,42,626,4,2,0,67,0,1,0,0,0
3582,23,710,5,6,1,89,1,0,0,0,0
3583,35,664,2,4,1,60,0,0,1,0,0
3584,43,688,14,10,1,83,1,0,1,0,0
3585,22,671,5,6,0,72,0,0,0,0,0
3586,24,926,1,4,1,63,0,0,1,0,0
3587,23,673,2,6,1,85,0,0,0,1,0
3588,25,812,10,13,1,81,0,0,0,1,1
3589,36,832,3,6,1,86,0,0,0,1,0
3590,42,718,2,4,1,77,1,0,1,0,0
3591,22,664,3,5,1,67,0,0,0,0,0
3592,39,615,3,2,1,65,0,0,0,0,0
3593,44,691,13,11,1,77,0,1,1,0,0
3594,37,484,4,2,1,89,1,0,1,1,0
3595,34,773,14,15,1,81,1,0,0,1,1
3596,40,745,3,5,1,72,0,0,0,0,0
3597,37,792,12,13,1,71,1,0,0,0,0
3598,34,696,11,10,1,71,0,0,0,0,0
3599,24,771,5,4,1,88,0,0,0,1,0
3600,39,803,4,3,1,70,0,0,1,0,0
3601,29,594,3,2,0,61,0,0,1,0,0
3602,22,776,1,6,1,80,0,0,0,0,0
3603,42,655,2,3,1,71,0,0,0,0,0
3604,35,723,3,5,1,91,0,0,0,0,0
3605,30,673,3,4,1,68,0,0,0,0,0
3606,41,617,14,12,0,76,0,1,0,0,0
3607,22,638,3,4,1,62,0,0,0,0,0
3608,24,694,2,5,1,82,1,0,0,1,0
3609,35,681,3,5,1,76,0,0,0,0,0
3610,39,623,14,10,0,73,0,0,0,0,0
3611,26,692,2,6,1,86,0,0,0,1,0
3612,44,669,11,10,1,60,0,0,0,0,0
3613,36,803,4,5,1,68,1,0,0,0,0
3614,34,506,4,6,1,84,1,0,0,0,0
3615,30,736,14,12,0,67,1,0,0,0,0
3616,29,743,8,8,1,86,0,1,0,1,0
3617,45,808,2,4,0,55,0,1,0,0,0
3618,37,549,12,11,0,66,1,0,1,0,0
3619,34,736,14,11,1,82,0,0,0,0,0
3620,28,702,3,5,1,68,1,0,0,0,0
3621,31,797,13,10,1,73,1,0,0,0,0
3622,41,816,4,5,0,77,0,0,0,0,0
3623,30,817,3,6,1,70,0,0,0,0,0
3624,25,612,1,4,1,68,0,0,0,0,0
3625,44,622,2,3,1,84,0,1,1,1,0
3626,31,719,2,3,0,82,0,0,0,0,0
3627,40,582,4,6,1,85,0,0,0,1,0
3628,43,729,2,6,1,63,1,1,1,0,0
3629,43,584,4,2,1,59,0,0,0,0,0
3630,45,549,2,2,1,68,0,0,0,0,0
3631,25,645,10,14,1,60,0,0,0,0,0
3632,24,717,2,4,1,88,0,0,0,0,0
3633,30,798,14,13,0,71,0,1,0,0,0
3634,38,731,12,10,0,63,0,0,0,0,0
3635,33,711,13,11,1,79,0,0,1,0,0
3636,35,746,13,12,1,84,0,0,0,1,1
3637,30,753,4,3,1,84,1,1,0,1,0
3638,41,671,2,3,1,70,1,0,0,0,0
3639,35,655,11,13,1,74,0,0,1,0,0
3640,35,675,2,6,1,80,0,1,0,0,0
3641,40,646,4,5,1,66,0,0,0,0,0
3642,31,704,12,12,1,64,0,0,0,0,0
3643,40,722,12,14,1,82,1,0,0,1,1
3644,24,711,2,2,1,54,0,0,0,0,0
3645,37,831,4,4,1,82,0,0,0,0,0
3646,23,778,5,2,1,73,0,1,0,0,0
3647,26,613,3,4,1,90,0,0,0,0,0
3648,45,660,14,12,1,64,0,0,0,0,0
3649,36,869,4,3,0,73,0,0,1,0,0
3650,42,571,4,4,1,61,1,1,1,0,0
3651,24,885,1,5,1,78,1,0,0,0,0
3652,37,825,12,13,1,84,0,1,0,0,1
3653,29,669,1,3,1,67,0,0,0,0,0
3654,31,736,12,10,0,85,0,0,0,0,0
3655,40,774,14,12,1,88,0,1,0,1,1
3656,32,533,2,2,1,66,1,0,0,0,0
3657,27,588,10,12,1,75,0,0,0,0,0
3658,43,777,12,12,1,69,0,0,0,0,0
3659,29,594,1,3,1,75,0,1,0,0,0
3660,32,826,14,14,1,73,0,0,0,0,0
3661,35,619,3,3,1,59,0,1,1,0,0
3662,37,734,11,13,1,78,0,0,0,0,0
3663,27,662,9,12,1,83,0,1,0,0,0
3664,27,651,6,12,1,75,0,0,0,0,0
3665,37,643,13,15,1,69,0,1,0,0,0
3666,24,632,5,4,1,60,1,0,1,0,0
3667,41,901,13,10,1,80,0,0,0,0,0
3668,29,727,2,3,1,70,0,0,1,0,0
3669,23,904,4,2,1,85,0,0,0,1,0
3670,25,543,2,5,1,72,0,0,0,0,0
3671,44,658,3,2,1,67,0,1,0,0,0
3672,29,673,6,10,1,52,0,0,0,0,0
3673,29,631,8,9,1,58,0,0,0,0,0
3674,40,555,14,15,1,74,1,1,0,0,0
3675,41,701,3,4,0,68,1,0,0,0,0
3676,31,653,13,11,1,75,0,0,1,0,0
3677,22,635,5,3,1,80,0,0,0,0,0
3678,26,634,1,6,1,77,0,1,0,0,0
3679,43,679,13,15,1,72,0,0,0,0,0
3680,40,816,3,3,1,63,0,0,0,0,0
3681,34,631,11,11,0,75,0,1,0,0,0
3682,40,613,3,5,1,69,0,0,0,0,0
3683,22,615,2,2,1,54,0,0,1,0,0
3684,29,710,2,2,0,48,0,0,0,0,0
3685,27,692,7,10,1,78,0,0,0,0,0
3686,28,619,7,12,1,70,0,0,1,0,0
3687,25,718,3,3,1,80,0,0,0,0,0
3688,31,800,3,3,1,75,0,0,0,0,0
3689,32,773,4,3,1,86,0,0,0,0,0
3690,31,651,14,10,1,88,0,1,0,1,1
3691,25,753,3,5,0,85,1,0,1,1,0
3692,38,797,4,2,1,69,0,0,0,0,0
3693,30,810,3,2,1,80,0,0,0,0,0
3694,33,592,14,15,0,73,1,0,0,0,0
3695,44,555,3,2,0,62,0,0,0,0,0
3696,42,614,3,4,1,71,0,0,0,0,0
3697,43,850,12,13,1,75,0,0,1,0,1
3698,30,854,2,5,1,69,0,0,0,0,0
3699,45,696,11,12,0,72,0,0,0,0,0
3700,22,756,1,3,1,81,0,1,0,0,0
3701,29,721,3,5,1,86,0,0,0,0,0
3702,39,654,2,5,0,53,0,0,0,0,0
3703,31,646,13,10,1,82,1,0,1,0,0
3704,30,656,2,3,0,67,0,0,0,0,0
3705,30,465,11,12,1,66,0,0,0,0,0
3706,25,680,10,11,0,62,0,0,1,0,0
3707,37,719,11,13,0,65,0,1,0,0,0
3708,40,795,11,13,1,78,1,1,0,0,1
3709,32,872,14,13,1,71,0,0,1,0,1
3710,32,529,2,2,1,84,0,1,0,1,0
3711,36,811,2,6,1,74,0,0,0,0,0
3712,32,510,3,2,0,57,0,1,0,0,0
3713,38,707,12,11,1,97,0,0,1,1,1
3714,32,717,3,4,0,86,1,0,0,1,0
3715,23,717,1,3,0,79,1,0,0,0,0
3716,32,648,12,11,1,79,0,0,0,0,0
3717,34,617,4,2,1,71,0,0,0,0,0
3718,35,762,14,10,1,73,1,0,1,0,0
3719,45,557,14,11,1,69,0,0,0,0,0
3720,23,849,3,2,1,82,0,0,0,1,0
3721,27,560,1,5,0,86,0,0,0,1,0
3722,35,673,13,14,1,76,0,1,0,0,0
3723,45,733,12,15,0,92,0,0,0,1,1
3724,23,600,2,3,0,60,0,0,1,0,0
3725,22,875,3,6,1,81,0,1,0,0,0
3726,26,613,1,5,1,88,0,1,0,1,0
3727,28,605,9,11,1,82,0,0,1,1,0
3728,32,636,11,14,1,60,0,1,0,0,0
3729,39,650,14,12,1,71,0,0,0,0,0
3730,27,687,3,6,1,65,0,0,0,0,0
3731,22,759,1,4,1,66,1,1,0,0,0
3732,27,696,8,7,1,74,0,0,0,0,0
3733,27,685,2,2,1,75,0,1,1,0,0
3734,45,759,12,14,1,56,0,0,0,0,0
3735,27,673,7,11,1,83,0,0,1,0,0
3736,35,654,4,4,1,63,0,0,0,0,0
3737,27,860,8,9,1,96,0,1,0,1,1
3738,29,843,3,2,1,53,0,0,0,0,0
3739,45,883,3,6,0,65,0,0,1,0,0
3740,22,787,2,5,1,83,1,1,0,0,0
3741,22,756,3,3,1,62,0,0,0,0,0
3742,30,676,12,15,1,75,1,0,0,0,0
3743,31,639,13,10,1,75,1,1,0,0,0
3744,25,735,8,8,0,71,1,1,0,0,0
3745,41,570,3,6,1,69,1,0,1,0,0
3746,42,676,3,5,1,78,0,0,0,0,0
3747,25,650,3,3,1,80,0,0,0,0,0
3748,30,691,13,11,0,98,0,0,0,1,1
3749,27,670,3,5,1,65,0,0,1,0,0
3750,43,678,12,14,1,99,0,0,0,0,1
3751,32,918,12,14,0,71,0,0,0,0,0
3752,42,555,2,3,1,49,0,0,0,0,0
3753,24,673,3,3,1,60,0,0,0,0,0
3754,34,667,11,12,1,77,1,0,1,0,1
3755,36,718,4,2,1,64,0,0,0,0,0
3756,29,871,2,5,1,78,0,0,0,0,0
3757,27,684,2,3,1,56,0,0,0,0,0
3758,45,714,4,6,1,77,0,0,1,0,0
3759,34,798,4,4,1,78,0,0,0,0,0
3760,43,655,12,11,0,64,0,1,0,0,0
3761,30,746,13,10,0,63,1,0,0,0,0
3762,34,673,14,14,1,87,0,0,0,0,1
3763,29,725,10,15,1,76,1,1,0,0,1
3764,26,555,6,10,1,80,0,1,0,0,0
3765,45,634,12,10,1,83,1,0,0,1,0
3766,22,837,4,3,0,61,0,0,0,0,0
3767,38,649,11,13,1,79,0,0,0,0,0
3768,34,748,14,13,1,54,0,0,0,0,0
3769,24,865,2,5,1,78,1,0,0,0,0
3770,29,760,1,4,1,60,1,0,0,0,0
3771,26,782,1,2,1,81,1,0,0,0,0
3772,36,669,3,5,1,69,0,0,1,0,0
3773,22,698,1,5,1,80,0,0,0,0,0
3774,31,755,3,4,1,70,0,1,0,0,0
3775,30,743,2,5,1,83,0,0,1,0,0
3776,39,611,4,3,0,64,1,0,0,0,0
3777,40,733,12,15,1,91,0,0,0,0,1
3778,30,852,13,10,1,56,0,0,0,0,0
3779,32,824,2,2,1,79,1,0,0,0,0
3780,32,777,2,5,0,77,0,0,1,0,0
3781,31,858,14,11,1,77,0,0,1,0,0
3782,40,543,4,5,1,77,1,0,1,0,0
3783,30,608,14,15,1,75,0,0,1,0,0
3784,31,725,4,5,0,95,0,0,0,1,0
3785,32,679,4,5,1,63,0,0,0,0,0
3786,29,770,6,9,1,69,0,0,0,0,0
3787,25,739,2,4,1,63,0,0,0,0,0
3788,23,796,3,3,0,74,0,0,0,0,0
3789,28,628,1,6,0,81,0,1,0,1,0
3790,42,716,2,5,1,53,0,0,1,0,0
3791,31,745,4,5,1,64,0,0,0,0,0
3792,44,807,11,13,1,83,0,0,1,0,1
3793,36,831,14,13,1,80,0,0,0,0,0
3794,45,525,3,3,1,87,0,0,0,0,0
3795,45,718,3,2,1,84,0,0,0,0,0
3796,29,515,3,5,1,89,0,0,0,0,0
3797,40,693,2,5,1,88,0,0,0,0,0
3798,44,626,11,11,1,49,0,0,1,0,0
3799,39,803,13,14,1,83,0,0,1,1,1
3800,45,726,12,10,1,68,1,1,0,0,0
3801,23,786,1,2,1,63,0,0,0,0,0
3802,43,679,13,14,1,78,0,0,0,0,0
3803,33,804,2,5,1,67,0,0,0,0,0
3804,41,790,4,6,0,56,0,0,1,0,0
3805,40,882,3,2,1,87,0,0,0,0,0
3806,38,599,3,3,0,60,1,1,0,0,0
3807,28,902,1,5,1,78,0,0,0,0,0
3808,24,785,2,6,1,76,0,0,0,0,0
3809,31,669,2,2,1,58,1,0,0,0,0
3810,34,679,2,5,1,91,0,0,0,1,0
3811,33,633,2,3,1,71,0,1,0,0,0
3812,27,825,8,10,0,64,0,0,0,0,0
3813,29,679,9,9,0,85,0,0,0,0,0
3814,40,738,3,6,1,84,0,0,0,1,0
3815,30,659,11,15,1,54,0,0,0,0,0
3816,44,673,11,13,1,80,1,0,0,0,0
3817,23,795,1,5,1,80,1,0,0,0,0
3818,32,697,4,3,1,66,1,0,0,0,0
3819,23,706,2,4,1,73,0,0,1,0,0
3820,23,761,4,2,1,77,0,0,1,0,0
3821,42,620,14,10,1,75,0,1,0,0,0
3822,32,596,12,15,1,68,0,0,1,0,0
3823,27,712,8,8,1,78,0,0,0,0,0
3824,44,728,13,13,0,73,0,0,1,0,0
3825,36,801,13,10,1,67,0,1,0,0,0
3826,22,685,5,5,1,73,0,1,1,0,0
3827,22,655,2,3,1,81,0,0,1,1,0
3828,40,703,3,6,1,81,0,0,0,1,0
3829,24,786,1,2,1,75,0,0,0,0,0
3830,23,625,1,4,1,73,0,0,0,0,0
3831,30,739,11,10,1,71,0,1,1,0,0
3832,26,813,8,12,1,89,0,0,0,0,0
3833,38,704,4,5,0,71,0,0,0,0,0
3834,39,753,14,12,1,87,0,0,0,1,1
3835,24,794,1,5,1,93,0,0,0,0,0
3836,29,606,1,6,0,62,0,1,0,0,0
3837,42,708,12,10,1,67,1,1,0,0,0
3838,27,546,1,6,0,64,0,1,0,0,0
3839,23,616,2,6,1,66,0,0,1,0,0
3840,43,526,12,13,1,80,0,0,0,0,0
3841,39,623,2,3,1,73,0,0,1,0,0
3842,27,789,8,9,1,76,0,1,0,0,0
3843,26,692,9,11,1,45,1,1,0,0,0
3844,43,730,3,6,1,75,1,0,1,0,0
3845,44,782,2,5,1,85,0,0,0,0,0
3846,36,574,2,3,1,76,0,0,0,0,0
3847,45,714,13,11,0,72,0,0,1,0,0
3848,36,860,3,5,1,89,0,0,1,0,0
3849,31,572,4,5,1,73,1,1,0,0,0
3850,40,652,4,6,1,91,0,0,0,0,0
3851,27,785,10,14,1,71,0,1,1,0,1
3852,38,758,12,13,1,66,0,1,0,0,0
3853,42,661,11,14,0,60,0,1,1,0,0
3854,44,794,2,2,0,80,0,0,0,0,0
3855,41,580,14,14,1,75,0,0,0,0,0
3856,31,602,4,3,1,60,1,0,0,0,0
3857,30,786,12,12,0,61,0,0,1,0,0
3858,31,811,11,10,1,86,0,0,0,0,0
3859,34,761,4,4,1,70,0,1,0,0,0
3860,38,763,14,12,1,71,1,1,0,0,1
3861,32,706,4,6,1,74,0,1,0,0,0
3862,26,739,2,3,1,79,0,0,0,0,0
3863,35,465,4,3,0,79,0,1,1,0,0
3864,30,627,2,2,1,63,0,0,0,0,0
3865,39,697,3,5,1,84,0,0,0,1,0
3866,42,619,4,3,1,54,0,1,1,0,0
3867,38,749,3,5,1,85,0,0,1,0,0
3868,45,782,14,10,1,77,0,0,1,0,0
3869,26,703,3,5,1,77,0,0,0,0,0
3870,25,739,10,15,1,88,0,1,0,1,1
3871,40,811,2,2,0,77,0,0,0,0,0
3872,39,616,2,4,1,72,0,1,0,0,0
3873,28,796,3,4,1,73,0,0,0,0,0
3874,37,646,3,5,1,94,0,0,0,1,0
3875,22,595,2,3,1,93,0,0,0,0,0
3876,39,768,12,11,1,72,1,1,0,0,0
3877,24,625,2,3,0,76,1,0,1,0,0
3878,28,795,9,9,1,79,0,0,0,0,0
3879,41,783,3,6,1,79,0,1,1,0,0
3880,25,736,3,4,0,70,0,0,0,0,0
3881,45,713,3,4,1,92,0,1,0,1,0
3882,36,646,12,11,1,87,0,0,0,0,0
3883,27,512,1,2,0,79,0,1,0,0,0
3884,34,603,4,3,1,75,0,1,0,0,0
3885,35,735,4,2,1,76,0,0,1,0,0
3886,43,678,14,14,1,90,1,1,1,0,1
3887,23,602,2,3,0,67,0,0,0,0,0
3888,41,724,3,2,0,87,0,0,0,0,0
3889,28,686,10,11,1,71,0,1,0,0,0
3890,22,818,2,3,1,65,1,0,0,0,0
3891,37,696,4,2,1,86,0,0,1,0,0
3892,33,766,11,14,1,65,0,1,0,0,0
3893,37,799,3,4,0,75,1,1,0,0,0
3894,45,547,13,13,1,79,0,0,0,0,0
3895,34,538,4,6,1,72,0,0,0,0,0
3896,23,737,2,4,1,92,0,0,0,0,0
3897,32,687,12,15,1,44,0,0,1,0,0
3898,27,703,6,7,1,54,0,0,0,0,0
3899,41,735,11,14,1,92,1,0,0,1,1
3900,33,712,4,3,1,72,0,0,0,0,0
3901,41,587,12,11,1,90,0,0,0,1,0
3902,42,847,3,3,1,86,0,1,0,0,0
3903,28,801,6,9,1,73,0,0,0,0,0
3904,27,626,8,10,1,74,0,0,0,0,0
3905,25,628,1,4,0,84,0,1,0,0,0
3906,22,945,1,5,0,75,0,0,0,0,0
3907,27,634,10,13,1,71,0,0,1,0,0
3908,31,753,13,10,1,68,0,0,0,0,0
3909,41,647,3,5,1,69,0,0,0,0,0
3910,29,763,1,4,1,84,0,0,1,1,0
3911,31,773,4,3,1,63,0,0,1,0,0
3912,44,539,11,13,0,77,0,0,0,0,0
3913,25,725,7,12,0,71,0,0,0,0,0
3914,45,705,3,2,1,77,0,0,0,0,0
3915,43,603,12,11,1,63,0,0,0,0,0
3916,45,613,13,10,1,65,0,0,1,0,0
3917,45,465,13,14,1,80,0,0,0,0,0
3918,34,648,13,11,1,68,0,1,0,0,0
3919,37,662,3,4,1,72,0,0,0,0,0
3920,23,580,5,2,1,71,0,0,0,0,0
3921,29,796,6,12,1,70,0,1,0,0,0
3922,29,713,10,12,1,80,0,0,0,0,0
3923,32,885,12,15,1,74,1,1,0,0,1
3924,43,678,13,11,0,97,0,0,0,0,0
3925,43,776,12,10,1,85,1,0,0,1,1
3926,29,702,9,7,1,77,0,0,1,0,0
3927,23,919,4,3,1,45,0,0,0,0,0
3928,25,588,8,10,1,80,0,1,0,0,0
3929,35,640,12,11,1,86,0,0,0,1,1
3930,45,725,11,13,1,99,0,1,0,1,1
3931,29,841,3,3,1,97,0,0,0,1,0
3932,28,624,2,3,1,75,0,0,1,0,0
3933,37,746,13,14,0,64,1,0,0,0,0
3934,27,585,8,10,1,83,0,0,0,0,0
3935,29,677,7,8,1,71,0,0,0,0,0
3936,26,626,6,11,1,74,1,0,0,0,0
3937,39,693,4,2,1,98,1,1,0,1,0
3938,39,810,13,14,1,64,0,0,0,0,0
3939,25,718,10,11,1,83,0,1,0,0,0
3940,39,616,2,5,1,79,0,0,0,0,0
3941,36,749,2,2,1,61,0,0,0,0,0
3942,37,810,11,10,1,75,1,0,0,0,0
3943,45,642,4,2,1,75,0,0,0,0,0
3944,32,808,3,4,1,81,0,0,0,1,0
3945,34,712,4,5,1,90,0,0,0,1,0
3946,33,745,11,14,1,69,0,0,0,0,0
3947,36,632,11,15,1,65,0,0,0,0,0
3948,42,754,13,14,1,77,0,1,1,0,1
3949,33,871,12,12,1,82,1,1,0,1,1
3950,25,813,2,6,1,71,1,1,1,0,0
3951,44,616,12,11,1,73,0,0,1,0,0
3952,44,769,11,11,0,81,0,0,0,0,0
3953,34,648,2,2,1,71,0,1,0,0,0
3954,36,851,2,3,1,71,0,0,1,0,0
3955,32,681,12,12,1,69,0,0,0,0,0
3956,36,660,11,12,1,79,0,0,0,0,0
3957,34,651,4,3,0,67,0,0,1,0,0
3958,31,772,12,10,1,80,0,1,0,0,0
3959,36,575,14,10,1,74,0,0,0,0,0
3960,34,583,3,2,1,50,0,0,0,0,0
3961,23,754,3,4,0,83,0,1,0,0,0
3962,40,603,3,6,1,73,0,0,0,0,0
3963,35,766,14,14,1,58,0,0,0,0,0
3964,39,615,13,10,1,72,0,0,0,0,0
3965,35,584,11,15,1,90,0,0,1,0,1
3966,43,756,3,5,1,61,0,1,1,0,0
3967,38,697,2,2,1,76,0,0,0,0,0
3968,26,678,8,7,1,60,0,1,0,0,0
3969,44,795,14,15,0,59,0,0,0,0,0
3970,22,762,4,3,1,69,1,0,0,0,0
3971,35,760,11,14,1,72,0,0,0,0,0
3972,40,796,14,10,1,51,0,1,0,0,0
3973,33,846,3,2,1,90,0,0,0,1,0
3974,35,721,2,5,1,73,0,0,0,0,0
3975,37,621,4,2,1,80,0,0,1,0,0
3976,26,683,1,2,1,77,0,0,0,0,0
3977,43,588,2,2,1,66,0,0,0,0,0
3978,44,649,4,5,1,67,0,1,0,0,0
3979,25,542,6,12,1,73,0,1,1,0,0
3980,29,872,7,11,1,71,0,0,0,0,0
3981,26,764,3,4,1,74,0,1,0,0,0
3982,26,655,9,9,0,63,0,1,0,0,0
3983,44,600,12,11,1,87,0,0,0,0,0
3984,37,772,3,4,1,53,1,0,0,0,0
3985,29,644,2,4,0,72,0,0,0,0,0
3986,24,677,4,6,0,83,0,0,0,1,0
3987,30,628,3,5,1,65,1,0,0,0,0
3988,42,783,12,13,1,58,1,0,0,0,0
3989,32,614,11,13,1,65,0,0,0,0,0
3990,35,694,11,10,1,88,0,0,1,1,1
3991,39,721,2,5,1,67,0,0,1,0,0
3992,26,686,10,11,1,78,1,0,0,0,0
3993,38,737,3,3,0,89,0,0,1,0,0
3994,29,634,6,10,0,59,0,1,0,0,0
3995,34,831,12,11,1,61,0,0,1,0,0
3996,45,666,12,15,1,66,0,0,0,0,0
3997,44,798,3,2,1,61,0,0,0,0,0
3998,42,760,12,11,0,80,0,0,0,0,0
3999,37,798,2,3,0,85,0,0,0,0,0
4000,45,711,12,10,1,60,0,0,0,0,0
4001,29,542,6,10,1,72,0,0,0,0,0
4002,23,661,5,2,1,76,1,0,0,0,0
4003,42,519,12,10,0,75,0,0,0,0,0
4004,36,653,11,15,1,75,0,0,1,0,0
4005,38,721,2,3,1,86,0,0,0,1,0
4006,41,676,2,4,0,72,0,0,1,0,0
4007,26,780,8,10,0,73,0,1,0,0,0
4008,25,632,3,4,1,70,0,1,0,0,0
4009,40,763,14,13,1,79,0,0,0,0,0
4010,37,700,4,2,1,65,0,1,1,0,0
4011,28,626,10,11,1,88,1,1,0,0,1
4012,45,735,13,15,1,88,0,0,0,1,1
4013,31,643,14,10,1,50,0,0,1,0,0
4014,33,889,14,13,1,74,0,0,0,0,0
4015,23,727,2,4,1,80,0,0,1,0,0
4016,39,849,4,6,0,79,0,0,0,0,0
4017,33,793,3,3,1,61,0,0,0,0,0
4018,31,548,3,4,1,81,0,1,0,1,0
4019,32,861,12,11,0,66,0,1,1,0,0
4020,34,726,12,15,1,75,0,1,0,0,0
4021,35,617,14,10,0,68,1,0,1,0,0
4022,25,796,9,8,1,67,0,0,1,0,0
4023,22,579,1,2,1,70,0,1,0,0,0
4024,29,669,1,3,1,71,0,0,1,0,0
4025,23,909,2,4,0,84,0,0,0,1,0
4026,32,533,13,11,1,71,1,0,1,0,0
4027,29,591,6,11,1,79,0,0,0,0,0
4028,23,591,2,5,1,83,0,0,0,1,0
4029,23,592,1,2,1,81,0,1,0,1,0
4030,29,653,10,11,1,70,0,0,0,0,0
4031,34,575,4,3,1,59,0,0,0,0,0
4032,38,727,14,11,1,67,0,0,1,0,0
4033,44,784,14,15,1,71,0,0,0,0,0
4034,31,669,3,4,1,68,0,0,0,0,0
4035,33,776,11,10,1,77,0,0,0,0,0
4036,24,592,3,3,1,69,0,0,1,0,0
4037,34,688,13,13,0,64,0,0,1,0,0
4038,32,950,14,10,1,83,1,0,0,1,1
4039,43,742,14,15,1,71,0,0,0,0,0
4040,30,725,13,15,1,63,0,0,0,0,0
4041,37,731,11,12,1,67,1,0,0,0,0
4042,42,804,13,14,1,68,0,0,1,0,0
4043,24,752,2,3,1,78,1,1,0,0,0
4044,41,665,4,3,0,68,0,0,1,0,0
4045,27,583,9,7,1,75,0,0,0,0,0
4046,24,699,3,4,1,69,0,1,0,0,0
4047,35,722,13,11,1,73,0,0,0,0,0
4048,33,798,12,14,1,72,0,0,0,0,0
4049,25,838,1,4,1,85,0,1,0,1,0
4050,22,931,3,6,1,65,0,0,0,0,0
4051,31,621,2,6,1,74,0,0,0,0,0
4052,42,615,2,3,1,78,0,0,0,0,0
4053,44,608,14,13,0,68,0,0,0,0,0
4054,29,682,3,5,1,78,0,0,1,0,0
4055,24,606,2,3,1,73,0,0,0,0,0
4056,36,717,4,2,0,72,0,0,0,0,0
4057,30,669,4,5,1,75,0,0,0,0,0
4058,26,753,8,7,1,96,0,0,0,1,0
4059,34,650,14,15,1,87,0,0,0,1,1
4060,27,652,7,7,1,67,0,0,1,0,0
4061,29,677,3,2,1,66,0,1,0,0,0
4062,31,792,14,14,1,63,0,1,1,0,0
4063,23,762,2,6,1,78,0,0,0,0,0
4064,42,608,3,5,0,85,0,0,0,0,0
4065,27,618,3,6,1,72,0,0,0,0,0
4066,31,618,12,14,0,57,1,0,0,0,0
4067,35,819,13,12,1,79,0,1,0,0,1
4068,35,758,4,6,0,81,1,0,0,0,0
4069,37,686,2,6,1,67,0,0,1,0,0
4070,43,668,2,4,1,67,0,0,0,0,0
4071,38,652,4,3,1,64,0,0,0,0,0
4072,36,744,2,4,1,68,0,0,0,0,0
4073,42,733,13,12,0,81,1,0,0,1,1
4074,35,729,13,11,0,71,0,0,0,0,0
4075,30,819,11,13,0,81,0,0,0,1,1
4076,31,608,3,5,1,70,1,1,0,0,0
4077,25,689,1,2,1,80,0,0,0,0,0
4078,25,708,9,11,1,62,1,1,0,0,0
4079,29,819,7,8,1,72,0,0,0,0,0
4080,28,675,1,4,1,65,0,0,0,0,0
4081,39,584,12,11,0,73,0,0,0,0,0
4082,26,835,7,7,1,80,0,0,0,0,0
4083,23,738,1,4,1,97,0,1,0,1,0
4084,26,550,8,10,1,79,1,0,0,0,0
4085,41,748,4,2,1,71,1,0,0,0,0
4086,32,586,11,11,1,59,0,1,0,0,0
4087,42,809,13,11,0,81,0,0,0,0,0
4088,31,656,11,15,0,69,0,0,0,0,0
4089,30,594,4,3,1,61,1,0,0,0,0
4090,24,795,1,6,1,63,0,0,0,0,0
4091,37,833,3,5,1,73,1,0,0,0,0
4092,43,740,12,13,1,71,1,0,0,0,0
4093,26,802,6,8,0,74,0,0,0,0,0
4094,44,574,2,4,1,55,0,0,0,0,0
4095,32,597,13,10,1,71,0,0,0,0,0
4096,25,815,8,12,1,66,0,1,0,0,0
4097,25,669,10,12,1,77,0,0,0,0,0
4098,27,648,3,6,0,66,0,1,0,0,0
4099,23,751,5,4,1,78,0,1,0,0,0
4100,24,580,3,4,0,69,1,0,0,0,0
4101,33,811,13,11,1,76,0,0,0,0,0
4102,28,751,6,10,1,82,0,0,0,0,0
4103,37,749,14,15,1,81,0,0,0,1,1
4104,33,786,2,6,1,95,0,0,0,0,0
4105,32,893,14,11,1,57,0,0,0,0,0
4106,32,695,4,6,1,84,0,0,0,0,0
4107,32,687,3,4,1,85,0,0,0,0,0
4108,31,604,14,15,0,62,0,0,0,0,0
4109,33,622,14,10,1,72,1,0,0,0,0
4110,41,659,13,15,0,73,0,1,0,0,0
4111,33,756,3,4,1,75,0,0,1,0,0
4112,23,694,1,2,1,38,1,0,0,0,0
4113,30,634,12,10,1,73,0,1,0,0,0
4114,41,777,2,5,1,91,0,0,0,1,0
4115,33,822,14,14,1,77,0,0,1,0,1
4116,44,682,14,14,1,91,0,0,1,1,1
4117,37,780,11,13,1,85,0,1,0,1,1
4118,34,725,14,12,1,90,0,0,0,0,1
4119,27,723,3,5,0,78,0,0,0,0,0
4120,29,619,2,5,0,61,0,0,0,0,0
4121,28,740,7,7,1,88,0,0,0,0,0
4122,40,655,13,13,1,77,1,0,0,0,0
4123,30,876,13,12,1,65,0,0,0,0,0
4124,24,654,2,6,0,60,0,0,0,0,0
4125,26,739,2,4,1,75,1,0,0,0,0
4126,37,815,14,11,1,86,0,1,0,0,1
4127,25,756,2,5,1,79,0,0,1,0,0
4128,28,917,10,15,1,73,0,0,0,0,0
4129,32,590,3,2,1,64,0,0,0,0,0
4130,32,625,11,14,1,80,0,0,0,0,0
4131,37,814,2,6,1,76,0,1,0,0,0
4132,44,647,13,13,1,93,1,0,0,1,1
4133,26,558,2,2,1,64,1,1,0,0,0
4134,28,777,2,5,1,83,0,1,0,0,0
4135,25,641,2,5,1,84,0,0,0,1,0
4136,45,842,4,4,1,73,1,1,0,0,0
4137,44,757,14,14,1,80,0,0,1,0,0
4138,31,796,3,3,1,82,0,0,1,0,0
4139,23,692,2,4,1,67,0,0,0,0,0
4140,31,690,4,6,1,88,0,1,0,1,0
4141,34,577,12,15,1,90,1,0,0,1,1
4142,33,845,3,4,0,86,0,0,1,0,0
4143,30,701,13,14,1,78,0,0,0,0,0
4144,34,709,14,11,1,79,0,0,0,0,0
4145,38,594,12,14,1,70,0,0,0,0,0
4146,31,847,4,6,1,74,0,0,0,0,0
4147,27,721,8,7,1,66,1,1,0,0,0
4148,42,676,12,13,1,55,0,0,1,0,0
4149,36,636,14,15,1,79,0,0,0,0,0
4150,27,607,7,7,1,72,0,1,1,0,0
4151,44,649,4,4,1,85,0,0,0,1,0
4152,30,721,3,4,1,71,0,1,1,0,0
4153,43,532,13,15,1,57,0,0,0,0,0
4154,45,650,12,10,1,86,0,0,0,1,1
4155,33,770,12,11,0,60,0,0,0,0,0
4156,27,712,1,6,1,72,0,0,0,0,0
4157,40,711,4,4,1,66,0,0,0,0,0
4158,27,681,2,5,1,83,0,0,1,0,0
4159,41,706,2,4,1,77,1,0,0,0,0
4160,37,704,4,4,0,98,1,0,0,0,0
4161,22,718,1,3,0,72,1,0,0,0,0
4162,43,718,14,11,1,86,0,0,0,1,1
4163,24,637,3,5,0,63,1,0,0,0,0
4164,27,728,10,10,1,57,0,0,0,0,0
4165,35,731,4,4,1,75,0,0,0,0,0
4166,41,696,2,6,1,85,0,0,0,0,0
4167,34,739,11,11,1,65,0,0,0,0,0
4168,45,641,2,4,0,75,1,0,0,0,0
4169,37,616,14,10,1,87,0,0,0,1,1
4170,43,613,2,4,1,94,1,0,1,0,0
4171,29,647,2,4,1,66,0,1,0,0,0
4172,41,796,13,10,1,94,0,1,1,1,1
4173,34,899,4,4,0,61,0,0,0,0,0
4174,27,754,1,2,0,100,0,1,0,1,0
4175,29,724,3,5,1,68,0,1,1,0,0
4176,23,655,2,4,1,74,0,1,1,0,0
4177,39,686,2,6,1,87,0,0,0,1,0
4178,42,703,2,4,0,73,1,0,0,0,0
4179,41,725,3,2,1,69,1,1,0,0,0
4180,44,509,4,2,1,91,0,0,0,0,0
4181,39,721,13,12,0,79,1,0,0,0,0
4182,36,760,12,13,1,68,0,0,0,0,0
4183,36,700,14,15,0,66,0,1,0,0,0
4184,34,503,12,12,1,80,1,0,1,0,0
4185,37,664,2,6,1,84,0,0,0,0,0
4186,43,795,4,4,0,74,1,0,0,0,0
4187,26,724,7,7,0,56,0,0,0,0,0
4188,33,694,4,4,1,53,1,0,0,0,0
4189,42,827,2,4,1,69,0,0,0,0,0
4190,41,669,3,4,1,81,0,0,0,1,0
4191,25,594,7,9,1,76,1,0,0,0,0
4192,31,608,13,11,1,85,0,0,0,0,0
4193,23,885,1,5,1,53,0,0,0,0,0
4194,39,517,2,6,0,91,0,1,0,0,0
4195,45,701,14,12,1,80,0,0,1,0,0
4196,36,727,2,5,1,79,0,0,0,0,0
4197,25,651,8,8,1,74,0,0,0,0,0
4198,25,702,3,3,1,68,0,0,0,0,0
4199,41,575,13,10,1,66,0,0,0,0,0
4200,44,715,12,10,0,84,0,1,1,1,1
4201,40,781,12,14,1,90,0,0,0,1,1
4202,44,768,2,3,0,76,0,1,0,0,0
4203,29,576,2,4,1,69,1,0,1,0,0
4204,43,788,12,15,1,91,0,0,0,1,1
4205,35,677,3,2,1,88,1,1,1,0,0
4206,23,791,4,2,1,75,0,0,0,0,0
4207,27,717,2,3,1,86,0,0,0,0,0
4208,42,697,3,5,1,60,0,1,0,0,0
4209,43,802,2,3,1,95,0,0,0,0,0
4210,22,570,4,4,1,86,0,0,0,0,0
4211,38,654,4,6,1,53,0,0,0,0,0
4212,22,617,1,3,0,81,1,0,0,0,0
4213,45,668,12,13,1,85,0,1,0,0,1
4214,31,750,4,5,1,76,0,1,0,0,0
4215,35,789,2,3,1,71,0,1,0,0,0
4216,40,704,4,6,1,73,0,0,1,0,0
4217,30,670,4,3,1,84,0,0,0,1,0
4218,37,612,14,12,1,87,0,1,0,1,1
4219,27,607,2,4,1,55,0,0,0,0,0
4220,25,547,1,3,1,66,1,1,0,0,0
4221,38,678,4,3,0,77,0,1,0,0,0
4222,44,808,4,6,1,57,0,0,0,0,0
4223,22,854,5,5,1,63,0,0,1,0,0
4224,22,792,2,2,0,77,0,1,0,0,0
4225,39,670,2,4,1,91,1,0,1,1,0
4226,38,642,3,6,1,80,1,0,0,0,0
4227,41,650,12,11,1,74,0,0,1,0,0
4228,26,735,2,2,1,58,0,0,0,0,0
4229,39,513,13,14,1,74,1,0,0,0,0
4230,29,695,2,4,1,73,0,0,0,0,0
4231,29,659,7,12,1,82,0,0,0,1,0
4232,41,938,14,11,1,64,0,0,0,0,0
4233,40,729,4,4,1,72,0,0,1,0,0
4234,45,670,13,13,0,73,0,0,0,0,0
4235,44,840,4,5,1,80,1,0,0,0,0
4236,42,484,4,3,1,82,0,0,0,0,0
4237,44,594,11,13,1,72,1,0,1,0,0
4238,38,666,14,14,1,74,1,0,0,0,0
4239,32,585,4,2,1,72,1,1,0,0,0
4240,23,631,3,3,1,65,0,0,0,0,0
4241,35,711,12,14,1,71,1,0,0,0,0
4242,23,618,1,4,1,91,1,0,0,1,0
4243,36,623,13,15,0,72,0,0,0,0,0
4244,34,769,12,12,1,70,0,0,0,0,0
4245,27,562,1,4,1,73,0,1,0,0,0
4246,24,699,3,4,1,67,0,0,0,0,0
4247,45,529,3,2,1,73,1,0,0,0,0
4248,40,849,13,12,0,73,0,0,0,0,0
4249,37,705,4,4,1,79,0,0,0,0,0
4250,23,613,1,6,1,86,0,0,0,0,0
4251,28,719,6,12,1,82,0,0,1,0,0
4252,22,704,5,2,1,69,0,0,0,0,0
4253,29,819,3,4,1,68,0,0,1,0,0
4254,24,950,3,4,1,70,0,0,0,0,0
4255,29,815,8,9,1,71,0,0,1,0,0
4256,42,742,4,4,1,83,1,0,0,1,0
4257,24,678,2,6,1,62,0,0,0,0,0
4258,41,604,2,2,1,76,1,0,0,0,0
4259,44,706,12,14,1,59,0,0,0,0,0
4260,37,585,3,5,1,88,1,0,0,1,0
4261,37,817,14,11,0,79,0,0,0,0,0
4262,26,799,10,14,1,64,0,0,0,0,0
4263,31,692,2,2,1,85,1,0,0,1,0
4264,41,595,2,5,1,60,0,0,1,0,0
4265,27,526,1,2,1,84,0,1,0,0,0
4266,24,676,2,2,1,88,0,0,0,0,0
4267,44,736,3,2,1,96,1,0,0,1,0
4268,34,608,14,13,1,61,1,0,0,0,0
4269,32,793,11,13,0,90,0,0,0,0,1
4270,26,751,3,3,0,76,0,0,0,0,0
4271,25,718,10,12,1,83,1,0,1,0,1
4272,34,521,2,3,1,83,1,0,1,1,0
4273,44,581,11,14,1,62,0,0,1,0,0
4274,30,619,12,10,1,89,0,0,0,0,0
4275,34,606,14,13,1,76,0,1,0,0,0
4276,39,596,13,10,1,76,1,0,0,0,0
4277,33,697,4,3,1,76,1,0,0,0,0
4278,28,737,3,3,1,95,0,0,0,0,0
4279,38,681,11,15,1,62,0,0,0,0,0
4280,32,547,2,5,0,78,1,1,0,0,0
4281,40,660,11,11,1,67,0,0,0,0,0
4282,29,770,9,8,0,72,0,1,1,0,0
4283,43,641,4,3,1,78,1,0,0,0,0
4284,23,673,2,4,1,84,0,1,0,1,0
4285,23,644,2,5,1,66,0,0,0,0,0
4286,45,754,12,14,1,79,1,1,0,0,1
4287,39,561,3,2,0,77,1,0,1,0,0
4288,43,595,12,14,1,79,0,0,0,0,0
4289,30,682,13,12,1,60,1,0,1,0,0
4290,42,700,12,15,0,49,1,1,0,0,0
4291,32,736,4,3,1,76,0,1,0,0,0
4292,36,648,4,3,1,52,0,0,1,0,0
4293,24,539,1,6,1,69,0,0,0,0,0
4294,27,708,6,8,1,67,1,0,0,0,0
4295,22,827,2,5,1,76,0,0,0,0,0
4296,39,596,3,4,1,80,0,1,0,0,0
4297,32,710,2,2,1,75,0,0,0,0,0
4298,25,810,2,4,1,66,0,0,1,0,0
4299,34,521,11,10,1,88,1,0,0,0,0
4300,26,632,2,6,1,71,0,0,1,0,0
4301,41,868,3,2,1,68,0,0,0,0,0
4302,22,838,3,6,1,71,0,0,1,0,0
4303,30,600,4,5,0,77,1,1,0,0,0
4304,41,898,3,2,1,64,0,0,0,0,0
4305,31,789,13,15,1,60,0,0,0,0,0
4306,26,724,3,2,1,66,0,0,1,0,0
4307,38,800,14,14,1,66,0,0,1,0,0
4308,24,727,3,2,1,75,0,1,0,0,0
4309,31,662,12,15,1,68,0,0,0,0,0
4310,29,710,1,2,1,73,0,0,1,0,0
4311,44,708,2,6,0,63,0,0,0,0,0
4312,29,598,8,8,0,63,0,0,0,0,0
4313,34,658,2,6,1,67,0,0,0,0,0
4314,25,671,6,11,1,82,1,1,0,1,0
4315,35,798,3,3,1,97,0,0,0,1,0
4316,40,701,11,11,1,83,0,0,0,0,0
4317,35,812,12,11,1,84,0,0,0,0,0
4318,44,737,4,6,1,67,0,1,0,0,0
4319,27,591,10,11,0,55,0,0,0,0,0
4320,43,783,13,11,1,72,0,0,0,0,0
4321,38,745,4,5,1,75,0,0,0,0,0
4322,25,779,7,8,1,69,0,0,1,0,0
4323,37,647,14,11,1,85,0,0,0,1,1
4324,31,646,2,6,1,77,0,1,0,0,0
4325,44,559,11,12,1,86,0,0,1,0,1
4326,29,697,1,3,1,64,0,0,0,0,0
4327,39,630,2,2,1,85,0,0,1,0,0
4328,44,769,13,14,1,71,0,0,1,0,0
4329,33,921,11,12,1,67,0,0,0,0,0
4330,44,747,2,4,1,70,0,0,0,0,0
4331,35,771,4,3,0,69,0,0,0,0,0
4332,29,864,9,9,0,75,0,0,0,0,0
4333,37,735,3,6,1,71,0,0,0,0,0
4334,30,614,13,14,1,67,0,0,0,0,0
4335,39,742,2,2,1,80,0,0,0,0,0
4336,40,772,2,4,1,80,1,0,0,0,0
4337,39,800,4,2,1,83,0,0,0,0,0
4338,33,752,13,13,1,100,0,0,0,0,1
4339,26,666,3,5,1,90,0,0,0,0,0
4340,32,702,12,11,1,72,0,0,1,0,0
4341,34,448,11,11,1,74,0,0,0,0,0
4342,32,854,3,4,1,51,1,1,0,0,0
4343,41,633,2,2,1,66,0,0,1,0,0
4344,22,709,1,4,0,81,0,0,0,1,0
4345,32,696,2,6,1,67,0,1,1,0,0
4346,43,546,12,11,0,69,0,0,1,0,0
4347,23,801,1,6,1,77,0,0,0,0,0
4348,42,507,13,11,1,53,0,0,0,0,0
4349,23,597,2,4,1,79,0,1,0,0,0
4350,31,704,12,13,0,70,0,0,0,0,0
4351,22,593,2,2,1,66,0,0,0,0,0
4352,38,796,11,15,1,68,0,0,0,0,0
4353,24,605,5,2,1,80,0,0,0,0,0
4354,26,676,7,11,1,85,1,0,1,0,0
4355,31,950,13,14,1,96,0,1,0,1,1
4356,27,779,1,4,1,81,0,1,0,0,0
4357,45,603,14,11,1,70,0,0,0,0,0
4358,45,804,3,2,1,67,1,0,0,0,0
4359,45,818,4,2,1,77,0,0,0,0,0
4360,26,826,1,6,1,65,1,0,1,0,0
4361,35,716,11,15,1,65,0,0,0,0,0
4362,45,729,2,5,1,85,0,0,0,1,0
4363,32,544,4,2,1,60,0,0,0,0,0
4364,24,696,4,5,1,64,0,0,0,0,0
4365,33,779,4,2,0,77,0,1,0,0,0
4366,27,637,1,6,1,68,1,0,0,0,0
4367,33,637,4,6,1,80,1,0,0,0,0
4368,39,921,3,2,1,71,0,0,0,0,0
4369,30,756,3,4,1,78,0,1,0,0,0
4370,37,769,14,12,0,70,1,0,0,0,0
4371,28,645,9,11,1,83,0,1,0,1,0
4372,31,755,13,10,1,65,0,0,0,0,0
4373,27,698,10,10,1,74,0,0,0,0,0
4374,38,752,3,3,0,89,0,0,0,0,0
4375,24,747,3,5,1,95,0,0,1,1,0
4376,43,654,2,4,1,76,0,0,0,0,0
4377,33,710,2,4,0,78,0,0,0,0,0
4378,38,881,11,11,1,66,1,0,0,0,0
4379,26,722,7,7,1,59,0,0,1,0,0
4380,27,599,1,5,0,68,0,0,0,0,0
4381,43,569,11,14,0,88,0,1,0,0,1
4382,43,587,14,11,1,91,0,0,0,1,0
4383,33,701,11,12,1,66,0,0,0,0,0
4384,36,631,13,15,1,66,0,0,0,0,0
4385,35,924,13,11,1,74,0,1,1,0,0
4386,44,599,3,2,0,70,0,0,0,0,0
4387,37,675,14,10,0,75,0,1,0,0,0
4388,40,621,14,10,1,70,1,0,0,0,0
4389,39,904,3,2,1,79,0,0,0,0,0
4390,27,763,8,10,1,68,0,0,0,0,0
4391,42,659,12,13,1,76,0,1,0,0,0
4392,22,679,2,2,1,77,0,0,1,0,0
4393,22,557,1,3,0,79,0,0,0,0,0
4394,35,547,13,14,1,87,1,0,0,1,1
4395,26,807,1,3,0,62,0,0,0,0,0
4396,24,695,1,5,1,86,0,0,0,0,0
4397,41,711,14,12,1,75,0,0,0,0,0
4398,41,885,3,3,1,76,0,0,1,0,0
4399,37,606,12,14,1,81,1,0,0,1,1
4400,32,665,3,5,1,84,0,0,0,0,0
4401,38,703,3,3,0,70,0,1,0,0,0
4402,27,609,3,4,1,89,0,0,0,0,0
4403,39,805,13,13,1,66,0,0,0,0,0
4404,37,764,4,5,1,69,0,0,0,0,0
4405,44,744,14,15,1,89,0,1,0,1,1
4406,22,753,3,2,1,71,0,1,0,0,0
4407,42,547,14,11,1,84,0,0,1,1,0
4408,39,615,3,2,1,95,0,0,0,0,0
4409,42,776,4,3,1,85,0,0,1,0,0
4410,34,710,2,4,1,66,0,0,0,0,0
4411,27,723,10,15,1,77,0,1,1,0,1
4412,30,694,4,6,0,79,0,1,0,0,0
4413,41,738,11,13,0,73,0,0,0,0,0
4414,30,691,14,12,1,84,0,0,0,0,0
4415,41,638,4,4,1,75,0,0,0,0,0
4416,36,561,4,4,1,63,0,0,0,0,0
4417,40,716,3,5,1,99,0,0,0,1,0
4418,35,773,3,3,1,66,1,0,0,0,0
4419,36,650,12,13,0,76,0,0,0,0,0
4420,41,640,4,3,1,91,0,0,1,0,0
4421,42,628,11,15,0,68,0,0,0,0,0
4422,26,606,10,14,1,62,0,0,0,0,0
4423,29,702,1,3,1,64,0,0,0,0,0
4424,41,508,12,10,0,62,0,0,1,0,0
4425,36,708,3,2,0,86,0,0,0,1,0
4426,27,661,1,6,1,80,0,0,0,0,0
4427,28,774,9,7,1,78,0,0,0,0,0
4428,41,763,2,4,1,75,0,0,0,0,0
4429,24,639,2,4,1,87,0,0,0,0,0
4430,41,699,12,14,1,64,0,0,0,0,0
4431,34,738,3,3,0,63,1,0,1,0,0
4432,35,827,12,11,1,61,1,0,0,0,0
4433,29,580,1,4,1,61,0,1,0,0,0
4434,37,649,3,6,1,56,0,0,0,0,0
4435,44,719,3,3,1,76,0,0,0,0,0
4436,41,584,2,4,0,67,0,0,0,0,0
4437,33,753,11,14,1,80,1,0,0,0,0
4438,42,717,3,5,1,68,0,1,0,0,0
4439,27,691,8,9,1,57,0,0,0,0,0
4440,29,639,3,5,1,83,0,0,0,1,0
4441,30,866,14,11,1,73,0,0,0,0,0
4442,31,710,13,11,1,81,0,0,0,1,0
4443,36,798,14,10,0,58,0,1,0,0,0
4444,38,796,3,5,1,63,0,0,0,0,0
4445,44,912,3,4,1,80,0,0,0,0,0
4446,22,546,2,5,1,76,0,0,0,0,0
4447,22,739,3,4,1,100,0,1,1,1,0
4448,25,640,7,8,1,66,0,1,0,0,0
4449,34,496,14,13,0,92,0,0,0,0,0
4450,22,778,3,3,1,77,0,1,0,0,0
4451,40,752,12,11,1,54,0,0,0,0,0
4452,39,864,3,4,0,66,0,0,0,0,0
4453,26,726,3,4,0,58,0,0,1,0,0
4454,36,559,13,10,1,100,0,0,0,0,0
4455,43,718,3,2,1,77,1,0,0,0,0
4456,22,701,2,3,1,76,0,0,0,0,0
4457,27,529,3,3,0,68,0,0,0,0,0
4458,38,873,13,15,1,81,0,0,0,1,1
4459,35,771,14,14,0,65,0,0,0,0,0
4460,45,821,4,5,1,76,0,0,0,0,0
4461,41,735,4,6,1,79,0,0,0,0,0
4462,32,502,2,5,1,74,0,1,0,0,0
4463,22,447,1,6,1,74,0,0,0,0,0
4464,30,734,3,4,1,69,1,1,0,0,0
4465,29,520,2,2,1,74,0,1,0,0,0
4466,29,734,7,12,0,77,0,0,0,0,0
4467,44,692,2,4,0,64,0,0,1,0,0
4468,37,733,11,13,1,61,1,0,0,0,0
4469,45,640,14,15,0,54,0,0,0,0,0
4470,38,684,4,5,1,86,0,0,0,1,0
4471,22,675,2,6,1,71,0,1,0,0,0
4472,26,550,1,4,1,58,1,0,0,0,0
4473,39,607,11,14,1,70,0,0,0,0,0
4474,23,644,4,3,1,82,0,1,0,1,0
4475,33,656,3,3,1,82,0,0,0,0,0
4476,31,658,11,11,1,76,0,0,0,0,0
4477,37,751,12,12,1,74,0,0,0,0,0
4478,30,692,2,2,0,61,0,1,0,0,0
4479,29,738,7,12,0,57,0,1,0,0,0
4480,25,597,2,4,1,84,1,0,1,1,0
4481,30,821,4,2,1,68,0,0,0,0,0
4482,43,814,3,2,1,65,0,1,0,0,0
4483,29,819,1,5,1,67,1,0,1,0,0
4484,40,586,2,6,1,76,0,0,1,0,0
4485,24,855,2,5,0,61,0,0,0,0,0
4486,40,824,3,6,1,68,0,0,0,0,0
4487,29,524,8,8,1,78,1,0,0,0,0
4488,26,790,10,11,1,68,0,0,0,0,0
4489,35,723,4,5,1,74,1,0,0,0,0
4490,27,484,6,7,1,81,0,0,1,1,0
4491,23,583,1,3,1,78,0,0,0,0,0
4492,40,643,13,15,0,88,0,0,0,1,1
4493,22,547,2,4,1,70,0,1,0,0,0
4494,35,721,11,14,1,87,0,1,0,0,1
4495,38,612,2,2,1,85,0,0,0,1,0
4496,34,488,4,6,1,83,0,0,0,1,0
4497,45,780,4,3,1,81,1,0,0,1,0
4498,26,528,10,12,1,75,0,0,0,0,0
4499,39,598,4,6,1,66,1,1,0,0,0
4500,22,668,4,3,1,66,1,0,0,0,0
4501,42,493,4,3,0,69,0,0,0,0,0
4502,31,754,3,2,1,90,0,0,0,1,0
4503,38,676,4,6,1,51,0,1,0,0,0
4504,38,678,4,4,1,75,1,0,0,0,0
4505,33,681,14,10,1,76,0,0,1,0,0
4506,32,676,14,10,1,91,0,0,0,0,0
4507,43,653,3,3,1,76,0,0,1,0,0
4508,28,717,2,5,0,82,0,0,0,0,0
4509,43,803,13,14,1,66,0,0,0,0,0
4510,27,910,9,8,1,79,0,0,0,0,0
4511,45,811,13,15,1,70,0,0,0,0,0
4512,45,704,12,11,1,82,0,0,1,0,0
4513,32,837,3,5,1,83,0,1,1,1,0
4514,26,700,3,4,1,58,0,0,0,0,0
4515,27,810,6,7,0,76,0,0,0,0,0
4516,22,651,2,2,1,57,0,0,0,0,0
4517,22,681,1,6,0,90,0,0,0,0,0
4518,44,769,2,5,1,88,0,0,0,0,0
4519,35,726,4,6,1,67,0,0,0,0,0
4520,45,694,4,6,1,79,1,0,0,0,0
4521,40,888,2,6,0,86,0,0,0,0,0
4522,36,878,4,2,1,69,0,0,1,0,0
4523,23,910,2,4,1,75,0,1,0,0,0
4524,38,816,4,5,1,65,0,1,0,0,0
4525,44,748,2,4,1,56,0,0,0,0,0
4526,34,679,3,6,1,75,0,0,0,0,0
4527,37,620,13,12,0,66,1,0,1,0,0
4528,26,784,2,2,1,71,0,0,0,0,0
4529,23,681,2,3,1,78,0,0,1,0,0
4530,33,823,2,5,1,89,0,0,0,1,0
4531,37,626,3,6,1,76,0,0,0,0,0
4532,29,535,10,11,1,76,1,0,0,0,0
4533,34,800,13,10,0,61,0,0,0,0,0
4534,37,667,4,5,1,71,0,0,0,0,0
4535,42,804,12,12,1,79,0,0,0,0,0
4536,29,839,2,3,1,66,0,0,0,0,0
4537,32,688,11,14,0,87,0,0,0,1,1
4538,23,730,1,6,1,84,0,1,0,0,0
4539,42,913,3,2,0,88,0,0,0,1,0
4540,31,721,11,15,1,76,1,0,0,0,0
4541,29,689,3,2,1,88,0,0,0,1,0
4542,34,656,13,13,1,70,0,0,0,0,0
4543,24,570,1,5,1,75,0,1,0,0,0
4544,34,554,14,11,1,84,0,0,0,1,0
4545,26,610,3,6,1,70,0,0,1,0,0
4546,39,794,3,2,1,68,0,0,0,0,0
4547,32,726,2,2,1,68,1,0,0,0,0
4548,40,702,3,4,0,78,0,0,0,0,0
4549,33,747,3,5,1,64,0,1,1,0,0
4550,38,801,12,12,0,84,0,0,0,1,1
4551,44,737,4,2,1,81,0,0,0,0,0
4552,32,560,11,13,1,81,0,0,0,1,0
4553,36,829,3,2,0,75,0,0,1,0,0
4554,26,920,1,5,1,73,1,0,0,0,0
4555,45,553,13,12,1,70,0,0,0,0,0
4556,35,615,13,14,0,90,0,0,0,1,1
4557,26,654,3,6,1,84,1,0,0,0,0
4558,22,613,4,4,1,65,0,0,0,0,0
4559,25,624,9,9,1,66,1,0,1,0,0
4560,30,639,11,14,0,76,1,1,1,0,1
4561,36,468,2,3,1,69,0,0,0,0,0
4562,32,628,2,5,1,80,0,0,0,0,0
4563,31,798,14,13,0,57,0,0,0,0,0
4564,35,604,12,14,1,72,0,0,1,0,0
4565,45,609,14,15,1,66,0,1,0,0,0
4566,24,833,3,6,0,71,0,0,1,0,0
4567,41,777,4,2,1,69,1,0,0,0,0
4568,37,589,3,5,0,63,0,0,0,0,0
4569,26,700,3,6,1,74,0,0,1,0,0
4570,27,657,6,11,0,71,0,0,0,0,0
4571,37,788,13,11,0,89,0,0,0,0,0
4572,27,730,7,9,1,85,0,0,0,0,0
4573,24,647,2,6,1,74,0,1,1,0,0
4574,43,623,14,14,1,60,0,1,0,0,0
4575,35,501,13,15,1,61,0,0,1,0,0
4576,38,606,12,13,1,68,0,0,1,0,0
4577,30,621,13,11,1,78,0,0,0,0,0
4578,41,576,4,5,1,69,0,0,0,0,0
4579,39,479,2,4,0,66,0,0,1,0,0
4580,30,537,2,4,1,84,0,0,0,0,0
4581,43,737,2,2,1,73,0,1,0,0,0
4582,38,728,11,15,1,79,0,0,0,0,0
4583,39,829,12,14,1,65,0,0,0,0,0
4584,45,751,12,13,0,85,0,0,0,0,1
4585,23,657,3,5,0,60,0,1,0,0,0
4586,45,773,13,15,1,94,0,0,0,1,1
4587,32,748,4,6,1,65,0,0,0,0,0
4588,33,760,14,11,1,55,0,1,0,0,0
4589,30,815,3,2,0,69,0,0,1,0,0
4590,23,703,2,3,1,69,0,0,0,0,0
4591,32,744,4,5,1,91,0,0,0,0,0
4592,31,738,14,10,1,61,1,0,0,0,0
4593,25,713,3,3,1,80,0,1,0,0,0
4594,22,461,3,3,1,89,0,1,1,0,0
4595,41,586,3,3,1,78,1,1,0,0,0
4596,31,868,11,15,1,58,0,0,0,0,0
4597,30,594,3,5,0,79,1,0,0,0,0
4598,42,745,13,13,1,74,0,0,0,0,0
4599,42,653,14,14,1,65,0,0,0,0,0
4600,42,573,2,6,1,71,0,0,0,0,0
4601,31,667,3,3,1,70,0,1,1,0,0
4602,41,608,3,3,0,85,0,1,0,1,0
4603,30,842,4,3,1,84,0,0,0,0,0
4604,42,622,4,6,1,91,0,0,0,0,0
4605,45,565,3,5,1,73,0,0,0,0,0
4606,23,772,1,2,1,85,0,0,1,0,0
4607,25,908,6,9,1,87,0,0,1,1,1
4608,37,621,14,15,1,82,0,0,0,1,1
4609,44,497,3,5,0,75,0,0,0,0,0
4610,42,808,3,6,1,78,0,0,0,0,0
4611,41,736,14,15,1,84,0,0,0,1,1
4612,26,763,3,5,0,54,1,0,0,0,0
4613,26,648,3,6,1,66,0,0,0,0,0
4614,33,648,3,3,0,91,0,0,0,0,0
4615,24,887,2,6,0,72,0,0,0,0,0
4616,22,814,5,3,1,87,0,0,0,1,0
4617,22,851,3,2,1,67,0,1,0,0,0
4618,30,618,4,6,1,82,0,1,1,0,0
4619,23,646,1,3,1,67,1,0,0,0,0
4620,43,802,12,15,1,89,1,0,0,1,1
4621,45,791,4,2,1,93,0,0,0,1,0
4622,22,747,2,6,0,62,0,1,0,0,0
4623,45,788,2,6,1,93,0,0,0,0,0
4624,35,825,3,3,1,80,0,0,0,0,0
4625,36,449,3,5,0,74,1,0,0,0,0
4626,31,792,4,4,1,85,0,1,1,0,0
4627,39,643,14,15,1,76,0,0,0,0,0
4628,28,667,3,2,1,69,0,0,0,0,0
4629,39,555,13,10,0,57,0,0,0,0,0
4630,37,729,14,15,1,81,0,0,0,0,0
4631,33,697,13,12,1,76,0,0,0,0,0
4632,25,875,2,5,1,55,0,0,1,0,0
4633,45,820,14,15,1,74,1,0,0,0,1
4634,45,569,3,3,1,100,0,0,0,1,0
4635,40,709,2,6,0,73,0,0,1,0,0
4636,33,675,2,2,1,68,1,0,0,0,0
4637,28,650,10,11,1,82,0,0,1,1,0
4638,39,812,14,13,1,85,0,0,0,0,1
4639,44,569,11,12,1,87,0,0,1,1,1
4640,23,623,2,4,0,94,1,0,0,0,0
4641,24,644,5,2,1,95,0,0,0,0,0
4642,44,784,3,6,1,63,0,0,0,0,0
4643,29,739,7,12,1,79,0,0,0,0,0
4644,36,630,4,6,0,66,0,0,0,0,0
4645,23,746,1,4,1,75,0,0,0,0,0
4646,31,595,4,2,0,73,0,1,0,0,0
4647,33,568,11,14,0,86,0,0,0,1,1
4648,43,642,14,15,1,72,0,0,0,0,0
4649,29,948,6,11,1,62,0,0,0,0,0
4650,44,823,11,13,0,83,0,0,0,0,0
4651,33,897,3,3,1,94,1,1,0,1,0
4652,40,736,2,5,1,81,0,0,0,0,0
4653,39,671,12,12,1,83,0,1,0,1,1
4654,45,694,2,5,1,72,0,0,0,0,0
4655,42,525,3,5,0,72,0,0,0,0,0
4656,22,567,1,3,0,75,0,0,1,0,0
4657,27,692,8,7,1,77,0,0,0,0,0
4658,35,721,12,13,1,63,1,0,0,0,0
4659,33,670,14,12,1,78,1,0,0,0,0
4660,44,775,3,4,1,79,1,1,1,0,0
4661,41,593,2,3,0,100,0,0,1,1,0
4662,42,823,14,15,0,76,0,0,1,0,1
4663,41,680,2,2,1,65,0,1,1,0,0
4664,35,754,14,13,1,63,0,0,0,0,0
4665,27,671,1,3,1,66,0,0,0,0,0
4666,37,765,2,2,1,77,0,0,0,0,0
4667,32,507,12,10,0,87,1,0,0,1,1
4668,25,729,3,5,1,74,0,0,0,0,0
4669,34,739,12,12,1,72,0,0,1,0,0
4670,31,679,2,5,0,69,0,0,0,0,0
4671,41,592,11,15,1,68,0,0,0,0,0
4672,30,545,14,14,0,75,0,0,0,0,0
4673,31,814,14,12,0,85,0,0,1,1,1
4674,42,710,14,14,1,65,0,0,1,0,0
4675,41,721,4,4,1,73,0,0,0,0,0
4676,45,833,3,4,1,77,0,0,0,0,0
4677,30,808,4,4,1,97,0,0,0,0,0
4678,45,591,11,12,0,79,0,0,0,0,0
4679,22,377,3,5,1,78,0,0,0,0,0
4680,23,789,4,4,1,74,0,0,0,0,0
4681,36,698,3,3,0,61,0,0,0,0,0
4682,41,614,13,13,1,74,0,0,0,0,0
4683,36,771,12,11,0,74,0,0,0,0,0
4684,36,778,2,3,1,100,0,1,0,1,0
4685,38,797,4,3,1,79,0,0,0,0,0
4686,40,634,14,10,1,69,0,1,0,0,0
4687,43,603,14,14,1,72,0,0,0,0,0
4688,27,646,10,12,1,82,0,1,1,0,1
4689,25,524,8,12,0,74,0,1,0,0,0
4690,25,797,3,6,0,65,0,0,0,0,0
4691,34,678,13,10,1,77,0,0,0,0,0
4692,24,661,3,6,0,75,1,0,1,0,0
4693,42,681,11,11,1,91,1,0,0,0,0
4694,28,645,1,4,1,83,0,0,0,0,0
4695,28,754,9,9,1,64,0,0,0,0,0
4696,29,832,8,12,1,64,0,1,0,0,0
4697,45,774,11,12,1,82,0,0,0,0,0
4698,23,588,3,2,0,78,0,0,0,0,0
4699,39,637,4,2,0,63,1,1,0,0,0
4700,39,688,2,4,1,82,0,0,0,1,0
4701,33,500,4,3,1,68,0,0,0,0,0
4702,24,640,2,4,1,74,0,1,0,0,0
4703,28,899,10,11,0,82,0,0,0,1,0
4704,37,457,4,4,1,85,0,0,1,1,0
4705,39,742,14,10,1,76,0,0,0,0,0
4706,31,635,4,2,1,66,0,0,0,0,0
4707,31,664,3,5,1,75,0,0,0,0,0
4708,25,863,7,8,0,63,0,0,0,0,0
4709,42,688,12,14,1,84,0,0,0,0,0
4710,43,757,3,2,1,81,0,0,0,0,0
4711,32,817,14,11,0,64,0,0,0,0,0
4712,34,799,4,4,1,80,0,0,0,0,0
4713,23,750,5,3,1,91,0,0,0,0,0
4714,26,618,6,8,1,79,1,0,0,0,0
4715,23,632,3,2,1,73,0,0,0,0,0
4716,45,648,14,12,0,68,0,0,0,0,0
4717,38,614,4,4,1,70,0,1,0,0,0
4718,32,586,14,10,1,76,0,1,0,0,0
4719,34,759,3,6,1,61,0,0,1,0,0
4720,22,712,2,6,1,65,1,0,0,0,0
4721,43,789,4,6,0,83,1,1,0,0,0
4722,36,497,3,3,1,82,0,0,0,0,0
4723,44,557,14,15,1,70,0,0,0,0,0
4724,29,706,10,11,1,81,0,0,1,1,0
4725,42,374,12,14,1,72,0,1,0,0,0
4726,30,657,13,11,0,80,0,0,0,0,0
4727,32,763,4,3,1,60,0,1,0,0,0
4728,45,659,11,12,1,77,0,0,0,0,0
4729,37,658,3,4,1,79,1,0,0,0,0
4730,32,733,3,2,1,73,0,1,0,0,0
4731,41,601,12,10,0,81,0,0,0,1,0
4732,38,809,2,5,1,73,1,1,0,0,0
4733,43,579,11,14,1,79,1,0,0,0,0
4734,44,826,4,3,1,97,0,0,0,1,0
4735,22,662,3,5,1,74,0,0,0,0,0
4736,36,616,4,2,1,87,1,1,0,0,0
4737,43,710,4,3,1,69,0,1,1,0,0
4738,34,705,4,2,0,79,0,0,0,0,0
4739,22,657,1,3,1,69,1,0,1,0,0
4740,31,596,12,12,1,88,0,0,1,1,1
4741,34,590,4,4,1,90,0,1,0,0,0
4742,29,815,3,5,1,79,0,0,0,0,0
4743,37,562,3,5,0,83,0,1,1,0,0
4744,28,621,3,6,0,69,1,0,0,0,0
4745,42,635,3,6,1,74,1,0,1,0,0
4746,42,720,2,6,1,82,0,0,0,1,0
4747,42,735,3,4,0,70,0,0,0,0,0
4748,22,924,2,6,0,88,0,0,0,0,0
4749,26,721,3,6,0,78,0,0,0,0,0
4750,35,719,14,14,1,89,0,0,0,0,1
4751,38,793,14,15,1,79,1,1,0,0,1
4752,29,718,2,5,1,76,1,0,1,0,0
4753,39,635,13,13,1,76,0,0,0,0,0
4754,38,516,2,3,0,81,1,0,0,0,0
4755,34,648,4,5,1,77,1,0,0,0,0
4756,22,707,2,4,1,51,0,0,0,0,0
4757,25,583,8,8,1,76,0,0,0,0,0
4758,26,747,3,6,1,74,0,0,0,0,0
4759,22,535,4,4,1,82,0,0,0,1,0
4760,25,694,1,6,1,68,0,0,0,0,0
4761,34,682,14,10,1,72,0,0,1,0,0
4762,32,761,3,3,1,71,0,0,1,0,0
4763,30,766,12,14,1,88,0,0,0,0,1
4764,43,889,4,6,1,56,0,0,0,0,0
4765,38,860,13,13,0,63,0,0,1,0,0
4766,25,559,2,6,1,74,0,1,0,0,0
4767,24,580,3,3,1,86,0,1,0,0,0
4768,35,882,2,5,1,72,0,0,0,0,0
4769,28,761,1,6,1,87,0,0,0,1,0
4770,27,593,10,10,1,72,1,0,0,0,0
4771,42,569,4,5,1,70,0,0,0,0,0
4772,26,696,1,2,1,76,0,1,0,0,0
4773,29,702,8,12,1,65,0,0,0,0,0
4774,26,755,10,10,1,66,0,0,0,0,0
4775,35,616,12,12,1,73,1,0,0,0,0
4776,40,770,13,15,1,71,0,1,0,0,0
4777,23,788,2,5,0,71,0,0,0,0,0
4778,32,744,13,12,1,84,0,0,1,0,0
4779,41,636,14,12,1,73,1,0,0,0,0
4780,32,676,3,4,1,58,0,1,0,0,0
4781,41,563,4,5,1,76,0,0,0,0,0
4782,30,645,3,6,1,58,1,0,0,0,0
4783,22,753,4,4,1,77,1,0,0,0,0
4784,32,751,13,12,1,75,0,0,0,0,0
4785,33,595,13,13,1,79,0,1,1,0,0
4786,28,653,10,11,1,67,0,0,0,0,0
4787,39,686,12,15,1,65,0,0,0,0,0
4788,31,658,12,12,0,74,0,0,0,0,0
4789,30,651,11,12,1,74,0,0,0,0,0
4790,27,684,7,12,1,61,0,0,0,0,0
4791,42,808,13,13,0,82,0,1,1,0,1
4792,23,683,1,3,1,87,0,0,1,1,0
4793,43,779,14,15,1,72,0,0,0,0,0
4794,43,538,3,5,1,78,0,0,0,0,0
4795,40,840,12,12,1,80,0,0,0,0,0
4796,34,915,12,10,1,89,0,1,1,0,1
4797,33,700,2,5,1,83,0,0,0,0,0
4798,38,672,12,12,1,58,1,0,0,0,0
4799,32,786,2,5,1,88,0,0,0,0,0
4800,44,848,13,10,1,72,1,0,0,0,0
4801,44,828,14,10,1,62,0,0,0,0,0
4802,36,721,12,10,0,65,1,0,1,0,0
4803,25,792,1,4,1,68,1,0,1,0,0
4804,30,774,14,12,1,57,0,0,0,0,0
4805,32,613,3,2,1,80,0,0,0,0,0
4806,35,656,2,4,1,77,0,1,0,0,0
4807,43,644,12,14,1,70,0,0,0,0,0
4808,41,833,13,13,1,68,0,0,0,0,0
4809,44,753,2,2,1,82,0,0,0,0,0
4810,26,874,9,9,1,78,1,0,1,0,0
4811,38,837,3,3,1,62,1,1,0,0,0
4812,32,547,14,14,1,71,0,0,0,0,0
4813,22,690,2,4,1,65,0,1,1,0,0
4814,38,669,11,12,1,86,0,0,0,0,1
4815,33,607,14,13,0,75,1,0,1,0,1
4816,37,836,12,13,1,67,0,0,0,0,0
4817,39,625,11,14,1,71,1,0,0,0,0
4818,31,611,12,14,0,78,0,0,0,0,0
4819,37,805,2,5,1,74,0,0,1,0,0
4820,36,712,3,3,1,80,0,0,1,0,0
4821,42,755,3,6,1,55,1,0,0,0,0
4822,36,765,13,10,0,92,0,0,0,0,0
4823,43,778,3,3,0,77,0,0,0,0,0
4824,24,752,1,3,1,80,0,1,0,0,0
4825,26,713,1,2,1,58,0,0,1,0,0
4826,40,819,3,2,0,90,1,0,0,0,0
4827,23,733,2,4,1,85,0,0,0,0,0
4828,31,691,12,14,1,85,0,0,0,1,1
4829,31,821,11,15,1,61,0,0,0,0,0
4830,35,806,13,13,0,69,0,0,0,0,0
4831,40,525,4,3,1,75,0,1,0,0,0
4832,40,788,2,2,1,72,0,1,1,0,0
4833,45,787,4,4,1,85,1,0,0,0,0
4834,26,822,7,9,1,82,0,0,0,1,0
4835,30,807,12,12,1,69,0,0,1,0,0
4836,39,872,2,5,1,78,1,0,0,0,0
4837,25,780,10,11,1,68,0,0,0,0,0
4838,44,603,4,4,1,60,0,0,0,0,0
4839,43,726,4,3,1,76,1,0,1,0,0
4840,43,719,14,15,1,69,0,1,1,0,0
4841,30,717,4,4,0,70,1,0,0,0,0
4842,35,540,14,13,1,92,0,0,0,0,0
4843,34,750,11,12,1,68,0,0,1,0,0
4844,45,735,2,2,1,80,1,0,0,0,0
4845,43,733,4,3,1,71,1,0,0,0,0
4846,44,731,14,11,1,89,0,0,1,0,0
4847,27,723,10,14,1,66,1,0,0,0,0
4848,31,619,4,2,1,72,1,0,0,0,0
4849,42,768,14,12,1,70,0,0,0,0,0
4850,31,833,13,13,1,73,1,1,0,0,1
4851,29,588,8,10,0,78,1,0,0,0,0
4852,39,514,13,10,1,70,0,1,0,0,0
4853,40,713,3,6,1,69,0,0,0,0,0
4854,43,722,4,5,1,81,0,1,0,1,0
4855,23,612,1,2,1,87,0,0,0,0,0
4856,38,644,11,10,0,68,1,1,0,0,0
4857,34,773,12,10,1,84,0,1,1,1,1
4858,26,750,9,8,1,75,0,0,0,0,0
4859,36,742,11,13,1,65,0,0,0,0,0
4860,41,677,11,12,1,87,0,0,1,0,1
4861,31,761,14,14,1,72,0,1,0,0,0
4862,32,742,3,3,1,62,0,0,0,0,0
4863,36,566,4,3,1,66,0,0,1,0,0
4864,23,666,2,2,1,73,0,0,0,0,0
4865,22,773,4,5,1,89,0,0,0,0,0
4866,34,570,13,12,0,71,0,0,0,0,0
4867,31,628,12,15,1,94,1,0,0,0,1
4868,42,783,11,14,1,93,0,0,1,0,1
4869,26,642,7,11,1,65,0,1,1,0,0
4870,23,820,5,3,1,95,1,0,0,1,1
4871,25,802,7,7,1,72,1,0,0,0,0
4872,33,842,3,5,1,70,1,0,0,0,0
4873,38,632,14,11,1,74,0,0,1,0,0
4874,44,705,11,11,0,54,0,0,1,0,0
4875,37,672,13,12,1,70,0,0,1,0,0
4876,28,870,6,8,1,73,0,0,0,0,0
4877,35,791,12,11,1,87,0,0,0,0,0
4878,31,630,14,10,1,59,0,0,0,0,0
4879,25,706,10,15,1,70,0,1,0,0,0
4880,26,889,2,5,1,61,1,0,0,0,0
4881,23,682,2,3,1,88,1,0,0,1,0
4882,36,626,14,13,1,78,0,0,0,0,0
4883,32,717,2,4,1,87,1,0,1,1,0
4884,45,699,11,13,1,77,0,0,1,0,0
4885,45,765,13,13,1,80,1,0,0,0,0
4886,29,701,1,6,0,73,0,0,1,0,0
4887,33,714,3,3,1,72,0,0,0,0,0
4888,27,742,2,3,1,55,0,0,0,0,0
4889,37,860,12,13,1,83,0,0,0,1,1
4890,35,750,11,13,1,63,1,1,0,0,0
4891,34,604,4,4,1,79,0,0,0,0,0
4892,35,540,4,4,1,72,1,1,0,0,0
4893,42,643,4,6,1,73,0,1,1,0,0
4894,42,604,11,12,1,65,0,1,0,0,0
4895,22,795,2,4,1,70,1,0,0,0,0
4896,42,584,3,4,1,82,1,1,0,0,0
4897,24,830,3,5,1,74,0,0,0,0,0
4898,34,602,14,11,1,85,0,0,0,1,1
4899,31,592,4,5,0,85,0,0,0,0,0
4900,45,606,12,14,1,85,0,0,0,0,1
4901,35,817,14,13,0,92,1,0,0,0,1
4902,45,559,12,12,1,88,0,0,1,1,1
4903,44,584,3,6,1,74,0,0,0,0,0
4904,26,773,1,2,1,67,0,1,1,0,0
4905,30,657,2,4,1,89,0,1,0,1,0
4906,31,598,12,10,1,68,0,0,0,0,0
4907,36,667,12,15,1,74,0,0,1,0,0
4908,25,711,10,14,0,70,0,0,0,0,0
4909,44,664,3,2,1,77,0,0,0,0,0
4910,35,738,14,13,1,79,0,0,0,0,0
4911,33,646,13,11,0,72,0,0,0,0,0
4912,24,678,2,4,1,76,0,0,0,0,0
4913,29,822,1,2,1,56,0,0,0,0,0
4914,29,604,1,5,0,78,0,0,0,0,0
4915,39,512,14,12,1,66,0,0,0,0,0
4916,24,616,1,4,0,59,0,0,0,0,0
4917,29,824,10,11,1,82,1,0,0,1,1
4918,23,655,3,2,1,76,0,0,1,0,0
4919,26,718,10,14,1,67,0,0,0,0,0
4920,41,591,4,6,1,50,0,0,0,0,0
4921,38,645,2,3,1,84,0,0,0,0,0
4922,37,641,11,13,0,76,0,1,0,0,0
4923,33,806,4,6,1,93,0,0,0,1,0
4924,27,702,7,11,1,77,0,0,0,0,0
4925,36,714,13,11,1,59,0,0,0,0,0
4926,41,854,14,13,1,66,0,0,0,0,0
4927,39,709,14,15,0,74,0,1,0,0,0
4928,29,687,3,3,1,75,0,0,0,0,0
4929,43,841,2,5,1,81,1,0,1,1,0
4930,37,665,3,4,1,59,0,1,0,0,0
4931,27,569,1,3,1,95,0,0,0,1,0
4932,24,850,5,4,1,75,0,0,1,0,0
4933,29,818,2,2,1,80,0,0,0,0,0
4934,37,579,14,15,0,92,0,0,1,0,1
4935,44,873,14,13,1,84,1,0,0,1,1
4936,25,837,1,4,1,53,0,0,0,0,0
4937,39,661,2,4,1,74,0,0,0,0,0
4938,26,811,9,10,1,63,0,0,0,0,0
4939,43,674,3,3,1,71,0,0,0,0,0
4940,35,600,3,5,1,67,1,0,0,0,0
4941,40,634,2,6,1,75,0,0,0,0,0
4942,32,829,4,5,1,78,0,0,1,0,0
4943,36,690,4,3,1,69,0,0,0,0,0
4944,32,856,13,12,0,66,0,0,1,0,0
4945,31,706,4,4,0,78,0,0,0,0,0
4946,44,775,13,12,1,90,0,1,0,1,1
4947,36,689,14,10,1,77,1,0,0,0,0
4948,43,590,14,13,1,69,0,0,0,0,0
4949,40,755,11,15,1,78,0,0,0,0,0
4950,26,735,2,2,0,97,1,1,0,0,0
4951,38,830,11,15,0,81,0,1,1,0,1
4952,41,700,14,12,1,63,1,0,1,0,0
4953,44,710,4,6,1,91,0,0,1,1,0
4954,26,684,10,11,1,73,0,0,0,0,0
4955,43,638,2,2,1,59,1,1,0,0,0
4956,43,675,11,11,1,70,0,0,0,0,0
4957,25,697,10,12,1,58,0,0,1,0,0
4958,45,603,3,4,0,80,0,0,0,0,0
4959,31,707,11,13,1,96,0,0,0,1,1
4960,35,876,13,10,1,61,0,0,0,0,0
4961,38,581,4,6,1,65,0,0,1,0,0
4962,28,726,3,5,1,75,0,0,0,0,0
4963,26,792,3,4,1,83,0,0,0,0,0
4964,26,561,10,14,1,78,0,0,0,0,0
4965,31,576,4,5,0,72,0,0,1,0,0
4966,26,772,7,11,1,79,0,0,0,0,0
4967,28,885,2,6,1,71,0,0,0,0,0
4968,25,698,2,6,1,63,0,0,0,0,0
4969,26,536,3,3,1,69,0,0,0,0,0
4970,32,685,2,2,0,73,0,0,0,0,0
4971,23,585,5,6,1,59,0,0,1,0,0
4972,41,802,12,10,1,79,0,0,0,0,0
4973,32,783,3,3,1,84,0,0,1,0,0
4974,22,658,2,4,1,80,0,0,0,0,0
4975,40,805,2,6,1,83,0,0,0,0,0
4976,22,488,1,2,1,78,0,0,0,0,0
4977,35,796,2,2,1,89,0,0,0,0,0
4978,44,621,13,15,1,79,0,0,0,0,0
4979,45,571,14,12,1,89,0,0,0,0,0
4980,27,686,1,6,0,98,0,0,0,0,0
4981,33,778,13,15,1,69,0,0,1,0,0
4982,22,710,3,4,0,100,0,0,0,0,0
4983,32,617,12,11,1,70,0,0,0,0,0
4984,45,878,11,10,1,71,0,0,0,0,0
4985,32,754,13,15,1,80,0,1,0,0,0
4986,39,699,12,11,1,83,0,0,0,1,0
4987,24,733,2,5,1,81,1,0,0,1,0
4988,28,636,8,8,1,64,0,1,0,0,0
4989,27,763,1,2,0,81,0,0,0,0,0
4990,29,628,2,2,1,70,0,0,0,0,0
4991,30,559,3,6,0,80,0,0,0,0,0
4992,40,820,4,3,0,85,1,0,0,1,0
4993,32,534,2,6,1,64,1,0,0,0,0
4994,41,824,14,10,1,57,0,0,0,0,0
4995,31,616,3,3,1,73,0,0,0,0,0
4996,34,784,2,3,0,54,0,0,1,0,0
4997,30,698,11,10,1,74,0,0,0,0,0
4998,38,539,13,10,1,77,0,0,0,0,0
4999,39,663,2,6,1,77,1,0,0,0,0
5000,45,566,13,15,1,72,0,0,0,0,0
5001,22,652,2,2,1,85,0,0,0,0,0
5002,30,583,13,15,1,89,0,1,0,0,1
5003,23,767,5,6,1,89,0,0,0,0,0
5004,36,793,13,15,1,81,1,0,0,1,1
5005,28,554,9,12,0,62,0,0,0,0,0
5006,32,798,12,10,1,84,0,0,0,0,0
5007,27,637,2,6,1,71,1,0,0,0,0
5008,40,776,11,11,1,76,0,0,0,0,0
5009,44,876,12,10,1,86,0,0,0,1,1
5010,40,773,2,5,1,74,0,0,0,0,0
5011,36,657,12,12,1,70,1,0,0,0,0
5012,37,609,13,12,1,89,0,1,1,0,1
5013,32,766,14,10,1,70,0,1,0,0,0
5014,27,821,6,9,1,61,1,0,1,0,0
5015,38,629,11,11,1,72,0,1,0,0,0
5016,32,794,3,3,1,71,0,0,1,0,0
5017,30,751,2,2,1,74,0,0,0,0,0
5018,39,568,2,4,1,86,0,0,0,1,0
5019,31,915,13,14,1,68,1,0,1,0,1
5020,35,702,4,3,0,85,0,0,0,1,0
5021,44,831,13,11,1,91,0,0,0,0,0
5022,27,835,3,3,1,94,0,0,0,1,0
5023,30,752,12,14,1,67,0,0,1,0,0
5024,43,708,3,5,1,78,1,0,0,0,0
5025,37,560,3,5,1,92,0,1,0,1,0
5026,36,750,13,14,0,79,0,0,0,0,0
5027,37,692,11,10,1,74,0,1,0,0,0
5028,38,528,4,3,0,68,1,0,0,0,0
5029,33,602,13,10,1,65,1,0,0,0,0
5030,33,710,3,3,1,70,0,0,0,0,0
5031,24,805,2,5,1,73,0,1,0,0,0
5032,38,688,12,12,0,83,0,0,0,0,0
5033,32,774,12,12,1,90,0,0,0,0,1
5034,38,849,2,5,0,54,0,1,0,0,0
5035,37,671,3,3,1,75,0,0,0,0,0
5036,33,747,12,15,1,71,0,0,1,0,0
5037,35,811,11,15,1,67,0,0,0,0,0
5038,24,613,2,6,1,65,0,0,0,0,0
5039,41,634,3,5,1,70,0,0,0,0,0
5040,29,435,3,6,1,56,0,0,0,0,0
5041,23,631,3,5,1,77,0,0,0,0,0
5042,42,638,2,3,1,78,0,0,0,0,0
5043,28,724,8,12,0,92,0,1,1,0,1
5044,40,824,2,2,1,72,0,0,0,0,0
5045,30,757,3,2,1,99,1,0,0,0,0
5046,39,708,2,4,1,82,0,0,1,1,0
5047,39,882,13,10,1,67,0,0,0,0,0
5048,23,688,2,6,1,65,0,0,0,0,0
5049,29,743,1,2,1,68,0,1,0,0,0
5050,27,588,2,2,1,74,0,0,0,0,0
5051,34,883,14,15,1,89,0,0,0,1,1
5052,44,681,2,3,1,73,0,0,0,0,0
5053,26,587,1,6,0,82,0,0,0,0,0
5054,32,793,2,5,1,74,0,0,0,0,0
5055,31,769,13,15,1,86,0,0,0,1,1
5056,37,628,13,12,0,71,0,0,0,0,0
5057,39,777,14,14,1,79,0,0,1,0,0
5058,24,844,5,6,1,68,0,0,0,0,0
5059,44,692,2,5,1,87,1,0,1,0,0
5060,31,574,4,5,1,86,0,1,0,0,0
5061,34,829,12,12,1,60,0,1,0,0,0
5062,33,675,2,5,0,69,0,0,1,0,0
5063,30,740,13,13,1,56,1,0,0,0,0
5064,33,645,12,15,1,75,0,0,1,0,0
5065,23,757,4,3,1,75,0,1,0,0,0
5066,39,631,13,11,1,67,1,0,1,0,0
5067,38,637,14,15,1,71,0,1,0,0,0
5068,39,641,3,5,1,96,0,0,0,1,0
5069,42,669,2,5,1,71,0,0,0,0,0
5070,34,718,13,13,1,68,0,0,1,0,0
5071,30,894,2,6,1,69,0,1,1,0,0
5072,42,756,2,2,1,84,0,0,0,0,0
5073,25,656,6,12,1,48,0,0,0,0,0
5074,33,590,12,12,1,63,0,0,1,0,0
5075,25,763,3,3,1,87,0,1,0,0,0
5076,36,757,12,13,1,78,0,0,0,0,0
5077,38,726,12,10,1,88,0,0,0,1,1
5078,24,610,4,2,1,62,0,1,0,0,0
5079,27,839,10,11,0,73,1,0,0,0,0
5080,32,733,11,13,1,77,1,1,0,0,1
5081,35,741,11,12,0,78,0,0,1,0,0
5082,24,671,2,2,1,70,0,0,1,0,0
5083,45,642,2,5,1,65,0,0,0,0,0
5084,29,603,10,13,1,77,1,1,0,0,1
5085,33,542,3,2,1,66,1,0,1,0,0
5086,27,810,6,8,0,68,0,0,0,0,0
5087,36,828,13,13,1,84,1,0,0,1,1
5088,36,764,3,6,1,87,0,0,1,0,0
5089,30,641,4,5,1,56,1,0,1,0,0
5090,39,694,12,14,1,55,0,0,0,0,0
5091,45,677,3,3,1,76,0,0,1,0,0
5092,25,818,6,11,1,85,0,1,0,1,1
5093,22,739,5,2,1,72,0,0,1,0,0
5094,44,670,13,15,1,65,1,0,1,0,0
5095,25,592,1,3,1,69,0,0,1,0,0
5096,40,571,4,4,0,75,0,0,0,0,0
5097,26,809,8,10,1,85,0,0,0,1,0
5098,43,784,2,6,1,78,0,0,0,0,0
5099,28,566,2,6,1,78,0,0,0,0,0
5100,34,804,12,13,1,75,0,0,0,0,0
5101,35,660,13,15,1,78,0,1,0,0,0
5102,31,605,3,3,0,69,0,0,0,0,0
5103,36,853,4,5,1,81,0,0,0,0,0
5104,37,881,4,5,1,72,0,0,0,0,0
5105,31,569,13,13,1,88,0,0,0,0,0
5106,36,854,12,11,1,84,0,0,0,1,0
5107,40,672,11,11,1,77,0,0,0,0,0
5108,38,754,4,3,1,79,1,0,0,0,0
5109,45,701,12,15,1,80,0,1,0,0,0
5110,28,770,3,4,0,74,0,1,1,0,0
5111,33,763,12,12,1,74,0,1,0,0,0
5112,37,809,3,5,1,46,1,1,0,0,0
5113,27,508,9,11,0,71,0,0,0,0,0
5114,24,798,1,2,1,67,1,0,0,0,0
5115,27,636,2,5,1,67,0,0,1,0,0
5116,30,759,11,11,1,69,0,1,0,0,0
5117,41,564,11,14,0,89,1,0,0,0,1
5118,37,592,13,13,1,83,0,0,0,0,0
5119,38,781,3,6,1,73,1,0,1,0,0
5120,28,711,6,9,1,89,1,0,0,0,0
5121,26,531,10,14,1,61,0,1,1,0,0
5122,24,644,2,5,1,90,0,0,0,0,0
5123,40,662,12,14,1,71,0,0,0,0,0
5124,22,896,1,4,1,65,0,1,1,0,0
5125,45,838,13,10,1,71,0,0,0,0,0
5126,36,695,14,13,1,94,0,0,1,0,1
5127,45,859,14,13,1,87,0,0,0,1,1
5128,22,688,4,5,0,72,1,1,0,0,0
5129,27,530,1,6,1,76,1,0,0,0,0
5130,31,742,2,2,1,100,0,0,0,1,0
5131,42,632,14,12,0,73,0,0,0,0,0
5132,28,609,10,15,1,95,0,0,0,0,1
5133,40,670,12,10,1,97,0,0,0,1,1
5134,40,872,12,12,1,83,0,0,0,1,1
5135,41,673,14,12,0,65,0,1,0,0,0
5136,23,455,3,3,1,94,1,0,1,0,0
5137,40,831,4,6,1,71,0,1,1,0,0
5138,36,803,2,6,1,69,0,0,0,0,0
5139,44,844,13,13,1,77,1,0,0,0,1
5140,38,656,11,10,1,84,0,0,0,1,0
5141,38,678,2,4,1,92,0,1,0,1,0
5142,27,744,3,4,1,90,0,1,0,0,0
5143,45,861,13,13,0,85,0,0,0,1,1
5144,22,703,3,5,1,74,0,0,0,0,0
5145,31,733,4,6,1,67,0,1,0,0,0
5146,33,603,14,14,1,74,0,0,0,0,0
5147,22,576,3,4,0,70,0,0,0,0,0
5148,25,687,10,15,1,71,0,1,0,0,0
5149,33,631,3,6,1,76,1,0,0,0,0
5150,43,562,12,11,0,73,0,0,0,0,0
5151,33,612,2,6,1,65,0,1,1,0,0
5152,28,553,3,5,1,66,0,0,1,0,0
5153,40,737,4,3,1,78,0,0,0,0,0
5154,28,563,2,2,0,72,0,0,0,0,0
5155,38,402,13,12,0,67,0,0,0,0,0
5156,27,856,7,12,1,69,0,0,1,0,0
5157,29,563,7,9,0,87,0,0,1,0,0
5158,22,475,3,3,1,61,0,1,1,0,0
5159,36,727,3,3,1,82,0,0,0,0,0
5160,43,594,11,10,0,81,0,1,0,0,0
5161,28,394,8,9,1,80,1,0,0,0,0
5162,32,628,12,12,1,71,0,0,0,0,0
5163,37,771,4,5,1,67,1,0,0,0,0
5164,22,587,2,3,1,71,0,0,0,0,0
5165,25,737,7,12,1,71,0,1,0,0,0
5166,25,543,6,7,0,70,0,0,0,0,0
5167,26,642,8,11,1,91,1,0,1,0,0
5168,40,783,3,4,1,91,0,0,0,0,0
5169,39,763,4,2,1,75,0,0,1,0,0
5170,33,806,14,14,1,71,0,1,1,0,1
5171,42,813,4,6,1,86,0,0,0,0,0
5172,29,701,2,3,0,73,0,0,0,0,0
5173,22,533,3,3,1,70,0,0,0,0,0
5174,30,538,13,10,1,75,0,0,0,0,0
5175,34,826,4,5,1,89,0,0,0,1,0
5176,44,745,11,10,0,82,0,0,0,0,0
5177,39,604,12,15,0,65,0,1,0,0,0
5178,36,697,4,4,1,57,0,0,0,0,0
5179,45,768,12,13,1,67,1,0,0,0,0
5180,31,715,11,10,1,75,1,0,1,0,0
5181,42,765,2,5,0,71,0,0,0,0,0
5182,30,758,2,3,0,78,0,1,0,0,0
5183,37,651,11,15,1,51,1,0,1,0,0
5184,32,747,11,14,1,65,1,0,0,0,0
5185,43,707,3,3,1,84,0,0,0,1,0
5186,28,609,1,3,1,70,0,0,0,0,0
5187,36,580,3,4,1,67,0,0,0,0,0
5188,42,635,4,5,1,78,0,0,0,0,0
5189,38,715,14,11,1,80,0,1,0,0,0
5190,24,595,3,6,1,71,0,0,0,0,0
5191,42,673,3,5,0,76,0,0,0,0,0
5192,36,732,13,12,1,67,0,1,0,0,0
5193,34,771,13,15,1,70,0,0,0,0,0
5194,24,845,1,4,1,69,0,0,1,0,0
5195,39,697,14,14,0,69,0,1,0,0,0
5196,32,681,13,14,1,66,0,0,0,0,0
5197,23,898,3,3,1,85,1,0,1,1,0
5198,26,673,10,11,1,75,0,1,0,0,0
5199,38,825,13,15,1,71,1,0,0,0,1
5200,30,823,3,3,1,78,0,1,0,0,0
5201,37,639,4,3,1,84,0,1,0,0,0
5202,40,890,3,2,1,61,0,0,0,0,0
5203,45,571,4,2,1,67,0,0,0,0,0
5204,23,742,5,2,1,57,0,0,1,0,0
5205,32,728,2,3,1,88,1,0,0,1,0
5206,35,797,3,2,0,79,0,0,0,0,0
5207,29,518,6,7,1,80,0,0,0,0,0
5208,36,671,12,12,1,61,0,0,0,0,0
5209,28,624,3,3,1,67,0,0,0,0,0
5210,40,725,11,13,0,76,0,0,0,0,0
5211,40,642,4,3,1,58,1,0,0,0,0
5212,41,746,11,13,1,77,0,1,1,0,1
5213,35,772,11,13,1,77,0,0,0,0,0
5214,40,689,12,13,1,75,0,0,0,0,0
5215,38,778,13,12,0,67,0,0,1,0,0
5216,38,696,13,11,1,74,0,0,0,0,0
5217,22,861,3,2,0,79,0,1,1,0,0
5218,34,672,2,6,1,71,0,0,0,0,0
5219,41,805,11,12,1,71,0,0,0,0,0
5220,39,585,11,10,1,58,1,0,0,0,0
5221,32,481,14,14,1,80,0,0,0,0,0
5222,44,655,12,11,1,79,1,0,0,0,0
5223,28,712,8,8,1,53,0,0,0,0,0
5224,44,629,11,12,1,83,0,0,0,1,1
5225,23,736,4,6,1,71,0,0,1,0,0
5226,45,695,4,2,1,80,0,1,0,0,0
5227,34,652,12,15,1,75,1,1,0,0,1
5228,25,852,1,6,1,86,0,0,0,0,0
5229,26,818,10,14,1,80,0,0,0,0,0
5230,33,757,12,11,0,58,0,1,1,0,0
5231,25,680,7,10,1,83,1,0,0,1,0
5232,25,677,1,4,0,68,0,0,0,0,0
5233,26,739,1,2,1,74,0,0,0,0,0
5234,28,503,8,8,1,67,0,0,0,0,0
5235,42,824,14,12,1,75,0,0,0,0,0
5236,39,707,12,11,1,77,1,1,0,0,0
5237,23,800,5,6,0,70,0,0,0,0,0
5238,28,730,2,5,1,75,1,0,0,0,0
5239,41,845,2,5,1,81,0,1,1,0,0
5240,36,619,3,2,0,76,0,0,0,0,0
5241,31,950,13,15,1,56,1,0,0,0,0
5242,37,801,4,6,1,86,0,0,0,0,0
5243,33,770,14,15,1,73,0,1,0,0,0
5244,24,604,2,6,1,63,0,0,0,0,0
5245,22,812,1,5,1,87,1,0,0,0,0
5246,25,593,3,5,0,87,0,0,0,0,0
5247,26,812,6,11,0,82,0,0,0,0,0
5248,22,749,3,6,1,66,0,0,0,0,0
5249,43,795,12,12,1,76,1,0,0,0,0
5250,39,575,4,3,1,79,0,0,0,0,0
5251,35,686,2,4,1,68,1,1,0,0,0
5252,27,834,6,11,0,69,1,0,0,0,0
5253,37,832,12,11,1,90,0,1,0,0,1
5254,35,631,14,13,1,87,1,0,0,1,1
5255,41,751,3,6,1,81,0,0,0,0,0
5256,42,806,2,3,0,80,0,1,0,0,0
5257,27,686,1,4,1,69,0,0,0,0,0
5258,37,670,13,13,1,78,0,0,0,0,0
5259,35,738,3,2,1,72,1,0,1,0,0
5260,27,765,10,14,1,70,0,0,1,0,0
5261,34,458,2,6,1,78,0,0,1,0,0
5262,34,574,2,2,0,70,0,1,0,0,0
5263,44,697,4,3,1,79,0,0,1,0,0
5264,42,538,2,4,1,70,0,0,0,0,0
5265,35,625,12,13,0,70,0,1,0,0,0
5266,35,689,2,2,0,75,0,1,0,0,0
5267,38,650,11,15,1,79,0,0,0,0,0
5268,44,690,12,15,1,69,0,0,0,0,0
5269,22,743,3,4,0,75,1,0,0,0,0
5270,31,794,12,12,0,83,1,0,1,0,1
5271,40,804,14,11,1,70,0,0,0,0,0
5272,32,675,3,6,1,78,0,0,0,0,0
5273,40,763,3,2,1,78,0,0,0,0,0
5274,31,832,3,2,1,66,1,0,0,0,0
5275,43,614,2,6,0,85,0,0,1,1,0
5276,24,691,3,3,1,66,0,1,0,0,0
5277,24,644,5,3,0,44,0,1,0,0,0
5278,27,746,7,7,1,52,0,0,0,0,0
5279,30,950,12,11,0,68,0,1,0,0,0
5280,33,792,13,12,0,71,0,0,1,0,0
5281,37,476,14,10,1,74,0,0,0,0,0
5282,42,551,11,11,1,91,0,0,0,1,0
5283,24,617,5,4,1,86,0,0,0,1,0
5284,40,692,3,3,1,73,0,1,0,0,0
5285,28,856,1,5,1,74,0,0,0,0,0
5286,34,844,11,11,1,75,0,1,0,0,0
5287,44,856,2,5,0,75,1,0,0,0,0
5288,35,745,13,13,1,77,0,0,0,0,0
5289,44,599,3,4,1,73,0,0,0,0,0
5290,34,760,2,5,1,71,0,1,1,0,0
5291,33,519,4,4,0,66,0,0,0,0,0
5292,37,760,11,14,1,79,0,0,0,0,0
5293,25,708,3,2,1,59,0,0,1,0,0
5294,30,526,4,5,1,81,0,0,0,1,0
5295,45,712,13,13,1,77,0,0,0,0,0
5296,39,809,4,4,1,76,0,1,0,0,0
5297,32,566,3,6,1,67,0,1,0,0,0
5298,27,738,3,5,0,100,0,0,0,0,0
5299,29,853,3,2,1,80,1,0,0,0,0
5300,28,682,9,7,0,86,0,0,0,1,0
5301,22,736,1,6,1,81,0,0,1,0,0
5302,23,721,3,2,1,91,0,0,0,1,0
5303,25,685,8,7,1,76,1,0,0,0,0
5304,25,646,3,4,1,78,0,0,0,0,0
5305,25,819,9,12,1,83,0,0,1,0,0
5306,32,715,12,10,0,76,0,1,0,0,0
5307,39,873,4,3,1,88,0,0,1,1,0
5308,23,633,2,4,1,82,0,0,0,1,0
5309,34,711,4,5,1,63,1,0,0,0,0
5310,31,791,4,2,1,74,1,0,0,0,0
5311,37,657,4,5,1,85,0,1,0,1,0
5312,33,807,2,5,1,75,0,0,0,0,0
5313,41,620,3,3,1,57,0,0,0,0,0
5314,28,590,10,14,1,63,1,0,0,0,0
5315,26,730,10,10,1,67,0,0,0,0,0
5316,35,583,4,6,1,74,0,0,0,0,0
5317,24,657,1,4,1,67,1,1,0,0,0
5318,38,752,4,6,1,83,0,1,1,0,0
5319,43,749,11,13,1,73,1,0,1,0,1
5320,24,611,2,4,1,60,0,0,1,0,0
5321,41,929,14,12,1,76,0,1,0,0,1
5322,37,739,12,14,1,66,0,0,0,0,0
5323,24,783,2,3,1,83,0,1,0,1,0
5324,37,673,3,3,1,69,1,0,0,0,0
5325,28,562,3,5,1,80,0,0,0,0,0
5326,24,739,2,4,0,76,0,0,0,0,0
5327,44,843,11,13,1,77,0,0,0,0,0
5328,37,783,4,6,0,87,0,0,0,0,0
5329,31,594,11,13,1,65,0,0,0,0,0
5330,26,749,6,12,1,54,0,0,0,0,0
5331,31,673,2,3,1,77,1,0,0,0,0
5332,41,693,13,10,1,60,0,0,1,0,0
5333,42,589,14,11,1,82,0,0,0,0,0
5334,34,711,11,13,1,74,0,0,0,0,0
5335,41,723,14,14,0,84,0,1,1,0,1
5336,40,734,4,5,0,73,1,0,0,0,0
5337,43,679,14,11,0,68,1,0,0,0,0
5338,34,747,3,2,0,59,1,1,0,0,0
5339,26,816,8,10,1,80,0,0,0,0,0
5340,43,795,2,5,1,64,1,0,0,0,0
5341,27,770,2,5,1,79,0,0,0,0,0
5342,37,583,3,3,1,77,0,0,0,0,0
5343,30,745,13,12,1,84,0,0,0,1,1
5344,40,667,11,15,1,56,0,0,0,0,0
5345,30,610,3,4,1,64,0,0,1,0,0
5346,32,950,13,12,0,73,0,0,0,0,0
5347,44,683,12,12,1,74,0,0,0,0,0
5348,41,565,3,4,0,69,1,0,0,0,0
5349,32,532,13,14,1,81,0,0,0,0,0
5350,37,811,3,2,0,64,0,0,0,0,0
5351,32,674,4,5,0,81,0,1,0,1,0
5352,23,649,2,5,1,76,0,0,0,0,0
5353,44,601,12,14,1,75,0,0,0,0,0
5354,44,656,11,12,1,73,1,0,0,0,0
5355,28,608,6,10,0,68,0,0,0,0,0
5356,36,621,13,11,1,85,1,1,0,0,1
5357,28,686,7,8,1,76,0,1,0,0,0
5358,30,700,12,15,1,90,0,0,1,0,1
5359,41,628,14,14,1,78,0,0,0,0,0
5360,22,728,1,5,0,76,0,0,0,0,0
5361,29,615,8,10,1,82,0,0,0,0,0
5362,44,637,2,2,1,89,0,0,0,1,0
5363,40,627,12,10,1,91,0,0,1,0,0
5364,37,589,11,10,1,88,1,1,0,0,0
5365,37,656,12,15,1,70,0,0,0,0,0
5366,43,646,3,5,1,75,0,0,0,0,0
5367,25,773,9,12,1,74,0,0,1,0,0
5368,22,615,2,5,1,63,1,0,0,0,0
5369,26,881,2,3,1,81,0,0,0,1,0
5370,44,750,14,11,0,80,0,0,0,0,0
5371,36,525,2,6,1,55,0,0,0,0,0
5372,45,710,2,2,0,72,0,1,1,0,0
5373,31,624,3,3,1,70,1,0,1,0,0
5374,28,759,8,10,1,88,0,0,0,1,0
5375,45,907,14,15,1,74,1,1,0,0,1
5376,44,618,14,14,1,85,0,0,1,0,1
5377,24,700,3,6,1,86,1,0,1,0,0
5378,40,643,14,12,1,80,0,0,0,0,0
5379,37,805,3,5,1,69,1,0,0,0,0
5380,34,736,2,2,1,75,0,0,0,0,0
5381,28,759,8,7,1,84,0,0,0,0,0
5382,44,664,2,4,1,72,0,0,0,0,0
5383,27,773,8,11,1,75,0,0,0,0,0
5384,34,779,3,4,1,94,0,0,0,1,0
5385,43,709,2,4,0,65,0,0,0,0,0
5386,37,650,3,4,0,87,0,0,0,0,0
5387,34,740,3,4,1,84,1,0,0,1,0
5388,27,751,2,2,0,63,0,0,0,0,0
5389,43,650,14,10,0,68,1,0,0,0,0
5390,33,511,13,14,1,74,0,0,0,0,0
5391,38,669,14,11,1,72,1,0,0,0,0
5392,43,777,12,12,1,68,1,0,0,0,0
5393,26,443,6,10,1,64,1,0,1,0,0
5394,34,592,4,4,1,75,0,1,0,0,0
5395,29,875,1,5,1,73,1,0,0,0,0
5396,27,895,3,6,1,63,0,1,1,0,0
5397,45,662,14,13,1,72,0,0,0,0,0
5398,26,916,10,15,1,62,1,1,0,0,1
5399,34,597,13,15,1,76,0,0,0,0,0
5400,25,950,2,4,1,82,0,0,0,0,0
5401,32,575,3,5,1,76,0,0,1,0,0
5402,40,607,4,2,1,66,0,1,0,0,0
5403,36,843,2,2,1,79,1,0,0,0,0
5404,25,569,8,12,0,78,0,0,0,0,0
5405,32,842,13,12,1,94,0,0,1,1,1
5406,43,538,2,3,1,74,0,1,0,0,0
5407,23,644,3,2,1,85,0,0,0,1,0
5408,29,661,3,4,0,71,0,0,0,0,0
5409,23,780,1,4,1,84,0,0,0,0,0
5410,27,661,8,7,1,54,0,0,0,0,0
5411,45,839,12,13,0,84,0,0,0,0,0
5412,41,782,13,10,1,71,1,0,1,0,0
5413,35,689,2,3,1,91,0,0,1,1,0
5414,40,731,11,13,0,83,0,0,0,0,0
5415,45,553,2,3,1,76,0,0,1,0,0
5416,22,757,5,5,1,57,0,1,0,0,0
5417,42,662,11,14,1,83,1,0,0,1,1
5418,31,663,4,4,1,73,0,0,0,0,0
5419,30,646,3,6,0,70,0,0,0,0,0
5420,34,428,4,3,1,68,0,1,0,0,0
5421,33,622,4,2,1,64,1,0,1,0,0
5422,22,660,2,6,1,89,0,1,0,1,0
5423,31,570,3,6,1,76,0,0,1,0,0
5424,22,754,4,2,1,84,0,1,0,1,0
5425,43,717,13,14,0,88,0,0,0,0,1
5426,36,471,14,14,0,61,0,0,0,0,0
5427,43,674,2,2,0,71,0,0,0,0,0
5428,41,765,13,12,1,77,0,0,1,0,0
5429,37,648,4,2,0,73,0,0,0,0,0
5430,38,615,14,11,1,94,0,0,0,1,1
5431,22,491,3,5,1,93,0,0,0,1,0
5432,30,604,2,4,0,70,1,0,1,0,0
5433,33,546,14,14,0,67,0,0,1,0,0
5434,35,877,2,2,0,76,0,0,0,0,0
5435,24,784,3,4,1,85,0,0,0,0,0
5436,35,757,4,3,1,72,0,0,0,0,0
5437,30,508,4,3,1,66,0,0,1,0,0
5438,34,828,2,5,1,81,0,0,1,1,0
5439,38,921,12,12,1,85,1,1,0,1,1
5440,40,630,3,6,1,87,0,0,0,1,0
5441,41,606,11,14,1,92,1,0,0,0,1
5442,22,816,3,4,1,71,1,0,0,0,0
5443,29,699,10,12,1,75,0,0,0,0,0
5444,30,424,4,2,1,74,1,0,0,0,0
5445,30,494,2,5,1,72,0,0,0,0,0
5446,45,747,4,5,1,69,0,1,0,0,0
5447,33,752,3,2,1,76,0,0,1,0,0
5448,43,671,11,12,1,81,0,0,0,1,1
5449,35,691,4,2,1,74,0,1,1,0,0
5450,28,563,1,2,1,80,0,0,0,0,0
5451,40,803,12,15,1,72,1,0,0,0,1
5452,33,879,12,13,1,88,0,0,0,0,1
5453,43,758,3,3,1,82,0,0,0,0,0
5454,27,491,3,5,1,75,0,0,0,0,0
5455,45,645,2,2,1,74,0,1,1,0,0
5456,24,682,5,4,1,83,0,0,0,0,0
5457,34,773,3,6,1,72,0,0,0,0,0
5458,37,798,3,2,1,65,1,0,0,0,0
5459,31,950,11,12,1,76,1,0,0,0,1
5460,43,665,11,11,1,78,0,0,1,0,0
5461,24,687,1,3,0,78,0,1,1,0,0
5462,23,518,1,2,1,62,0,0,1,0,0
5463,45,618,4,2,1,93,0,0,0,1,0
5464,40,687,11,14,0,91,0,0,0,1,1
5465,25,684,1,3,1,77,0,0,1,0,0
5466,41,745,2,2,1,76,1,0,0,0,0
5467,41,607,12,15,1,73,0,1,1,0,1
5468,26,665,2,4,1,86,0,0,0,1,0
5469,23,831,3,5,1,80,0,0,0,0,0
5470,45,591,14,12,1,93,0,0,0,1,1
5471,42,671,13,10,1,78,0,0,1,0,0
5472,22,665,4,3,1,73,0,1,0,0,0
5473,43,763,14,13,1,71,0,0,0,0,0
5474,42,678,3,6,1,80,0,0,0,0,0
5475,23,553,3,6,1,76,0,0,0,0,0
5476,40,539,12,10,1,79,0,0,0,0,0
5477,40,696,4,6,1,62,1,0,1,0,0
5478,33,756,4,2,0,83,0,0,0,1,0
5479,43,678,3,6,1,84,1,0,0,1,0
5480,44,894,13,11,1,68,0,0,0,0,0
5481,45,700,4,5,1,85,0,0,0,0,0
5482,43,606,4,5,1,49,0,0,0,0,0
5483,42,716,14,10,1,72,1,0,0,0,0
5484,42,672,12,12,1,74,0,1,0,0,0
5485,27,667,3,5,0,79,0,0,0,0,0
5486,38,762,14,11,1,77,0,0,0,0,0
5487,26,745,3,6,1,94,0,0,0,0,0
5488,27,588,1,4,1,82,0,1,0,1,0
5489,27,788,2,5,0,76,1,1,0,0,0
5490,36,590,12,12,1,82,0,0,0,0,0
5491,22,525,2,6,1,85,0,0,0,1,0
5492,23,753,3,6,1,81,1,0,0,0,0
5493,40,577,11,13,1,87,0,0,0,0,0
5494,34,854,3,4,1,94,0,0,0,1,0
5495,40,764,3,6,0,80,0,0,0,0,0
5496,37,534,14,13,1,74,1,0,0,0,0
5497,26,790,7,8,0,62,0,0,0,0,0
5498,28,718,3,6,1,80,0,0,1,0,0
5499,39,772,12,13,1,61,0,1,0,0,0
5500,26,606,8,12,1,77,1,0,0,0,0
5501,44,745,13,10,1,71,0,1,0,0,0
5502,34,760,2,2,1,68,0,0,0,0,0
5503,45,668,2,6,1,74,0,0,0,0,0
5504,25,799,9,8,0,71,0,0,0,0,0
5505,42,692,14,12,1,62,0,0,1,0,0
5506,22,682,2,3,1,96,0,1,0,1,0
5507,27,623,2,3,1,61,0,0,0,0,0
5508,32,520,14,12,1,67,0,1,0,0,0
5509,42,592,2,6,1,72,1,1,0,0,0
5510,39,478,11,13,1,72,1,0,0,0,0
5511,40,697,13,12,1,72,0,0,0,0,0
5512,30,643,11,10,0,64,1,1,0,0,0
5513,41,680,4,3,0,61,0,0,0,0,0
5514,25,696,6,9,1,69,0,0,0,0,0
5515,36,816,3,2,1,75,0,0,0,0,0
5516,29,699,2,4,1,67,0,1,0,0,0
5517,35,859,4,3,1,73,0,0,1,0,0
5518,23,751,1,6,0,76,0,1,1,0,0
5519,44,950,2,4,1,96,0,1,0,0,0
5520,23,627,3,6,1,82,0,1,0,1,0
5521,25,710,9,9,1,88,1,0,0,0,0
5522,43,935,4,3,1,66,0,0,0,0,0
5523,26,647,9,12,1,80,0,0,0,0,0
5524,35,579,13,14,1,68,1,0,0,0,0
5525,23,517,3,5,0,57,0,0,0,0,0
5526,26,528,9,8,1,83,0,0,1,0,0
5527,34,711,12,12,1,94,0,1,0,1,1
5528,34,791,13,10,0,74,1,0,0,0,0
5529,28,464,3,3,1,68,0,0,0,0,0
5530,43,731,4,4,1,72,1,1,0,0,0
5531,25,801,3,3,1,70,0,0,0,0,0
5532,36,760,2,2,1,78,1,0,0,0,0
5533,39,641,12,12,1,94,0,0,0,1,1
5534,22,661,3,2,0,57,0,0,1,0,0
5535,34,712,4,4,1,86,1,0,0,0,0
5536,24,678,3,3,0,82,0,0,0,1,0
5537,35,591,12,15,1,64,0,0,0,0,0
5538,29,760,10,11,1,74,0,0,0,0,0
5539,32,654,3,4,1,79,0,0,0,0,0
5540,34,526,4,4,1,88,1,0,0,1,0
5541,27,787,2,5,1,57,0,0,0,0,0
5542,38,850,3,2,1,54,0,0,0,0,0
5543,41,828,2,6,1,71,1,0,0,0,0
5544,45,755,13,14,1,65,0,0,1,0,0
5545,27,604,8,8,1,66,0,0,0,0,0
5546,28,604,1,4,0,64,1,1,1,0,0
5547,32,765,14,10,1,89,1,0,0,0,0
5548,24,810,2,5,0,85,0,0,0,0,0
5549,30,470,2,4,0,75,0,0,1,0,0
5550,35,740,14,11,1,77,0,0,0,0,0
5551,31,581,13,11,1,77,0,0,0,0,0
5552,38,688,12,13,1,65,0,1,0,0,0
5553,28,711,10,14,1,90,0,0,0,0,1
5554,34,530,4,6,1,72,0,0,0,0,0
5555,40,809,2,4,0,59,0,0,0,0,0
5556,23,688,1,6,1,66,0,0,0,0,0
5557,39,759,2,5,1,87,0,0,1,1,0
5558,44,786,2,2,1,76,0,0,0,0,0
5559,24,656,1,5,1,76,0,0,0,0,0
5560,35,835,13,15,1,61,0,0,0,0,0
5561,26,760,1,5,0,79,0,1,1,0,0
5562,27,613,6,8,0,78,0,1,1,0,0
5563,23,814,2,6,1,41,1,0,0,0,0
5564,36,436,2,5,1,77,0,0,0,0,0
5565,22,709,1,2,1,69,0,1,0,0,0
5566,35,784,12,14,0,71,1,0,0,0,0
5567,33,854,3,2,0,85,0,0,0,0,0
5568,40,797,13,12,0,72,0,0,0,0,0
5569,22,736,4,4,1,78,0,1,0,0,0
5570,24,676,3,2,0,61,0,0,0,0,0
5571,38,617,3,6,0,84,1,0,0,0,0
5572,42,764,2,6,1,69,0,0,0,0,0
5573,29,780,10,10,1,89,1,0,0,1,1
5574,45,691,12,15,1,79,0,1,0,0,0
5575,26,731,10,14,1,75,0,0,0,0,0
5576,30,644,3,4,1,64,0,0,0,0,0
5577,41,593,3,6,1,89,0,1,0,1,0
5578,34,785,13,11,1,63,0,0,0,0,0
5579,27,881,2,3,1,85,0,0,1,1,0
5580,35,876,14,14,0,70,0,0,1,0,1
5581,29,493,7,12,1,88,1,0,1,0,0
5582,34,677,12,10,1,81,1,0,1,1,1
5583,43,823,4,5,1,89,0,0,0,1,0
5584,39,737,13,14,1,78,0,0,0,0,0
5585,31,757,11,14,1,70,0,0,0,0,0
5586,27,578,7,11,0,68,0,1,0,0,0
5587,27,801,1,6,0,73,0,0,0,0,0
5588,33,597,14,11,1,67,0,0,0,0,0
5589,31,579,3,3,1,75,1,0,0,0,0
5590,26,666,2,6,0,41,0,0,0,0,0
5591,41,882,13,10,1,94,1,0,1,0,1
5592,23,747,1,5,1,68,0,0,0,0,0
5593,40,850,14,14,1,81,0,0,1,0,1
5594,26,744,9,9,0,69,0,0,0,0,0
5595,25,525,9,11,1,68,1,0,0,0,0
5596,27,850,1,3,1,58,1,0,0,0,0
5597,26,619,7,9,1,75,1,0,0,0,0
5598,42,699,11,12,1,66,0,0,0,0,0
5599,27,644,7,9,1,72,0,0,1,0,0
5600,37,632,4,4,0,69,0,0,0,0,0
5601,36,714,4,6,1,73,0,0,0,0,0
5602,44,637,3,2,0,95,0,0,1,0,0
5603,43,653,13,11,1,71,0,0,0,0,0
5604,25,783,2,3,1,92,0,0,1,0,0
5605,39,771,14,13,1,66,0,0,1,0,0
5606,25,846,1,2,1,68,1,0,0,0,0
5607,40,769,3,3,1,65,0,0,0,0,0
5608,32,722,3,6,1,67,0,0,1,0,0
5609,39,751,11,12,1,94,0,0,0,0,1
5610,35,542,12,11,1,89,0,0,0,1,0
5611,39,950,11,15,1,86,0,1,0,0,1
5612,29,706,1,5,1,75,0,0,0,0,0
5613,44,740,12,11,1,76,0,0,0,0,0
5614,32,735,2,5,1,56,0,0,0,0,0
5615,39,719,13,14,1,57,0,0,0,0,0
5616,27,594,2,4,1,52,0,0,0,0,0
5617,33,767,4,2,1,76,0,0,0,0,0
5618,41,516,2,3,1,78,0,0,0,0,0
5619,29,808,3,4,1,65,0,0,1,0,0
5620,42,858,13,13,1,72,0,0,0,0,0
5621,22,950,1,4,1,50,0,0,0,0,0
5622,38,722,12,15,1,59,1,0,0,0,0
5623,23,738,2,6,0,83,0,0,1,1,0
5624,37,662,13,13,1,70,1,0,1,0,1
5625,25,856,3,6,1,70,1,1,1,0,0
5626,31,628,13,12,1,84,0,1,0,1,1
5627,27,583,2,2,1,70,1,0,0,0,0
5628,43,738,2,6,1,67,0,0,1,0,0
5629,29,764,8,12,1,87,0,1,0,1,1
5630,35,716,3,2,0,76,0,1,0,0,0
5631,25,529,2,2,1,73,1,0,1,0,0
5632,32,496,14,15,1,90,0,0,0,1,1
5633,26,790,10,11,1,86,1,0,0,0,0
5634,31,597,4,3,1,62,0,0,0,0,0
5635,41,686,11,10,1,67,0,0,0,0,0
5636,29,915,9,12,1,73,0,1,0,0,0
5637,44,692,3,3,1,75,1,1,0,0,0
5638,26,575,6,8,1,77,0,0,0,0,0
5639,35,827,4,6,1,73,0,0,0,0,0
5640,31,715,3,4,1,75,0,1,0,0,0
5641,40,639,2,5,1,74,0,0,0,0,0
5642,40,523,2,2,0,73,0,0,0,0,0
5643,25,589,6,8,0,68,0,0,0,0,0
5644,28,765,6,11,0,78,0,0,0,0,0
5645,24,635,1,4,1,81,1,0,0,1,0
5646,28,802,9,12,1,70,1,0,1,0,0
5647,24,712,3,2,1,62,0,0,0,0,0
5648,43,793,11,13,1,72,0,0,0,0,0
5649,42,578,14,12,1,85,0,0,0,0,0
5650,23,731,1,6,0,53,0,0,0,0,0
5651,28,508,2,5,1,77,0,0,0,0,0
5652,44,948,14,15,1,79,0,0,0,0,0
5653,25,588,6,9,0,79,0,1,0,0,0
5654,33,658,11,10,1,80,0,1,0,0,0
5655,45,616,11,11,1,73,0,0,0,0,0
5656,25,609,2,6,1,59,0,0,0,0,0
5657,23,799,3,4,1,79,0,0,0,0,0
5658,32,732,3,5,1,63,0,0,0,0,0
5659,41,712,13,11,1,70,0,1,1,0,0
5660,33,690,4,3,0,79,1,0,0,0,0
5661,37,785,12,11,1,72,0,0,0,0,0
5662,39,584,2,5,0,80,1,0,1,0,0
5663,29,654,3,5,1,64,0,0,0,0,0
5664,27,634,8,7,1,68,1,0,0,0,0
5665,37,759,4,6,0,73,0,0,1,0,0
5666,37,812,4,5,1,65,0,0,0,0,0
5667,31,805,3,2,1,80,0,0,0,0,0
5668,23,614,3,2,1,72,0,0,0,0,0
5669,41,506,13,10,1,79,1,0,0,0,0
5670,43,767,11,12,1,97,0,1,0,0,1
5671,31,554,12,15,1,67,1,0,0,0,0
5672,40,802,11,12,1,66,0,1,0,0,0
5673,32,658,3,3,1,70,0,0,1,0,0
5674,37,694,14,14,1,78,0,0,0,0,0
5675,36,619,13,12,1,70,0,0,0,0,0
5676,43,629,12,13,1,75,1,1,0,0,1
5677,33,860,4,3,1,63,1,0,1,0,0
5678,30,513,11,15,0,80,1,0,0,0,0
5679,29,607,1,4,1,85,0,0,0,1,0
5680,33,753,14,10,0,84,0,1,1,1,1
5681,23,827,1,2,1,83,0,0,0,0,0
5682,36,833,14,10,0,92,0,0,0,0,0
5683,27,678,3,3,1,82,0,0,0,1,0
5684,25,679,9,8,1,60,0,0,0,0,0
5685,24,740,2,6,1,89,1,0,0,0,0
5686,33,664,13,12,1,83,0,1,0,1,1
5687,45,816,13,12,1,63,0,0,0,0,0
5688,44,717,4,4,1,79,0,0,0,0,0
5689,34,793,2,5,1,76,0,0,1,0,0
5690,39,762,4,5,1,89,0,0,1,1,0
5691,36,843,2,5,1,88,0,0,0,0,0
5692,37,862,2,5,0,94,0,1,0,1,0
5693,25,712,3,6,1,69,1,0,0,0,0
5694,31,675,2,2,1,67,1,1,0,0,0
5695,23,701,3,3,1,72,0,0,0,0,0
5696,28,659,1,6,1,74,0,0,0,0,0
5697,34,831,12,12,1,78,0,0,0,0,0
5698,23,690,1,5,0,75,0,0,0,0,0
5699,43,806,3,2,1,74,0,1,0,0,0
5700,41,584,3,3,1,64,0,0,1,0,0
5701,37,694,3,3,1,55,1,1,0,0,0
5702,44,588,13,10,0,63,0,1,0,0,0
5703,34,763,2,6,1,74,0,0,0,0,0
5704,35,545,3,4,1,64,0,0,1,0,0
5705,45,730,3,6,1,68,0,1,0,0,0
5706,23,724,3,3,1,61,0,0,0,0,0
5707,33,726,2,6,1,74,0,0,0,0,0
5708,45,687,14,15,1,80,0,0,0,0,0
5709,30,537,4,3,0,86,0,0,0,1,0
5710,43,877,4,5,1,100,1,0,0,1,0
5711,22,608,2,5,1,75,0,1,1,0,0
5712,42,798,13,14,1,74,0,0,0,0,0
5713,25,692,8,12,1,67,1,0,1,0,0
5714,39,776,4,5,1,79,0,0,0,0,0
5715,33,721,2,6,0,57,0,0,0,0,0
5716,27,568,8,12,1,74,0,0,0,0,0
5717,30,740,12,11,1,98,0,0,0,0,0
5718,36,722,4,4,1,85,0,0,0,0,0
5719,30,766,13,11,0,82,0,0,0,0,0
5720,43,771,14,14,1,49,0,1,0,0,0
5721,36,802,4,4,1,75,0,1,0,0,0
5722,33,716,11,11,1,67,1,0,1,0,0
5723,22,717,2,5,1,72,0,0,1,0,0
5724,32,572,4,3,1,61,0,0,1,0,0
5725,32,585,11,10,1,83,0,1,0,1,0
5726,38,613,14,11,1,86,0,0,1,1,1
5727,34,664,13,15,1,59,0,0,0,0,0
5728,29,719,10,10,1,79,1,0,0,0,0
5729,42,649,3,2,1,71,0,0,1,0,0
5730,36,829,11,10,1,69,1,0,0,0,0
5731,33,773,11,11,0,82,0,0,1,1,0
5732,40,603,2,4,1,81,0,1,0,0,0
5733,24,595,3,6,1,70,0,0,0,0,0
5734,42,536,3,6,1,83,0,0,0,1,0
5735,43,613,2,6,1,91,0,0,0,1,0
5736,36,793,2,3,0,84,0,1,0,0,0
5737,45,576,14,15,1,73,0,0,0,0,0
5738,33,820,4,5,1,68,0,0,0,0,0
5739,36,755,4,3,0,86,1,1,1,1,0
5740,38,704,4,5,1,81,0,0,1,0,0
5741,29,802,7,9,0,70,0,1,0,0,0
5742,34,680,3,5,1,70,0,0,1,0,0
5743,33,685,4,5,1,79,0,1,1,0,0
5744,34,761,4,4,1,55,0,0,0,0,0
5745,35,648,3,6,0,86,0,0,0,0,0
5746,39,686,2,6,1,65,0,1,0,0,0
5747,23,693,2,6,1,65,0,1,0,0,0
5748,44,835,3,3,1,79,0,0,0,0,0
5749,39,637,2,4,0,68,0,0,0,0,0
5750,25,399,10,10,0,71,0,0,1,0,0
5751,33,762,14,14,1,77,0,0,0,0,0
5752,30,684,12,14,0,77,0,0,1,0,0
5753,32,653,11,13,1,68,0,0,1,0,0
5754,45,797,14,13,1,84,0,0,1,0,0
5755,40,680,2,3,0,67,0,0,0,0,0
5756,41,619,2,2,0,69,0,1,0,0,0
5757,42,701,13,15,1,68,0,0,0,0,0
5758,33,667,2,6,1,72,0,0,1,0,0
5759,25,736,10,14,0,68,0,0,0,0,0
5760,22,705,3,6,1,83,0,0,0,0,0
5761,23,777,2,3,1,60,0,0,0,0,0
5762,40,626,2,6,1,72,0,0,0,0,0
5763,23,758,1,5,1,90,0,1,1,0,0
5764,35,581,11,13,0,75,0,0,0,0,0
5765,22,529,3,6,1,72,0,0,0,0,0
5766,39,578,4,2,1,66,0,0,0,0,0
5767,32,495,4,4,1,92,0,0,1,1,0
5768,37,874,11,10,1,74,1,0,1,0,0
5769,45,686,11,15,1,66,1,0,0,0,0
5770,35,745,13,13,1,65,0,1,1,0,0
5771,43,689,2,6,1,86,0,0,0,1,0
5772,34,823,3,5,0,76,0,0,1,0,0
5773,45,633,3,4,1,84,0,0,0,0,0
5774,37,861,13,13,1,87,0,0,0,1,1
5775,37,770,14,10,1,65,0,1,0,0,0
5776,39,642,4,6,1,95,0,0,0,1,0
5777,23,658,2,5,1,68,0,0,0,0,0
5778,27,730,2,6,1,69,0,0,1,0,0
5779,44,679,2,2,0,73,0,1,0,0,0
5780,38,651,12,13,1,79,0,1,1,0,1
5781,31,750,4,4,1,75,0,1,0,0,0
5782,39,737,14,10,1,67,0,0,0,0,0
5783,37,837,11,10,1,63,0,0,0,0,0
5784,37,690,11,12,1,89,1,0,0,0,1
5785,32,578,3,6,1,68,0,0,0,0,0
5786,34,536,11,10,1,67,1,0,0,0,0
5787,43,676,4,5,0,69,0,0,0,0,0
5788,45,638,4,2,1,67,0,0,1,0,0
5789,37,674,4,6,0,74,1,0,0,0,0
5790,35,811,4,5,1,62,0,0,0,0,0
5791,42,683,13,14,1,51,0,0,0,0,0
5792,29,699,10,13,1,77,0,0,0,0,0
5793,25,608,7,12,1,74,0,0,0,0,0
5794,40,647,3,5,1,78,1,0,0,0,0
5795,45,786,12,13,1,72,1,0,0,0,0
5796,39,710,2,3,1,80,0,1,0,0,0
5797,23,772,2,6,1,66,0,1,0,0,0
5798,32,530,3,5,0,70,1,0,0,0,0
5799,31,658,11,14,1,73,0,0,0,0,0
5800,41,897,12,13,1,61,0,0,0,0,0
5801,40,724,11,15,1,82,1,0,0,0,0
5802,44,712,4,5,0,66,0,1,1,0,0
5803,36,889,14,14,0,79,0,0,0,0,0
5804,33,662,2,5,1,72,0,0,0,0,0
5805,31,722,2,4,1,84,0,0,1,1,0
5806,22,624,1,2,1,62,0,1,1,0,0
5807,44,677,4,4,1,80,0,0,0,0,0
5808,40,749,11,11,1,87,0,0,0,1,1
5809,27,732,6,7,1,65,0,1,0,0,0
5810,38,615,3,6,1,95,1,1,0,1,0
5811,25,662,10,13,1,69,0,0,0,0,0
5812,27,524,1,6,1,58,0,0,0,0,0
5813,23,779,4,6,1,97,0,0,0,0,0
5814,31,749,12,15,1,68,0,0,0,0,0
5815,34,685,11,11,1,62,0,0,0,0,0
5816,29,738,3,5,0,78,0,0,1,0,0
5817,26,654,9,9,1,84,0,0,0,1,0
5818,27,837,1,5,1,65,0,0,0,0,0
5819,34,665,3,6,0,75,1,0,1,0,0
5820,34,510,13,13,1,72,0,0,0,0,0
5821,45,899,2,6,1,66,0,0,0,0,0
5822,31,765,4,5,1,100,0,1,0,1,0
5823,43,840,2,6,1,81,1,0,0,0,0
5824,42,436,14,11,0,76,0,1,1,0,0
5825,45,809,4,2,1,76,0,1,0,0,0
5826,43,583,2,5,1,81,0,1,0,0,0
5827,27,742,2,4,1,60,0,0,1,0,0
5828,33,682,2,6,1,66,0,1,0,0,0
5829,42,793,2,3,1,68,0,0,0,0,0
5830,25,736,3,6,1,59,0,1,1,0,0
5831,25,705,3,2,1,69,1,1,0,0,0
5832,32,941,4,4,1,76,0,0,0,0,0
5833,32,554,14,12,1,78,0,0,0,0,0
5834,27,708,10,14,1,62,0,0,0,0,0
5835,23,735,3,5,1,63,0,1,0,0,0
5836,31,740,12,14,1,69,1,0,0,0,0
5837,44,731,14,13,1,73,0,0,0,0,0
5838,23,691,3,4,0,85,0,0,1,1,0
5839,24,600,4,2,1,78,0,1,0,0,0
5840,29,727,10,15,1,64,0,1,0,0,0
5841,42,806,3,4,1,94,0,0,0,1,0
5842,31,603,2,5,1,77,0,0,1,0,0
5843,40,723,4,4,1,86,0,0,0,0,0
5844,36,540,3,2,1,80,0,0,0,0,0
5845,23,734,4,5,1,63,0,0,0,0,0
5846,26,686,7,8,1,71,0,0,0,0,0
5847,22,782,3,5,1,59,1,1,1,0,0
5848,44,763,2,3,1,79,0,0,1,0,0
5849,29,818,9,11,0,81,1,0,1,1,0
5850,27,765,7,7,0,66,1,0,0,0,0
5851,28,437,1,6,1,71,1,0,0,0,0
5852,41,743,14,15,0,80,0,0,0,0,0
5853,32,700,13,11,1,83,0,0,0,1,0
5854,38,610,2,2,1,91,0,1,0,0,0
5855,28,829,3,3,1,77,0,0,0,0,0
5856,45,604,2,6,1,79,0,0,1,0,0
5857,22,564,5,4,1,78,0,1,0,0,0
5858,44,616,12,12,0,93,1,0,0,0,1
5859,36,617,12,13,1,72,0,0,0,0,0
5860,32,717,13,14,1,80,0,1,1,0,1
5861,44,728,11,10,1,63,0,1,1,0,0
5862,32,788,3,4,1,67,0,0,1,0,0
5863,30,738,12,11,1,79,0,0,1,0,0
5864,36,541,11,14,1,82,1,0,0,1,1
5865,32,819,3,5,1,77,0,0,0,0,0
5866,29,742,2,6,1,83,0,0,0,1,0
5867,37,592,4,2,1,86,0,0,0,1,0
5868,26,592,1,5,1,77,0,1,1,0,0
5869,45,595,4,3,1,83,0,0,0,1,0
5870,25,789,3,2,1,85,0,0,1,1,0
5871,44,658,13,13,1,80,0,1,0,0,0
5872,42,731,4,5,1,83,0,0,1,1,0
5873,25,763,9,12,1,75,0,0,0,0,0
5874,44,792,11,10,1,75,0,0,0,0,0
5875,45,653,4,5,1,83,0,0,0,1,0
5876,33,672,3,4,1,67,0,1,1,0,0
5877,29,705,3,6,1,78,1,0,0,0,0
5878,27,692,6,9,1,89,0,1,0,1,0
5879,33,797,13,14,1,74,1,0,0,0,0
5880,32,950,12,12,1,74,1,0,0,0,1
5881,22,808,3,4,1,84,0,0,1,0,0
5882,25,803,2,5,1,76,0,0,0,0,0
5883,28,788,3,4,0,68,0,1,0,0,0
5884,44,592,12,10,1,77,1,0,0,0,0
5885,28,670,3,5,1,71,0,1,0,0,0
5886,26,707,7,10,1,82,0,1,0,1,0
5887,30,810,4,4,0,72,0,0,1,0,0
5888,34,775,4,5,1,83,0,0,0,1,0
5889,32,683,12,12,1,71,0,0,0,0,0
5890,30,614,13,14,1,67,0,1,0,0,0
5891,34,768,4,5,1,84,0,1,0,1,0
5892,24,715,5,2,1,90,1,0,0,0,0
5893,42,795,2,6,1,71,0,0,0,0,0
5894,24,825,1,2,0,75,1,0,1,0,0
5895,41,783,14,12,1,95,1,0,1,1,1
5896,29,474,2,4,1,74,0,0,0,0,0
5897,34,710,3,6,1,74,0,0,0,0,0
5898,36,769,11,14,1,72,0,1,0,0,0
5899,45,808,4,3,1,78,0,0,0,0,0
5900,43,610,2,6,1,71,1,1,0,0,0
5901,38,842,11,15,1,73,0,0,0,0,0
5902,43,813,4,5,1,78,0,1,0,0,0
5903,44,791,14,10,1,71,1,1,0,0,0
5904,33,765,13,13,1,85,1,0,0,1,1
5905,32,680,4,2,1,76,0,0,0,0,0
5906,35,769,14,11,1,59,0,1,0,0,0
5907,43,841,2,5,1,59,0,1,1,0,0
5908,45,831,11,13,1,81,1,1,1,1,1
5909,26,731,6,8,1,82,1,0,0,1,0
5910,36,557,4,4,0,74,0,0,0,0,0
5911,37,866,13,13,1,72,0,0,0,0,0
5912,37,632,3,4,1,80,0,1,0,0,0
5913,35,718,11,14,1,55,0,0,1,0,0
5914,35,803,3,3,1,82,0,0,1,0,0
5915,24,672,1,6,0,71,0,0,1,0,0
5916,30,781,2,6,1,49,0,0,0,0,0
5917,39,801,13,12,1,67,0,0,0,0,0
5918,22,801,3,4,1,85,0,0,0,0,0
5919,34,800,2,6,1,76,1,0,0,0,0
5920,32,754,4,2,1,74,0,0,0,0,0
5921,44,739,11,15,1,78,0,0,0,0,0
5922,28,698,1,5,1,57,0,0,0,0,0
5923,23,931,3,3,1,77,0,0,0,0,0
5924,23,727,3,3,1,75,1,0,0,0,0
5925,35,906,4,6,1,77,0,0,0,0,0
5926,32,761,3,6,1,80,0,1,1,0,0
5927,34,632,2,3,0,62,0,0,0,0,0
5928,41,772,12,12,1,68,0,0,1,0,0
5929,29,681,9,7,1,58,1,0,0,0,0
5930,35,784,13,14,1,71,1,0,0,0,0
5931,24,620,5,2,1,89,0,0,0,1,0
5932,42,697,4,5,1,63,0,0,0,0,0
5933,38,690,11,11,0,81,0,0,0,1,0
5934,44,795,11,11,1,47,0,0,0,0,0
5935,23,756,3,4,1,76,0,0,0,0,0
5936,41,581,14,11,0,59,1,1,0,0,0
5937,32,724,3,4,0,92,0,0,0,1,0
5938,24,516,2,6,1,75,0,0,0,0,0
5939,25,752,10,11,1,68,0,0,0,0,0
5940,43,692,2,3,1,87,0,0,0,0,0
5941,45,823,13,12,1,83,0,1,0,0,1
5942,23,782,2,6,1,66,1,0,0,0,0
5943,35,592,4,5,0,75,0,0,0,0,0
5944,43,685,13,10,1,81,0,1,0,0,0
5945,33,724,12,13,1,73,0,0,0,0,0
5946,27,650,8,7,1,72,0,0,0,0,0
5947,38,568,13,12,0,55,0,0,0,0,0
5948,40,610,2,6,1,62,0,0,0,0,0
5949,39,759,2,2,1,87,0,1,0,0,0
5950,26,592,1,4,0,82,0,0,0,1,0
5951,41,677,4,3,1,71,0,0,1,0,0
5952,34,720,13,14,1,88,1,0,0,1,1
5953,40,861,3,4,1,60,0,0,0,0,0
5954,42,848,4,6,0,77,0,0,0,0,0
5955,27,630,8,8,0,60,0,0,0,0,0
5956,26,621,6,9,1,73,0,0,0,0,0
5957,33,810,13,13,0,69,0,0,0,0,0
5958,23,596,1,6,1,73,0,0,0,0,0
5959,35,753,4,5,1,75,0,1,0,0,0
5960,45,631,12,13,0,70,1,1,0,0,1
5961,22,726,3,4,1,81,1,0,0,0,0
5962,25,786,8,11,1,74,0,1,0,0,0
5963,28,789,2,5,1,83,0,1,0,0,0
5964,35,643,3,5,1,70,0,0,0,0,0
5965,41,855,13,13,1,67,0,0,0,0,0
5966,35,726,12,12,1,48,1,1,0,0,0
5967,31,686,2,6,1,68,1,0,0,0,0
5968,36,871,11,13,1,72,0,0,0,0,0
5969,43,828,4,6,0,91,0,0,0,0,0
5970,38,865,12,13,0,83,1,0,0,0,1
5971,28,775,10,14,1,72,0,1,1,0,1
5972,27,911,6,8,1,56,1,0,0,0,0
5973,31,725,12,12,1,91,0,0,0,1,1
5974,26,585,8,7,1,61,1,1,0,0,0
5975,37,596,4,6,1,74,0,0,1,0,0
5976,35,650,11,11,1,72,0,0,0,0,0
5977,43,811,3,6,1,48,0,0,0,0,0
5978,23,700,1,3,1,80,0,0,1,0,0
5979,38,760,3,4,1,72,1,0,0,0,0
5980,34,666,3,4,1,65,0,0,0,0,0
5981,42,778,3,3,1,77,0,0,0,0,0
5982,35,707,2,5,1,68,0,0,0,0,0
5983,36,839,11,11,1,75,0,0,0,0,0
5984,39,661,2,6,0,81,0,0,0,0,0
5985,31,745,11,10,1,49,0,0,0,0,0
5986,33,743,2,6,1,79,0,0,0,0,0
5987,26,592,3,6,1,78,0,0,0,0,0
5988,31,711,2,3,1,67,0,1,1,0,0
5989,29,714,1,6,1,72,0,0,0,0,0
5990,34,693,2,4,1,70,0,0,0,0,0
5991,40,786,4,5,0,64,1,0,1,0,0
5992,34,589,2,3,1,71,0,1,0,0,0
5993,36,950,12,14,0,84,0,1,0,0,1
5994,42,752,13,10,1,55,0,0,0,0,0
5995,36,826,3,5,1,61,0,0,0,0,0
5996,41,573,14,13,1,66,0,0,0,0,0
5997,23,786,2,5,1,92,0,0,0,0,0
5998,29,639,3,4,0,67,0,1,0,0,0
5999,45,789,2,6,1,74,1,0,1,0,0
6000,30,727,13,11,1,82,1,1,0,1,1
6001,37,674,2,5,1,64,0,0,0,0,0
6002,40,647,11,10,1,68,0,0,1,0,0
6003,28,879,7,10,1,55,1,0,0,0,0
6004,41,950,13,11,1,56,0,1,1,0,0
6005,35,555,4,4,0,76,0,0,0,0,0
6006,44,828,3,4,1,69,0,1,1,0,0
6007,32,581,11,10,1,84,0,0,0,0,0
6008,24,711,1,2,1,68,1,0,1,0,0
6009,45,813,14,15,1,86,0,0,0,1,1
6010,44,905,3,3,1,86,0,0,0,1,0
6011,45,448,2,2,0,72,1,0,0,0,0
6012,25,744,8,10,1,66,0,1,1,0,0
6013,40,625,3,3,1,85,0,0,1,1,0
6014,32,665,14,10,1,79,1,1,0,0,0
6015,33,718,4,5,1,66,0,1,0,0,0
6016,37,720,14,10,1,91,1,0,0,1,1
6017,26,818,10,13,1,82,1,1,0,0,1
6018,29,875,2,2,0,83,0,0,0,1,0
6019,27,725,1,3,1,72,1,0,1,0,0
6020,37,478,3,5,1,79,0,0,1,0,0
6021,25,726,1,5,1,93,0,0,0,0,0
6022,30,678,3,4,0,75,0,0,0,0,0
6023,22,735,2,4,1,86,0,0,0,0,0
6024,44,637,2,5,1,73,0,0,0,0,0
6025,25,664,1,3,0,85,0,1,0,1,0
6026,32,607,4,3,1,80,0,1,0,0,0
6027,25,752,1,3,1,55,1,0,1,0,0
6028,44,759,12,11,1,70,1,0,0,0,0
6029,40,707,4,4,1,82,0,0,0,0,0
6030,39,547,3,4,0,55,0,1,0,0,0
6031,32,696,14,14,0,83,0,0,0,1,1
6032,44,736,13,10,1,60,0,0,0,0,0
6033,45,815,14,15,1,55,0,0,1,0,0
6034,41,582,14,13,0,71,0,0,1,0,0
6035,25,545,1,2,1,75,0,0,1,0,0
6036,29,754,9,10,1,83,0,0,0,1,0
6037,32,683,2,4,0,75,0,0,0,0,0
6038,43,669,11,14,1,67,0,0,0,0,0
6039,29,644,6,11,0,71,0,0,0,0,0
6040,37,735,4,2,1,81,0,0,0,1,0
6041,38,771,3,4,1,64,0,0,0,0,0
6042,24,789,1,4,1,56,0,0,1,0,0
6043,42,796,3,6,1,78,1,0,0,0,0
6044,34,739,4,4,1,68,0,1,0,0,0
6045,22,652,1,5,1,82,0,0,0,0,0
6046,30,726,4,5,1,80,0,0,0,0,0
6047,22,669,2,5,0,87,0,1,0,1,0
6048,31,766,14,15,1,72,0,1,1,0,1
6049,32,567,13,15,1,57,0,1,0,0,0
6050,39,525,4,2,0,80,0,0,0,0,0
6051,32,754,2,3,1,63,1,0,0,0,0
6052,35,698,2,5,0,70,0,0,1,0,0
6053,33,743,14,12,1,79,0,0,0,0,0
6054,25,646,8,11,1,70,0,0,0,0,0
6055,29,562,8,8,1,60,0,0,0,0,0
6056,30,699,4,3,1,69,0,0,0,0,0
6057,28,751,10,15,1,81,0,0,0,1,1
6058,32,662,2,5,1,86,0,1,1,0,0
6059,26,669,9,7,1,77,0,0,0,0,0
6060,45,618,12,13,0,61,0,0,0,0,0
6061,43,672,12,15,0,61,0,0,0,0,0
6062,31,637,2,4,1,75,0,0,0,0,0
6063,25,792,1,3,1,85,0,1,0,1,0
6064,36,572,2,4,0,62,1,0,0,0,0
6065,33,762,14,11,1,91,0,1,0,0,0
6066,22,691,5,4,1,65,0,0,0,0,0
6067,39,704,13,14,1,78,0,0,0,0,0
6068,38,627,11,15,1,81,0,0,0,0,0
6069,44,466,3,4,1,47,0,1,0,0,0
6070,32,629,4,5,0,69,0,0,1,0,0
6071,22,724,5,4,1,84,0,0,0,1,0
6072,36,812,2,3,0,80,1,0,0,0,0
6073,24,844,1,6,1,86,1,0,0,1,0
6074,35,794,4,4,1,82,1,0,1,0,0
6075,36,616,12,10,1,74,0,0,0,0,0
6076,45,748,3,5,1,58,0,0,0,0,0
6077,25,694,3,3,1,95,0,0,0,0,0
6078,31,687,3,3,1,70,0,0,0,0,0
6079,39,817,11,11,1,71,0,0,0,0,0
6080,26,546,7,11,0,79,1,0,1,0,0
6081,32,624,3,4,1,90,1,0,0,1,0
6082,30,848,12,14,1,68,0,0,0,0,0
6083,31,657,11,15,0,92,0,0,0,1,1
6084,27,649,2,6,1,60,0,1,1,0,0
6085,32,715,11,14,1,73,0,0,0,0,0
6086,38,698,14,12,1,69,0,0,1,0,0
6087,29,678,7,8,1,88,0,0,0,0,0
6088,28,646,10,12,1,81,0,0,1,0,0
6089,44,831,2,3,0,70,0,1,0,0,0
6090,43,559,12,10,1,86,0,1,0,1,1
6091,22,750,1,5,1,64,0,0,0,0,0
6092,42,855,14,10,1,86,0,1,0,1,1
6093,40,673,11,14,1,52,0,0,0,0,0
6094,34,707,12,14,1,71,1,0,1,0,1
6095,38,800,2,4,1,61,0,0,0,0,0
6096,36,506,11,13,1,85,1,0,0,0,1
6097,30,775,2,2,1,86,0,0,0,0,0
6098,42,771,2,3,1,75,0,1,0,0,0
6099,34,839,4,3,1,94,0,0,0,1,0
6100,43,831,2,3,0,69,0,0,0,0,0
6101,26,893,2,5,0,75,0,1,0,0,0
6102,45,803,3,3,1,57,0,1,0,0,0
6103,37,636,11,14,1,58,0,0,1,0,0
6104,32,699,13,15,0,83,0,0,0,1,1
6105,29,567,8,9,1,81,0,0,1,1,0
6106,34,651,11,13,1,79,0,0,0,0,0
6107,26,823,2,2,0,59,1,1,0,0,0
6108,30,678,11,10,1,88,1,0,0,0,0
6109,25,625,1,4,1,72,0,0,0,0,0
6110,29,670,2,2,1,68,0,0,0,0,0
6111,43,773,13,12,1,77,0,1,0,0,0
6112,35,686,12,11,0,57,1,0,0,0,0
6113,40,658,2,5,1,72,0,0,1,0,0
6114,24,690,3,3,1,67,0,0,1,0,0
6115,25,890,1,4,1,72,0,1,1,0,0
6116,41,541,3,3,1,73,0,0,0,0,0
6117,23,762,1,3,1,75,0,0,0,0,0
6118,36,593,14,14,0,73,0,0,0,0,0
6119,35,781,12,11,1,78,1,0,0,0,0
6120,45,794,4,4,0,72,0,0,0,0,0
6121,30,753,3,5,1,65,0,0,0,0,0
6122,37,785,2,2,1,60,0,0,0,0,0
6123,45,773,14,12,0,79,0,0,0,0,0
6124,38,794,11,12,1,64,0,0,1,0,0
6125,29,518,6,9,0,80,0,0,1,0,0
6126,36,683,2,4,1,91,0,1,0,0,0
6127,29,815,2,6,0,85,0,0,0,0,0
6128,42,637,3,2,1,58,0,0,0,0,0
6129,30,660,2,4,1,72,0,0,0,0,0
6130,36,657,2,6,1,77,0,0,0,0,0
6131,36,649,4,2,1,54,1,0,0,0,0
6132,30,709,2,4,0,57,1,0,0,0,0
6133,28,773,3,3,1,90,0,0,1,0,0
6134,22,659,3,4,1,80,0,1,1,0,0
6135,35,663,14,15,1,60,0,0,0,0,0
6136,40,760,11,11,1,86,0,1,0,0,0
6137,44,836,3,3,1,79,0,0,0,0,0
6138,22,629,2,6,1,84,0,0,0,1,0
6139,29,607,2,3,1,68,0,0,1,0,0
6140,40,892,12,11,0,82,0,0,0,0,0
6141,45,700,11,13,1,73,0,0,0,0,0
6142,29,650,8,8,1,69,1,0,0,0,0
6143,30,760,12,11,1,77,0,0,0,0,0
6144,39,726,4,5,1,79,0,0,1,0,0
6145,44,473,2,2,1,75,0,0,0,0,0
6146,39,759,14,10,0,71,1,0,1,0,0
6147,33,762,2,5,1,88,1,1,0,0,0
6148,26,681,3,4,1,78,1,1,0,0,0
6149,43,746,2,3,1,84,0,0,0,1,0
6150,25,824,2,4,1,59,0,0,0,0,0
6151,23,793,3,6,0,45,0,0,0,0,0
6152,35,750,2,3,1,68,0,0,0,0,0
6153,29,624,1,5,1,60,0,0,0,0,0
6154,38,567,12,13,1,69,0,0,0,0,0
6155,38,618,12,13,1,71,0,0,1,0,0
6156,45,810,4,5,1,68,0,1,0,0,0
6157,38,929,2,3,1,55,0,0,0,0,0
6158,31,683,2,2,1,69,0,0,1,0,0
6159,45,568,12,14,1,69,0,0,1,0,0
6160,23,950,3,5,1,65,0,0,0,0,0
6161,45,796,11,11,1,86,0,0,0,0,0
6162,33,652,14,12,1,77,0,0,0,0,0
6163,24,772,4,5,0,76,0,0,0,0,0
6164,29,764,8,8,1,87,0,0,0,0,0
6165,37,563,3,3,1,77,0,1,0,0,0
6166,37,743,4,3,1,74,0,0,0,0,0
6167,35,737,3,5,0,56,0,0,1,0,0
6168,43,585,2,6,1,75,0,0,0,0,0
6169,44,707,2,5,1,90,0,0,1,1,0
6170,29,727,8,10,1,52,0,0,0,0,0
6171,24,739,1,2,1,58,0,1,0,0,0
6172,39,823,2,6,0,65,0,1,0,0,0
6173,45,674,14,10,1,69,0,1,0,0,0
6174,35,659,12,10,1,85,1,1,0,1,1
6175,38,858,13,13,1,62,0,1,1,0,1
6176,22,646,3,4,1,70,0,0,0,0,0
6177,37,687,13,15,1,73,0,1,0,0,0
6178,35,620,11,11,1,75,1,0,1,0,0
6179,29,668,1,6,1,77,0,1,0,0,0
6180,36,802,4,3,1,71,0,0,0,0,0
6181,40,621,14,14,1,81,0,1,0,0,0
6182,40,866,4,5,1,70,0,0,1,0,0
6183,36,545,2,3,1,70,0,0,0,0,0
6184,22,561,3,6,1,60,0,0,0,0,0
6185,43,875,3,4,1,72,1,0,0,0,0
6186,28,858,2,4,1,86,1,0,0,0,0
6187,35,630,3,2,1,69,1,1,0,0,0
6188,40,678,11,15,1,80,1,0,0,0,0
6189,22,927,5,2,0,57,0,0,0,0,0
6190,27,636,9,10,1,90,0,0,0,1,0
6191,33,648,14,15,1,66,0,0,0,0,0
6192,25,832,1,2,1,94,0,0,0,1,0
6193,38,765,13,10,1,69,1,0,0,0,0
6194,36,695,4,5,1,71,1,0,0,0,0
6195,37,538,3,6,1,55,0,0,1,0,0
6196,35,947,14,14,1,66,0,0,1,0,0
6197,35,522,14,10,1,83,0,0,0,1,0
6198,35,641,13,14,1,58,1,0,0,0,0
6199,42,697,12,15,1,73,1,0,0,0,0
6200,29,644,6,11,1,70,0,0,1,0,0
6201,23,730,1,4,1,70,0,0,0,0,0
6202,39,553,4,6,0,79,0,0,0,0,0
6203,33,910,4,2,1,64,0,0,0,0,0
6204,45,610,11,12,1,74,0,0,0,0,0
6205,41,727,3,4,1,82,1,0,0,1,0
6206,43,740,13,15,1,68,0,0,0,0,0
6207,22,719,5,2,1,75,0,0,0,0,0
6208,41,710,3,4,1,60,1,0,1,0,0
6209,44,717,14,15,1,82,0,0,0,0,0
6210,32,654,14,15,1,69,0,0,0,0,0
6211,24,692,3,6,1,79,0,1,0,0,0
6212,40,679,11,14,1,62,0,0,0,0,0
6213,43,685,11,12,1,87,0,1,0,0,1
6214,33,547,11,13,1,79,1,0,0,0,0
6215,34,646,4,5,0,78,0,0,0,0,0
6216,22,485,1,6,1,61,0,0,0,0,0
6217,26,654,9,7,1,68,0,0,0,0,0
6218,25,644,2,3,1,78,0,1,0,0,0
6219,43,695,2,4,1,87,0,0,0,1,0
6220,26,784,3,4,0,57,0,1,0,0,0
6221,44,653,12,10,0,64,1,0,0,0,0
6222,34,521,3,5,1,71,0,1,0,0,0
6223,44,541,14,13,1,64,0,1,0,0,0
6224,36,800,11,15,0,68,0,0,0,0,0
6225,24,658,3,6,1,83,0,0,0,0,0
6226,33,539,11,14,1,80,0,0,0,0,0
6227,25,720,6,11,1,60,0,1,0,0,0
6228,44,602,2,3,1,85,0,0,0,0,0
6229,31,789,14,14,0,66,0,0,0,0,0
6230,24,781,2,3,0,84,0,0,0,1,0
6231,32,661,2,2,1,83,0,0,0,0,0
6232,28,862,3,4,1,97,0,0,0,1,0
6233,23,623,3,2,1,85,0,1,0,0,0
6234,39,847,3,3,1,70,0,0,0,0,0
6235,24,685,2,2,0,81,0,0,0,1,0
6236,33,759,4,4,1,80,0,0,0,0,0
6237,31,736,11,15,1,92,1,0,0,1,1
6238,33,670,4,6,1,65,0,1,0,0,0
6239,36,629,13,11,1,60,0,0,0,0,0
6240,38,606,13,13,1,79,0,0,0,0,0
6241,22,681,2,3,1,81,1,0,0,1,0
6242,36,756,14,10,1,84,0,0,0,0,0
6243,36,628,4,4,1,73,0,0,1,0,0
6244,26,558,8,10,1,78,0,0,0,0,0
6245,45,867,2,5,0,63,0,0,0,0,0
6246,40,904,12,15,1,66,0,0,0,0,0
6247,45,532,13,11,1,71,0,1,0,0,0
6248,24,593,1,3,1,92,1,0,0,1,0
6249,41,682,11,15,1,72,1,0,0,0,0
6250,28,789,6,8,1,68,0,1,0,0,0
6251,40,785,14,12,1,51,0,0,0,0,0
6252,22,804,3,2,1,64,0,0,0,0,0
6253,28,818,10,15,1,79,0,0,0,0,0
6254,35,406,3,5,1,56,1,0,0,0,0
6255,38,560,2,4,1,76,1,0,0,0,0
6256,43,833,2,3,1,72,0,0,0,0,0
6257,30,473,12,11,1,81,0,1,0,0,0
6258,31,650,2,3,1,67,0,0,0,0,0
6259,41,729,2,4,1,79,0,0,1,0,0
6260,37,791,14,12,1,74,1,0,0,0,0
6261,29,771,7,7,1,69,0,1,0,0,0
6262,23,819,1,3,1,61,0,1,0,0,0
6263,28,638,7,12,1,68,0,1,0,0,0
6264,37,751,13,15,1,83,1,0,0,1,1
6265,38,789,4,6,1,72,0,1,0,0,0
6266,22,678,1,2,1,77,0,0,0,0,0
6267,37,632,3,3,1,81,0,0,0,0,0
6268,42,736,3,2,1,68,0,0,0,0,0
6269,41,558,11,13,1,75,0,1,0,0,0
6270,39,545,13,15,1,61,0,0,0,0,0
6271,45,684,12,10,1,88,1,0,0,1,1
6272,45,912,12,13,1,68,0,0,1,0,0
6273,44,704,3,4,1,58,0,0,0,0,0
6274,34,690,2,5,1,67,0,0,0,0,0
6275,32,843,13,12,0,75,0,1,0,0,1
6276,40,666,3,6,1,80,0,0,0,0,0
6277,37,840,12,14,1,72,0,1,0,0,1
6278,41,617,4,5,1,68,0,1,0,0,0
6279,31,731,12,12,1,79,0,0,0,0,0
6280,30,789,14,10,1,81,1,0,0,1,0
6281,28,622,1,6,1,61,0,1,0,0,0
6282,39,763,13,11,1,88,0,1,1,1,1
6283,27,624,1,2,1,79,0,0,0,0,0
6284,45,737,11,10,1,96,0,0,0,0,0
6285,39,636,3,4,1,73,0,0,0,0,0
6286,24,721,2,3,0,73,0,0,1,0,0
6287,45,821,12,10,1,77,1,0,0,0,0
6288,43,676,4,6,0,74,0,1,1,0,0
6289,24,663,4,3,1,88,0,0,1,1,0
6290,33,789,14,15,1,67,1,1,0,0,0
6291,22,864,2,6,1,74,0,0,0,0,0
6292,27,707,9,8,0,86,0,0,0,0,0
6293,22,625,1,4,0,63,0,0,0,0,0
6294,38,760,12,13,1,82,1,0,0,0,0
6295,33,799,3,2,1,83,0,0,0,0,0
6296,28,753,3,3,1,64,1,0,0,0,0
6297,33,685,14,14,1,87,0,0,0,0,1
6298,32,759,3,6,1,70,0,0,0,0,0
6299,23,725,2,4,0,75,1,1,0,0,0
6300,32,828,2,5,1,88,0,0,0,1,0
6301,36,737,3,3,1,53,0,0,0,0,0
6302,38,603,2,3,1,59,1,0,1,0,0
6303,22,497,3,3,1,75,0,0,0,0,0
6304,27,627,6,11,1,72,0,1,1,0,0
6305,30,840,4,2,1,84,1,1,0,0,0
6306,29,763,3,6,1,65,1,0,0,0,0
6307,34,824,2,5,1,75,0,0,0,0,0
6308,39,586,3,4,1,82,0,0,0,1,0
6309,27,715,10,13,0,97,0,0,0,0,1
6310,43,435,12,12,1,59,0,1,0,0,0
6311,37,558,14,13,0,45,0,0,0,0,0
6312,36,682,14,15,1,77,1,0,0,0,0
6313,37,576,13,14,1,89,0,0,0,1,1
6314,24,644,2,2,1,73,0,1,0,0,0
6315,33,763,2,6,0,77,1,1,1,0,0
6316,36,715,2,6,1,81,1,1,0,1,0
6317,23,729,2,6,1,72,0,0,0,0,0
6318,45,746,4,6,0,69,0,0,0,0,0
6319,33,529,2,6,1,84,0,0,0,0,0
6320,34,892,14,12,1,59,0,1,0,0,0
6321,28,802,2,4,1,71,0,0,0,0,0
6322,35,684,2,2,0,77,0,1,0,0,0
6323,33,725,11,12,1,68,0,1,0,0,0
6324,25,559,6,12,1,77,1,1,0,0,0
6325,33,735,14,12,1,68,0,0,0,0,0
6326,23,625,1,2,1,88,0,0,0,1,0
6327,45,715,3,6,1,97,1,0,0,1,0
6328,35,768,14,13,1,70,0,0,0,0,0
6329,40,685,13,12,1,87,0,1,0,1,1
6330,34,874,4,3,1,76,0,0,0,0,0
6331,42,684,3,4,1,75,1,1,0,0,0
6332,29,613,1,6,1,81,0,0,0,1,0
6333,43,593,4,3,0,67,1,0,0,0,0
6334,36,757,4,3,1,54,0,0,0,0,0
6335,45,796,4,2,0,84,0,1,0,0,0
6336,22,649,5,5,1,70,0,0,0,0,0
6337,35,663,14,12,1,77,1,0,1,0,1
6338,22,752,1,6,1,73,0,0,0,0,0
6339,40,608,3,5,1,91,0,0,0,0,0
6340,40,826,12,10,1,61,0,0,0,0,0
6341,35,689,14,15,0,80,0,0,1,0,0
6342,43,661,3,5,1,100,1,0,0,0,0
6343,35,627,3,2,1,73,1,0,0,0,0
6344,35,689,4,5,1,74,0,0,0,0,0
6345,32,587,2,4,1,88,0,0,0,0,0
6346,23,564,3,6,1,66,0,0,1,0,0
6347,45,691,2,2,1,84,0,0,0,1,0
6348,33,602,3,6,1,61,0,0,0,0,0
6349,35,609,3,3,1,80,0,0,0,0,0
6350,24,809,3,2,1,77,0,0,0,0,0
6351,34,765,4,6,1,81,0,0,0,1,0
6352,25,661,3,5,1,88,0,0,0,0,0
6353,44,642,3,5,1,66,1,0,0,0,0
6354,26,822,3,6,1,71,1,0,0,0,0
6355,26,897,1,5,1,74,0,1,0,0,0
6356,41,631,12,10,1,77,0,1,0,0,0
6357,39,724,4,3,1,71,0,0,0,0,0
6358,38,694,12,11,1,79,0,1,1,0,0
6359,23,760,2,5,1,72,1,0,0,0,0
6360,33,738,4,6,1,84,0,0,0,0,0
6361,27,542,8,11,1,60,0,0,0,0,0
6362,39,633,12,12,0,85,0,1,1,0,1
6363,38,757,4,6,1,87,0,1,0,0,0
6364,33,736,3,3,1,47,0,1,0,0,0
6365,45,699,3,4,1,71,0,0,0,0,0
6366,32,672,4,2,0,65,1,0,1,0,0
6367,25,697,3,5,1,78,0,1,0,0,0
6368,40,747,11,14,1,61,0,0,1,0,0
6369,30,755,13,15,1,63,0,0,0,0,0
6370,45,642,2,6,1,75,0,0,1,0,0
6371,23,691,1,5,1,74,0,0,0,0,0
6372,31,468,14,11,1,73,1,1,0,0,0
6373,40,635,4,6,1,86,0,0,1,1,0
6374,44,685,14,14,1,73,0,0,0,0,0
6375,45,708,4,4,1,73,0,0,0,0,0
6376,45,644,2,3,0,84,0,0,0,0,0
6377,43,693,2,4,1,59,0,0,0,0,0
6378,29,821,10,10,0,94,1,1,0,1,1
6379,41,583,13,14,1,77,0,0,0,0,0
6380,37,586,4,2,1,59,0,0,1,0,0
6381,37,649,3,5,1,93,0,0,0,0,0
6382,36,714,11,14,1,60,0,0,0,0,0
6383,37,718,13,13,1,54,0,0,0,0,0
6384,23,693,1,6,1,77,0,0,0,0,0
6385,32,766,11,10,1,67,1,0,1,0,0
6386,39,511,14,15,1,65,0,0,0,0,0
6387,44,774,3,3,0,67,0,0,0,0,0
6388,29,950,1,6,0,75,0,1,1,0,0
6389,45,674,13,10,0,73,0,0,1,0,0
6390,33,620,4,2,1,71,1,0,0,0,0
6391,39,743,4,4,1,66,0,1,0,0,0
6392,38,680,11,14,0,79,1,0,1,0,1
6393,29,859,7,12,1,72,1,0,0,0,0
6394,42,725,3,4,1,89,0,0,0,1,0
6395,33,849,13,14,1,75,0,0,0,0,0
6396,41,611,13,13,1,67,0,0,0,0,0
6397,35,669,4,4,1,75,0,1,0,0,0
6398,41,568,11,14,1,61,0,0,0,0,0
6399,43,541,2,3,1,75,0,1,0,0,0
6400,29,728,6,12,1,62,0,0,0,0,0
6401,31,727,4,2,1,62,0,0,1,0,0
6402,23,802,3,6,0,67,1,0,0,0,0
6403,29,718,3,5,1,79,0,0,1,0,0
6404,43,692,3,5,1,82,0,0,0,1,0
6405,45,656,4,5,1,64,0,0,0,0,0
6406,28,729,1,5,1,77,0,0,0,0,0
6407,22,677,2,5,1,75,1,0,0,0,0
6408,29,693,2,6,1,76,0,0,0,0,0
6409,36,574,4,2,1,75,1,0,0,0,0
6410,41,501,3,3,1,81,0,0,1,1,0
6411,39,748,3,5,1,77,0,0,0,0,0
6412,23,690,1,2,1,80,1,0,0,0,0
6413,33,918,2,2,0,75,0,0,0,0,0
6414,22,652,4,6,1,75,0,0,1,0,0
6415,35,701,4,4,1,82,0,0,0,0,0
6416,45,738,12,10,1,74,1,1,0,0,0
6417,25,814,10,14,1,75,1,0,0,0,1
6418,33,699,2,4,1,76,0,0,0,0,0
6419,28,540,3,6,0,70,0,0,1,0,0
6420,32,766,11,15,1,74,0,0,0,0,0
6421,27,950,3,3,1,68,0,0,0,0,0
6422,41,671,12,13,0,75,0,0,0,0,0
6423,28,730,6,12,1,62,0,0,0,0,0
6424,38,745,2,6,1,76,0,0,0,0,0
6425,27,622,2,3,0,89,0,0,0,0,0
6426,24,778,2,6,0,75,1,0,0,0,0
6427,38,715,4,3,1,69,0,0,1,0,0
6428,23,844,3,5,0,61,0,0,0,0,0
6429,42,576,3,3,1,90,0,0,0,0,0
6430,29,789,2,3,1,84,0,0,0,0,0
6431,25,679,8,10,1,78,0,0,0,0,0
6432,28,582,8,7,1,63,0,0,1,0,0
6433,25,908,2,3,1,68,1,0,0,0,0
6434,44,758,13,15,1,70,0,0,1,0,0
6435,37,692,4,3,1,81,0,0,0,1,0
6436,36,590,12,10,1,85,1,0,0,0,0
6437,42,789,4,4,1,73,0,0,0,0,0
6438,42,564,2,3,1,74,0,0,0,0,0
6439,28,726,3,4,1,82,0,0,1,1,0
6440,37,653,13,14,1,56,0,0,0,0,0
6441,33,630,4,5,1,64,0,1,0,0,0
6442,22,790,5,5,0,61,0,0,0,0,0
6443,23,714,3,4,1,74,0,0,0,0,0
6444,30,766,4,5,1,88,0,0,0,1,0
6445,37,766,3,4,1,70,0,1,0,0,0
6446,27,674,3,5,1,74,1,0,0,0,0
6447,27,691,10,10,1,71,0,0,0,0,0
6448,43,617,12,13,1,68,0,0,0,0,0
6449,37,599,12,12,0,82,0,0,0,1,0
6450,44,564,2,3,1,84,0,0,0,0,0
6451,28,791,6,8,1,77,0,0,0,0,0
6452,22,616,5,5,1,95,0,0,0,0,0
6453,40,742,2,6,0,97,1,0,0,1,0
6454,23,583,2,3,0,84,0,1,0,0,0
6455,39,751,11,14,1,75,0,0,0,0,0
6456,41,774,2,5,1,76,0,0,0,0,0
6457,32,562,12,12,1,64,1,0,1,0,0
6458,30,802,3,6,1,71,1,0,1,0,0
6459,29,735,6,7,1,63,0,0,0,0,0
6460,27,783,1,6,0,68,0,0,1,0,0
6461,37,882,4,6,1,86,0,0,0,0,0
6462,29,608,3,5,1,85,0,0,0,0,0
6463,44,652,4,2,1,59,0,0,0,0,0
6464,35,906,4,5,1,73,0,0,0,0,0
6465,42,732,4,5,1,96,0,0,0,1,0
6466,23,873,2,6,0,73,0,1,0,0,0
6467,25,574,6,11,1,74,0,1,0,0,0
6468,23,854,1,4,1,81,0,1,0,1,0
6469,30,712,13,13,1,78,0,0,1,0,0
6470,30,678,14,13,1,77,0,1,0,0,0
6471,32,521,4,2,1,70,0,0,1,0,0
6472,26,647,2,2,0,69,1,0,1,0,0
6473,41,717,11,14,1,78,0,0,0,0,0
6474,27,618,3,2,1,59,0,1,0,0,0
6475,37,478,4,2,1,71,0,0,0,0,0
6476,42,714,13,14,1,88,0,0,0,1,1
6477,41,758,12,13,1,77,0,0,1,0,0
6478,35,685,13,12,1,82,0,0,0,1,1
6479,30,640,3,4,1,60,1,1,0,0,0
6480,27,716,9,10,1,70,0,0,0,0,0
6481,24,936,1,4,1,84,0,0,1,0,0
6482,26,719,3,2,1,81,0,0,0,1,0
6483,44,563,2,6,0,89,0,0,0,1,0
6484,23,656,2,6,1,82,0,1,0,0,0
6485,31,690,14,11,1,80,1,0,1,0,0
6486,36,615,13,10,0,51,0,0,1,0,0
6487,35,643,11,12,1,61,1,0,0,0,0
6488,45,807,4,6,0,75,0,0,0,0,0
6489,25,668,7,11,0,60,0,0,0,0,0
6490,25,872,3,2,0,65,0,0,0,0,0
6491,40,684,12,11,1,79,0,0,0,0,0
6492,35,550,14,12,1,54,0,0,0,0,0
6493,39,645,2,3,0,80,0,1,0,0,0
6494,22,492,3,6,1,92,0,1,0,1,0
6495,29,763,8,10,1,62,1,0,0,0,0
6496,39,629,12,13,1,59,0,0,0,0,0
6497,40,794,2,6,1,84,1,0,0,1,0
6498,34,813,11,11,0,82,0,0,0,1,0
6499,35,773,3,6,1,66,0,1,0,0,0
6500,37,722,4,3,1,76,0,0,0,0,0
6501,32,815,13,14,1,68,1,0,0,0,0
6502,33,777,11,13,1,63,0,0,0,0,0
6503,41,612,13,15,1,88,0,0,0,1,1
6504,42,629,2,6,1,73,0,1,0,0,0
6505,25,702,3,4,1,83,1,1,0,0,0
6506,43,619,3,6,0,72,0,0,0,0,0
6507,30,768,11,13,0,89,1,0,0,0,1
6508,24,593,2,4,1,75,0,0,0,0,0
6509,33,810,13,12,1,76,1,0,0,0,1
6510,29,701,3,2,0,46,0,0,0,0,0
6511,42,637,11,15,0,60,0,0,1,0,0
6512,42,639,12,14,1,61,0,0,0,0,0
6513,45,570,13,13,1,81,0,0,0,0,0
6514,25,887,1,2,1,76,0,0,0,0,0
6515,39,575,14,11,1,76,0,1,0,0,0
6516,31,651,4,2,0,74,0,1,0,0,0
6517,43,754,11,15,1,78,0,0,0,0,0
6518,38,658,3,3,1,95,0,0,0,1,0
6519,37,694,13,11,1,72,1,1,1,0,0
6520,43,682,3,2,1,77,0,1,0,0,0
6521,24,757,1,2,1,72,0,1,0,0,0
6522,39,850,12,11,1,76,1,0,1,0,0
6523,26,699,1,5,1,78,0,0,0,0,0
6524,31,748,12,14,0,88,1,0,1,1,1
6525,22,782,1,4,1,69,0,0,0,0,0
6526,43,675,14,10,1,68,0,0,1,0,0
6527,35,558,4,2,1,88,0,0,0,1,0
6528,33,493,14,11,1,60,0,1,0,0,0
6529,37,783,2,6,1,84,0,0,1,1,0
6530,29,644,8,10,1,65,1,0,1,0,0
6531,36,673,14,14,1,100,0,0,0,1,1
6532,30,694,11,15,1,88,0,0,0,0,1
6533,44,736,13,15,1,71,0,0,0,0,0
6534,38,740,4,5,1,100,0,0,0,1,0
6535,43,634,2,2,1,80,0,0,0,0,0
6536,31,754,11,15,1,79,0,0,0,0,0
6537,42,637,12,14,0,71,0,0,0,0,0
6538,40,644,3,4,0,72,0,0,0,0,0
6539,44,570,3,6,1,72,0,0,1,0,0
6540,30,803,11,10,1,79,0,0,0,0,0
6541,32,400,13,15,1,73,0,1,0,0,0
6542,45,568,13,13,0,87,0,0,0,1,1
6543,28,527,2,2,1,74,0,1,0,0,0
6544,31,809,12,11,0,86,1,0,0,1,1
6545,39,526,11,10,1,89,0,1,1,0,0
6546,27,821,1,5,0,79,0,0,0,0,0
6547,42,696,2,6,1,91,0,1,0,1,0
6548,28,857,7,9,1,75,1,0,0,0,0
6549,27,631,2,2,1,69,0,0,1,0,0
6550,31,748,4,2,0,81,0,0,0,1,0
6551,41,471,14,12,1,74,0,0,0,0,0
6552,33,795,4,3,0,65,0,0,0,0,0
6553,39,756,4,3,1,96,0,1,1,1,0
6554,31,724,11,13,1,63,0,1,0,0,0
6555,42,568,2,6,1,72,0,0,0,0,0
6556,29,816,3,4,1,77,0,0,1,0,0
6557,29,706,9,12,1,84,0,0,0,0,0
6558,33,624,3,5,1,85,0,0,0,1,0
6559,23,709,1,3,1,81,0,0,0,1,0
6560,37,671,14,13,1,84,0,0,0,1,1
6561,24,635,3,4,0,75,0,0,0,0,0
6562,31,780,4,3,1,76,0,0,0,0,0
6563,24,629,3,2,1,85,0,0,0,0,0
6564,29,635,2,2,1,73,0,0,0,0,0
6565,27,729,3,4,1,72,1,0,0,0,0
6566,26,722,10,12,1,68,1,0,0,0,0
6567,32,585,13,15,0,76,0,0,0,0,0
6568,32,598,11,10,1,78,0,0,0,0,0
6569,28,714,3,4,1,68,0,0,0,0,0
6570,41,692,4,2,1,60,1,0,1,0,0
6571,38,735,12,13,1,82,1,0,1,0,1
6572,26,570,1,6,0,70,0,0,0,0,0
6573,25,748,2,5,1,70,1,0,0,0,0
6574,26,590,8,12,0,62,1,0,0,0,0
6575,41,662,3,5,1,88,1,1,0,1,0
6576,45,705,4,6,1,87,1,0,0,0,0
6577,28,813,2,2,1,90,1,0,0,0,0
6578,37,713,14,13,0,79,0,1,1,0,1
6579,24,891,3,3,1,68,0,0,0,0,0
6580,27,646,2,2,1,56,0,0,0,0,0
6581,22,725,3,4,1,79,0,0,1,0,0
6582,34,835,2,2,1,70,1,0,0,0,0
6583,45,645,3,4,1,88,0,0,1,1,0
6584,29,685,3,5,1,89,1,1,0,0,0
6585,39,664,12,11,1,79,0,0,0,0,0
6586,41,873,4,2,1,78,0,0,0,0,0
6587,27,689,3,5,1,65,0,0,0,0,0
6588,34,792,3,5,1,85,0,0,0,1,0
6589,30,507,14,11,1,77,0,0,1,0,0
6590,22,772,3,6,1,73,1,0,0,0,0
6591,40,673,13,10,1,71,0,0,0,0,0
6592,38,876,3,3,0,61,0,0,0,0,0
6593,41,631,13,11,1,78,0,0,0,0,0
6594,45,836,4,3,0,64,0,0,0,0,0
6595,43,689,13,12,1,65,0,0,0,0,0
6596,24,706,1,5,1,72,0,0,0,0,0
6597,32,923,13,11,1,67,0,0,0,0,0
6598,27,700,3,2,1,89,0,1,1,1,0
6599,27,599,2,5,1,89,1,0,0,1,0
6600,44,754,14,13,1,70,1,0,0,0,0
6601,23,442,1,2,1,76,0,0,0,0,0
6602,44,718,11,14,1,65,1,0,0,0,0
6603,40,603,2,2,1,70,0,0,0,0,0
6604,37,778,11,12,1,83,0,0,0,0,0
6605,41,787,13,14,1,89,1,0,0,1,1
6606,31,695,12,11,1,63,0,1,0,0,0
6607,22,812,2,3,1,66,0,0,1,0,0
6608,33,606,4,5,0,72,0,0,0,0,0
6609,37,625,4,3,1,62,0,0,1,0,0
6610,45,649,3,6,1,65,0,1,0,0,0
6611,40,462,3,6,1,84,0,0,0,0,0
6612,39,779,13,14,1,82,0,0,0,1,1
6613,26,656,2,5,1,78,0,0,0,0,0
6614,39,706,2,5,1,77,0,1,0,0,0
6615,27,635,7,10,1,78,1,0,0,0,0
6616,23,652,5,5,0,77,1,0,1,0,0
6617,42,874,4,5,1,80,0,0,1,0,0
6618,23,808,3,6,1,75,0,0,1,0,0
6619,31,652,11,15,1,86,0,1,1,0,1
6620,24,655,3,3,1,79,0,0,0,0,0
6621,40,859,3,5,1,69,0,0,0,0,0
6622,37,617,14,14,1,79,1,0,1,0,1
6623,36,585,14,15,1,73,0,0,0,0,0
6624,35,673,13,14,1,67,1,0,0,0,0
6625,42,694,13,10,1,74,0,0,0,0,0
6626,38,634,11,10,1,97,0,0,0,1,1
6627,25,690,6,9,1,78,0,0,0,0,0
6628,25,674,8,10,1,91,0,0,0,0,0
6629,33,575,12,12,1,64,0,0,0,0,0
6630,32,651,14,15,1,76,0,0,0,0,0
6631,30,570,2,5,1,80,0,1,0,0,0
6632,29,723,2,4,1,68,0,0,0,0,0
6633,36,760,11,11,1,83,1,1,0,1,1
6634,38,595,3,5,1,75,0,0,0,0,0
6635,30,531,4,3,1,83,0,0,0,0,0
6636,34,656,13,13,0,86,0,0,1,0,1
6637,33,559,11,12,1,65,1,1,0,0,0
6638,38,769,13,10,0,86,0,0,0,0,0
6639,22,682,2,6,1,81,0,0,0,1,0
6640,43,753,12,15,1,79,0,0,0,0,0
6641,36,752,2,6,1,69,1,0,1,0,0
6642,30,642,12,10,1,79,1,0,0,0,0
6643,24,413,3,4,1,68,1,0,0,0,0
6644,33,856,13,10,1,69,0,1,0,0,0
6645,37,664,4,3,0,78,0,0,0,0,0
6646,36,950,12,15,0,63,0,0,1,0,0
6647,44,656,3,2,0,88,0,0,0,0,0
6648,37,670,2,2,1,81,0,0,0,1,0
6649,42,723,14,14,1,82,0,0,0,1,1
6650,22,799,4,6,1,74,1,0,0,0,0
6651,42,760,2,6,1,61,0,1,0,0,0
6652,25,691,2,4,1,69,0,0,0,0,0
6653,41,762,11,11,1,87,0,1,0,0,0
6654,25,833,10,11,1,69,0,0,1,0,0
6655,40,602,14,10,1,76,0,0,1,0,0
6656,24,647,1,2,1,89,0,1,1,0,0
6657,25,663,1,5,0,94,0,0,0,1,0
6658,36,684,3,6,0,89,0,0,0,0,0
6659,24,668,3,6,1,68,0,1,0,0,0
6660,27,763,1,6,0,60,0,0,0,0,0
6661,41,783,12,13,1,82,1,1,1,0,1
6662,23,792,1,6,1,70,0,0,0,0,0
6663,41,584,4,4,0,82,0,0,0,1,0
6664,43,725,4,2,1,52,1,0,0,0,0
6665,36,732,12,15,1,75,0,1,0,0,0
6666,37,649,13,15,1,62,0,0,0,0,0
6667,44,732,13,14,0,72,0,1,0,0,0
6668,39,632,4,5,0,71,1,0,0,0,0
6669,25,443,3,3,0,85,1,0,0,1,0
6670,29,598,8,11,1,72,0,0,0,0,0
6671,34,698,2,3,1,82,1,0,0,1,0
6672,28,950,6,8,1,71,1,0,0,0,0
6673,23,731,1,3,1,79,1,0,0,0,0
6674,42,711,2,4,1,73,0,0,1,0,0
6675,35,803,2,6,1,76,1,0,0,0,0
6676,22,802,5,5,1,57,0,0,1,0,0
6677,35,588,14,12,1,78,0,0,0,0,0
6678,25,675,9,12,1,72,0,0,1,0,0
6679,36,628,11,10,1,64,0,0,1,0,0
6680,30,709,12,13,1,88,0,0,1,1,1
6681,35,795,12,12,1,59,0,1,0,0,0
6682,31,739,4,6,1,53,1,0,1,0,0
6683,42,524,13,11,1,78,0,0,1,0,0
6684,38,565,4,4,1,54,0,0,0,0,0
6685,25,744,9,9,1,79,1,0,0,0,0
6686,26,620,2,5,1,99,1,0,0,0,0
6687,36,746,4,4,0,72,0,0,0,0,0
6688,26,655,2,5,1,72,0,0,1,0,0
6689,33,632,12,11,1,81,1,0,0,1,0
6690,32,655,3,4,1,76,0,0,1,0,0
6691,37,536,3,3,1,75,0,0,0,0,0
6692,26,694,10,11,1,70,0,0,0,0,0
6693,22,647,1,6,1,80,0,0,0,0,0
6694,34,661,2,5,0,77,0,0,0,0,0
6695,37,513,2,3,1,71,0,0,1,0,0
6696,36,670,3,5,0,72,0,0,1,0,0
6697,27,833,3,6,1,81,1,1,0,0,0
6698,40,737,11,15,1,82,1,1,0,1,1
6699,33,683,11,12,1,62,0,0,0,0,0
6700,25,637,9,11,1,67,0,0,0,0,0
6701,32,569,2,5,1,67,1,0,0,0,0
6702,42,668,4,2,1,87,1,1,0,1,0
6703,42,656,3,6,1,61,0,0,0,0,0
6704,27,690,8,9,1,80,1,0,0,0,0
6705,25,746,1,5,1,83,0,0,0,0,0
6706,33,460,3,3,1,84,0,0,0,0,0
6707,34,676,4,2,1,65,0,0,0,0,0
6708,34,665,12,14,1,99,1,0,1,0,1
6709,39,725,2,6,1,88,0,0,1,1,0
6710,25,650,6,11,1,72,0,0,0,0,0
6711,25,777,1,5,1,70,1,0,0,0,0
6712,33,803,14,10,1,56,0,0,0,0,0
6713,30,778,11,13,0,70,1,0,0,0,0
6714,25,702,10,15,1,80,0,0,0,0,0
6715,44,775,13,11,1,69,0,0,0,0,0
6716,25,564,3,6,1,85,0,0,0,0,0
6717,31,567,13,12,0,80,0,0,0,0,0
6718,26,563,6,10,1,75,0,0,1,0,0
6719,44,679,12,15,1,85,0,0,1,1,1
6720,30,776,3,4,1,68,0,1,0,0,0
6721,33,950,12,13,1,70,0,0,0,0,0
6722,42,683,12,10,0,65,1,1,0,0,0
6723,23,623,3,6,0,72,0,1,0,0,0
6724,32,570,4,5,1,76,0,0,0,0,0
6725,42,489,2,4,0,50,0,1,1,0,0
6726,40,782,12,13,0,72,0,0,1,0,0
6727,25,687,3,4,1,86,0,1,1,0,0
6728,40,691,14,10,1,100,0,0,0,0,0
6729,41,758,11,15,1,99,1,1,0,0,1
6730,24,762,2,6,1,77,0,1,0,0,0
6731,37,631,13,12,1,54,0,0,0,0,0
6732,25,757,1,4,0,89,0,0,0,1,0
6733,44,653,13,12,1,77,0,1,0,0,0
6734,37,704,14,10,1,73,0,0,0,0,0
6735,30,719,14,11,1,72,0,0,1,0,0
6736,39,671,3,4,1,67,0,1,0,0,0
6737,40,815,2,2,1,78,1,0,0,0,0
6738,22,610,3,3,0,76,0,0,0,0,0
6739,38,749,4,4,1,74,1,0,1,0,0
6740,30,572,14,12,1,81,0,0,0,1,0
6741,42,548,11,12,1,79,0,0,0,0,0
6742,39,586,2,3,1,70,0,0,0,0,0
6743,29,635,10,10,0,89,0,0,0,1,1
6744,40,573,2,3,1,84,0,0,0,0,0
6745,36,783,12,10,0,69,1,1,0,0,0
6746,33,543,4,5,0,68,0,0,0,0,0
6747,23,834,3,3,1,54,0,0,0,0,0
6748,24,725,1,4,1,69,0,1,0,0,0
6749,38,727,14,12,1,82,1,0,0,1,1
6750,33,597,3,3,1,71,0,0,0,0,0
6751,35,664,3,2,0,66,0,0,0,0,0
6752,35,845,3,4,1,90,0,0,0,1,0
6753,38,777,3,6,0,58,1,0,0,0,0
6754,26,516,1,5,1,71,0,1,0,0,0
6755,36,629,11,13,1,71,0,0,0,0,0
6756,27,772,6,11,1,93,1,0,0,0,0
6757,45,804,14,14,1,87,0,0,0,1,1
6758,23,794,5,2,1,76,0,0,0,0,0
6759,29,716,3,2,1,81,0,0,1,1,0
6760,44,648,13,11,0,51,0,1,0,0,0
6761,26,707,1,3,1,73,0,0,0,0,0
6762,23,669,3,2,0,80,0,0,0,0,0
6763,26,759,7,11,1,61,1,0,0,0,0
6764,41,703,11,13,1,90,1,0,0,0,1
6765,31,680,4,5,1,79,1,0,0,0,0
6766,45,734,12,12,1,60,0,0,0,0,0
6767,33,739,12,13,0,66,0,0,0,0,0
6768,43,641,3,5,1,82,0,0,0,1,0
6769,35,525,4,2,1,79,0,0,0,0,0
6770,22,570,1,2,1,77,0,0,0,0,0
6771,25,950,9,7,1,81,0,0,0,0,0
6772,34,730,13,13,1,69,0,1,0,0,0
6773,37,691,3,2,0,86,0,0,0,0,0
6774,24,578,4,6,1,87,0,0,0,0,0
6775,45,636,12,14,1,80,1,0,1,0,1
6776,32,672,13,12,1,77,0,0,0,0,0
6777,40,630,12,13,1,96,0,1,0,0,1
6778,23,731,1,4,0,80,0,0,0,0,0
6779,37,831,4,6,1,79,1,0,0,0,0
6780,28,604,7,11,0,66,0,0,0,0,0
6781,42,609,3,2,0,93,0,1,0,1,0
6782,40,480,2,6,0,77,1,0,0,0,0
6783,24,880,1,5,1,82,0,0,0,1,0
6784,38,796,2,6,0,76,0,0,0,0,0
6785,25,711,6,10,1,66,0,1,0,0,0
6786,41,634,14,14,1,67,0,0,1,0,0
6787,28,831,9,8,1,69,1,0,0,0,0
6788,23,511,4,5,1,80,0,0,0,0,0
6789,39,696,14,11,1,72,0,0,1,0,0
6790,30,802,11,11,0,76,0,0,0,0,0
6791,33,728,13,15,0,75,0,0,0,0,0
6792,31,790,11,12,0,75,1,1,1,0,1
6793,27,707,6,8,0,71,0,0,0,0,0
6794,37,593,14,11,0,64,1,0,1,0,0
6795,45,762,11,15,1,79,0,0,0,0,0
6796,22,762,4,6,1,60,0,0,0,0,0
6797,34,707,4,3,1,70,0,1,0,0,0
6798,37,784,3,5,1,88,0,1,0,1,0
6799,26,712,2,4,1,64,0,0,0,0,0
6800,24,636,3,3,1,68,0,1,0,0,0
6801,35,721,2,5,0,66,1,0,0,0,0
6802,22,703,1,5,1,98,0,0,0,1,0
6803,25,743,9,12,1,75,1,0,0,0,0
6804,30,883,13,15,1,75,0,0,0,0,0
6805,27,739,6,8,1,70,0,1,0,0,0
6806,30,795,2,6,0,82,0,0,0,1,0
6807,40,669,4,6,1,66,0,0,0,0,0
6808,28,775,7,12,1,89,1,0,0,1,1
6809,24,858,1,2,1,62,0,0,0,0,0
6810,38,794,12,11,0,68,0,0,1,0,0
6811,43,599,13,10,1,77,0,0,0,0,0
6812,26,774,8,11,1,59,0,0,0,0,0
6813,28,856,6,12,0,91,1,1,0,1,1
6814,38,793,13,15,1,80,1,1,1,0,1
6815,27,724,8,9,1,94,0,0,0,1,0
6816,44,555,2,2,1,83,0,0,0,0,0
6817,31,614,13,11,1,98,0,1,0,1,1
6818,29,569,3,4,1,70,0,0,0,0,0
6819,28,733,6,7,1,82,1,1,0,0,0
6820,26,721,2,2,1,67,1,0,0,0,0
6821,24,607,1,3,1,57,0,0,0,0,0
6822,29,729,2,2,1,59,1,0,0,0,0
6823,24,718,5,5,1,75,0,0,0,0,0
6824,33,666,13,13,0,86,0,0,0,1,1
6825,37,671,3,5,1,80,0,0,0,0,0
6826,37,657,3,5,1,81,0,0,0,0,0
6827,44,725,3,2,1,85,0,0,0,1,0
6828,43,731,3,2,1,68,0,0,0,0,0
6829,39,657,14,12,1,69,1,0,0,0,0
6830,25,746,1,2,1,63,0,0,0,0,0
6831,26,852,2,3,1,74,0,0,0,0,0
6832,22,772,4,2,0,87,0,1,0,0,0
6833,35,655,14,10,0,72,0,0,1,0,0
6834,44,777,13,11,1,68,1,0,0,0,0
6835,40,792,12,12,1,63,0,0,0,0,0
6836,31,652,12,12,1,70,1,0,0,0,0
6837,29,422,6,12,1,83,1,0,0,0,0
6838,23,607,2,6,1,75,1,0,1,0,0
6839,30,624,12,14,0,70,0,0,0,0,0
6840,34,722,13,15,1,73,0,0,0,0,0
6841,42,685,2,2,1,79,1,0,0,0,0
6842,26,732,8,11,0,71,1,1,1,0,0
6843,34,767,3,2,1,66,0,0,0,0,0
6844,42,829,2,4,0,85,0,0,0,0,0
6845,40,629,3,3,1,91,0,0,1,1,0
6846,33,714,11,14,0,80,0,0,0,0,0
6847,40,618,4,6,0,80,0,0,0,0,0
6848,33,789,2,3,1,62,0,1,0,0,0
6849,42,693,11,15,1,68,0,0,1,0,0
6850,31,747,12,10,0,70,0,1,0,0,0
6851,27,594,6,11,1,67,0,0,0,0,0
6852,23,688,3,6,1,77,0,0,0,0,0
6853,28,598,1,6,1,81,0,0,0,0,0
6854,45,715,3,3,1,64,0,1,0,0,0
6855,36,950,12,13,1,69,0,0,0,0,0
6856,30,701,4,2,1,68,0,0,0,0,0
6857,26,625,1,2,1,62,1,0,0,0,0
6858,40,436,13,10,0,75,0,0,0,0,0
6859,36,943,3,5,1,58,0,1,0,0,0
6860,38,881,12,15,1,72,0,0,0,0,0
6861,38,627,13,14,1,61,0,0,0,0,0
6862,31,634,2,4,1,77,0,0,0,0,0
6863,23,769,1,4,1,67,1,0,1,0,0
6864,27,789,2,5,1,66,0,0,1,0,0
6865,29,709,2,3,1,71,1,0,1,0,0
6866,34,797,13,10,1,61,0,0,0,0,0
6867,32,718,11,10,0,53,0,0,0,0,0
6868,44,772,2,6,0,75,0,0,1,0,0
6869,27,722,1,2,1,78,0,0,0,0,0
6870,45,825,3,2,0,82,0,1,1,1,0
6871,45,636,4,5,1,77,0,0,0,0,0
6872,27,670,2,2,0,79,0,1,0,0,0
6873,25,706,3,2,1,78,0,0,0,0,0
6874,27,549,8,10,1,67,0,1,0,0,0
6875,30,870,3,4,1,63,0,0,0,0,0
6876,44,509,4,5,0,58,1,0,0,0,0
6877,32,577,13,12,0,65,0,0,0,0,0
6878,35,804,3,6,0,73,0,0,0,0,0
6879,33,761,14,10,0,67,0,1,0,0,0
6880,24,604,1,4,1,86,0,1,0,0,0
6881,39,714,3,6,1,75,0,0,0,0,0
6882,36,753,13,10,1,69,0,0,0,0,0
6883,34,821,11,10,1,69,0,0,1,0,0
6884,43,896,2,5,1,76,0,0,0,0,0
6885,36,811,11,15,1,76,0,0,0,0,0
6886,37,649,14,10,1,71,0,1,1,0,0
6887,25,689,6,11,1,86,0,0,1,0,0
6888,35,807,14,13,1,76,0,1,1,0,1
6889,38,718,13,11,1,79,0,1,0,0,0
6890,28,908,7,9,1,70,0,0,0,0,0
6891,42,704,3,3,1,76,0,1,1,0,0
6892,33,771,2,6,1,68,0,0,0,0,0
6893,31,765,11,11,0,75,0,1,1,0,0
6894,43,641,13,12,1,76,0,1,1,0,1
6895,44,571,11,14,0,63,0,0,0,0,0
6896,24,780,5,4,1,60,0,0,0,0,0
6897,36,589,2,6,0,67,0,0,0,0,0
6898,28,624,7,7,1,75,0,0,1,0,0
6899,24,726,3,3,1,88,0,0,1,1,0
6900,29,723,6,12,1,94,0,0,0,1,1
6901,45,716,13,14,1,79,0,1,0,0,0
6902,24,689,4,6,0,86,0,0,0,1,0
6903,41,817,2,5,1,80,0,0,1,0,0
6904,32,767,4,4,1,38,1,0,1,0,0
6905,38,716,2,2,1,62,0,0,0,0,0
6906,33,507,12,10,1,82,1,0,1,1,0
6907,27,529,3,6,1,87,0,0,0,1,0
6908,43,707,2,4,1,66,0,1,0,0,0
6909,28,829,10,11,1,76,0,1,0,0,0
6910,42,811,4,6,1,90,0,0,0,0,0
6911,36,591,2,4,1,59,0,0,1,0,0
6912,33,655,13,15,0,69,0,0,1,0,0
6913,22,859,3,2,1,66,0,0,0,0,0
6914,26,803,2,3,1,70,0,0,1,0,0
6915,33,546,14,13,1,95,0,0,1,1,1
6916,45,764,13,12,1,79,0,0,0,0,0
6917,27,820,6,7,1,78,0,1,0,0,0
6918,36,680,2,4,1,93,1,0,1,1,0
6919,45,678,13,15,0,83,1,1,0,1,1
6920,24,556,4,3,1,78,0,0,0,0,0
6921,26,900,3,2,1,77,0,1,0,0,0
6922,40,748,4,3,0,94,1,0,1,1,0
6923,38,632,14,15,0,76,0,0,0,0,0
6924,45,894,11,13,1,72,0,0,0,0,0
6925,40,442,14,13,1,61,0,0,0,0,0
6926,44,774,13,15,1,83,0,0,1,0,0
6927,29,893,9,7,1,59,1,0,0,0,0
6928,41,786,12,11,1,61,0,0,1,0,0
6929,39,636,11,15,1,72,0,0,1,0,0
6930,34,649,4,3,1,100,1,0,0,1,0
6931,30,674,11,11,1,64,0,0,0,0,0
6932,44,576,4,3,1,68,1,0,0,0,0
6933,34,739,12,14,1,61,0,0,0,0,0
6934,36,687,13,10,1,74,0,0,0,0,0
6935,33,730,13,11,1,81,0,0,0,0,0
6936,34,771,13,11,1,85,0,1,0,0,0
6937,41,855,2,4,1,71,0,0,0,0,0
6938,32,476,12,12,1,80,1,0,0,0,0
6939,32,791,3,2,1,62,0,0,0,0,0
6940,23,900,2,2,1,64,0,0,0,0,0
6941,37,810,3,4,1,84,0,0,1,0,0
6942,29,620,7,7,0,84,0,0,1,1,0
6943,41,498,13,12,1,61,0,0,0,0,0
6944,42,524,4,3,0,75,0,0,0,0,0
6945,22,856,3,2,1,86,0,0,0,0,0
6946,34,809,4,3,1,66,0,0,1,0,0
6947,42,702,13,14,1,69,0,0,0,0,0
6948,41,873,13,15,1,80,0,0,0,0,0
6949,28,588,6,11,1,78,0,0,0,0,0
6950,42,578,12,11,1,76,0,0,0,0,0
6951,37,743,3,4,1,76,1,0,0,0,0
6952,38,678,11,13,1,75,0,0,0,0,0
6953,22,573,3,2,1,72,0,1,0,0,0
6954,40,689,3,3,1,68,0,0,0,0,0
6955,25,816,7,7,1,68,0,0,0,0,0
6956,23,728,2,4,1,63,0,0,0,0,0
6957,33,571,13,10,1,82,0,0,0,0,0
6958,33,845,11,15,0,74,1,1,1,0,1
6959,36,708,13,15,1,100,0,0,0,0,1
6960,23,623,2,3,1,70,0,0,0,0,0
6961,28,796,6,12,1,71,1,0,0,0,0
6962,29,430,3,5,1,71,0,1,0,0,0
6963,37,758,4,3,0,70,0,0,0,0,0
6964,32,823,13,12,1,78,0,0,1,0,1
6965,32,735,13,14,0,88,0,0,0,0,1
6966,26,638,7,7,0,63,0,0,0,0,0
6967,37,721,3,6,1,75,1,0,0,0,0
6968,22,673,3,6,1,90,1,0,0,1,0
6969,45,599,2,4,1,77,1,0,0,0,0
6970,44,838,4,6,1,96,0,1,0,1,0
6971,43,786,3,3,1,66,0,0,0,0,0
6972,22,641,3,3,1,72,0,0,0,0,0
6973,25,720,1,6,1,74,0,1,0,0,0
6974,44,815,12,15,1,89,0,1,1,1,1
6975,26,708,10,10,1,72,1,0,0,0,0
6976,25,770,8,11,1,76,0,0,0,0,0
6977,40,680,3,2,1,61,0,0,1,0,0
6978,29,494,9,9,1,61,0,0,1,0,0
6979,43,701,4,5,1,68,0,0,0,0,0
6980,23,684,5,4,1,75,0,1,0,0,0
6981,40,640,12,11,1,64,1,0,0,0,0
6982,44,674,2,3,1,80,1,1,0,0,0
6983,39,716,11,11,1,76,0,0,1,0,0
6984,44,801,13,13,1,69,0,1,0,0,0
6985,40,727,13,12,0,87,0,0,0,0,1
6986,43,698,14,10,1,86,0,0,0,0,0
6987,43,804,12,14,0,70,0,0,0,0,0
6988,33,687,11,13,1,65,0,1,0,0,0
6989,44,880,3,4,1,80,0,0,0,0,0
6990,42,662,13,11,1,84,0,1,0,1,0
6991,44,681,13,15,0,87,0,0,0,0,1
6992,38,626,2,6,1,64,0,0,0,0,0
6993,39,803,14,14,1,67,1,1,0,0,1
6994,32,805,2,4,0,78,0,0,0,0,0
6995,42,577,3,4,0,83,0,0,0,0,0
6996,24,667,2,3,1,73,0,0,0,0,0
6997,24,719,3,2,1,76,0,0,0,0,0
6998,39,682,4,3,1,84,0,0,0,0,0
6999,31,640,4,6,1,78,0,0,0,0,0
7000,35,789,3,4,1,76,0,1,0,0,0
7001,25,767,9,11,1,72,0,0,0,0,0
7002,27,736,7,7,0,92,0,0,0,0,0
7003,35,699,3,6,1,87,0,0,0,0,0
7004,30,864,4,6,1,61,1,0,0,0,0
7005,26,601,6,12,1,74,0,0,1,0,0
7006,39,712,3,3,0,66,0,1,1,0,0
7007,43,629,4,3,1,93,0,0,0,1,0
7008,23,728,2,5,1,65,0,0,0,0,0
7009,39,783,4,5,1,55,0,1,0,0,0
7010,28,659,9,12,1,71,0,0,1,0,0
7011,34,907,12,15,1,65,1,0,0,0,0
7012,39,832,11,11,1,69,0,0,0,0,0
7013,33,707,3,6,0,69,0,0,0,0,0
7014,34,879,3,5,1,66,0,1,0,0,0
7015,35,582,14,15,1,80,0,0,1,0,0
7016,25,749,9,8,0,78,0,0,0,0,0
7017,45,680,11,13,1,66,0,0,0,0,0
7018,38,848,11,15,1,90,0,0,1,0,1
7019,30,741,2,5,1,80,1,1,0,0,0
7020,25,630,10,10,1,94,0,0,0,0,0
7021,24,920,5,4,1,72,0,0,0,0,0
7022,42,655,2,3,1,76,0,0,0,0,0
7023,37,681,14,10,1,73,0,1,0,0,0
7024,23,692,1,4,0,76,0,0,1,0,0
7025,24,849,3,4,1,71,0,0,0,0,0
7026,24,851,5,3,1,80,0,1,1,0,0
7027,32,607,4,6,0,76,0,0,0,0,0
7028,42,733,4,6,1,84,0,0,1,0,0
7029,33,751,13,12,1,76,0,0,0,0,0
7030,25,687,6,10,0,83,0,0,0,0,0
7031,25,855,6,12,1,80,0,0,0,0,0
7032,43,642,3,3,1,59,0,0,0,0,0
7033,22,744,3,3,1,85,0,0,0,0,0
7034,38,853,2,6,1,70,0,0,0,0,0
7035,29,706,10,11,0,64,0,0,0,0,0
7036,36,704,4,3,1,69,1,0,0,0,0
7037,29,729,3,2,0,89,0,0,0,1,0
7038,39,815,14,10,1,59,0,0,0,0,0
7039,25,571,1,2,1,67,0,0,0,0,0
7040,30,941,11,14,0,98,0,1,0,0,1
7041,24,734,3,5,0,86,1,0,0,1,0
7042,22,511,3,2,1,74,0,0,0,0,0
7043,23,627,1,6,1,81,0,0,0,1,0
7044,31,762,4,3,1,85,0,0,0,0,0
7045,34,649,14,10,1,83,0,0,1,1,0
7046,23,753,4,6,1,70,0,0,0,0,0
7047,40,649,2,3,1,69,0,0,0,0,0
7048,22,767,2,3,1,76,0,0,1,0,0
7049,42,639,3,3,1,62,0,0,0,0,0
7050,22,674,3,6,0,72,0,0,0,0,0
7051,23,883,1,4,1,77,0,0,0,0,0
7052,43,680,12,12,1,92,0,1,0,1,1
7053,36,603,2,4,1,63,0,0,0,0,0
7054,38,891,2,5,1,71,0,0,0,0,0
7055,32,722,14,15,1,72,0,1,0,0,0
7056,23,637,2,3,1,63,0,0,1,0,0
7057,31,670,14,14,1,62,0,1,0,0,0
7058,23,779,2,5,1,66,1,0,0,0,0
7059,39,648,13,11,1,65,0,0,0,0,0
7060,36,633,3,3,0,82,0,0,0,0,0
7061,27,581,2,3,1,92,0,0,1,1,0
7062,35,792,14,14,0,59,0,1,1,0,0
7063,32,686,4,6,1,66,0,0,1,0,0
7064,35,886,3,4,1,82,0,0,0,1,0
7065,34,588,3,2,1,97,0,0,1,0,0
7066,33,600,13,15,1,80,0,0,1,0,0
7067,44,661,4,4,0,83,0,0,1,1,0
7068,30,678,13,12,1,79,0,0,0,0,0
7069,45,659,11,13,0,75,1,1,0,0,1
7070,38,758,3,2,1,80,0,0,0,0,0
7071,38,864,4,6,1,75,0,1,0,0,0
7072,30,741,3,6,1,58,0,0,0,0,0
7073,26,720,9,7,1,72,0,0,0,0,0
7074,42,702,3,6,1,87,0,1,0,0,0
7075,42,709,13,14,1,68,0,0,0,0,0
7076,23,889,1,4,1,77,0,0,0,0,0
7077,24,670,2,5,0,63,0,0,0,0,0
7078,25,664,7,12,1,88,1,1,0,0,1
7079,27,743,6,9,1,67,0,0,0,0,0
7080,26,567,7,12,1,81,0,0,0,1,0
7081,39,547,2,2,1,76,1,0,0,0,0
7082,32,797,12,15,1,89,0,0,0,0,1
7083,27,689,1,6,0,74,0,0,1,0,0
7084,22,660,3,2,1,70,1,0,0,0,0
7085,43,685,11,14,1,60,0,1,0,0,0
7086,35,667,14,15,1,72,0,0,0,0,0
7087,32,657,11,14,1,80,0,0,1,0,0
7088,30,909,2,2,1,83,0,0,0,1,0
7089,31,681,11,15,1,76,0,0,0,0,0
7090,36,764,11,13,1,69,0,0,0,0,0
7091,36,764,2,5,0,85,0,0,0,0,0
7092,30,630,2,2,0,84,0,0,1,0,0
7093,38,790,3,2,1,76,1,0,0,0,0
7094,42,915,2,2,1,81,0,0,0,0,0
7095,28,532,2,4,1,81,0,0,0,0,0
7096,39,612,4,4,1,69,0,0,0,0,0
7097,41,507,3,4,0,65,1,0,0,0,0
7098,22,686,5,4,1,65,0,0,0,0,0
7099,25,529,2,6,0,81,0,0,0,0,0
7100,38,702,3,2,0,61,0,0,1,0,0
7101,42,623,13,15,1,66,0,0,0,0,0
7102,22,717,2,5,1,70,1,1,0,0,0
7103,43,703,11,14,1,70,0,0,0,0,0
7104,44,495,4,3,1,86,0,0,0,0,0
7105,42,628,4,2,1,67,0,1,0,0,0
7106,37,702,14,15,1,87,0,0,0,0,1
7107,36,810,12,12,0,74,0,0,1,0,1
7108,26,790,10,13,1,91,0,0,1,0,1
7109,40,642,13,12,1,91,0,1,0,1,1
7110,37,823,13,11,1,72,0,1,0,0,0
7111,33,823,3,4,1,58,0,0,0,0,0
7112,41,521,3,5,0,63,1,0,0,0,0
7113,31,586,12,14,1,72,0,0,0,0,0
7114,29,607,8,9,1,64,0,1,0,0,0
7115,40,618,4,2,1,72,0,0,0,0,0
7116,43,667,4,3,1,64,0,0,0,0,0
7117,43,786,3,5,1,90,0,0,0,0,0
7118,33,733,3,3,1,77,0,0,0,0,0
7119,41,669,4,6,0,57,0,0,1,0,0
7120,41,705,4,3,0,76,0,0,1,0,0
7121,26,618,1,5,0,53,0,1,0,0,0
7122,32,698,4,4,1,93,1,0,0,0,0
7123,33,590,2,2,1,55,0,1,0,0,0
7124,22,546,2,6,1,69,0,0,1,0,0
7125,30,766,3,3,0,59,1,0,1,0,0
7126,42,717,3,6,1,88,0,0,0,0,0
7127,38,688,2,4,1,75,0,1,0,0,0
7128,34,559,3,4,1,84,0,0,0,0,0
7129,31,657,4,6,1,68,0,0,0,0,0
7130,38,742,3,6,0,76,0,0,0,0,0
7131,33,789,14,14,1,74,0,0,0,0,0
7132,24,715,3,4,1,79,1,0,0,0,0
7133,30,801,3,2,1,59,0,1,1,0,0
7134,45,551,12,14,1,74,0,0,1,0,0
7135,37,704,3,5,1,76,1,0,0,0,0
7136,24,566,1,5,1,67,0,0,1,0,0
7137,25,688,1,3,1,78,1,0,0,0,0
7138,36,629,3,3,1,77,0,0,0,0,0
7139,41,641,2,3,1,54,0,0,0,0,0
7140,35,627,13,13,1,81,0,0,1,0,0
7141,33,756,2,4,1,84,0,0,1,0,0
7142,40,783,14,12,0,87,0,0,0,1,1
7143,30,716,11,13,1,79,1,1,0,0,1
7144,44,869,4,5,1,78,0,0,1,0,0
7145,39,707,11,11,0,62,1,1,0,0,0
7146,38,789,14,13,1,78,0,0,1,0,0
7147,40,685,13,13,1,68,0,0,1,0,0
7148,34,643,13,15,1,50,0,1,0,0,0
7149,28,679,2,5,0,86,0,0,0,1,0
7150,27,775,8,9,1,68,0,0,0,0,0
7151,30,629,2,3,1,62,1,0,0,0,0
7152,34,676,11,15,1,75,1,1,0,0,1
7153,45,637,11,13,0,83,0,0,0,0,0
7154,24,542,1,5,1,77,0,0,0,0,0
7155,23,705,1,5,1,71,1,1,0,0,0
7156,43,902,2,3,1,68,0,0,0,0,0
7157,44,779,13,12,1,87,0,0,1,0,1
7158,32,805,12,10,1,79,0,0,0,0,0
7159,27,611,9,7,1,56,1,0,1,0,0
7160,35,602,4,2,1,70,0,0,0,0,0
7161,30,774,4,6,0,87,0,1,0,1,0
7162,31,603,14,14,1,61,1,1,1,0,1
7163,43,773,11,10,1,94,1,0,0,1,1
7164,29,805,1,2,1,74,1,0,0,0,0
7165,44,758,12,14,1,62,0,0,0,0,0
7166,33,612,4,3,0,76,0,0,0,0,0
7167,35,591,3,4,1,93,0,0,0,1,0
7168,44,510,3,3,0,57,0,0,0,0,0
7169,43,725,3,3,1,70,1,1,0,0,0
7170,26,804,10,12,1,55,0,0,0,0,0
7171,29,774,3,4,1,66,0,0,0,0,0
7172,40,707,12,10,1,81,0,0,0,1,0
7173,40,644,3,3,1,87,0,0,0,0,0
7174,39,771,11,15,1,77,1,0,1,0,1
7175,38,528,11,13,1,80,0,1,0,0,0
7176,41,605,4,6,1,71,0,0,0,0,0
7177,39,504,3,2,1,83,0,0,0,0,0
7178,44,757,13,14,1,62,0,0,1,0,0
7179,36,822,14,10,0,67,0,0,1,0,0
7180,24,689,3,5,0,93,0,0,0,1,0
7181,31,733,12,10,1,74,1,0,0,0,0
7182,41,714,13,15,1,79,0,0,0,0,0
7183,41,629,12,14,1,78,0,0,0,0,0
7184,32,388,14,12,1,83,1,0,0,0,0
7185,26,703,6,9,1,84,1,0,0,1,0
7186,23,767,1,3,0,81,0,0,1,0,0
7187,32,638,3,4,1,71,1,0,0,0,0
7188,38,637,4,4,1,73,0,0,1,0,0
7189,44,706,11,13,1,57,0,0,0,0,0
7190,29,605,6,9,1,74,0,0,0,0,0
7191,39,560,3,6,1,91,0,0,1,1,0
7192,30,708,3,2,1,72,0,0,1,0,0
7193,44,684,4,3,1,80,0,0,0,0,0
7194,23,769,2,6,1,88,0,0,0,0,0
7195,37,630,12,12,0,81,1,0,0,1,1
7196,27,872,1,4,1,76,0,0,0,0,0
7197,34,597,4,2,1,69,0,0,1,0,0
7198,35,696,14,13,1,83,0,0,0,1,1
7199,25,591,6,11,1,64,1,0,0,0,0
7200,26,757,2,2,1,66,1,0,0,0,0
7201,26,837,2,4,1,71,0,0,0,0,0
7202,22,791,5,4,1,83,0,0,0,0,0
7203,38,679,14,13,1,86,0,0,0,0,1
7204,41,796,2,5,1,81,1,0,0,0,0
7205,40,739,11,13,1,70,0,0,0,0,0
7206,33,693,13,15,1,93,0,0,0,0,1
7207,27,642,7,7,1,46,0,1,0,0,0
7208,39,692,12,13,0,85,1,1,0,0,1
7209,32,801,4,4,1,79,1,0,0,0,0
7210,37,655,4,3,1,85,0,0,0,0,0
7211,44,623,13,13,1,73,0,0,0,0,0
7212,34,604,3,6,0,83,1,1,0,0,0
7213,30,696,4,5,1,58,0,0,0,0,0
7214,29,852,6,11,0,82,1,1,0,1,0
7215,30,627,12,10,1,72,0,0,0,0,0
7216,43,750,4,5,1,60,0,1,0,0,0
7217,41,701,12,10,0,90,0,0,1,1,1
7218,30,881,13,12,1,64,0,0,0,0,0
7219,44,494,12,13,1,66,0,0,0,0,0
7220,40,659,13,12,1,81,0,0,0,1,1
7221,39,692,12,10,1,70,1,0,0,0,0
7222,27,694,9,12,1,78,1,0,0,0,0
7223,26,930,9,8,1,78,1,0,0,0,0
7224,27,684,1,4,1,72,1,0,0,0,0
7225,38,706,2,2,1,81,0,0,0,1,0
7226,43,775,3,4,1,85,1,0,0,1,0
7227,35,718,11,13,1,94,1,0,1,0,1
7228,37,678,3,3,1,79,0,0,0,0,0
7229,36,779,11,10,1,79,1,0,0,0,0
7230,39,558,11,13,0,74,1,0,1,0,0
7231,28,780,8,8,0,72,0,1,0,0,0
7232,23,847,2,6,1,71,0,0,0,0,0
7233,33,754,13,15,1,89,1,0,0,0,1
7234,45,707,14,15,1,71,0,0,0,0,0
7235,22,617,3,3,1,59,1,0,0,0,0
7236,39,579,3,2,0,80,1,0,1,0,0
7237,34,495,12,12,0,78,0,1,0,0,0
7238,38,784,3,4,0,79,0,0,0,0,0
7239,34,545,14,10,1,80,0,0,0,0,0
7240,35,863,4,2,1,76,1,1,0,0,0
7241,29,605,9,7,1,64,0,0,1,0,0
7242,31,744,14,14,1,69,0,0,0,0,0
7243,39,611,4,5,1,71,1,0,1,0,0
7244,45,758,2,2,1,81,1,1,0,1,0
7245,27,720,10,14,1,70,0,1,1,0,1
7246,43,756,14,10,1,66,1,0,1,0,0
7247,45,755,2,3,1,57,0,0,0,0,0
7248,32,715,13,15,1,82,0,0,1,1,1
7249,45,653,12,13,1,51,0,0,0,0,0
7250,43,891,2,3,1,78,0,0,0,0,0
7251,35,572,2,5,1,87,0,0,1,1,0
7252,26,610,7,12,1,72,0,1,0,0,0
7253,32,609,3,6,0,67,0,0,0,0,0
7254,23,459,1,6,1,70,1,0,0,0,0
7255,44,532,11,13,1,60,0,0,0,0,0
7256,40,510,2,5,1,85,0,0,0,0,0
7257,23,699,3,2,1,64,0,0,0,0,0
7258,45,592,2,2,1,77,0,0,0,0,0
7259,36,815,4,3,1,53,0,0,1,0,0
7260,33,675,2,3,1,85,1,0,0,0,0
7261,31,675,11,15,0,84,0,1,0,1,1
7262,36,716,2,6,0,92,0,0,0,1,0
7263,45,608,13,14,1,73,0,0,0,0,0
7264,28,755,8,12,1,91,0,0,0,1,1
7265,34,603,4,2,1,57,1,0,0,0,0
7266,39,732,3,3,1,78,0,0,0,0,0
7267,36,815,2,3,0,58,0,0,0,0,0
7268,45,627,3,5,0,62,1,0,0,0,0
7269,38,679,11,12,1,57,0,0,0,0,0
7270,37,527,14,15,0,61,0,0,0,0,0
7271,29,669,6,10,1,70,0,0,1,0,0
7272,44,838,11,15,1,81,0,0,0,0,0
7273,34,742,2,3,1,69,0,0,0,0,0
7274,33,829,13,12,1,89,1,1,0,1,1
7275,32,523,4,6,0,62,0,0,0,0,0
7276,25,630,3,2,1,73,0,0,0,0,0
7277,45,693,3,6,1,64,0,0,0,0,0
7278,26,621,2,4,1,77,0,0,0,0,0
7279,27,533,2,6,1,70,0,0,0,0,0
7280,26,712,2,3,1,69,0,0,0,0,0
7281,44,865,3,4,1,70,0,0,0,0,0
7282,36,676,12,12,1,86,1,0,0,0,1
7283,26,775,2,6,1,73,0,0,0,0,0
7284,41,618,14,13,1,76,0,1,1,0,1
7285,42,759,12,14,1,70,1,0,0,0,0
7286,45,734,2,3,0,84,1,0,0,1,0
7287,28,749,8,12,1,85,0,0,0,1,1
7288,41,853,12,13,0,91,1,0,0,0,1
7289,29,530,2,5,0,82,0,0,0,0,0
7290,42,621,4,4,1,85,0,0,1,1,0
7291,36,780,13,12,1,76,0,0,1,0,0
7292,44,645,4,6,1,88,1,0,0,0,0
7293,28,614,1,2,1,64,0,0,0,0,0
7294,33,780,2,4,1,65,0,0,0,0,0
7295,32,626,12,12,1,62,0,0,0,0,0
7296,25,697,3,6,1,81,0,0,0,0,0
7297,38,736,14,15,1,66,0,0,0,0,0
7298,38,795,2,2,1,61,0,0,0,0,0
7299,35,684,14,11,1,72,0,0,0,0,0
7300,45,839,14,15,1,65,0,1,0,0,0
7301,38,664,3,3,1,71,0,1,0,0,0
7302,45,800,11,14,0,59,0,0,1,0,0
7303,22,791,3,3,1,75,0,0,0,0,0
7304,29,708,2,6,1,62,0,1,0,0,0
7305,39,827,12,14,1,75,0,0,0,0,0
7306,36,567,11,11,1,55,0,0,0,0,0
7307,33,744,3,4,1,72,0,0,0,0,0
7308,45,861,2,6,1,69,0,0,1,0,0
7309,40,654,3,6,1,82,0,0,0,0,0
7310,45,826,4,5,0,68,0,1,1,0,0
7311,36,585,3,5,0,62,0,1,0,0,0
7312,41,555,12,11,1,73,0,0,0,0,0
7313,23,728,3,6,1,79,0,0,0,0,0
7314,37,897,12,15,1,75,1,1,0,0,1
7315,24,503,1,2,1,91,0,0,0,0,0
7316,28,784,3,3,1,72,0,0,0,0,0
7317,36,542,4,5,1,84,1,0,0,0,0
7318,30,793,12,11,1,66,0,0,0,0,0
7319,38,829,4,2,1,88,0,0,0,0,0
7320,44,637,14,14,0,76,0,0,0,0,0
7321,34,733,4,4,1,79,1,1,0,0,0
7322,31,722,2,2,1,77,0,0,0,0,0
7323,44,569,4,4,1,64,0,0,0,0,0
7324,30,757,3,3,1,77,1,0,0,0,0
7325,32,728,3,4,1,80,0,0,1,0,0
7326,25,600,2,5,1,76,1,0,1,0,0
7327,25,595,3,2,1,77,0,0,0,0,0
7328,43,460,11,12,0,77,0,0,0,0,0
7329,35,629,13,11,1,81,1,0,0,0,0
7330,44,748,3,5,1,68,0,1,0,0,0
7331,37,851,12,11,1,65,0,0,0,0,0
7332,45,531,11,11,1,67,0,0,0,0,0
7333,38,656,14,11,1,100,0,0,0,0,0
7334,41,626,11,15,0,80,0,0,0,0,0
7335,37,688,4,2,0,61,0,0,0,0,0
7336,35,690,4,2,1,76,0,0,0,0,0
7337,43,636,12,11,1,85,0,0,1,0,0
7338,43,587,12,12,1,62,1,0,0,0,0
7339,22,617,1,5,0,72,1,1,1,0,0
7340,23,639,1,6,0,74,0,0,0,0,0
7341,38,722,2,3,1,92,0,0,0,0,0
7342,40,643,2,2,0,72,0,0,0,0,0
7343,33,732,12,14,1,84,0,0,0,1,1
7344,22,541,1,3,1,72,0,0,0,0,0
7345,29,763,3,4,1,64,0,0,1,0,0
7346,25,703,3,2,1,86,0,1,0,1,0
7347,32,755,14,14,1,71,0,0,0,0,0
7348,31,850,13,12,1,76,1,0,0,0,1
7349,44,713,2,6,1,85,1,0,0,1,0
7350,36,536,2,3,1,72,0,0,0,0,0
7351,22,704,3,3,1,93,0,0,0,0,0
7352,43,513,4,2,0,84,0,0,0,1,0
7353,30,802,12,12,1,74,0,0,0,0,0
7354,42,772,2,5,0,75,0,0,0,0,0
7355,24,729,1,6,1,78,0,0,0,0,0
7356,35,597,11,11,1,80,1,0,1,0,0
7357,33,545,14,10,1,71,0,0,0,0,0
7358,41,609,12,12,0,81,0,0,0,1,1
7359,44,840,3,4,1,64,1,0,0,0,0
7360,42,839,13,13,1,83,0,1,0,1,1
7361,44,517,2,2,1,68,0,0,0,0,0
7362,34,756,2,4,1,50,0,0,0,0,0
7363,25,602,7,9,1,80,0,0,1,0,0
7364,34,745,2,5,1,69,1,0,0,0,0
7365,38,663,12,11,1,79,1,0,0,0,0
7366,42,648,14,11,0,100,0,0,1,1,1
7367,36,769,12,12,1,72,1,0,0,0,0
7368,28,715,9,12,1,70,0,0,1,0,0
7369,27,734,3,2,1,80,0,0,0,0,0
7370,28,649,1,4,0,77,0,1,1,0,0
7371,41,731,14,13,1,68,0,0,0,0,0
7372,27,783,10,12,1,74,0,0,0,0,0
7373,22,745,2,4,1,72,0,0,0,0,0
7374,32,612,12,15,0,79,0,0,0,0,0
7375,42,878,13,13,1,64,0,0,0,0,0
7376,31,575,2,2,1,90,0,0,1,0,0
7377,28,601,10,11,1,67,1,0,0,0,0
7378,45,600,11,13,1,79,1,0,0,0,0
7379,33,676,2,5,0,56,0,0,0,0,0
7380,39,652,12,15,1,68,0,1,0,0,0
7381,26,655,6,11,0,75,1,1,1,0,0
7382,44,590,14,15,1,66,0,0,0,0,0
7383,30,814,14,10,1,78,0,0,0,0,0
7384,32,783,14,12,1,71,0,0,0,0,0
7385,23,803,1,4,0,65,0,0,0,0,0
7386,22,634,1,2,1,72,0,0,1,0,0
7387,45,635,4,2,1,79,0,0,0,0,0
7388,31,587,11,10,1,64,0,0,0,0,0
7389,42,612,11,10,1,77,0,0,0,0,0
7390,37,850,2,3,0,75,0,0,0,0,0
7391,43,764,3,6,1,94,1,0,1,1,0
7392,32,745,12,15,0,79,0,0,1,0,0
7393,43,703,11,14,1,71,0,0,0,0,0
7394,33,722,13,15,1,60,0,0,0,0,0
7395,31,535,12,13,1,72,0,1,0,0,0
7396,38,778,13,14,1,71,0,0,0,0,0
7397,32,572,14,14,1,63,1,0,0,0,0
7398,42,712,3,2,1,79,0,1,0,0,0
7399,25,590,1,2,1,54,1,0,1,0,0
7400,40,708,3,6,1,79,0,1,0,0,0
7401,45,769,4,2,1,81,0,0,1,0,0
7402,22,748,1,4,1,70,0,0,1,0,0
7403,42,710,11,12,1,77,0,0,0,0,0
7404,38,772,2,6,1,69,0,0,0,0,0
7405,35,744,4,4,1,68,0,0,0,0,0
7406,36,695,4,2,1,64,0,0,0,0,0
7407,44,736,14,10,1,80,0,1,0,0,0
7408,26,602,9,11,1,79,0,0,0,0,0
7409,41,674,12,14,1,68,0,0,0,0,0
7410,33,601,14,15,1,80,1,1,0,0,1
7411,35,624,11,11,1,71,0,0,0,0,0
7412,35,724,2,2,1,87,0,1,0,0,0
7413,28,708,7,9,0,76,0,0,0,0,0
7414,24,586,3,6,1,64,0,1,0,0,0
7415,33,676,12,10,1,59,1,1,0,0,0
7416,26,944,6,7,1,70,0,0,0,0,0
7417,37,722,11,15,1,78,1,0,0,0,0
7418,40,684,12,15,1,67,0,0,0,0,0
7419,35,779,13,13,1,79,0,0,0,0,0
7420,28,610,8,9,1,65,0,0,1,0,0
7421,27,718,8,8,1,73,0,1,0,0,0
7422,25,730,9,10,0,62,0,0,0,0,0
7423,23,724,4,3,1,78,0,0,0,0,0
7424,25,810,2,4,1,61,0,0,0,0,0
7425,30,723,3,2,1,75,1,0,1,0,0
7426,25,718,10,15,1,73,0,0,0,0,0
7427,40,724,14,11,1,78,1,1,0,0,0
7428,38,781,11,13,1,91,0,0,0,1,1
7429,39,732,3,2,1,78,0,1,0,0,0
7430,33,741,12,10,1,70,0,0,0,0,0
7431,37,778,2,3,1,76,0,1,0,0,0
7432,25,629,3,2,1,72,0,1,0,0,0
7433,34,784,4,4,1,84,0,0,0,1,0
7434,40,743,2,6,1,89,0,1,0,0,0
7435,24,809,5,2,1,64,0,0,0,0,0
7436,32,581,12,12,0,75,1,0,0,0,0
7437,31,764,14,11,1,92,0,0,0,1,1
7438,34,734,14,12,1,72,0,0,0,0,0
7439,44,712,4,5,1,76,0,0,0,0,0
7440,41,655,4,2,1,67,1,0,0,0,0
7441,36,646,12,10,1,85,0,0,1,1,1
7442,32,705,12,14,1,69,0,0,0,0,0
7443,36,531,2,2,0,88,0,1,1,0,0
7444,43,783,11,12,1,83,0,1,0,0,0
7445,26,605,2,4,1,99,0,0,0,0,0
7446,34,724,4,3,1,83,0,0,0,0,0
7447,43,577,13,15,1,78,1,0,1,0,0
7448,30,729,13,11,1,77,0,0,1,0,0
7449,45,616,11,12,1,62,0,0,1,0,0
7450,24,573,1,2,1,43,0,0,0,0,0
7451,23,527,3,2,1,80,1,0,0,0,0
7452,26,742,10,11,1,87,0,1,0,1,1
7453,24,863,5,3,1,80,0,0,0,0,0
7454,42,622,3,3,1,74,0,1,0,0,0
7455,24,634,3,3,0,81,1,0,0,0,0
7456,44,650,14,10,1,61,0,1,1,0,0
7457,42,721,3,4,1,73,1,0,0,0,0
7458,30,852,3,6,1,77,0,0,0,0,0
7459,45,707,12,13,1,65,0,0,0,0,0
7460,25,738,6,9,1,58,0,0,0,0,0
7461,23,743,2,4,1,83,1,0,1,0,0
7462,33,726,14,13,1,81,0,1,0,0,0
7463,45,652,2,5,1,68,1,0,1,0,0
7464,22,670,2,5,1,88,0,1,0,0,0
7465,24,608,3,5,0,80,0,0,0,0,0
7466,35,784,12,14,0,77,0,0,1,0,0
7467,25,759,3,3,1,88,0,1,0,0,0
7468,26,646,3,4,1,97,1,1,1,0,0
7469,27,865,8,10,0,80,0,0,0,0,0
7470,24,655,3,2,0,82,0,0,0,1,0
7471,26,780,8,10,1,68,1,0,1,0,0
7472,28,740,3,4,1,68,0,1,1,0,0
7473,37,643,13,14,1,59,0,0,1,0,0
7474,36,655,3,2,1,76,1,0,0,0,0
7475,22,819,5,6,1,75,0,0,0,0,0
7476,22,767,1,4,1,100,0,0,1,0,0
7477,25,729,9,8,1,87,0,0,0,1,0
7478,22,750,3,3,1,75,0,0,0,0,0
7479,41,770,4,3,1,62,0,0,0,0,0
7480,25,744,1,3,1,67,0,0,0,0,0
7481,41,526,2,2,1,72,0,0,0,0,0
7482,23,713,1,2,1,91,0,0,0,1,0
7483,39,784,2,5,0,66,0,0,0,0,0
7484,28,652,3,6,1,90,1,1,1,1,0
7485,22,740,5,5,1,72,0,0,0,0,0
7486,41,686,4,6,0,68,1,0,0,0,0
7487,39,680,3,3,1,61,0,0,0,0,0
7488,42,892,3,2,1,75,0,0,0,0,0
7489,36,603,11,13,1,63,0,0,1,0,0
7490,35,815,4,4,1,58,0,0,1,0,0
7491,36,672,13,12,0,94,0,0,0,1,1
7492,30,674,3,3,0,79,0,0,0,0,0
7493,33,633,2,3,1,58,0,0,1,0,0
7494,24,568,5,2,0,68,1,0,0,0,0
7495,28,628,7,10,0,82,0,0,1,1,0
7496,22,581,2,5,1,82,0,0,0,1,0
7497,34,760,11,15,1,84,0,0,0,0,0
7498,37,707,2,4,0,78,0,0,0,0,0
7499,35,564,3,6,0,51,0,0,0,0,0
7500,22,777,1,5,1,60,0,0,0,0,0
7501,37,692,14,14,1,72,0,0,0,0,0
7502,40,716,3,3,0,84,0,0,0,0,0
7503,32,698,3,3,1,100,1,0,0,0,0
7504,40,727,3,5,1,81,0,1,1,0,0
7505,43,703,12,10,1,72,0,0,1,0,0
7506,45,533,2,5,1,77,0,0,0,0,0
7507,44,892,4,2,1,83,0,1,0,1,0
7508,33,772,14,13,1,87,0,0,0,0,1
7509,41,855,4,5,1,55,0,0,1,0,0
7510,43,920,13,13,1,72,0,0,0,0,0
7511,22,633,3,3,1,76,0,1,0,0,0
7512,31,569,11,13,0,87,0,1,1,0,1
7513,42,652,11,12,1,84,0,0,0,0,0
7514,42,815,2,4,1,79,0,0,0,0,0
7515,38,680,13,11,1,78,0,0,0,0,0
7516,31,647,13,13,1,76,1,0,0,0,0
7517,32,622,3,3,1,69,0,0,0,0,0
7518,34,705,11,13,1,93,1,1,1,0,1
7519,40,865,13,12,1,79,1,0,0,0,1
7520,31,683,13,12,0,52,1,1,0,0,0
7521,30,816,2,2,1,78,0,0,1,0,0
7522,39,716,11,15,1,85,1,0,0,0,1
7523,33,647,14,15,1,66,0,0,0,0,0
7524,38,684,2,5,1,73,0,0,0,0,0
7525,22,680,2,3,1,89,0,0,0,0,0
7526,25,576,2,5,1,62,0,0,0,0,0
7527,43,799,13,15,1,83,0,0,0,0,0
7528,35,717,4,3,1,93,0,0,0,0,0
7529,25,681,8,7,1,82,0,0,0,1,0
7530,24,707,2,4,1,75,0,0,0,0,0
7531,42,757,2,4,1,80,0,0,0,0,0
7532,22,779,2,5,1,81,0,0,0,0,0
7533,36,683,2,2,1,76,1,1,0,0,0
7534,30,550,2,3,1,61,0,0,0,0,0
7535,41,603,13,12,1,84,0,0,0,0,0
7536,44,597,14,11,1,85,1,0,0,1,1
7537,41,667,11,10,1,64,0,0,0,0,0
7538,32,480,13,13,1,65,1,0,0,0,0
7539,44,727,11,10,1,81,0,0,0,1,0
7540,37,732,4,4,0,85,1,0,0,1,0
7541,40,855,2,6,0,75,0,0,0,0,0
7542,33,700,11,12,1,69,0,0,0,0,0
7543,26,729,8,9,1,71,0,1,0,0,0
7544,34,685,11,14,0,61,0,1,0,0,0
7545,23,581,1,3,1,75,0,0,0,0,0
7546,42,532,4,5,1,74,0,0,0,0,0
7547,31,714,3,4,1,60,0,0,0,0,0
7548,26,488,1,3,1,73,0,0,0,0,0
7549,31,788,3,4,1,83,0,1,1,0,0
7550,33,749,2,2,1,70,1,0,0,0,0
7551,34,658,14,10,0,62,0,0,1,0,0
7552,45,710,12,14,1,69,0,0,0,0,0
7553,28,584,1,6,1,66,0,0,1,0,0
7554,42,644,11,13,1,73,1,0,0,0,0
7555,28,534,6,10,1,90,0,0,0,1,0
7556,26,758,6,9,1,83,0,0,0,0,0
7557,24,723,1,2,1,74,0,1,0,0,0
7558,30,673,11,11,0,84,0,0,0,0,0
7559,28,625,6,7,0,80,0,0,0,0,0
7560,43,642,3,3,1,83,0,1,0,1,0
7561,30,650,13,14,1,81,0,0,0,1,1
7562,27,727,10,14,1,93,0,0,0,1,1
7563,36,643,2,5,0,78,0,1,0,0,0
7564,41,700,12,13,1,71,1,0,0,0,0
7565,29,682,2,5,0,80,0,0,0,0,0
7566,38,670,13,11,0,74,0,0,0,0,0
7567,32,646,2,5,0,83,0,0,0,1,0
7568,28,658,3,5,0,69,0,0,1,0,0
7569,32,682,2,3,1,72,1,0,1,0,0
7570,28,577,2,4,1,81,1,0,1,0,0
7571,38,680,14,13,1,68,0,0,0,0,0
7572,39,864,13,14,1,74,1,0,0,0,1
7573,35,764,4,2,1,81,0,0,0,0,0
7574,36,556,12,12,1,60,0,0,0,0,0
7575,36,547,4,6,1,72,0,0,0,0,0
7576,26,739,8,8,1,80,1,0,0,0,0
7577,26,899,2,2,1,61,0,0,1,0,0
7578,34,615,12,14,1,92,1,0,1,0,1
7579,44,686,3,3,1,70,1,0,0,0,0
7580,28,760,7,8,1,71,0,0,0,0,0
7581,25,659,10,12,0,71,0,0,0,0,0
7582,43,602,4,4,1,60,1,1,0,0,0
7583,28,774,9,12,1,59,0,1,1,0,0
7584,34,727,3,2,1,81,0,0,1,1,0
7585,33,874,13,10,1,67,0,0,0,0,0
7586,38,623,11,14,1,68,0,0,0,0,0
7587,25,655,2,5,1,76,0,0,0,0,0
7588,26,644,7,7,1,78,0,0,0,0,0
7589,32,675,12,12,0,100,1,0,0,0,1
7590,36,725,3,3,1,84,0,0,0,1,0
7591,31,759,3,6,1,71,0,0,1,0,0
7592,33,571,4,4,1,74,0,0,1,0,0
7593,38,773,14,14,1,75,0,0,0,0,0
7594,25,731,6,11,1,89,0,0,0,1,0
7595,32,635,4,3,1,85,0,0,1,1,0
7596,41,544,12,13,1,87,1,0,0,1,1
7597,42,768,4,4,0,63,1,0,1,0,0
7598,39,662,14,15,1,82,0,0,0,0,0
7599,35,605,11,10,1,76,0,0,0,0,0
7600,30,655,2,6,1,73,1,1,0,0,0
7601,36,756,2,2,1,65,0,1,1,0,0
7602,44,674,3,4,1,59,0,0,1,0,0
7603,35,853,11,11,1,80,0,0,0,0,0
7604,24,700,3,6,1,92,0,0,0,1,0
7605,30,725,4,2,1,77,0,1,1,0,0
7606,36,830,11,14,1,87,0,1,0,1,1
7607,25,761,3,4,0,76,0,1,0,0,0
7608,30,549,11,13,1,96,0,1,1,1,1
7609,41,671,14,10,1,86,0,0,1,0,0
7610,45,839,4,3,1,91,0,0,0,0,0
7611,22,804,4,6,1,85,0,1,0,1,0
7612,31,576,2,5,1,69,0,0,0,0,0
7613,40,695,3,6,1,75,0,1,1,0,0
7614,29,622,1,2,1,79,1,0,0,0,0
7615,32,752,11,12,1,93,0,0,0,1,1
7616,45,719,4,4,1,83,0,0,0,0,0
7617,28,604,7,10,1,67,0,0,0,0,0
7618,31,619,2,5,1,70,0,0,0,0,0
7619,43,751,2,5,1,67,0,0,1,0,0
7620,23,591,1,6,1,84,0,0,0,0,0
7621,24,570,2,5,1,76,0,0,0,0,0
7622,22,730,5,3,0,61,1,1,1,0,0
7623,39,576,12,13,1,77,1,0,0,0,0
7624,29,727,7,10,1,83,0,0,0,0,0
7625,32,832,4,6,1,73,1,1,0,0,0
7626,33,621,4,3,0,69,0,1,0,0,0
7627,33,625,3,3,1,85,0,0,0,0,0
7628,37,564,3,6,1,59,0,0,0,0,0
7629,36,708,14,10,1,63,0,0,0,0,0
7630,32,760,11,13,1,66,0,0,0,0,0
7631,33,742,11,10,1,71,0,0,0,0,0
7632,36,777,13,10,1,91,0,0,1,0,0
7633,41,717,12,11,0,96,1,0,0,1,1
7634,33,648,4,5,1,78,0,0,0,0,0
7635,34,669,2,6,1,61,0,1,0,0,0
7636,34,757,2,6,1,78,1,0,0,0,0
7637,30,634,3,4,1,79,0,0,0,0,0
7638,31,688,2,5,1,66,0,0,0,0,0
7639,22,811,2,2,1,65,0,0,1,0,0
7640,31,537,13,13,0,69,0,0,1,0,0
7641,26,767,3,3,0,77,0,0,0,0,0
7642,28,794,8,7,0,82,0,0,0,0,0
7643,38,818,14,15,1,74,0,0,0,0,0
7644,31,783,14,11,1,82,1,0,0,1,0
7645,33,765,12,12,1,53,0,0,1,0,0
7646,37,709,2,6,1,65,0,1,1,0,0
7647,36,637,2,5,1,73,0,1,0,0,0
7648,36,838,11,13,1,85,0,0,0,0,1
7649,26,943,10,12,0,91,0,1,1,1,1
7650,25,814,10,13,1,77,1,0,0,0,1
7651,43,831,12,14,1,52,0,0,0,0,0
7652,31,715,11,12,1,75,1,0,0,0,0
7653,26,662,1,2,1,58,0,0,0,0,0
7654,22,723,4,5,1,62,1,0,0,0,0
7655,26,682,2,2,1,91,0,1,1,1,0
7656,23,650,3,6,0,80,0,0,0,0,0
7657,36,621,12,15,1,56,0,0,0,0,0
7658,31,793,13,15,1,66,0,0,0,0,0
7659,24,633,2,4,0,47,1,1,0,0,0
7660,31,812,13,11,1,49,0,0,0,0,0
7661,25,613,9,8,1,95,1,0,1,1,1
7662,39,621,3,5,0,60,0,0,0,0,0
7663,29,875,2,6,1,79,0,0,0,0,0
7664,33,740,4,4,0,68,0,0,0,0,0
7665,30,637,2,4,1,88,0,0,0,1,0
7666,24,948,1,4,1,68,1,1,1,0,0
7667,24,547,5,3,0,78,0,0,0,0,0
7668,37,822,11,13,1,96,0,0,0,0,1
7669,45,800,4,6,1,62,0,0,0,0,0
7670,23,698,1,2,1,77,0,0,0,0,0
7671,23,756,5,2,1,53,1,0,0,0,0
7672,30,790,4,2,1,100,1,0,0,1,0
7673,40,538,2,5,1,64,0,0,1,0,0
7674,36,634,12,13,0,81,0,0,0,1,1
7675,28,733,1,3,1,68,0,0,0,0,0
7676,26,616,8,11,1,71,0,0,0,0,0
7677,40,817,2,4,1,81,0,0,0,0,0
7678,32,657,3,6,1,79,0,0,1,0,0
7679,29,619,2,3,1,92,0,0,1,0,0
7680,34,699,13,14,1,72,0,0,0,0,0
7681,41,618,14,12,1,78,1,0,0,0,0
7682,25,719,1,2,1,68,0,0,0,0,0
7683,33,395,2,4,1,76,0,0,0,0,0
7684,31,869,4,2,1,78,0,0,0,0,0
7685,23,719,3,2,1,92,0,0,0,0,0
7686,30,684,3,2,1,84,0,0,0,0,0
7687,44,624,2,4,1,71,0,0,1,0,0
7688,33,859,4,3,0,86,0,1,0,1,0
7689,31,666,13,15,1,79,0,1,0,0,0
7690,33,627,2,3,1,73,0,0,0,0,0
7691,34,646,4,2,0,53,0,0,1,0,0
7692,42,938,11,13,1,89,0,0,0,1,1
7693,36,627,3,4,1,66,0,0,1,0,0
7694,40,697,13,15,1,75,0,1,0,0,0
7695,26,766,9,7,1,77,1,0,0,0,0
7696,44,684,3,5,1,79,1,0,0,0,0
7697,37,738,13,10,1,77,0,0,0,0,0
7698,36,671,2,2,0,97,0,1,0,1,0
7699,43,752,3,6,1,85,0,0,0,1,0
7700,37,558,12,10,1,85,0,1,0,0,0
7701,39,681,12,10,0,85,0,0,1,0,0
7702,24,856,1,5,0,72,1,0,0,0,0
7703,42,850,13,11,1,77,0,0,1,0,0
7704,36,669,3,5,1,66,1,0,0,0,0
7705,29,707,2,2,1,74,0,0,0,0,0
7706,38,601,13,12,1,78,0,0,0,0,0
7707,24,571,2,6,1,71,0,0,0,0,0
7708,33,713,12,12,1,76,0,1,0,0,0
7709,32,695,13,10,0,87,0,0,1,1,1
7710,24,731,2,3,1,75,0,0,0,0,0
7711,38,886,11,15,1,70,0,0,0,0,0
7712,39,524,3,2,1,81,0,1,0,0,0
7713,32,839,11,13,0,64,0,0,0,0,0
7714,27,655,1,6,1,83,0,0,0,1,0
7715,26,688,9,10,1,79,1,0,1,0,0
7716,32,716,4,2,1,92,0,1,0,1,0
7717,25,723,3,3,1,98,0,0,0,1,0
7718,36,698,11,13,1,93,0,0,1,1,1
7719,40,626,12,15,1,83,0,1,0,0,0
7720,24,654,2,5,0,73,0,0,0,0,0
7721,41,559,13,10,1,75,0,1,1,0,0
7722,29,479,9,10,1,56,0,0,0,0,0
7723,33,590,2,2,0,70,0,0,0,0,0
7724,23,747,5,4,1,74,0,0,1,0,0
7725,36,537,4,3,1,61,1,0,1,0,0
7726,34,824,2,3,1,77,0,0,1,0,0
7727,28,744,3,4,1,68,0,1,0,0,0
7728,37,582,11,10,0,83,0,0,0,1,0
7729,30,613,3,5,1,63,0,0,0,0,0
7730,26,745,6,11,1,69,0,0,1,0,0
7731,44,672,3,3,1,77,0,0,0,0,0
7732,27,706,2,5,0,75,0,0,0,0,0
7733,36,714,12,13,0,89,1,0,0,0,1
7734,40,950,14,15,1,75,0,0,1,0,1
7735,42,748,2,5,0,68,0,0,0,0,0
7736,28,670,3,5,1,72,0,0,0,0,0
7737,37,559,2,5,1,90,0,0,1,1,0
7738,34,579,3,5,1,77,1,0,1,0,0
7739,44,571,2,3,1,88,0,1,1,0,0
7740,22,730,2,6,1,69,0,0,0,0,0
7741,22,745,1,4,1,68,1,0,0,0,0
7742,37,751,14,13,1,81,0,1,0,0,0
7743,41,599,3,6,1,64,0,0,1,0,0
7744,31,696,11,14,1,71,0,0,0,0,0
7745,24,678,2,3,0,69,0,0,0,0,0
7746,33,719,2,4,1,79,0,0,0,0,0
7747,35,677,2,2,1,86,0,1,0,0,0
7748,41,747,4,5,1,80,0,0,0,0,0
7749,40,692,2,3,1,79,1,0,0,0,0
7750,36,843,4,4,1,95,1,0,0,1,0
7751,38,727,4,6,0,78,0,0,0,0,0
7752,44,645,3,4,1,74,1,0,0,0,0
7753,25,840,2,6,1,73,0,0,0,0,0
7754,44,740,13,11,0,65,0,0,0,0,0
7755,28,777,10,15,1,72,0,0,0,0,0
7756,37,573,2,3,0,68,0,1,1,0,0
7757,42,795,11,13,1,64,0,0,0,0,0
7758,37,484,3,2,1,61,0,1,1,0,0
7759,22,691,4,5,1,72,0,0,0,0,0
7760,27,682,2,4,1,91,0,0,0,0,0
7761,42,565,11,14,1,80,1,0,0,0,0
7762,42,785,3,4,1,74,0,0,0,0,0
7763,35,811,2,5,1,82,0,1,1,1,0
7764,44,525,4,2,1,57,0,1,0,0,0
7765,31,684,14,11,1,89,0,0,0,0,0
7766,43,578,12,10,1,94,0,1,0,1,1
7767,41,692,4,6,1,60,0,0,1,0,0
7768,44,688,2,3,1,93,1,0,0,0,0
7769,30,739,2,3,1,64,0,0,0,0,0
7770,37,760,2,3,0,70,0,0,0,0,0
7771,24,706,3,3,1,73,0,1,0,0,0
7772,26,930,9,11,1,77,0,0,0,0,0
7773,45,836,13,11,1,62,0,0,0,0,0
7774,25,695,6,10,1,94,1,1,0,0,0
7775,25,491,7,7,0,59,0,0,0,0,0
7776,30,665,14,12,1,83,1,0,0,1,1
7777,25,589,2,6,1,72,0,1,0,0,0
7778,43,735,13,15,1,75,0,0,0,0,0
7779,25,824,6,10,0,88,1,0,1,0,0
7780,41,639,12,13,1,70,0,0,0,0,0
7781,40,574,2,3,1,84,0,0,0,0,0
7782,37,658,4,4,0,64,0,1,0,0,0
7783,33,659,13,13,1,64,0,0,1,0,0
7784,41,668,3,4,1,79,0,0,1,0,0
7785,35,774,14,10,0,73,0,1,0,0,0
7786,40,845,13,13,1,87,0,0,0,0,1
7787,34,806,12,13,1,71,1,0,0,0,1
7788,39,648,3,6,1,78,0,0,0,0,0
7789,29,714,8,11,0,89,0,0,0,0,0
7790,28,623,10,11,1,75,0,0,0,0,0
7791,45,680,2,5,1,60,0,0,0,0,0
7792,33,650,4,3,1,72,0,0,0,0,0
7793,29,590,1,3,1,68,0,1,0,0,0
7794,32,662,3,2,1,89,0,0,0,0,0
7795,41,468,2,4,0,69,1,0,0,0,0
7796,28,796,3,5,0,78,0,0,0,0,0
7797,26,627,1,2,1,69,1,0,0,0,0
7798,28,745,3,3,1,76,0,0,0,0,0
7799,24,620,3,6,1,72,1,0,0,0,0
7800,28,585,1,4,1,73,0,0,0,0,0
7801,40,786,3,3,1,80,0,0,0,0,0
7802,40,559,3,4,1,64,0,0,1,0,0
7803,36,778,11,15,1,72,0,0,0,0,0
7804,41,671,2,2,0,71,0,0,0,0,0
7805,28,714,9,7,1,78,0,0,0,0,0
7806,40,619,4,6,1,77,0,0,0,0,0
7807,24,672,3,2,1,87,0,0,1,0,0
7808,38,562,4,5,0,72,0,0,0,0,0
7809,35,580,14,10,1,74,0,0,0,0,0
7810,35,636,12,14,1,78,0,0,0,0,0
7811,32,655,2,2,1,57,0,0,0,0,0
7812,32,845,4,3,1,47,1,0,0,0,0
7813,22,643,3,5,1,64,0,0,0,0,0
7814,36,503,4,4,1,83,0,0,1,1,0
7815,25,674,3,4,1,75,0,0,1,0,0
7816,24,541,2,2,1,60,0,0,0,0,0
7817,37,796,4,6,1,72,1,0,0,0,0
7818,44,700,4,6,1,62,0,0,0,0,0
7819,33,697,14,14,1,72,0,0,1,0,0
7820,40,643,4,4,1,76,1,0,0,0,0
7821,28,876,8,8,1,73,0,0,0,0,0
7822,45,900,13,15,1,68,1,0,1,0,1
7823,43,644,14,15,1,73,0,0,0,0,0
7824,28,791,3,5,1,100,0,0,0,1,0
7825,39,644,13,12,1,91,0,0,0,1,1
7826,34,661,2,4,1,78,0,0,0,0,0
7827,43,839,12,11,0,64,1,1,1,0,0
7828,33,651,12,13,0,72,0,1,0,0,0
7829,38,532,12,10,1,67,0,0,1,0,0
7830,35,627,4,6,1,88,0,0,0,1,0
7831,27,725,2,4,1,78,0,0,0,0,0
7832,24,587,3,4,1,83,0,0,0,1,0
7833,32,615,12,12,1,78,0,0,1,0,0
7834,23,671,1,6,1,73,1,1,0,0,0
7835,30,545,4,6,1,81,0,1,0,1,0
7836,24,639,2,3,1,83,0,0,0,1,0
7837,29,650,10,10,1,77,0,0,0,0,0
7838,31,533,12,13,1,66,0,0,0,0,0
7839,31,611,11,14,0,72,0,1,0,0,0
7840,38,606,14,15,1,74,0,0,0,0,0
7841,44,893,2,6,1,80,0,0,0,0,0
7842,45,654,14,10,1,63,0,1,0,0,0
7843,23,649,4,5,0,74,0,0,1,0,0
7844,36,669,14,14,0,73,1,0,0,0,0
7845,32,675,2,2,1,76,0,1,0,0,0
7846,39,731,12,15,1,73,0,0,1,0,0
7847,25,693,9,8,1,80,1,0,0,0,0
7848,38,809,3,2,1,81,1,0,1,1,0
7849,44,806,3,2,1,70,0,1,0,0,0
7850,39,642,4,3,0,75,0,0,0,0,0
7851,37,678,2,5,1,95,0,0,0,1,0
7852,28,624,9,8,1,63,0,0,0,0,0
7853,40,610,13,15,1,71,0,0,0,0,0
7854,38,595,13,10,1,81,1,0,0,0,0
7855,42,517,4,3,1,69,0,0,0,0,0
7856,32,793,3,2,0,74,0,0,0,0,0
7857,25,674,3,2,1,73,0,0,0,0,0
7858,34,815,4,3,0,79,0,0,0,0,0
7859,41,677,3,5,1,40,0,0,0,0,0
7860,25,525,6,10,1,78,1,0,0,0,0
7861,35,651,11,11,1,91,1,0,0,1,1
7862,39,689,12,10,1,66,0,0,0,0,0
7863,32,652,11,13,1,57,1,0,0,0,0
7864,28,640,9,9,0,59,0,0,0,0,0
7865,22,468,1,3,1,85,0,0,0,1,0
7866,32,735,3,4,1,83,0,0,0,0,0
7867,40,751,3,3,1,70,0,0,0,0,0
7868,27,573,3,2,1,85,0,0,0,1,0
7869,39,801,11,13,0,72,0,0,0,0,0
7870,25,865,10,11,1,86,0,1,1,0,1
7871,36,673,3,6,1,71,0,0,0,0,0
7872,41,784,13,12,1,75,0,0,0,0,0
7873,26,843,8,11,1,100,0,0,1,0,0
7874,29,619,1,6,1,85,1,1,0,0,0
7875,35,820,13,14,1,74,0,0,0,0,0
7876,34,839,13,14,1,75,0,0,0,0,0
7877,31,783,14,14,0,79,1,0,0,0,0
7878,27,672,3,5,1,82,0,0,0,1,0
7879,29,692,2,5,1,62,1,0,1,0,0
7880,26,835,2,2,0,77,0,0,0,0,0
7881,39,732,12,15,1,76,1,0,0,0,0
7882,40,849,12,13,1,76,0,0,0,0,0
7883,22,583,1,4,1,81,1,0,0,0,0
7884,30,790,13,15,0,83,0,1,0,1,1
7885,28,676,10,13,0,89,0,0,1,1,1
7886,30,719,2,5,1,72,1,0,1,0,0
7887,33,814,4,4,0,65,0,0,0,0,0
7888,39,732,3,5,0,68,1,1,0,0,0
7889,24,758,3,6,1,80,0,1,0,0,0
7890,41,728,11,11,1,63,0,0,0,0,0
7891,29,781,8,11,1,75,0,0,0,0,0
7892,45,761,3,2,1,88,0,0,0,1,0
7893,29,672,3,2,1,71,0,1,0,0,0
7894,31,848,3,5,1,80,0,0,0,0,0
7895,33,779,11,12,1,74,0,0,0,0,0
7896,24,884,2,6,0,66,1,0,0,0,0
7897,24,542,1,3,1,67,0,0,0,0,0
7898,32,703,3,2,0,62,1,0,1,0,0
7899,39,811,4,6,1,67,0,0,0,0,0
7900,37,641,11,13,1,66,0,0,0,0,0
7901,29,733,1,5,1,67,0,0,0,0,0
7902,35,876,14,14,1,79,0,1,0,0,1
7903,42,748,4,2,1,56,0,1,1,0,0
7904,44,610,3,3,1,91,1,0,0,0,0
7905,36,745,11,11,1,88,0,0,1,1,1
7906,43,653,4,2,0,84,0,0,0,0,0
7907,37,782,13,15,0,100,0,0,0,0,1
7908,39,830,3,5,0,79,1,0,0,0,0
7909,32,883,14,14,1,60,0,0,0,0,0
7910,24,672,2,5,1,81,0,0,0,0,0
7911,33,489,11,11,1,68,1,0,0,0,0
7912,25,636,3,3,0,62,0,0,1,0,0
7913,45,695,3,2,1,71,1,0,0,0,0
7914,24,742,3,3,1,70,1,0,0,0,0
7915,39,648,3,3,1,92,0,0,0,0,0
7916,22,768,5,2,1,64,0,0,1,0,0
7917,39,705,14,15,1,78,0,0,0,0,0
7918,42,740,14,10,1,71,1,0,1,0,0
7919,41,683,4,5,1,67,0,0,0,0,0
7920,28,923,1,6,0,68,0,1,0,0,0
7921,45,862,4,5,1,70,0,0,0,0,0
7922,45,785,12,13,1,58,0,1,0,0,0
7923,33,706,4,4,0,86,0,0,0,0,0
7924,36,666,3,5,1,60,1,0,0,0,0
7925,41,712,12,13,0,87,0,1,0,1,1
7926,23,690,4,4,1,84,0,0,1,0,0
7927,36,640,3,2,1,67,0,0,0,0,0
7928,39,705,14,14,1,82,0,0,0,1,1
7929,38,658,3,4,1,62,0,0,0,0,0
7930,35,802,4,6,1,73,0,0,0,0,0
7931,24,572,3,6,1,83,1,1,0,0,0
7932,42,732,3,5,1,74,1,0,0,0,0
7933,29,720,8,10,0,75,0,0,0,0,0
7934,33,792,11,12,1,84,0,0,0,1,1
7935,39,758,4,4,1,75,0,0,0,0,0
7936,45,603,3,2,1,88,0,0,0,1,0
7937,31,824,2,2,1,61,0,1,1,0,0
7938,32,676,2,2,1,90,0,0,0,1,0
7939,27,712,9,7,1,73,1,0,1,0,0
7940,39,673,11,12,1,68,0,0,0,0,0
7941,27,810,6,10,1,84,0,1,1,1,0
7942,28,896,7,8,1,86,0,0,0,0,0
7943,42,801,4,2,0,65,0,0,0,0,0
7944,38,737,4,4,1,60,0,0,0,0,0
7945,22,869,2,6,1,55,0,0,0,0,0
7946,41,744,2,4,0,78,0,1,0,0,0
7947,38,703,4,5,1,58,0,0,0,0,0
7948,35,751,4,6,1,84,0,0,0,0,0
7949,24,852,1,2,1,76,1,0,0,0,0
7950,45,553,4,4,1,72,0,1,0,0,0
7951,33,698,12,12,1,94,0,0,0,1,1
7952,44,738,14,10,1,96,0,0,0,0,0
7953,31,882,4,4,1,57,0,0,0,0,0
7954,31,576,13,14,0,65,1,0,1,0,0
7955,30,818,4,3,1,68,0,0,0,0,0
7956,39,762,11,14,1,64,0,1,1,0,0
7957,31,553,2,5,1,74,0,0,1,0,0
7958,37,725,11,11,0,86,0,0,0,0,0
7959,41,538,2,2,1,67,1,0,1,0,0
7960,23,865,2,4,1,76,0,0,0,0,0
7961,22,635,2,3,1,64,0,0,0,0,0
7962,38,772,12,15,0,78,0,1,1,0,1
7963,28,706,2,2,1,67,1,0,0,0,0
7964,42,891,4,5,1,79,0,0,0,0,0
7965,33,577,13,11,1,79,0,0,0,0,0
7966,39,739,3,3,1,87,0,0,0,0,0
7967,28,788,3,5,1,82,0,0,0,1,0
7968,23,557,1,4,1,62,0,0,0,0,0
7969,27,606,7,9,0,82,0,0,0,0,0
7970,43,841,13,13,1,56,1,0,0,0,0
7971,24,650,1,6,1,70,1,0,0,0,0
7972,27,576,3,2,1,69,0,1,0,0,0
7973,34,602,11,12,1,85,1,0,0,1,1
7974,42,603,12,12,1,80,0,0,0,0,0
7975,31,773,2,5,0,87,0,0,1,0,0
7976,28,658,8,11,0,73,1,0,0,0,0
7977,26,813,6,12,1,75,1,1,0,0,0
7978,36,888,3,5,1,81,0,0,0,1,0
7979,30,760,2,3,1,76,1,0,0,0,0
7980,32,676,12,12,1,97,0,0,0,1,1
7981,41,766,11,12,1,71,0,0,0,0,0
7982,41,714,11,15,0,82,1,0,0,0,0
7983,26,705,3,5,1,59,0,0,0,0,0
7984,45,812,11,10,0,87,1,0,0,1,1
7985,43,854,11,10,1,61,0,0,0,0,0
7986,25,765,2,4,0,71,1,0,0,0,0
7987,23,673,3,3,1,68,1,0,0,0,0
7988,36,634,11,14,1,84,0,1,0,1,1
7989,32,712,11,15,1,65,0,0,1,0,0
7990,29,859,1,2,1,86,1,1,0,1,0
7991,45,570,12,15,1,76,0,0,0,0,0
7992,44,476,11,14,1,62,0,1,0,0,0
7993,24,788,2,2,1,80,0,0,1,0,0
7994,28,803,3,6,1,63,0,0,0,0,0
7995,31,654,3,2,1,71,1,0,0,0,0
7996,22,615,2,2,0,65,0,0,0,0,0
7997,31,611,2,6,1,77,0,0,0,0,0
7998,38,626,13,13,0,81,0,0,0,0,0
7999,37,932,2,6,0,66,0,0,0,0,0
8000,33,794,2,6,0,62,0,0,0,0,0
8001,22,603,1,2,1,85,0,0,0,1,0
8002,41,665,3,2,1,63,0,0,0,0,0
8003,37,638,4,5,1,70,0,1,0,0,0
8004,36,745,3,6,1,67,0,0,0,0,0
8005,23,787,4,2,1,61,0,0,1,0,0
8006,35,703,13,13,1,82,0,0,1,0,0
8007,36,773,14,13,1,79,0,0,0,0,0
8008,29,677,7,12,1,79,0,1,0,0,0
8009,31,740,13,13,1,79,1,0,0,0,0
8010,34,950,4,6,1,80,0,0,1,0,0
8011,22,624,4,5,1,97,0,0,0,0,0
8012,23,855,3,3,0,69,0,0,0,0,0
8013,42,660,2,5,1,98,0,0,1,1,0
8014,22,820,1,6,1,72,1,1,1,0,0
8015,31,776,12,12,0,69,0,0,0,0,0
8016,40,758,12,15,0,62,0,0,0,0,0
8017,38,671,4,3,1,68,0,0,0,0,0
8018,30,797,3,3,0,67,0,0,0,0,0
8019,33,739,11,10,1,78,1,1,0,0,0
8020,45,835,12,14,1,81,0,0,0,0,0
8021,25,731,2,5,1,71,0,1,0,0,0
8022,23,812,1,6,1,100,0,0,0,1,0
8023,26,634,1,3,1,79,0,0,0,0,0
8024,26,729,10,12,0,79,0,0,0,0,0
8025,36,677,2,3,0,87,0,0,0,1,0
8026,44,820,13,14,1,89,0,0,1,0,1
8027,45,625,14,13,1,81,0,0,0,0,0
8028,40,669,13,11,1,66,0,0,0,0,0
8029,26,562,1,4,1,69,0,0,1,0,0
8030,23,549,2,2,0,63,0,0,0,0,0
8031,23,740,3,5,1,58,0,0,0,0,0
8032,28,669,1,2,1,83,0,0,0,0,0
8033,44,688,2,5,1,72,0,0,1,0,0
8034,33,652,14,12,0,65,0,0,0,0,0
8035,38,590,13,15,1,82,0,0,0,0,0
8036,45,655,4,4,1,76,0,0,0,0,0
8037,42,529,4,4,1,83,0,0,0,0,0
8038,45,502,11,14,1,71,0,0,0,0,0
8039,33,657,3,6,1,57,0,0,0,0,0
8040,28,785,7,12,1,64,0,0,0,0,0
8041,41,873,11,11,1,70,1,0,0,0,0
8042,26,671,3,6,1,64,0,0,0,0,0
8043,22,737,5,5,1,89,0,0,0,1,0
8044,41,519,2,6,1,81,0,0,0,0,0
8045,41,790,2,3,1,62,0,0,0,0,0
8046,45,786,13,10,1,72,1,0,0,0,0
8047,27,531,1,3,1,78,0,0,0,0,0
8048,26,693,3,5,1,77,1,0,0,0,0
8049,44,715,13,12,0,79,0,0,0,0,0
8050,26,641,1,6,1,75,0,0,0,0,0
8051,40,577,13,10,1,80,0,0,1,0,0
8052,40,875,4,6,1,60,0,0,0,0,0
8053,28,529,6,7,1,70,0,1,0,0,0
8054,43,697,13,12,0,82,0,1,0,0,0
8055,29,712,3,2,1,62,0,1,0,0,0
8056,38,655,4,6,1,68,0,0,1,0,0
8057,44,677,3,6,0,85,0,0,1,1,0
8058,37,661,14,11,1,56,0,0,0,0,0
8059,33,628,3,2,1,87,0,0,0,0,0
8060,25,860,2,6,1,76,0,1,1,0,0
8061,45,848,2,2,1,52,1,0,0,0,0
8062,43,516,11,13,1,80,0,0,0,0,0
8063,35,591,11,10,1,72,0,0,0,0,0
8064,41,606,2,6,1,76,0,0,0,0,0
8065,41,690,12,11,1,69,0,0,0,0,0
8066,25,699,8,7,1,65,0,0,0,0,0
8067,25,509,10,13,0,84,1,0,0,0,0
8068,41,578,12,13,1,67,0,0,0,0,0
8069,43,644,4,5,1,69,0,0,0,0,0
8070,39,636,12,15,1,67,0,0,0,0,0
8071,34,633,2,4,0,76,0,1,0,0,0
8072,40,669,2,4,1,83,0,0,0,1,0
8073,28,869,7,9,0,69,0,0,0,0,0
8074,31,699,3,4,1,87,0,0,0,1,0
8075,37,737,3,6,0,58,0,0,0,0,0
8076,27,724,3,5,1,76,0,0,0,0,0
8077,33,808,13,12,1,67,0,0,0,0,0
8078,24,742,5,5,0,81,0,0,0,0,0
8079,27,600,7,7,0,80,0,0,0,0,0
8080,32,647,2,6,1,85,0,0,1,1,0
8081,45,830,14,10,0,63,0,0,0,0,0
8082,44,778,14,15,1,78,1,0,1,0,1
8083,23,615,1,4,1,69,0,0,0,0,0
8084,43,814,4,5,1,84,0,0,1,0,0
8085,22,645,1,5,1,82,0,0,0,0,0
8086,29,816,7,7,1,93,0,0,1,0,0
8087,41,632,12,10,1,79,0,0,0,0,0
8088,27,655,1,3,1,76,0,0,0,0,0
8089,27,732,10,10,1,68,0,0,0,0,0
8090,34,593,4,6,1,73,1,0,0,0,0
8091,24,495,1,6,1,78,0,0,1,0,0
8092,39,857,3,3,1,85,0,0,0,1,0
8093,42,717,4,2,0,68,1,1,0,0,0
8094,45,684,3,3,1,60,1,1,0,0,0
8095,41,721,2,3,1,66,1,0,0,0,0
8096,26,739,6,8,0,62,0,0,0,0,0
8097,31,889,11,13,1,50,0,1,1,0,1
8098,23,609,1,2,0,75,1,0,1,0,0
8099,31,605,2,6,1,77,0,1,0,0,0
8100,25,663,3,4,1,74,0,0,0,0,0
8101,39,851,12,10,1,69,0,1,0,0,0
8102,43,720,12,13,1,78,0,0,0,0,0
8103,24,562,3,5,1,71,0,0,0,0,0
8104,23,699,2,6,1,72,0,0,0,0,0
8105,31,690,4,2,1,61,0,0,1,0,0
8106,30,721,3,3,0,70,0,0,1,0,0
8107,44,701,14,13,1,69,0,0,0,0,0
8108,26,642,8,11,1,67,1,0,0,0,0
8109,30,818,11,15,1,70,0,0,0,0,0
8110,26,570,6,11,1,84,0,0,0,0,0
8111,23,698,1,3,1,62,1,0,1,0,0
8112,25,529,8,11,1,74,1,0,1,0,0
8113,38,778,14,13,1,78,0,0,0,0,0
8114,32,583,14,14,1,82,0,0,0,0,0
8115,37,751,2,2,1,83,0,0,1,1,0
8116,34,767,3,2,1,91,1,0,0,1,0
8117,28,661,3,3,1,48,0,0,0,0,0
8118,37,746,4,6,1,83,1,0,1,1,0
8119,43,487,14,13,1,80,1,0,0,0,0
8120,25,664,3,5,1,76,0,0,0,0,0
8121,39,735,11,15,1,90,1,1,0,1,1
8122,32,579,2,4,1,81,0,1,0,0,0
8123,31,791,4,2,0,63,0,1,0,0,0
8124,28,554,2,4,1,79,0,0,0,0,0
8125,40,724,4,3,1,81,0,0,0,0,0
8126,35,471,12,10,1,87,0,0,0,0,0
8127,25,582,2,3,1,76,1,0,0,0,0
8128,44,650,4,4,1,79,0,0,0,0,0
8129,27,762,1,4,1,88,0,0,0,1,0
8130,28,829,8,8,1,73,1,0,0,0,0
8131,26,757,8,12,1,75,0,0,0,0,0
8132,29,628,8,12,1,78,0,0,0,0,0
8133,43,777,13,11,1,71,0,0,0,0,0
8134,24,746,4,5,1,67,0,0,0,0,0
8135,23,719,4,5,1,75,0,1,1,0,0
8136,42,744,13,10,1,56,1,0,0,0,0
8137,33,745,11,13,1,57,1,0,0,0,0
8138,25,716,3,4,1,81,0,0,1,0,0
8139,31,749,14,12,1,86,0,0,0,1,1
8140,36,703,14,11,1,77,0,1,0,0,0
8141,38,495,13,12,1,79,0,0,0,0,0
8142,43,707,12,15,1,69,0,0,0,0,0
8143,43,752,2,5,1,65,0,1,0,0,0
8144,40,683,3,5,1,63,0,0,0,0,0
8145,37,772,12,10,1,74,1,0,0,0,0
8146,30,630,4,5,1,64,0,1,1,0,0
8147,39,832,3,4,1,75,0,0,0,0,0
8148,28,675,9,10,1,67,0,0,0,0,0
8149,31,772,11,14,1,77,0,0,0,0,0
8150,22,601,3,3,1,62,0,0,0,0,0
8151,24,693,4,4,1,74,0,0,0,0,0
8152,40,729,12,13,1,83,0,0,0,1,1
8153,32,725,2,5,1,81,0,0,1,0,0
8154,39,601,4,4,1,75,0,0,0,0,0
8155,31,749,4,5,1,82,0,0,1,0,0
8156,26,603,1,3,1,80,1,0,0,0,0
8157,36,746,14,10,1,95,0,0,1,0,1
8158,43,696,3,5,0,59,1,0,0,0,0
8159,22,533,1,4,1,79,0,1,0,0,0
8160,37,619,2,5,0,62,0,1,1,0,0
8161,45,896,4,6,1,78,0,0,0,0,0
8162,34,917,3,6,1,83,0,0,1,0,0
8163,42,679,2,2,0,77,1,0,0,0,0
8164,29,850,10,14,1,82,0,1,0,1,1
8165,23,635,1,3,1,86,0,0,1,1,0
8166,43,616,14,12,1,78,0,0,0,0,0
8167,28,603,2,4,0,69,1,0,1,0,0
8168,30,837,3,2,0,85,0,1,1,0,0
8169,22,685,2,3,1,74,0,0,0,0,0
8170,43,817,11,14,1,78,0,1,1,0,1
8171,27,862,3,6,1,76,0,0,0,0,0
8172,31,864,2,2,1,61,0,0,1,0,0
8173,29,755,3,6,1,62,0,0,1,0,0
8174,29,639,8,12,1,74,0,1,0,0,0
8175,38,807,2,4,1,57,1,0,0,0,0
8176,28,738,2,5,1,87,0,0,1,1,0
8177,42,641,11,11,1,61,0,0,1,0,0
8178,22,751,1,3,1,75,0,0,0,0,0
8179,25,467,10,11,1,67,0,1,0,0,0
8180,37,674,12,13,1,88,0,1,1,0,1
8181,44,719,4,3,0,73,0,0,0,0,0
8182,43,518,12,12,1,56,1,0,0,0,0
8183,28,698,7,8,1,62,0,0,0,0,0
8184,24,738,5,4,1,84,0,1,0,1,0
8185,31,553,4,3,1,58,0,0,0,0,0
8186,29,780,2,6,1,79,1,0,0,0,0
8187,32,742,2,5,1,71,0,0,0,0,0
8188,30,780,14,12,1,82,0,0,0,1,1
8189,36,771,3,4,1,76,0,0,1,0,0
8190,22,753,3,2,0,96,1,0,0,0,0
8191,31,770,4,5,1,73,0,1,0,0,0
8192,34,366,2,6,1,60,0,0,0,0,0
8193,42,611,11,13,1,91,0,0,0,0,1
8194,36,669,2,5,0,67,0,0,0,0,0
8195,45,731,2,3,1,69,1,0,0,0,0
8196,26,780,3,2,1,71,0,0,0,0,0
8197,38,950,4,4,1,65,0,0,1,0,0
8198,41,629,13,10,0,51,1,0,1,0,0
8199,38,615,2,3,1,71,1,0,0,0,0
8200,38,566,4,5,1,67,0,1,0,0,0
8201,35,782,12,14,0,68,0,0,0,0,0
8202,36,692,4,3,1,97,0,0,0,1,0
8203,42,542,11,14,1,85,1,1,1,1,1
8204,31,659,12,10,1,89,1,0,0,0,0
8205,29,698,2,6,0,75,0,0,0,0,0
8206,25,853,3,5,0,83,0,0,0,0,0
8207,23,644,3,2,0,72,0,0,0,0,0
8208,35,644,2,3,1,63,1,0,0,0,0
8209,35,845,13,10,1,89,0,0,1,0,1
8210,42,585,4,6,1,76,0,0,0,0,0
8211,45,553,11,11,1,69,0,0,1,0,0
8212,39,697,3,6,1,83,0,0,0,0,0
8213,45,706,13,10,1,62,0,0,0,0,0
8214,30,585,14,10,1,73,0,1,0,0,0
8215,40,757,12,13,1,71,1,0,0,0,0
8216,23,643,1,4,1,73,1,0,0,0,0
8217,26,796,7,10,0,94,0,0,0,1,0
8218,28,841,3,5,1,82,0,0,0,0,0
8219,30,612,14,15,1,72,0,1,0,0,0
8220,44,764,11,12,0,68,1,0,0,0,0
8221,24,712,2,2,0,66,0,0,0,0,0
8222,27,763,7,9,1,70,0,0,0,0,0
8223,44,793,12,15,1,73,0,1,0,0,0
8224,40,599,13,14,1,62,1,0,1,0,0
8225,28,664,2,2,1,85,1,0,0,1,0
8226,40,800,14,14,1,67,1,1,0,0,1
8227,28,572,8,12,1,82,0,0,0,1,0
8228,39,848,13,14,0,72,0,0,0,0,0
8229,43,718,12,11,1,74,1,1,1,0,0
8230,22,683,1,4,1,75,0,0,0,0,0
8231,31,681,4,3,1,100,1,0,0,0,0
8232,32,658,14,11,1,68,0,0,0,0,0
8233,28,769,7,7,0,69,0,0,0,0,0
8234,40,636,11,10,1,80,0,0,0,0,0
8235,41,639,4,6,1,78,0,0,0,0,0
8236,25,731,10,10,1,72,0,0,0,0,0
8237,41,375,11,14,1,78,0,0,0,0,0
8238,31,697,4,2,1,88,0,0,0,1,0
8239,38,942,2,5,0,74,0,0,0,0,0
8240,28,891,7,10,1,76,1,0,0,0,0
8241,25,866,1,6,0,91,0,0,1,0,0
8242,30,561,14,13,1,77,0,1,1,0,0
8243,22,521,1,5,0,75,0,0,0,0,0
8244,41,708,4,2,1,89,1,1,0,1,0
8245,37,650,3,2,1,58,0,0,0,0,0
8246,35,668,11,11,0,85,0,0,0,0,0
8247,34,728,11,12,1,69,1,0,0,0,0
8248,33,832,2,4,1,88,0,0,0,0,0
8249,27,940,8,9,0,66,0,1,0,0,0
8250,36,722,3,3,1,56,1,0,1,0,0
8251,32,758,3,2,0,84,0,1,0,0,0
8252,34,767,13,10,1,76,0,1,0,0,0
8253,26,872,3,6,0,74,0,0,0,0,0
8254,41,646,14,11,0,91,1,0,0,0,0
8255,40,681,4,5,1,78,1,0,0,0,0
8256,31,716,13,12,1,54,0,1,0,0,0
8257,29,790,2,3,1,89,0,0,0,0,0
8258,23,676,1,6,1,87,0,0,0,1,0
8259,32,687,12,13,1,72,0,0,0,0,0
8260,41,751,12,13,1,64,0,0,1,0,0
8261,39,692,2,4,0,70,0,0,0,0,0
8262,23,623,5,6,1,71,0,0,1,0,0
8263,31,601,3,4,0,87,0,0,0,0,0
8264,26,815,6,7,1,67,0,0,1,0,0
8265,24,575,1,4,0,75,0,0,0,0,0
8266,37,754,2,6,1,79,0,0,0,0,0
8267,44,945,11,11,0,57,0,0,0,0,0
8268,26,697,1,5,1,65,0,0,0,0,0
8269,25,737,1,5,1,91,1,1,0,1,0
8270,23,703,1,2,0,73,0,1,0,0,0
8271,38,617,4,4,1,83,0,0,1,0,0
8272,34,569,11,14,1,69,1,0,0,0,0
8273,27,846,2,6,1,70,0,0,1,0,0
8274,37,706,3,3,1,90,1,0,0,0,0
8275,40,812,2,2,1,83,0,0,0,1,0
8276,26,672,6,10,1,74,1,0,0,0,0
8277,35,685,3,6,1,71,0,1,0,0,0
8278,35,495,2,6,1,73,0,0,0,0,0
8279,37,697,2,3,1,64,0,1,0,0,0
8280,43,847,12,14,1,85,0,0,0,0,1
8281,33,790,12,11,1,72,0,0,0,0,0
8282,41,745,12,11,1,70,0,1,1,0,0
8283,45,724,14,10,0,76,0,0,1,0,0
8284,30,716,4,4,1,72,0,0,0,0,0
8285,29,673,6,7,0,99,1,0,0,0,0
8286,41,545,11,13,1,75,1,0,1,0,0
8287,42,687,13,15,1,67,0,0,0,0,0
8288,28,771,8,10,1,69,0,0,1,0,0
8289,22,711,1,3,0,62,0,0,1,0,0
8290,23,760,5,4,1,66,1,0,0,0,0
8291,41,930,3,4,1,84,0,0,0,0,0
8292,25,663,2,6,1,61,0,0,0,0,0
8293,40,675,12,15,1,75,0,0,0,0,0
8294,27,392,2,6,1,62,0,0,0,0,0
8295,41,649,2,2,0,77,0,0,0,0,0
8296,33,748,4,4,1,58,0,0,1,0,0
8297,30,724,13,10,1,57,0,0,0,0,0
8298,34,637,4,4,1,82,0,0,1,1,0
8299,28,632,10,11,1,68,0,1,0,0,0
8300,24,715,3,3,0,62,1,0,0,0,0
8301,41,612,2,5,1,91,0,0,0,0,0
8302,43,624,13,11,0,72,0,0,0,0,0
8303,35,844,13,10,0,61,0,0,0,0,0
8304,24,504,2,3,1,70,0,0,0,0,0
8305,37,547,12,15,0,53,0,0,0,0,0
8306,32,606,2,5,1,70,0,0,0,0,0
8307,33,802,12,14,1,73,0,0,0,0,0
8308,27,606,6,12,1,75,1,0,1,0,0
8309,25,672,3,5,1,87,0,0,0,1,0
8310,33,790,4,2,1,84,1,0,0,0,0
8311,30,739,4,6,1,75,0,0,0,0,0
8312,29,621,3,3,1,75,0,0,0,0,0
8313,23,720,1,3,0,87,0,0,0,1,0
8314,31,712,14,14,1,77,1,0,1,0,1
8315,29,581,2,5,1,100,0,1,0,0,0
8316,31,470,14,15,1,100,0,0,0,0,1
8317,30,721,12,13,1,63,0,1,0,0,0
8318,34,744,14,10,1,90,0,0,0,1,1
8319,31,699,3,2,1,76,0,0,1,0,0
8320,24,637,3,3,1,66,0,0,0,0,0
8321,45,843,11,10,1,74,0,0,1,0,0
8322,34,804,3,3,1,82,0,0,0,1,0
8323,25,753,1,6,1,81,0,1,1,0,0
8324,44,697,3,5,1,76,1,0,0,0,0
8325,23,782,2,4,1,89,0,0,0,1,0
8326,31,526,11,12,1,74,0,0,0,0,0
8327,40,633,3,4,1,74,0,1,0,0,0
8328,44,587,2,6,1,70,1,0,0,0,0
8329,39,706,4,4,1,63,1,1,0,0,0
8330,26,624,9,8,1,81,0,0,0,0,0
8331,25,657,6,10,1,83,1,0,0,0,0
8332,39,864,13,12,1,73,0,0,0,0,0
8333,42,767,12,15,1,77,1,0,0,0,0
8334,35,824,3,2,1,85,0,0,1,1,0
8335,23,661,1,6,1,85,0,0,0,1,0
8336,37,831,4,3,1,69,0,0,0,0,0
8337,22,495,3,2,1,94,0,0,0,0,0
8338,25,882,9,12,1,92,0,1,0,0,1
8339,39,618,14,12,1,89,0,0,0,1,1
8340,25,722,8,7,1,82,1,0,0,0,0
8341,39,706,12,14,1,86,0,0,0,0,1
8342,45,617,4,2,1,70,0,0,1,0,0
8343,33,687,4,2,1,55,0,0,0,0,0
8344,41,807,11,12,1,90,0,0,0,1,1
8345,31,690,13,13,1,71,0,0,0,0,0
8346,43,581,3,2,1,56,0,0,0,0,0
8347,22,796,5,5,0,70,0,0,0,0,0
8348,29,705,8,8,1,87,0,0,1,1,0
8349,37,681,12,15,1,86,0,0,0,1,1
8350,43,803,3,5,1,54,0,0,1,0,0
8351,42,723,11,10,1,67,0,0,1,0,0
8352,43,685,12,15,0,82,0,0,0,0,0
8353,44,747,3,4,1,83,1,0,0,1,0
8354,42,598,4,3,1,94,0,1,0,0,0
8355,35,809,3,4,1,64,0,0,1,0,0
8356,24,854,2,4,1,76,0,0,0,0,0
8357,33,544,2,2,0,81,0,0,1,0,0
8358,34,707,14,14,1,84,1,0,0,0,0
8359,29,857,3,3,0,82,0,0,1,1,0
8360,39,812,12,10,1,75,0,1,0,0,0
8361,37,671,14,15,1,71,0,0,0,0,0
8362,39,638,3,5,1,78,0,1,0,0,0
8363,37,689,3,6,1,87,0,1,1,0,0
8364,38,676,11,15,1,71,0,0,0,0,0
8365,22,642,5,4,1,65,0,0,0,0,0
8366,36,636,4,4,1,70,0,0,0,0,0
8367,43,702,11,15,1,77,1,0,0,0,0
8368,37,765,11,15,0,92,0,1,0,1,1
8369,29,701,10,11,1,84,0,1,0,0,0
8370,43,644,12,15,1,85,0,0,0,1,1
8371,39,721,2,6,1,63,0,0,0,0,0
8372,36,682,11,12,1,73,0,1,1,0,1
8373,27,813,9,8,0,86,0,1,0,0,0
8374,36,588,13,15,1,67,0,0,0,0,0
8375,40,712,13,10,1,65,1,0,1,0,0
8376,26,773,10,12,1,75,0,0,1,0,0
8377,24,771,4,3,1,70,0,0,0,0,0
8378,34,823,14,14,1,77,0,1,0,0,1
8379,35,478,13,15,1,78,0,0,0,0,0
8380,36,797,12,15,1,85,0,0,0,1,1
8381,30,538,13,14,1,64,0,0,0,0,0
8382,40,590,4,5,0,88,0,0,1,1,0
8383,33,688,11,11,0,74,0,0,0,0,0
8384,28,684,3,6,1,81,1,1,0,0,0
8385,23,537,5,6,1,72,0,0,0,0,0
8386,44,699,14,10,1,70,1,0,0,0,0
8387,23,718,1,3,1,91,0,0,0,1,0
8388,38,708,12,13,0,77,0,0,0,0,0
8389,43,675,3,6,1,72,1,0,0,0,0
8390,27,707,8,10,1,84,0,0,0,1,0
8391,33,630,2,2,0,85,0,0,1,0,0
8392,23,640,4,4,1,85,0,0,0,1,0
8393,30,680,13,11,1,55,0,0,1,0,0
8394,27,759,6,7,1,61,0,0,0,0,0
8395,28,649,2,5,1,74,0,0,0,0,0
8396,41,586,11,14,1,76,1,0,0,0,0
8397,39,810,11,15,0,94,0,0,0,0,1
8398,22,733,1,2,0,74,0,0,1,0,0
8399,30,712,11,15,0,75,0,1,0,0,0
8400,30,616,2,6,1,75,0,0,0,0,0
8401,23,725,2,6,0,61,0,0,0,0,0
8402,40,603,4,6,1,66,0,0,0,0,0
8403,24,857,1,6,1,72,0,0,0,0,0
8404,22,593,3,5,0,75,1,0,0,0,0
8405,36,676,3,3,1,79,0,0,0,0,0
8406,35,873,4,6,0,68,0,0,0,0,0
8407,28,607,7,7,1,87,0,1,1,1,1
8408,23,628,1,4,1,54,0,0,0,0,0
8409,29,581,8,9,1,68,0,0,0,0,0
8410,23,778,1,3,1,79,0,0,1,0,0
8411,27,758,8,10,0,87,0,0,1,0,0
8412,42,827,13,15,1,89,0,0,0,1,1
8413,32,648,14,11,1,80,1,0,0,0,0
8414,37,549,3,4,1,99,0,0,0,0,0
8415,37,707,13,11,1,68,1,0,1,0,0
8416,33,638,4,2,1,78,0,1,1,0,0
8417,38,878,4,3,1,75,0,0,0,0,0
8418,38,725,4,4,1,69,0,0,0,0,0
8419,38,677,2,5,1,82,0,0,0,0,0
8420,39,662,13,10,0,75,0,0,0,0,0
8421,45,723,3,4,1,79,0,0,0,0,0
8422,30,525,2,5,1,73,0,0,0,0,0
8423,31,707,3,4,1,73,1,0,0,0,0
8424,25,723,10,10,0,89,0,0,0,1,1
8425,30,661,2,2,1,70,0,0,0,0,0
8426,26,756,9,11,1,76,1,0,0,0,0
8427,41,637,2,5,1,85,1,0,0,1,0
8428,28,660,6,10,1,93,0,1,1,0,0
8429,34,848,2,5,1,70,0,0,0,0,0
8430,37,801,2,2,1,76,1,0,0,0,0
8431,30,824,3,5,1,87,1,0,0,0,0
8432,38,770,3,6,1,71,0,1,0,0,0
8433,44,628,2,5,1,83,0,0,0,1,0
8434,39,637,3,4,1,70,0,1,0,0,0
8435,22,722,3,5,1,59,0,0,1,0,0
8436,29,481,6,10,1,80,1,0,1,0,0
8437,39,552,2,3,1,74,0,1,0,0,0
8438,41,489,3,3,1,75,0,1,1,0,0
8439,35,663,12,15,1,77,0,0,0,0,0
8440,43,712,3,6,1,83,0,0,0,1,0
8441,42,611,11,14,1,75,0,0,1,0,0
8442,38,726,14,11,1,56,0,0,0,0,0
8443,26,699,6,10,1,67,0,0,0,0,0
8444,38,772,12,13,1,71,0,0,1,0,0
8445,36,669,4,3,1,62,0,0,0,0,0
8446,31,711,2,2,1,59,0,1,0,0,0
8447,38,753,4,3,1,92,0,0,0,0,0
8448,31,761,13,14,1,61,0,0,0,0,0
8449,33,727,11,13,1,56,0,0,0,0,0
8450,27,744,6,8,1,74,0,0,1,0,0
8451,33,773,14,14,1,66,0,0,1,0,0
8452,41,733,11,11,1,93,0,0,0,0,0
8453,23,820,5,2,0,86,0,0,0,0,0
8454,26,816,1,5,1,76,0,0,0,0,0
8455,40,756,2,4,1,70,1,0,0,0,0
8456,31,610,4,6,1,68,0,0,0,0,0
8457,31,760,11,15,1,78,0,1,0,0,0
8458,34,640,3,2,1,94,1,0,0,0,0
8459,38,619,3,4,0,64,0,0,0,0,0
8460,44,758,2,2,1,93,0,1,0,0,0
8461,24,555,3,3,1,58,0,0,0,0,0
8462,33,724,13,10,0,73,0,0,0,0,0
8463,44,637,11,15,1,90,0,0,0,1,1
8464,43,617,12,15,1,76,1,0,0,0,0
8465,43,738,13,14,0,87,0,0,0,0,1
8466,40,781,11,13,1,58,0,0,1,0,0
8467,43,820,4,6,1,76,0,0,0,0,0
8468,28,826,10,10,1,77,0,0,0,0,0
8469,25,820,3,3,1,71,0,0,0,0,0
8470,37,708,4,6,1,88,0,0,0,0,0
8471,31,628,4,2,0,77,0,1,1,0,0
8472,22,718,2,2,0,72,0,0,0,0,0
8473,24,694,3,5,1,61,0,0,0,0,0
8474,24,768,2,4,1,87,0,1,0,0,0
8475,23,671,3,4,1,99,0,0,0,1,0
8476,41,945,13,12,0,73,0,0,1,0,1
8477,41,493,3,3,1,87,1,0,0,1,0
8478,35,672,13,12,1,79,1,0,1,0,1
8479,43,753,2,3,0,84,0,0,0,0,0
8480,35,752,2,6,1,81,0,0,0,1,0
8481,45,612,4,5,1,68,1,0,0,0,0
8482,29,680,1,5,1,75,0,0,0,0,0
8483,33,599,12,11,0,79,0,0,1,0,0
8484,22,700,2,4,1,75,0,1,1,0,0
8485,45,633,11,12,1,72,1,0,0,0,0
8486,32,710,3,3,0,57,0,0,0,0,0
8487,25,553,8,9,1,64,0,0,0,0,0
8488,24,668,2,3,1,75,0,0,0,0,0
8489,31,695,2,5,1,67,0,1,0,0,0
8490,28,569,2,4,0,69,0,0,0,0,0
8491,41,701,2,2,1,62,0,0,0,0,0
8492,30,766,4,3,0,56,0,1,0,0,0
8493,29,799,8,11,1,66,0,0,1,0,0
8494,31,740,2,6,0,66,0,0,0,0,0
8495,30,572,3,6,1,82,0,0,1,1,0
8496,44,762,14,10,1,48,1,0,0,0,0
8497,38,675,12,12,1,75,0,0,0,0,0
8498,22,639,1,4,0,77,0,0,0,0,0
8499,42,845,13,11,1,95,0,0,0,0,1
8500,23,679,2,6,0,65,0,0,0,0,0
8501,45,752,3,6,1,66,0,1,0,0,0
8502,36,605,11,15,1,76,0,0,0,0,0
8503,44,592,13,10,1,83,0,0,0,1,0
8504,30,800,3,6,1,65,0,0,0,0,0
8505,39,707,4,3,1,86,1,0,0,1,0
8506,41,657,13,11,1,76,0,0,0,0,0
8507,31,642,11,12,1,97,0,0,0,1,1
8508,26,706,7,12,0,84,0,1,0,0,0
8509,30,778,13,13,1,87,0,0,0,1,1
8510,36,588,14,12,1,78,1,0,0,0,0
8511,35,676,11,15,1,60,0,0,1,0,0
8512,42,605,2,6,1,83,1,0,0,1,0
8513,34,772,14,12,1,58,0,1,0,0,0
8514,45,700,13,10,0,56,0,1,0,0,0
8515,41,626,12,14,0,70,0,1,0,0,0
8516,24,649,4,5,0,90,0,1,0,0,0
8517,43,865,4,4,1,70,0,0,0,0,0
8518,25,754,10,12,1,87,1,0,0,0,1
8519,29,829,8,8,0,80,1,0,0,0,0
8520,30,750,11,13,0,92,0,0,0,0,1
8521,33,950,11,14,1,79,1,1,0,0,1
8522,44,662,13,12,1,69,0,0,1,0,0
8523,29,722,8,10,1,70,0,1,0,0,0
8524,34,802,14,13,1,85,1,0,0,1,1
8525,23,608,3,5,1,76,0,0,0,0,0
8526,22,809,3,5,1,74,0,0,0,0,0
8527,22,741,3,6,1,82,0,0,0,1,0
8528,38,708,13,15,1,65,0,0,0,0,0
8529,40,824,11,11,0,88,1,0,1,1,1
8530,44,605,14,13,1,67,0,0,0,0,0
8531,33,889,2,3,1,79,0,0,0,0,0
8532,38,617,2,4,1,69,0,1,0,0,0
8533,45,587,14,14,1,75,0,0,1,0,0
8534,22,620,3,3,1,80,0,0,1,0,0
8535,33,895,4,4,0,80,0,0,0,0,0
8536,38,754,12,14,1,73,0,0,0,0,0
8537,38,598,14,12,0,66,0,0,0,0,0
8538,27,657,1,6,1,82,0,1,0,0,0
8539,31,853,3,3,1,75,1,0,0,0,0
8540,29,691,9,7,0,76,0,1,0,0,0
8541,26,668,3,2,1,84,0,0,0,0,0
8542,41,634,11,11,1,64,0,0,0,0,0
8543,32,706,2,6,1,82,0,1,0,1,0
8544,33,548,4,5,1,80,0,0,0,0,0
8545,25,645,9,8,1,64,1,0,0,0,0
8546,28,686,10,12,1,69,0,0,0,0,0
8547,32,686,13,14,1,71,0,0,1,0,0
8548,37,702,4,6,1,74,0,0,1,0,0
8549,25,580,10,10,1,74,0,0,0,0,0
8550,35,733,4,3,1,77,0,0,0,0,0
8551,30,690,13,10,1,62,0,0,1,0,0
8552,30,770,2,5,1,73,0,0,0,0,0
8553,36,811,11,14,1,80,0,0,0,0,0
8554,39,527,3,2,1,75,1,0,0,0,0
8555,37,761,3,4,1,80,0,0,0,0,0
8556,39,816,12,14,1,79,0,0,0,0,0
8557,44,664,14,11,0,70,0,1,0,0,0
8558,45,775,11,10,0,75,0,1,0,0,0
8559,39,619,2,4,1,77,0,0,1,0,0
8560,31,736,4,3,0,61,1,0,0,0,0
8561,39,649,12,10,1,93,0,0,0,0,0
8562,27,792,6,12,1,76,0,0,0,0,0
8563,28,671,3,6,1,85,0,0,0,0,0
8564,23,890,1,5,1,81,0,0,0,0,0
8565,34,681,13,10,1,93,0,0,0,1,1
8566,32,849,3,4,1,82,0,0,0,1,0
8567,25,572,1,2,1,92,0,0,0,1,0
8568,39,629,12,14,1,62,0,0,0,0,0
8569,35,470,14,14,1,70,0,0,0,0,0
8570,32,537,4,5,0,58,0,0,0,0,0
8571,43,655,4,5,0,76,1,0,0,0,0
8572,33,737,13,13,1,79,0,1,0,0,0
8573,34,720,13,13,1,75,1,0,1,0,1
8574,40,564,14,14,1,77,1,1,0,0,0
8575,45,633,12,14,0,72,0,0,0,0,0
8576,44,655,11,10,1,52,0,0,1,0,0
8577,22,664,1,6,1,72,0,0,0,0,0
8578,36,719,2,3,1,69,0,0,1,0,0
8579,42,900,3,6,1,65,0,0,1,0,0
8580,44,710,3,3,1,64,0,0,0,0,0
8581,40,811,4,4,1,86,0,0,0,0,0
8582,35,747,3,4,0,64,0,0,0,0,0
8583,24,743,1,6,1,73,0,0,0,0,0
8584,31,751,14,14,1,86,0,0,0,1,1
8585,39,836,3,3,1,59,0,1,0,0,0
8586,45,911,2,2,0,69,0,0,0,0,0
8587,32,775,11,10,0,68,0,0,0,0,0
8588,28,685,3,2,0,74,0,1,0,0,0
8589,40,888,12,11,1,81,0,0,1,1,1
8590,22,645,1,2,0,56,0,0,0,0,0
8591,31,687,4,5,1,76,1,0,0,0,0
8592,22,557,2,3,1,66,0,0,0,0,0
8593,28,792,2,4,1,89,0,1,0,1,0
8594,22,767,5,6,1,69,0,0,0,0,0
8595,31,631,4,5,1,83,1,0,0,0,0
8596,26,560,1,2,0,68,0,1,0,0,0
8597,35,758,12,15,1,98,0,1,0,0,1
8598,32,724,3,6,1,67,0,0,0,0,0
8599,34,724,12,10,1,62,0,0,1,0,0
8600,27,726,9,9,1,83,0,0,1,1,0
8601,36,676,13,14,1,56,0,0,0,0,0
8602,31,648,3,6,1,98,0,0,0,0,0
8603,26,553,9,10,1,74,0,0,0,0,0
8604,29,642,1,6,1,68,0,0,0,0,0
8605,38,557,11,13,1,73,0,1,0,0,0
8606,25,545,6,10,0,82,0,1,0,0,0
8607,41,487,3,5,0,61,0,1,0,0,0
8608,39,702,12,11,0,90,0,0,1,0,0
8609,29,825,2,3,1,72,0,0,0,0,0
8610,36,594,14,12,1,75,1,0,0,0,0
8611,26,748,1,6,1,79,1,0,0,0,0
8612,22,906,1,4,1,73,0,0,0,0,0
8613,32,758,11,13,1,74,0,0,0,0,0
8614,25,653,8,7,1,85,0,0,0,0,0
8615,28,552,1,2,1,81,0,0,0,0,0
8616,25,773,10,13,1,81,0,0,1,1,1
8617,33,911,13,11,1,69,0,1,0,0,0
8618,25,630,2,4,0,56,1,0,0,0,0
8619,33,623,2,2,1,64,0,0,0,0,0
8620,29,950,7,12,1,83,1,0,0,0,0
8621,41,726,11,12,1,76,0,0,0,0,0
8622,31,579,2,4,0,71,1,0,0,0,0
8623,25,664,2,5,1,72,1,1,0,0,0
8624,42,764,14,15,1,72,1,1,1,0,1
8625,39,744,11,11,1,67,0,0,0,0,0
8626,41,761,4,6,0,74,0,0,0,0,0
8627,43,496,13,15,1,53,1,0,1,0,0
8628,37,571,11,10,1,83,0,0,0,0,0
8629,36,556,12,15,1,78,1,0,0,0,0
8630,44,679,13,14,0,72,0,0,0,0,0
8631,30,728,2,5,1,63,0,0,0,0,0
8632,44,685,2,6,1,70,1,0,0,0,0
8633,22,726,1,6,1,67,0,0,0,0,0
8634,23,663,5,4,0,56,0,0,0,0,0
8635,34,570,3,2,1,74,0,0,0,0,0
8636,35,557,3,6,1,63,0,1,0,0,0
8637,45,638,12,12,1,81,0,0,1,0,0
8638,38,613,14,10,1,77,1,0,0,0,0
8639,44,842,3,5,1,85,1,0,0,0,0
8640,28,554,9,11,1,74,0,1,0,0,0
8641,41,736,4,4,1,75,1,0,0,0,0
8642,42,442,11,12,1,81,1,0,1,0,0
8643,45,691,3,6,1,80,0,0,1,0,0
8644,38,746,3,6,1,75,0,1,0,0,0
8645,33,748,3,3,0,71,0,0,0,0,0
8646,24,710,2,6,1,71,0,0,0,0,0
8647,34,735,13,10,1,72,1,0,0,0,0
8648,31,874,11,10,1,62,0,0,0,0,0
8649,45,742,12,12,0,88,0,0,0,0,1
8650,28,818,2,4,1,76,0,0,1,0,0
8651,35,721,12,11,0,59,0,0,0,0,0
8652,25,851,3,4,1,65,0,0,0,0,0
8653,25,540,3,3,1,80,1,0,1,0,0
8654,28,672,9,10,1,61,0,1,0,0,0
8655,43,768,13,14,1,68,0,1,0,0,0
8656,33,584,3,4,1,92,0,1,0,1,0
8657,38,722,12,11,1,57,0,0,1,0,0
8658,26,540,8,8,1,72,0,0,1,0,0
8659,26,727,7,7,1,85,0,0,0,0,0
8660,28,591,2,6,1,70,0,0,0,0,0
8661,23,728,2,5,1,72,0,0,0,0,0
8662,40,600,13,11,0,75,0,0,0,0,0
8663,34,773,4,6,0,72,1,0,0,0,0
8664,26,594,8,11,1,75,1,0,0,0,0
8665,36,685,12,12,0,49,0,0,0,0,0
8666,30,528,4,4,0,80,0,0,0,0,0
8667,44,673,13,13,1,72,1,1,1,0,1
8668,34,689,3,3,0,83,0,0,0,0,0
8669,36,877,11,10,1,82,1,0,0,1,1
8670,22,550,1,2,1,86,0,0,1,0,0
8671,37,602,13,11,1,67,1,1,0,0,0
8672,25,750,1,3,1,72,0,0,0,0,0
8673,26,362,10,13,1,47,0,0,1,0,0
8674,41,950,12,15,1,75,0,0,0,0,0
8675,33,798,4,3,1,80,0,0,0,0,0
8676,30,758,12,12,1,71,0,0,0,0,0
8677,30,754,4,6,1,80,0,0,0,0,0
8678,39,694,14,13,1,62,0,0,0,0,0
8679,22,602,3,3,0,78,0,0,1,0,0
8680,44,607,3,3,1,56,0,0,0,0,0
8681,28,718,1,4,1,71,0,0,1,0,0
8682,31,787,11,10,0,100,0,0,0,0,0
8683,26,721,7,8,0,67,0,0,1,0,0
8684,30,823,4,5,1,73,1,1,0,0,0
8685,28,551,10,14,1,89,0,0,0,0,0
8686,26,500,2,3,1,78,0,0,0,0,0
8687,39,723,13,11,1,77,0,0,1,0,0
8688,40,593,12,14,1,71,1,0,0,0,0
8689,38,723,14,13,0,75,0,1,0,0,0
8690,41,737,3,5,1,64,0,0,0,0,0
8691,39,912,14,11,0,73,1,0,1,0,0
8692,41,668,13,13,1,68,0,0,0,0,0
8693,34,630,4,5,1,64,0,0,0,0,0
8694,45,538,13,14,1,73,0,0,1,0,0
8695,32,805,3,5,1,90,1,0,1,1,0
8696,26,769,1,6,0,65,1,0,0,0,0
8697,39,811,14,13,1,81,0,1,1,1,1
8698,45,906,3,5,1,84,0,1,0,1,0
8699,33,789,12,14,1,85,0,0,0,1,1
8700,27,745,7,7,1,64,0,0,0,0,0
8701,32,703,14,13,1,53,1,1,0,0,0
8702,41,709,4,5,1,62,0,0,0,0,0
8703,27,815,9,12,1,91,0,0,0,0,0
8704,32,656,14,15,1,81,0,0,0,1,1
8705,35,751,3,6,0,89,0,0,1,1,0
8706,32,661,13,15,1,63,0,1,0,0,0
8707,33,855,13,14,0,57,0,0,0,0,0
8708,33,771,12,15,1,87,0,0,0,0,1
8709,37,859,3,2,1,78,1,0,0,0,0
8710,22,425,2,4,1,63,0,0,1,0,0
8711,34,670,14,15,1,79,0,0,0,0,0
8712,32,837,11,13,0,70,1,0,1,0,1
8713,43,686,12,12,1,82,0,0,1,0,0
8714,28,589,6,9,1,67,0,0,0,0,0
8715,31,876,3,2,1,66,0,0,0,0,0
8716,29,529,6,11,1,59,0,0,0,0,0
8717,37,673,2,4,1,65,1,0,0,0,0
8718,29,629,6,8,1,77,1,0,0,0,0
8719,32,829,3,2,0,71,1,0,0,0,0
8720,33,777,13,14,1,76,0,0,0,0,0
8721,43,882,4,4,1,97,0,0,0,0,0
8722,39,748,13,15,0,55,0,0,0,0,0
8723,32,663,4,6,1,90,0,1,1,1,0
8724,28,841,1,5,1,72,0,1,0,0,0
8725,24,762,2,4,1,80,0,0,0,0,0
8726,36,594,2,2,1,64,0,0,0,0,0
8727,28,800,10,10,1,81,1,0,0,1,1
8728,27,665,10,12,1,82,0,1,0,1,1
8729,28,805,8,8,1,73,1,0,0,0,0
8730,41,757,3,4,1,75,0,0,0,0,0
8731,37,749,3,6,1,95,1,0,0,1,0
8732,32,519,12,15,1,75,0,0,1,0,0
8733,37,592,13,13,1,82,0,1,0,1,1
8734,24,727,3,6,1,79,0,0,0,0,0
8735,25,557,2,3,1,59,0,0,0,0,0
8736,30,786,11,14,1,69,0,1,0,0,0
8737,34,671,12,13,1,69,0,0,0,0,0
8738,29,532,8,8,1,56,0,0,1,0,0
8739,30,673,4,2,1,74,0,0,0,0,0
8740,44,677,14,12,0,65,0,0,0,0,0
8741,38,684,2,5,1,71,0,0,0,0,0
8742,44,659,13,14,1,63,1,0,0,0,0
8743,43,753,2,6,1,69,0,0,1,0,0
8744,36,729,4,3,1,71,0,0,0,0,0
8745,30,709,4,2,0,79,0,0,0,0,0
8746,37,831,4,4,0,80,1,0,1,0,0
8747,24,537,3,4,1,72,0,0,0,0,0
8748,44,645,11,14,1,91,0,1,1,0,1
8749,41,593,2,5,1,80,0,1,0,0,0
8750,28,692,2,2,0,77,1,0,0,0,0
8751,43,769,14,14,0,79,0,1,0,0,0
8752,36,667,13,11,1,73,0,0,0,0,0
8753,43,695,14,15,1,76,1,1,0,0,1
8754,39,660,3,3,1,71,1,0,0,0,0
8755,37,696,13,10,1,93,1,0,0,1,1
8756,30,619,13,14,1,90,0,0,1,0,1
8757,34,712,3,5,1,73,0,0,1,0,0
8758,45,693,11,13,1,73,0,0,0,0,0
8759,36,845,13,11,0,69,0,0,0,0,0
8760,29,772,1,3,1,90,1,0,0,0,0
8761,33,678,12,13,1,74,0,0,0,0,0
8762,39,761,13,14,1,78,0,0,0,0,0
8763,25,888,9,12,0,69,0,0,0,0,0
8764,39,902,4,5,1,65,1,1,0,0,0
8765,32,747,4,3,0,72,1,0,1,0,0
8766,31,699,12,10,1,93,0,0,0,1,1
8767,34,563,12,12,0,72,0,0,0,0,0
8768,37,531,3,2,1,74,0,0,0,0,0
8769,27,735,2,3,1,79,0,0,0,0,0
8770,43,732,4,2,1,80,0,1,1,0,0
8771,33,689,14,14,1,65,1,0,1,0,0
8772,40,785,2,4,0,80,0,0,0,0,0
8773,33,786,2,5,1,77,0,0,1,0,0
8774,27,657,7,10,1,90,0,0,0,1,0
8775,43,567,11,13,1,78,0,0,0,0,0
8776,25,858,9,8,1,76,0,0,0,0,0
8777,22,771,2,3,1,74,0,0,0,0,0
8778,23,706,2,5,0,74,0,0,0,0,0
8779,42,576,3,5,1,72,0,0,0,0,0
8780,27,716,7,11,1,83,0,0,0,1,0
8781,37,762,4,5,1,82,0,0,0,0,0
8782,36,773,4,6,1,84,0,0,0,0,0
8783,39,665,2,3,1,62,0,0,0,0,0
8784,28,680,2,2,1,59,0,0,0,0,0
8785,28,639,10,14,1,70,1,0,0,0,0
8786,32,669,4,4,1,69,0,0,0,0,0
8787,41,835,4,5,0,70,0,0,0,0,0
8788,38,752,11,11,1,68,0,0,0,0,0
8789,26,737,1,2,0,75,1,0,1,0,0
8790,44,718,14,13,1,71,1,0,1,0,1
8791,25,621,1,6,1,70,0,1,0,0,0
8792,41,616,14,10,1,60,0,0,0,0,0
8793,28,565,10,13,1,65,0,0,0,0,0
8794,26,862,2,6,0,67,0,0,0,0,0
8795,30,593,14,15,0,71,0,0,0,0,0
8796,22,851,2,5,1,78,0,1,0,0,0
8797,40,637,13,14,0,68,0,0,0,0,0
8798,30,804,11,10,1,62,0,1,0,0,0
8799,28,756,2,5,1,64,1,1,0,0,0
8800,43,685,2,2,1,80,1,0,0,0,0
8801,41,742,2,5,1,64,0,0,1,0,0
8802,37,820,3,4,1,87,0,0,0,1,0
8803,33,677,13,13,0,61,0,0,0,0,0
8804,35,576,2,2,1,78,0,0,0,0,0
8805,45,759,12,11,0,77,0,1,1,0,0
8806,25,636,8,10,1,84,0,0,0,0,0
8807,32,733,4,5,1,79,0,1,1,0,0
8808,26,564,10,15,0,95,1,0,0,0,1
8809,42,559,11,10,1,77,0,0,1,0,0
8810,35,641,12,15,1,75,0,0,0,0,0
8811,30,591,11,12,1,80,0,1,1,0,0
8812,40,633,3,4,1,71,0,0,0,0,0
8813,25,589,10,11,0,73,0,0,1,0,0
8814,39,613,14,14,1,75,0,0,0,0,0
8815,24,689,2,5,1,65,1,0,0,0,0
8816,41,826,2,5,1,73,0,0,1,0,0
8817,38,693,11,10,1,81,0,0,0,1,0
8818,39,821,3,4,1,69,0,0,1,0,0
8819,42,602,2,5,1,52,0,0,0,0,0
8820,45,768,12,11,0,75,0,1,1,0,0
8821,40,655,14,15,1,71,0,0,0,0,0
8822,39,416,2,6,1,77,0,0,1,0,0
8823,28,631,9,10,1,75,0,0,0,0,0
8824,35,742,3,5,1,71,0,1,0,0,0
8825,41,658,11,13,1,84,0,0,0,1,1
8826,34,794,13,11,1,88,0,0,0,1,1
8827,37,779,4,2,1,82,0,0,0,0,0
8828,31,853,3,6,1,76,0,0,0,0,0
8829,33,755,11,14,0,78,0,0,0,0,0
8830,42,463,13,14,1,85,0,0,0,1,1
8831,26,622,9,12,1,74,0,1,0,0,0
8832,30,765,2,6,1,80,0,1,0,0,0
8833,34,624,11,13,1,66,1,0,0,0,0
8834,45,758,13,13,1,77,0,0,0,0,0
8835,32,495,13,14,1,93,0,0,0,1,1
8836,29,585,7,7,0,79,1,1,0,0,0
8837,23,656,2,2,1,73,0,0,0,0,0
8838,27,733,8,11,1,69,0,0,0,0,0
8839,29,762,3,3,1,74,1,0,0,0,0
8840,32,584,13,15,1,79,0,0,0,0,0
8841,32,579,11,13,0,69,0,1,0,0,0
8842,45,507,14,11,0,76,0,0,0,0,0
8843,31,772,11,12,1,75,0,0,1,0,0
8844,36,747,13,12,1,72,0,0,1,0,0
8845,31,628,2,4,1,49,1,0,0,0,0
8846,24,562,1,6,1,73,0,0,0,0,0
8847,32,647,3,4,1,65,1,0,0,0,0
8848,26,633,3,6,1,67,0,0,0,0,0
8849,35,701,14,11,1,82,0,1,0,0,0
8850,26,557,3,4,0,90,0,0,0,0,0
8851,38,706,13,12,1,77,1,0,0,0,0
8852,41,647,14,13,1,81,1,1,0,1,1
8853,40,683,3,5,1,79,1,1,0,0,0
8854,41,912,3,2,1,66,0,0,0,0,0
8855,32,685,2,6,0,83,0,0,0,1,0
8856,38,711,12,11,1,77,0,0,1,0,0
8857,38,836,2,5,1,87,1,0,1,0,0
8858,30,791,2,2,1,75,0,0,0,0,0
8859,27,764,1,3,1,69,1,0,1,0,0
8860,30,657,12,13,1,77,0,1,0,0,0
8861,33,746,4,5,0,72,0,0,0,0,0
8862,33,748,11,13,1,75,1,1,0,0,1
8863,43,599,12,10,1,82,0,0,0,0,0
8864,35,722,12,10,1,48,1,0,0,0,0
8865,40,481,13,11,1,65,0,0,0,0,0
8866,42,656,4,3,1,72,0,0,0,0,0
8867,38,522,14,12,1,61,1,0,0,0,0
8868,29,781,3,6,0,72,0,0,0,0,0
8869,45,719,11,12,1,58,0,0,0,0,0
8870,38,751,11,15,1,74,0,0,0,0,0
8871,33,630,14,10,1,82,0,0,0,0,0
8872,31,763,12,12,1,80,0,1,0,0,0
8873,31,677,4,2,0,56,0,0,0,0,0
8874,37,795,14,14,1,75,0,0,0,0,0
8875,22,657,3,4,1,74,0,0,0,0,0
8876,26,618,8,10,1,71,1,0,1,0,0
8877,22,690,2,5,1,59,0,0,0,0,0
8878,28,772,3,3,1,75,0,0,1,0,0
8879,39,802,2,5,1,86,1,0,1,1,0
8880,37,858,4,6,1,51,0,0,0,0,0
8881,39,836,14,13,1,75,1,0,0,0,1
8882,42,667,3,6,1,91,0,0,0,1,0
8883,44,698,13,14,1,71,0,1,1,0,1
8884,36,736,4,2,1,74,0,1,1,0,0
8885,44,857,3,2,1,89,0,0,0,0,0
8886,39,770,2,3,1,75,0,1,1,0,0
8887,28,579,7,10,1,90,0,0,0,0,0
8888,41,699,2,3,1,42,0,0,1,0,0
8889,25,638,7,8,0,59,0,0,0,0,0
8890,45,787,12,14,1,61,0,0,0,0,0
8891,29,879,1,4,1,84,0,0,0,1,0
8892,25,676,8,7,1,73,1,0,0,0,0
8893,42,686,3,3,1,76,1,0,0,0,0
8894,31,711,13,11,1,76,0,1,0,0,0
8895,26,731,10,13,1,76,0,1,1,0,1
8896,38,713,2,2,1,70,1,0,0,0,0
8897,22,778,3,4,1,92,0,0,0,0,0
8898,32,716,4,4,1,69,0,0,1,0,0
8899,45,579,2,5,1,86,1,0,0,1,0
8900,40,708,4,5,0,82,1,0,0,1,0
8901,29,785,3,5,1,67,0,0,0,0,0
8902,25,639,1,6,0,51,0,1,0,0,0
8903,27,714,10,12,1,70,0,0,0,0,0
8904,36,718,12,13,0,93,0,1,0,1,1
8905,31,738,12,14,1,56,0,0,0,0,0
8906,28,713,9,11,1,76,1,0,0,0,0
8907,38,686,3,3,1,92,0,0,1,1,0
8908,42,364,2,2,1,66,0,0,0,0,0
8909,36,838,13,15,1,89,0,0,0,1,1
8910,31,834,14,15,1,85,1,0,0,1,1
8911,37,838,12,13,0,82,1,0,0,0,1
8912,29,577,10,12,1,68,0,0,1,0,0
8913,34,850,4,5,0,86,0,0,0,1,0
8914,41,883,4,3,0,66,0,0,0,0,0
8915,41,759,14,13,1,79,0,0,0,0,0
8916,43,870,11,10,1,60,0,1,0,0,0
8917,40,646,3,6,1,51,0,1,0,0,0
8918,38,563,4,4,1,81,0,0,1,0,0
8919,23,788,1,5,1,81,0,0,0,1,0
8920,30,583,3,3,1,75,0,1,0,0,0
8921,26,810,10,13,1,60,0,0,0,0,0
8922,28,702,7,11,1,82,0,1,0,0,0
8923,22,748,1,4,0,58,0,0,0,0,0
8924,27,570,3,3,1,84,0,0,1,1,0
8925,35,750,3,4,1,65,0,0,0,0,0
8926,36,636,4,6,1,81,0,0,0,1,0
8927,39,750,4,2,1,64,0,0,0,0,0
8928,22,636,1,4,1,70,1,0,1,0,0
8929,29,728,3,4,1,79,0,0,0,0,0
8930,44,649,11,12,1,79,1,1,0,0,1
8931,23,749,1,4,1,66,0,0,0,0,0
8932,30,633,3,6,1,71,0,0,1,0,0
8933,40,606,13,15,1,65,0,0,0,0,0
8934,40,786,12,10,1,73,0,1,0,0,0
8935,35,676,14,10,0,77,0,0,0,0,0
8936,25,851,10,12,1,89,1,1,1,0,1
8937,26,719,7,12,1,78,0,1,1,0,0
8938,29,826,2,2,1,65,0,1,0,0,0
8939,33,551,12,11,1,68,0,1,0,0,0
8940,44,659,14,15,1,66,0,1,0,0,0
8941,42,620,11,12,1,93,1,1,1,1,1
8942,25,573,2,5,1,69,0,0,0,0,0
8943,40,666,2,5,1,70,0,1,0,0,0
8944,26,727,1,2,1,70,0,1,0,0,0
8945,25,637,3,4,1,67,0,1,0,0,0
8946,23,633,2,3,1,91,0,0,0,1,0
8947,42,674,2,5,1,68,0,0,0,0,0
8948,35,624,3,4,1,71,1,0,0,0,0
8949,27,875,7,12,1,65,0,0,1,0,0
8950,32,673,11,13,0,85,0,0,0,1,1
8951,30,853,2,6,1,68,1,0,0,0,0
8952,44,689,3,5,1,71,1,0,0,0,0
8953,25,524,3,2,1,60,0,0,0,0,0
8954,41,791,3,4,1,70,0,0,0,0,0
8955,40,653,14,10,1,69,0,0,0,0,0
8956,22,645,2,3,1,71,0,0,0,0,0
8957,27,633,3,2,1,75,0,0,0,0,0
8958,22,757,4,3,1,82,0,1,0,0,0
8959,29,582,6,11,1,76,0,1,1,0,0
8960,36,790,3,6,1,90,0,0,1,0,0
8961,42,564,14,12,1,78,0,0,0,0,0
8962,32,651,13,15,1,67,0,0,0,0,0
8963,39,664,12,11,1,80,0,0,0,0,0
8964,41,730,11,10,1,74,0,1,0,0,0
8965,30,610,2,4,1,83,0,0,0,0,0
8966,44,688,2,2,1,60,0,1,0,0,0
8967,31,607,12,10,1,69,0,0,0,0,0
8968,30,689,12,10,1,73,0,0,0,0,0
8969,25,751,2,3,0,64,0,0,0,0,0
8970,22,603,3,2,1,68,0,1,0,0,0
8971,39,718,2,2,1,72,0,1,0,0,0
8972,37,856,4,2,0,81,0,0,0,0,0
8973,22,651,4,6,1,62,0,0,0,0,0
8974,31,795,13,13,0,82,1,0,0,0,0
8975,40,734,11,13,1,78,0,0,1,0,0
8976,33,749,2,4,0,89,0,0,0,1,0
8977,41,781,3,4,1,71,0,0,0,0,0
8978,42,863,14,15,1,71,1,0,0,0,1
8979,42,729,3,3,1,55,0,1,0,0,0
8980,44,759,2,2,1,75,0,0,0,0,0
8981,33,626,4,4,0,79,0,0,0,0,0
8982,44,793,12,14,1,80,1,0,0,0,0
8983,32,744,12,14,1,60,0,0,0,0,0
8984,28,760,2,4,1,70,0,0,0,0,0
8985,35,618,3,2,0,76,0,1,0,0,0
8986,45,551,13,13,0,71,1,0,0,0,0
8987,32,624,14,10,1,71,1,0,1,0,0
8988,24,736,2,5,1,56,0,1,1,0,0
8989,36,635,11,12,1,53,0,0,0,0,0
8990,37,664,2,4,1,94,0,0,1,0,0
8991,36,558,4,3,0,71,0,0,0,0,0
8992,26,634,1,4,1,75,0,0,0,0,0
8993,24,616,2,3,1,81,0,0,0,1,0
8994,36,577,3,2,1,74,1,0,0,0,0
8995,29,486,1,5,1,87,0,0,0,0,0
8996,33,557,3,5,1,87,0,0,0,0,0
8997,39,634,2,2,1,63,0,0,1,0,0
8998,33,782,4,5,1,84,0,0,0,1,0
8999,27,788,3,2,1,58,0,0,1,0,0
9000,26,596,8,12,1,57,0,1,1,0,0
9001,45,778,12,14,1,84,0,0,0,1,1
9002,43,760,2,3,0,66,1,1,0,0,0
9003,29,719,6,9,1,58,0,0,1,0,0
9004,31,731,13,10,1,98,0,1,1,1,1
9005,22,678,3,6,1,73,0,0,0,0,0
9006,43,863,2,2,1,65,0,0,0,0,0
9007,41,694,13,12,1,60,1,1,0,0,0
9008,33,675,3,3,1,78,0,0,0,0,0
9009,34,784,2,3,1,62,0,0,0,0,0
9010,34,751,12,15,1,68,0,0,0,0,0
9011,31,893,3,2,1,85,0,1,0,1,0
9012,36,694,3,3,1,77,0,1,0,0,0
9013,31,724,13,13,1,71,0,0,0,0,0
9014,28,823,9,11,1,71,0,0,0,0,0
9015,38,846,12,15,1,58,0,0,0,0,0
9016,29,658,10,10,1,81,1,0,0,0,0
9017,23,818,3,3,1,82,1,1,1,1,0
9018,44,694,3,2,1,75,0,0,0,0,0
9019,42,880,3,2,1,69,0,0,0,0,0
9020,23,529,1,5,1,83,0,0,1,0,0
9021,26,552,2,4,1,80,0,0,0,0,0
9022,36,692,3,5,0,87,1,0,1,0,0
9023,30,765,12,15,1,79,0,0,1,0,0
9024,26,619,2,4,0,85,0,0,0,1,0
9025,29,866,1,6,1,85,0,0,0,1,0
9026,45,760,12,11,0,82,0,0,0,0,0
9027,27,736,10,15,1,64,0,0,0,0,0
9028,26,860,1,6,1,80,0,0,0,0,0
9029,45,753,12,10,1,69,0,0,0,0,0
9030,23,755,1,6,1,90,0,0,0,0,0
9031,39,624,4,4,1,82,0,0,0,0,0
9032,29,644,9,7,1,72,0,1,0,0,0
9033,30,786,13,14,1,52,0,0,0,0,0
9034,32,623,2,4,1,89,1,0,0,1,0
9035,30,628,2,3,1,74,0,0,1,0,0
9036,37,754,11,11,0,73,0,0,0,0,0
9037,22,667,3,4,0,84,0,0,0,0,0
9038,32,937,13,14,1,68,0,0,1,0,0
9039,29,743,7,11,1,75,0,0,0,0,0
9040,27,779,3,4,1,58,0,0,0,0,0
9041,38,697,4,5,1,85,0,0,0,0,0
9042,25,842,2,4,1,52,1,0,0,0,0
9043,44,653,2,6,0,81,0,0,0,0,0
9044,35,603,2,5,0,84,1,0,1,1,0
9045,44,732,13,12,1,65,0,0,0,0,0
9046,43,628,2,6,0,53,1,0,0,0,0
9047,43,522,13,11,1,58,0,0,0,0,0
9048,30,704,3,5,1,60,0,0,0,0,0
9049,30,670,14,13,1,58,0,0,0,0,0
9050,33,788,3,3,1,73,0,1,1,0,0
9051,35,778,4,6,1,73,0,0,0,0,0
9052,28,601,10,10,1,72,0,0,0,0,0
9053,43,767,4,2,1,72,1,0,1,0,0
9054,37,633,3,3,1,72,0,0,1,0,0
9055,40,733,3,4,1,75,0,0,0,0,0
9056,30,743,3,3,1,77,0,0,0,0,0
9057,44,774,3,2,1,85,0,0,0,0,0
9058,34,653,4,3,1,82,1,0,0,0,0
9059,40,785,3,3,0,78,0,0,0,0,0
9060,26,547,3,5,1,74,0,1,0,0,0
9061,32,575,3,2,1,92,0,0,0,1,0
9062,29,742,1,5,1,73,0,0,0,0,0
9063,33,727,2,3,1,56,0,0,1,0,0
9064,44,684,13,12,1,77,0,0,0,0,0
9065,23,550,3,4,0,64,1,0,0,0,0
9066,28,814,1,5,0,47,0,0,0,0,0
9067,29,601,2,2,1,68,0,0,0,0,0
9068,41,677,11,11,1,81,0,0,0,1,0
9069,35,605,14,11,1,77,1,1,0,0,0
9070,29,728,2,3,1,77,0,0,1,0,0
9071,33,731,14,15,1,61,0,0,0,0,0
9072,32,651,12,12,0,66,0,0,0,0,0
9073,38,800,3,6,1,96,0,1,0,0,0
9074,39,882,2,3,1,77,0,0,0,0,0
9075,27,950,10,15,1,67,0,0,0,0,0
9076,35,692,13,12,1,72,0,0,1,0,0
9077,44,851,14,14,1,70,0,1,0,0,1
9078,32,575,4,4,0,65,1,0,0,0,0
9079,26,759,3,4,1,79,0,0,1,0,0
9080,26,619,2,5,0,76,0,1,0,0,0
9081,31,738,14,15,1,72,0,0,1,0,0
9082,45,590,14,14,1,77,0,1,0,0,0
9083,38,687,13,15,1,66,0,0,0,0,0
9084,25,950,2,4,1,71,0,0,0,0,0
9085,29,748,7,9,0,73,0,1,0,0,0
9086,30,695,4,6,1,81,1,0,0,0,0
9087,24,697,1,2,0,79,0,1,0,0,0
9088,42,798,11,12,1,75,0,0,0,0,0
9089,25,855,8,7,1,68,0,1,0,0,0
9090,36,615,11,12,1,68,0,1,0,0,0
9091,22,601,1,5,1,81,1,0,0,0,0
9092,37,719,2,3,0,77,0,0,0,0,0
9093,25,768,1,4,1,71,1,0,1,0,0
9094,34,701,4,5,1,100,0,0,1,1,0
9095,28,670,2,4,1,83,0,0,0,0,0
9096,33,715,3,3,1,88,0,1,0,0,0
9097,36,664,3,4,1,76,0,0,0,0,0
9098,40,801,4,3,1,74,1,0,0,0,0
9099,41,717,2,2,1,70,0,0,0,0,0
9100,37,734,3,3,1,73,0,0,0,0,0
9101,33,798,4,2,1,77,0,0,0,0,0
9102,34,562,4,5,1,75,0,1,0,0,0
9103,33,647,11,13,1,77,1,0,1,0,1
9104,32,676,12,13,1,78,0,0,1,0,0
9105,38,606,14,13,1,82,0,0,0,1,1
9106,38,815,3,5,1,95,0,0,0,1,0
9107,22,636,3,4,1,88,0,0,0,1,0
9108,22,601,2,6,1,83,0,1,0,0,0
9109,43,614,13,13,1,71,0,0,1,0,0
9110,33,508,3,3,1,68,1,0,0,0,0
9111,40,843,11,15,1,75,0,0,1,0,1
9112,40,570,3,4,0,70,0,0,1,0,0
9113,23,689,2,6,0,86,0,0,1,0,0
9114,22,595,3,3,0,90,0,0,1,0,0
9115,26,626,1,4,1,79,0,0,0,0,0
9116,31,647,4,4,1,82,1,0,1,1,0
9117,24,522,3,4,1,81,0,0,0,0,0
9118,31,910,2,5,0,70,0,0,0,0,0
9119,30,826,4,5,1,78,0,0,1,0,0
9120,42,581,14,15,1,75,0,1,0,0,0
9121,37,745,12,14,1,89,0,0,0,0,1
9122,42,805,4,6,1,79,0,1,0,0,0
9123,34,616,3,3,0,79,0,0,0,0,0
9124,23,732,4,6,1,56,0,0,0,0,0
9125,31,709,13,14,1,64,1,0,0,0,0
9126,38,842,11,14,0,75,1,0,0,0,1
9127,35,634,3,5,1,68,0,0,0,0,0
9128,27,741,8,8,1,79,0,0,0,0,0
9129,43,731,12,10,1,79,0,0,0,0,0
9130,37,603,11,15,1,81,0,0,0,0,0
9131,38,718,2,3,1,57,1,1,0,0,0
9132,36,706,11,14,0,77,0,0,0,0,0
9133,22,710,3,6,1,75,1,1,0,0,0
9134,24,847,3,4,1,79,0,1,1,0,0
9135,42,939,3,2,1,61,0,0,0,0,0
9136,37,739,14,14,1,65,0,0,0,0,0
9137,43,758,3,2,0,67,0,0,0,0,0
9138,31,816,2,5,1,63,0,0,0,0,0
9139,41,544,12,11,1,62,1,0,0,0,0
9140,26,764,3,3,1,60,0,0,1,0,0
9141,28,644,1,3,1,62,0,0,0,0,0
9142,23,733,3,3,0,67,0,0,0,0,0
9143,34,765,12,12,0,72,0,0,0,0,0
9144,34,602,2,3,0,68,1,0,0,0,0
9145,27,892,8,10,1,78,0,0,1,0,0
9146,37,822,12,12,1,75,0,0,0,0,0
9147,38,775,4,6,1,76,1,1,0,0,0
9148,29,777,6,8,1,67,0,0,1,0,0
9149,35,715,12,12,1,80,0,0,0,0,0
9150,33,793,3,6,1,54,0,0,1,0,0
9151,39,776,4,4,0,72,0,0,1,0,0
9152,30,767,2,2,0,87,0,0,0,0,0
9153,30,713,12,14,1,69,1,0,0,0,0
9154,28,619,8,11,1,90,1,0,0,1,0
9155,35,810,2,4,1,72,0,0,0,0,0
9156,22,579,3,2,1,79,0,0,0,0,0
9157,42,647,12,10,1,70,0,1,0,0,0
9158,24,762,3,5,1,97,0,0,0,0,0
9159,40,599,3,2,1,74,0,0,1,0,0
9160,36,669,4,2,0,78,0,0,0,0,0
9161,36,817,14,13,0,68,0,1,0,0,0
9162,37,657,4,6,1,81,0,1,0,0,0
9163,41,746,14,11,1,58,0,1,0,0,0
9164,24,592,2,3,1,72,0,0,0,0,0
9165,28,673,3,6,1,67,1,0,0,0,0
9166,42,554,3,6,0,67,0,0,0,0,0
9167,41,805,13,14,1,68,0,0,1,0,0
9168,40,748,13,10,1,91,0,1,0,1,1
9169,43,659,2,2,1,84,0,1,0,1,0
9170,39,481,3,6,0,82,0,0,0,0,0
9171,35,880,13,13,0,70,0,0,1,0,1
9172,34,789,14,14,1,55,0,0,0,0,0
9173,23,679,5,3,1,84,0,0,1,1,0
9174,35,709,11,13,1,47,1,0,0,0,0
9175,33,719,12,12,0,79,1,0,0,0,0
9176,30,734,14,15,1,86,0,0,0,0,1
9177,37,699,13,15,1,74,0,1,1,0,1
9178,23,796,1,5,1,87,0,1,0,1,0
9179,24,640,3,4,1,89,0,0,0,1,0
9180,24,785,2,3,0,68,0,0,0,0,0
9181,39,681,4,3,1,69,0,1,0,0,0
9182,23,763,2,5,1,66,0,0,0,0,0
9183,27,788,1,2,1,54,0,0,1,0,0
9184,37,763,12,11,0,86,0,0,0,0,0
9185,34,670,14,14,1,75,1,0,0,0,0
9186,41,662,11,10,1,65,1,0,0,0,0
9187,35,698,4,2,1,63,0,0,0,0,0
9188,31,680,3,4,1,65,1,0,0,0,0
9189,42,510,11,14,1,87,1,1,0,1,1
9190,45,710,14,13,1,70,1,0,0,0,0
9191,29,694,3,5,1,74,0,1,0,0,0
9192,31,727,11,14,1,73,0,0,0,0,0
9193,23,620,1,6,0,84,0,0,0,0,0
9194,31,794,3,4,1,86,0,0,0,1,0
9195,24,528,3,6,1,80,1,0,0,0,0
9196,31,718,3,2,1,69,0,0,0,0,0
9197,27,524,8,10,1,73,0,0,0,0,0
9198,37,828,12,15,0,61,0,0,0,0,0
9199,25,820,8,9,0,61,0,0,0,0,0
9200,22,755,3,6,1,68,1,0,1,0,0
9201,34,821,4,6,1,68,0,0,0,0,0
9202,36,791,13,13,1,54,0,0,1,0,0
9203,31,611,14,10,0,66,1,0,0,0,0
9204,35,654,3,6,1,74,0,0,0,0,0
9205,37,585,12,11,1,78,1,0,0,0,0
9206,22,791,3,5,1,69,0,0,0,0,0
9207,28,858,2,5,1,72,0,1,0,0,0
9208,28,820,8,7,1,77,0,0,1,0,0
9209,41,655,14,11,1,67,0,0,0,0,0
9210,30,556,4,6,1,76,0,0,0,0,0
9211,24,829,2,3,1,79,0,1,0,0,0
9212,26,815,6,9,1,65,0,0,1,0,0
9213,25,557,9,11,1,74,0,1,0,0,0
9214,40,762,11,13,1,81,1,0,0,1,1
9215,38,815,3,2,1,70,0,0,0,0,0
9216,29,811,7,10,1,81,0,0,0,0,0
9217,28,827,7,8,1,70,0,0,0,0,0
9218,36,699,2,3,1,85,0,0,1,0,0
9219,39,719,2,5,0,69,0,1,0,0,0
9220,36,617,12,13,1,62,0,0,1,0,0
9221,45,565,2,2,0,66,0,0,0,0,0
9222,27,671,1,4,1,95,0,0,1,0,0
9223,45,785,4,2,1,99,0,0,0,1,0
9224,37,577,11,14,0,73,0,0,1,0,0
9225,22,690,2,4,1,77,0,0,0,0,0
9226,31,792,14,10,0,79,0,1,1,0,0
9227,28,687,7,11,1,80,0,0,0,0,0
9228,24,679,3,2,1,74,0,0,1,0,0
9229,42,784,3,6,0,65,0,1,0,0,0
9230,41,672,4,4,1,74,0,0,0,0,0
9231,28,825,9,11,1,70,0,0,0,0,0
9232,43,565,13,10,1,84,0,0,1,1,0
9233,29,729,9,9,1,71,0,0,0,0,0
9234,41,693,3,2,0,82,0,0,0,0,0
9235,40,690,2,2,0,91,0,0,0,1,0
9236,28,806,8,8,1,80,0,0,0,0,0
9237,23,821,4,4,0,82,0,0,0,0,0
9238,40,702,12,12,1,80,0,0,0,0,0
9239,33,691,14,13,1,65,0,1,0,0,0
9240,33,712,3,4,1,59,0,0,0,0,0
9241,26,787,3,2,1,67,0,1,0,0,0
9242,40,641,13,13,1,84,0,0,0,1,1
9243,27,591,10,14,1,69,0,0,0,0,0
9244,34,729,3,6,1,69,0,0,0,0,0
9245,35,861,4,5,0,65,0,0,0,0,0
9246,28,665,2,5,0,77,0,1,1,0,0
9247,41,735,3,3,1,66,0,0,0,0,0
9248,37,696,3,2,1,64,1,0,0,0,0
9249,30,632,11,12,0,66,0,0,0,0,0
9250,31,682,4,5,1,81,0,0,0,0,0
9251,29,680,2,6,0,90,0,0,0,0,0
9252,23,784,3,3,1,63,1,0,0,0,0
9253,27,859,8,10,1,65,0,1,0,0,0
9254,38,684,13,13,1,63,0,0,0,0,0
9255,27,698,10,13,0,75,0,1,0,0,0
9256,30,855,12,13,1,85,0,1,0,1,1
9257,33,769,13,10,0,61,0,0,0,0,0
9258,42,613,2,5,1,70,0,0,1,0,0
9259,34,675,11,15,0,60,0,0,0,0,0
9260,44,724,2,6,1,80,0,0,0,0,0
9261,35,711,3,4,1,82,0,0,0,1,0
9262,41,787,11,10,1,73,0,1,0,0,0
9263,30,888,13,11,1,87,0,0,1,1,1
9264,31,573,11,10,1,72,0,0,0,0,0
9265,34,695,14,10,1,70,0,0,0,0,0
9266,38,614,3,5,1,73,0,0,0,0,0
9267,27,570,3,6,0,63,1,0,1,0,0
9268,32,698,3,3,1,83,0,0,0,1,0
9269,36,576,14,14,1,72,0,1,0,0,0
9270,24,819,1,2,1,95,0,0,0,1,0
9271,27,499,1,4,1,78,0,0,0,0,0
9272,30,658,13,14,1,77,1,0,0,0,0
9273,24,693,1,2,1,62,0,0,0,0,0
9274,24,754,3,5,1,72,0,0,0,0,0
9275,32,738,2,6,1,75,0,0,0,0,0
9276,40,729,13,10,1,95,0,1,0,1,1
9277,33,643,12,10,1,87,0,1,0,1,1
9278,26,587,1,5,1,87,1,0,0,1,0
9279,23,722,3,4,0,69,0,1,0,0,0
9280,28,715,1,6,1,76,0,0,0,0,0
9281,33,727,13,10,0,78,1,0,0,0,0
9282,39,663,12,14,1,58,0,0,0,0,0
9283,37,727,13,13,1,84,0,0,1,0,0
9284,38,716,13,15,0,60,0,0,0,0,0
9285,22,839,2,6,0,49,0,0,0,0,0
9286,35,790,14,15,1,67,0,0,0,0,0
9287,42,551,12,13,1,61,0,0,0,0,0
9288,45,793,14,14,0,76,0,1,1,0,1
9289,42,714,2,2,1,68,0,0,0,0,0
9290,33,821,14,14,1,90,1,0,0,0,1
9291,40,509,3,2,1,66,0,0,0,0,0
9292,43,625,2,4,1,91,0,1,1,0,0
9293,28,616,6,9,1,65,0,0,1,0,0
9294,27,606,2,4,1,95,0,0,0,1,0
9295,43,733,4,2,1,70,0,0,0,0,0
9296,28,454,2,6,0,77,1,0,0,0,0
9297,31,540,13,13,0,67,0,0,1,0,0
9298,22,890,1,5,1,78,0,0,0,0,0
9299,23,640,1,4,1,73,0,0,0,0,0
9300,39,542,13,10,1,83,0,0,0,1,0
9301,23,806,3,3,1,81,0,0,0,1,0
9302,33,569,12,15,0,92,0,0,0,0,0
9303,45,688,14,10,1,80,0,1,0,0,0
9304,39,859,2,6,1,69,1,0,0,0,0
9305,30,548,12,14,1,85,0,0,0,1,1
9306,36,588,12,13,0,79,0,0,0,0,0
9307,29,614,8,10,0,69,0,0,1,0,0
9308,28,672,3,6,1,74,0,0,0,0,0
9309,42,676,11,10,0,81,0,0,0,1,0
9310,25,705,8,8,1,92,0,1,0,1,0
9311,33,614,2,5,1,72,1,1,0,0,0
9312,24,499,2,3,0,62,0,0,0,0,0
9313,29,702,9,8,1,79,0,1,1,0,0
9314,37,808,14,13,1,77,0,0,1,0,1
9315,24,556,2,6,1,82,0,0,0,0,0
9316,26,621,8,11,1,53,0,0,1,0,0
9317,22,798,1,4,1,80,0,0,0,0,0
9318,39,796,11,13,1,76,1,0,0,0,0
9319,29,626,9,12,1,82,1,0,1,1,1
9320,44,731,2,2,1,69,0,0,0,0,0
9321,32,815,3,6,1,83,0,1,0,0,0
9322,42,841,4,5,1,89,1,1,0,1,0
9323,26,708,7,11,1,45,0,0,0,0,0
9324,43,707,2,2,1,74,1,0,0,0,0
9325,37,747,14,11,1,81,0,0,1,0,0
9326,24,668,2,3,1,97,0,0,1,0,0
9327,22,818,1,5,1,79,1,0,0,0,0
9328,23,656,1,3,1,94,0,0,0,1,0
9329,37,688,12,13,1,66,0,0,0,0,0
9330,43,588,11,11,1,64,0,0,0,0,0
9331,41,700,2,6,0,86,1,0,0,1,0
9332,33,864,12,12,1,86,0,0,0,1,1
9333,25,803,2,3,1,84,0,0,0,0,0
9334,41,585,2,4,1,73,0,0,0,0,0
9335,25,690,9,7,1,71,0,0,1,0,0
9336,23,846,1,3,1,81,0,0,0,0,0
9337,30,694,13,10,1,58,0,0,0,0,0
9338,44,758,4,2,1,72,1,0,1,0,0
9339,25,603,1,4,1,72,1,1,0,0,0
9340,41,504,4,2,0,76,0,0,1,0,0
9341,37,598,4,3,1,58,1,0,1,0,0
9342,31,861,2,4,1,77,0,0,0,0,0
9343,32,580,4,4,0,84,0,0,0,1,0
9344,26,689,2,5,1,62,0,0,0,0,0
9345,25,738,7,11,1,81,0,0,0,1,0
9346,36,631,3,5,1,96,0,1,0,0,0
9347,27,833,8,9,1,80,0,0,0,0,0
9348,28,665,7,10,1,68,0,0,0,0,0
9349,45,748,12,15,1,68,0,0,1,0,0
9350,44,766,14,11,0,78,0,0,0,0,0
9351,29,713,1,2,1,59,0,0,0,0,0
9352,33,723,11,10,0,84,0,0,0,0,0
9353,40,783,11,10,0,64,1,0,0,0,0
9354,25,772,9,8,1,81,0,0,0,0,0
9355,39,744,14,13,1,79,0,0,0,0,0
9356,42,656,2,4,1,95,0,0,0,0,0
9357,34,821,11,12,1,72,0,0,0,0,0
9358,39,591,3,6,1,69,0,1,0,0,0
9359,25,647,1,5,1,83,0,0,0,0,0
9360,44,802,12,11,1,74,1,0,0,0,0
9361,22,698,1,3,0,71,0,0,0,0,0
9362,35,633,3,3,1,79,0,0,0,0,0
9363,42,607,3,6,1,94,1,0,0,1,0
9364,43,626,14,15,1,73,1,0,0,0,0
9365,36,483,2,6,1,68,1,0,0,0,0
9366,23,642,4,2,1,82,0,0,0,0,0
9367,30,678,2,6,1,59,0,1,1,0,0
9368,36,742,12,10,1,75,0,0,0,0,0
9369,45,644,14,11,1,75,0,0,0,0,0
9370,32,853,4,3,0,75,0,0,0,0,0
9371,27,950,9,11,0,68,0,0,0,0,0
9372,33,712,4,4,1,77,0,0,0,0,0
9373,34,504,14,12,1,74,0,0,0,0,0
9374,37,751,4,3,1,80,0,1,0,0,0
9375,41,950,2,5,1,85,0,1,0,0,0
9376,28,671,10,11,1,78,1,0,0,0,0
9377,40,632,4,4,1,75,1,0,0,0,0
9378,27,705,3,2,1,74,0,0,0,0,0
9379,33,567,3,2,0,73,0,0,0,0,0
9380,30,595,2,5,0,80,0,0,0,0,0
9381,28,588,8,12,0,78,0,0,1,0,0
9382,38,596,2,6,1,66,0,0,0,0,0
9383,35,476,3,6,1,78,0,0,0,0,0
9384,38,537,4,4,1,68,0,1,0,0,0
9385,45,863,2,2,1,73,1,0,0,0,0
9386,27,911,6,9,1,52,0,0,0,0,0
9387,39,644,12,14,1,72,1,0,0,0,0
9388,26,615,2,6,1,73,0,0,0,0,0
9389,35,623,3,5,0,80,1,0,0,0,0
9390,42,715,11,11,1,74,0,0,0,0,0
9391,28,901,1,3,0,65,0,0,1,0,0
9392,41,617,12,14,1,73,0,0,0,0,0
9393,40,727,13,12,0,71,1,0,0,0,0
9394,28,628,9,10,0,77,0,0,0,0,0
9395,28,754,1,4,1,73,0,1,0,0,0
9396,44,838,13,13,1,81,0,0,0,0,0
9397,33,553,4,6,1,79,0,1,0,0,0
9398,33,692,4,4,0,78,0,0,0,0,0
9399,33,631,13,14,0,75,0,1,0,0,0
9400,30,648,4,4,1,85,0,0,0,1,0
9401,44,598,12,14,1,75,0,0,0,0,0
9402,41,646,4,6,1,68,0,0,0,0,0
9403,40,728,2,4,0,68,1,0,0,0,0
9404,43,549,11,14,1,82,1,0,0,1,1
9405,27,782,6,8,1,100,0,0,0,1,0
9406,28,743,8,10,1,74,0,0,0,0,0
9407,30,834,14,13,0,92,1,1,0,1,1
9408,23,597,3,6,1,62,0,0,0,0,0
9409,23,762,3,2,1,74,0,0,0,0,0
9410,30,716,4,2,1,72,0,0,0,0,0
9411,25,608,2,4,0,69,0,0,0,0,0
9412,31,562,14,15,1,70,0,0,0,0,0
9413,27,645,10,14,1,57,0,0,0,0,0
9414,32,794,13,12,1,79,0,0,0,0,0
9415,38,829,4,2,0,79,0,1,0,0,0
9416,39,756,4,6,1,79,1,0,1,0,0
9417,22,736,2,6,0,87,0,0,1,0,0
9418,43,658,4,3,1,79,0,0,1,0,0
9419,30,653,3,5,1,56,0,0,0,0,0
9420,35,751,4,4,1,80,0,0,0,0,0
9421,24,843,3,6,1,78,0,0,1,0,0
9422,29,728,8,11,1,78,0,1,0,0,0
9423,26,795,3,3,0,77,1,0,0,0,0
9424,23,655,3,4,1,84,0,0,0,1,0
9425,44,471,12,13,1,76,0,1,0,0,0
9426,43,824,3,6,1,68,0,0,0,0,0
9427,28,717,9,8,1,82,0,0,0,1,0
9428,37,697,13,15,1,77,0,0,0,0,0
9429,36,649,11,10,1,68,0,0,1,0,0
9430,37,803,2,4,1,66,1,0,0,0,0
9431,31,662,4,6,1,70,0,0,0,0,0
9432,35,930,13,13,1,68,0,1,0,0,0
9433,35,658,13,15,1,79,0,0,0,0,0
9434,31,519,2,5,0,69,0,1,0,0,0
9435,36,666,14,14,1,62,0,0,0,0,0
9436,32,629,3,5,1,66,0,0,0,0,0
9437,22,728,3,6,1,71,0,0,0,0,0
9438,32,525,13,13,1,71,0,0,0,0,0
9439,23,798,1,5,1,65,0,0,1,0,0
9440,29,756,10,14,1,66,0,0,0,0,0
9441,41,581,14,12,0,83,1,0,0,1,1
9442,45,635,3,6,1,83,0,0,1,1,0
9443,29,604,3,3,1,87,0,0,0,1,0
9444,39,788,3,2,1,73,0,0,0,0,0
9445,22,603,1,6,1,83,0,0,0,0,0
9446,26,807,8,7,1,69,0,0,0,0,0
9447,40,487,2,6,0,74,1,0,1,0,0
9448,35,558,13,13,0,71,0,0,0,0,0
9449,26,561,1,3,1,81,0,0,0,0,0
9450,31,649,13,13,0,76,0,1,0,0,0
9451,43,612,13,12,1,84,1,0,1,0,1
9452,40,601,4,4,1,77,0,0,0,0,0
9453,40,692,13,14,0,72,0,0,0,0,0
9454,45,596,13,11,1,78,0,0,0,0,0
9455,28,680,3,2,1,75,0,1,0,0,0
9456,26,752,6,10,0,78,1,0,1,0,0
9457,32,813,14,11,1,58,0,0,0,0,0
9458,40,594,11,13,1,62,0,0,0,0,0
9459,25,640,2,2,1,79,0,0,0,0,0
9460,23,812,1,5,1,58,0,0,0,0,0
9461,38,638,12,11,1,60,0,0,1,0,0
9462,35,613,4,2,1,69,0,0,0,0,0
9463,37,560,2,2,1,77,1,0,0,0,0
9464,41,496,12,11,0,78,0,0,1,0,0
9465,25,649,7,11,1,64,0,0,0,0,0
9466,29,643,10,11,0,81,0,0,0,0,0
9467,29,678,8,10,1,62,0,1,0,0,0
9468,25,488,3,6,1,89,1,0,0,0,0
9469,26,619,1,4,1,88,1,0,0,0,0
9470,29,510,1,4,0,75,1,0,1,0,0
9471,28,596,3,3,1,59,0,1,0,0,0
9472,22,549,1,6,1,74,0,1,1,0,0
9473,44,790,14,11,1,74,0,0,0,0,0
9474,40,880,11,13,0,92,1,1,1,1,1
9475,29,736,2,2,1,97,0,0,0,1,0
9476,27,715,3,3,1,77,0,0,0,0,0
9477,40,719,4,4,1,70,0,0,0,0,0
9478,31,630,3,4,1,80,0,0,0,0,0
9479,41,682,14,10,0,91,1,1,0,1,1
9480,24,667,2,3,1,83,0,0,0,0,0
9481,37,625,3,6,1,66,0,0,0,0,0
9482,25,778,6,10,1,82,0,1,0,1,0
9483,28,557,3,5,1,68,1,0,0,0,0
9484,38,780,14,15,1,86,1,0,0,1,1
9485,39,694,2,4,1,79,0,0,1,0,0
9486,44,736,3,2,1,83,0,0,1,0,0
9487,39,660,4,3,1,71,0,0,1,0,0
9488,37,663,14,15,0,66,0,0,0,0,0
9489,25,747,10,13,1,65,0,1,0,0,0
9490,31,633,14,11,1,83,0,0,0,1,0
9491,25,684,2,2,0,84,0,0,0,0,0
9492,41,666,11,10,1,80,0,0,1,0,0
9493,31,644,2,2,1,74,0,0,1,0,0
9494,26,772,8,9,1,74,0,0,1,0,0
9495,36,710,3,2,1,82,1,0,0,1,0
9496,41,669,13,15,0,75,1,0,1,0,1
9497,43,651,14,12,1,68,0,0,0,0,0
9498,34,626,13,11,1,69,1,0,0,0,0
9499,43,547,4,5,1,48,0,0,0,0,0
9500,36,651,2,3,1,62,1,1,1,0,0
9501,33,749,3,6,0,77,0,0,0,0,0
9502,32,862,3,5,0,79,0,1,0,0,0
9503,24,580,2,6,0,68,0,0,0,0,0
9504,42,533,3,4,1,67,0,0,0,0,0
9505,41,737,3,3,1,89,0,0,0,1,0
9506,38,776,3,3,1,76,0,1,0,0,0
9507,30,552,12,15,1,81,0,1,0,0,0
9508,34,696,4,5,1,87,1,0,0,1,0
9509,39,780,14,11,1,78,1,0,0,0,0
9510,31,613,3,5,1,53,0,0,0,0,0
9511,44,693,4,4,1,67,0,0,0,0,0
9512,23,578,3,4,1,75,1,0,1,0,0
9513,31,697,14,11,0,64,0,0,0,0,0
9514,32,652,2,3,1,91,0,0,0,0,0
9515,44,602,2,5,1,83,0,1,0,1,0
9516,38,709,3,5,0,73,1,0,0,0,0
9517,29,550,3,3,1,77,0,0,0,0,0
9518,22,670,3,6,1,73,1,0,0,0,0
9519,37,746,11,10,1,70,0,0,0,0,0
9520,33,639,14,11,1,53,0,0,0,0,0
9521,27,677,2,4,0,84,1,1,0,1,0
9522,30,499,13,10,0,79,0,0,1,0,0
9523,30,655,4,3,1,68,0,0,0,0,0
9524,43,723,13,11,1,58,0,1,0,0,0
9525,33,730,12,14,0,86,0,1,0,1,1
9526,43,616,2,2,1,65,0,0,1,0,0
9527,40,795,4,5,1,82,1,0,0,1,0
9528,28,750,3,3,1,81,0,0,0,0,0
9529,45,766,2,2,0,77,0,0,0,0,0
9530,33,834,12,15,1,79,0,0,0,0,0
9531,43,790,4,4,1,77,0,0,0,0,0
9532,32,760,2,3,1,82,0,0,1,1,0
9533,45,641,13,13,0,71,0,0,0,0,0
9534,43,658,12,14,1,70,0,1,0,0,0
9535,37,499,11,11,0,74,0,0,0,0,0
9536,23,819,2,5,1,51,0,0,0,0,0
9537,32,736,2,6,1,79,0,0,0,0,0
9538,31,638,12,15,1,73,0,0,0,0,0
9539,42,799,3,4,1,74,0,0,0,0,0
9540,42,718,14,15,1,67,1,0,1,0,0
9541,36,867,11,10,1,69,0,0,0,0,0
9542,44,628,2,2,1,97,0,0,0,1,0
9543,41,640,11,13,1,79,1,1,0,0,1
9544,23,641,3,3,1,85,0,0,0,0,0
9545,24,797,4,6,0,87,0,0,0,0,0
9546,24,574,3,6,1,85,0,0,0,1,0
9547,32,707,14,10,0,77,0,0,0,0,0
9548,29,461,2,5,1,73,1,0,0,0,0
9549,41,652,3,4,1,73,0,0,1,0,0
9550,37,578,12,15,1,82,0,0,0,1,0
9551,24,590,1,5,1,78,0,0,0,0,0
9552,34,739,2,4,1,56,0,0,0,0,0
9553,36,669,2,4,1,66,1,1,0,0,0
9554,45,632,4,3,1,69,0,1,0,0,0
9555,36,762,13,14,0,81,0,1,1,0,1
9556,44,673,3,2,1,86,0,0,1,0,0
9557,36,712,2,3,0,82,0,1,0,0,0
9558,25,695,1,3,1,87,1,0,0,1,0
9559,22,686,1,2,1,59,0,0,0,0,0
9560,34,747,11,14,1,74,0,0,0,0,0
9561,40,841,2,6,1,75,0,1,0,0,0
9562,33,652,2,3,0,79,0,0,0,0,0
9563,35,667,2,4,1,70,1,1,0,0,0
9564,43,676,12,12,1,60,0,0,0,0,0
9565,28,909,6,7,1,84,0,0,0,1,0
9566,23,674,2,3,1,87,0,1,1,1,0
9567,32,766,14,12,1,74,0,1,0,0,0
9568,32,636,2,3,1,100,1,0,0,0,0
9569,22,676,1,3,1,71,0,0,0,0,0
9570,30,734,2,4,1,87,0,0,1,1,0
9571,39,655,3,4,1,60,0,0,0,0,0
9572,24,686,2,2,1,69,0,0,1,0,0
9573,29,656,1,3,1,68,0,0,0,0,0
9574,37,593,2,5,1,56,0,0,0,0,0
9575,42,676,11,14,1,50,1,0,0,0,0
9576,26,769,7,8,1,57,0,0,0,0,0
9577,32,690,2,6,0,77,0,0,1,0,0
9578,43,824,13,10,0,42,0,0,0,0,0
9579,37,649,3,6,1,68,0,0,0,0,0
9580,24,620,1,2,1,85,0,0,0,0,0
9581,29,694,3,2,1,82,0,0,0,1,0
9582,23,512,4,5,1,84,0,0,0,0,0
9583,22,744,4,5,1,70,0,1,0,0,0
9584,32,606,13,13,1,93,0,0,1,1,1
9585,33,817,11,12,0,77,1,0,0,0,1
9586,42,774,11,11,1,66,0,0,0,0,0
9587,40,503,14,12,1,85,0,1,1,1,1
9588,44,651,3,3,1,65,1,1,1,0,0
9589,26,592,1,3,1,81,0,0,0,1,0
9590,40,773,3,4,1,81,1,1,0,0,0
9591,35,831,3,3,0,52,0,1,0,0,0
9592,41,670,11,11,1,77,0,1,0,0,0
9593,32,622,3,5,1,82,1,0,0,1,0
9594,34,744,11,15,1,69,0,0,0,0,0
9595,23,824,3,6,1,71,0,1,0,0,0
9596,45,708,2,2,1,77,1,0,0,0,0
9597,32,807,4,5,1,66,0,1,0,0,0
9598,42,477,2,4,1,62,0,0,0,0,0
9599,45,533,2,2,1,75,0,0,0,0,0
9600,24,707,3,3,1,77,1,0,0,0,0
9601,24,602,1,5,0,79,1,1,0,0,0
9602,30,676,3,2,1,66,0,1,1,0,0
9603,39,685,12,10,1,72,1,1,1,0,0
9604,37,691,14,10,1,76,0,0,0,0,0
9605,37,866,3,4,1,64,0,0,1,0,0
9606,30,865,2,6,1,67,0,1,1,0,0
9607,41,600,2,2,1,73,0,0,0,0,0
9608,40,781,14,15,1,88,1,0,0,0,1
9609,32,795,3,5,1,69,0,0,0,0,0
9610,43,574,3,3,1,96,0,0,0,1,0
9611,43,652,2,6,1,81,0,0,0,1,0
9612,28,630,8,11,0,82,0,1,0,1,0
9613,40,838,13,11,1,84,1,1,1,0,1
9614,28,577,2,6,1,77,0,0,0,0,0
9615,22,740,3,2,1,73,0,0,1,0,0
9616,40,759,4,4,1,73,1,0,0,0,0
9617,33,722,2,3,1,75,0,0,0,0,0
9618,37,777,3,6,0,90,1,1,0,1,0
9619,43,812,14,12,1,68,1,0,0,0,0
9620,40,639,14,11,0,70,0,0,0,0,0
9621,33,688,3,6,0,74,0,0,0,0,0
9622,34,725,2,5,1,78,0,1,1,0,0
9623,29,641,3,5,0,77,0,0,1,0,0
9624,26,766,8,7,1,79,0,0,0,0,0
9625,39,725,13,13,0,100,1,1,0,0,1
9626,32,621,4,5,1,75,0,0,0,0,0
9627,35,788,12,11,1,85,0,0,1,0,0
9628,42,590,3,3,1,61,1,0,0,0,0
9629,36,714,2,3,1,83,0,0,0,1,0
9630,38,532,11,11,1,88,0,0,0,1,0
9631,27,650,9,10,1,80,0,0,0,0,0
9632,31,625,3,3,1,71,0,0,0,0,0
9633,43,722,4,2,0,59,0,0,0,0,0
9634,30,761,13,11,1,66,0,0,1,0,0
9635,28,690,1,3,1,79,0,1,1,0,0
9636,45,603,3,3,0,68,0,0,1,0,0
9637,41,785,3,4,1,75,0,0,0,0,0
9638,22,622,4,4,0,74,0,0,0,0,0
9639,41,691,3,4,1,80,0,1,0,0,0
9640,37,667,4,4,1,84,1,0,1,1,0
9641,45,706,4,3,1,76,1,0,0,0,0
9642,40,833,14,14,1,69,0,0,0,0,0
9643,40,564,13,12,1,68,0,0,0,0,0
9644,32,660,13,11,1,71,1,1,1,0,0
9645,43,766,2,2,1,65,0,1,1,0,0
9646,22,659,1,2,1,78,1,0,0,0,0
9647,22,756,4,6,1,71,0,0,0,0,0
9648,36,556,12,10,1,90,0,0,0,0,0
9649,23,714,4,4,1,67,0,0,0,0,0
9650,36,538,2,3,1,67,0,0,0,0,0
9651,33,762,3,3,1,86,0,1,1,1,0
9652,27,708,7,12,1,80,0,0,0,0,0
9653,27,670,1,5,0,66,0,0,0,0,0
9654,35,545,14,10,1,73,1,0,0,0,0
9655,33,641,12,14,1,80,0,0,0,0,0
9656,34,745,14,14,1,86,1,0,1,0,1
9657,41,768,11,11,1,88,1,1,0,0,1
9658,32,661,11,14,1,97,0,0,0,1,1
9659,33,799,11,13,1,78,0,0,0,0,0
9660,37,575,14,13,1,67,1,0,0,0,0
9661,39,631,13,15,1,44,1,0,0,0,0
9662,44,944,12,10,1,85,0,0,0,0,0
9663,24,855,1,3,1,94,1,0,0,0,0
9664,45,726,12,15,1,69,0,0,0,0,0
9665,33,627,3,5,0,74,0,1,0,0,0
9666,35,632,11,11,1,83,1,1,1,1,1
9667,39,744,11,14,1,79,1,0,0,0,0
9668,23,785,1,6,1,77,0,0,0,0,0
9669,22,702,4,2,0,75,0,0,0,0,0
9670,37,783,14,12,0,81,1,0,1,1,1
9671,28,607,7,8,1,61,0,1,0,0,0
9672,26,635,10,10,1,78,0,0,1,0,0
9673,39,821,14,15,1,78,0,0,0,0,0
9674,41,808,12,13,1,77,0,0,0,0,0
9675,28,736,2,3,1,71,0,0,1,0,0
9676,25,666,8,10,0,44,0,0,0,0,0
9677,23,782,3,2,1,71,0,1,0,0,0
9678,25,510,3,3,1,68,0,0,0,0,0
9679,33,786,4,5,1,75,1,0,0,0,0
9680,30,701,2,3,1,70,0,0,0,0,0
9681,32,609,4,3,0,67,0,0,0,0,0
9682,31,631,14,11,1,78,0,1,0,0,0
9683,31,584,3,4,1,77,0,0,1,0,0
9684,42,695,14,12,1,85,0,0,0,1,1
9685,29,737,3,2,1,83,1,0,0,0,0
9686,22,934,3,4,1,60,0,0,0,0,0
9687,24,588,3,5,1,70,0,0,0,0,0
9688,25,659,1,4,1,90,0,1,1,0,0
9689,45,672,3,4,0,71,0,1,0,0,0
9690,44,686,13,13,1,79,0,0,0,0,0
9691,32,790,12,15,0,79,0,0,0,0,0
9692,33,660,13,11,0,75,0,1,0,0,0
9693,26,755,1,3,1,75,0,0,0,0,0
9694,35,734,4,6,1,71,0,1,0,0,0
9695,38,802,11,14,0,69,0,0,0,0,0
9696,30,773,13,11,0,76,0,0,1,0,0
9697,44,559,3,2,0,87,0,0,1,0,0
9698,40,862,3,4,1,83,0,0,0,1,0
9699,22,689,2,5,1,70,0,0,1,0,0
9700,23,610,4,5,1,78,0,0,0,0,0
9701,23,782,3,2,1,82,1,0,0,1,0
9702,36,630,14,15,1,55,1,0,0,0,0
9703,28,792,3,4,1,74,0,0,0,0,0
9704,37,685,11,10,1,77,0,0,1,0,0
9705,26,747,7,10,1,72,0,0,1,0,0
9706,40,573,14,10,0,74,0,1,0,0,0
9707,26,717,7,8,1,67,1,1,1,0,0
9708,45,663,11,15,1,91,0,0,0,0,1
9709,42,534,14,11,0,63,0,0,0,0,0
9710,45,568,11,11,1,75,0,0,1,0,0
9711,41,766,11,11,1,75,0,0,0,0,0
9712,22,652,2,5,1,94,0,0,0,0,0
9713,37,627,4,3,1,86,0,0,0,1,0
9714,22,627,5,3,1,71,0,0,1,0,0
9715,36,676,14,14,1,52,1,0,0,0,0
9716,33,700,11,14,1,81,0,0,0,1,1
9717,27,808,2,6,0,93,0,0,0,1,0
9718,25,615,2,6,1,95,0,0,0,1,0
9719,28,728,1,3,1,82,0,0,0,0,0
9720,43,561,11,15,0,62,0,0,1,0,0
9721,36,548,14,15,1,56,0,1,0,0,0
9722,27,609,7,11,1,69,0,1,0,0,0
9723,36,570,13,12,1,69,1,0,1,0,0
9724,25,563,9,7,0,64,0,0,0,0,0
9725,22,646,2,2,1,55,1,1,0,0,0
9726,40,567,4,4,1,79,0,0,0,0,0
9727,31,648,12,10,1,77,0,0,0,0,0
9728,45,801,3,6,1,87,0,0,0,0,0
9729,29,754,2,3,1,66,0,0,0,0,0
9730,31,819,2,4,1,67,1,0,0,0,0
9731,31,548,13,10,1,91,0,0,0,0,0
9732,25,745,7,9,1,62,0,0,0,0,0
9733,30,587,3,2,1,89,0,1,0,1,0
9734,23,684,3,6,0,80,0,0,0,0,0
9735,24,757,2,2,1,98,0,0,0,1,0
9736,31,780,11,14,1,70,1,0,0,0,0
9737,36,779,2,6,1,73,0,1,0,0,0
9738,35,612,13,14,0,62,0,0,0,0,0
9739,41,802,14,12,1,71,0,0,1,0,1
9740,40,800,13,11,0,69,1,0,0,0,0
9741,32,698,11,15,1,81,0,0,0,1,1
9742,31,397,3,6,0,76,0,0,0,0,0
9743,42,862,14,15,1,90,1,0,0,1,1
9744,37,702,4,2,0,80,0,0,0,0,0
9745,28,759,2,3,1,60,0,0,0,0,0
9746,23,763,2,3,1,83,0,0,0,0,0
9747,26,626,2,2,1,80,0,0,0,0,0
9748,29,682,9,10,0,72,0,0,0,0,0
9749,36,733,11,13,1,68,1,0,0,0,0
9750,38,654,4,2,1,76,0,1,0,0,0
9751,24,782,1,5,1,77,0,0,0,0,0
9752,44,676,4,4,1,82,1,0,0,1,0
9753,42,642,12,11,1,64,0,0,0,0,0
9754,42,775,14,10,0,87,0,1,0,0,0
9755,42,775,13,11,1,68,0,1,0,0,0
9756,41,728,14,15,1,92,0,0,0,0,1
9757,24,707,5,3,0,95,0,0,0,1,0
9758,40,604,12,10,1,84,0,0,1,0,0
9759,25,661,3,3,1,80,0,0,1,0,0
9760,33,553,11,12,0,62,0,1,1,0,0
9761,25,734,7,7,0,77,1,0,1,0,0
9762,29,820,9,11,1,66,0,0,0,0,0
9763,38,697,4,3,1,86,0,1,0,0,0
9764,37,770,11,11,1,93,0,0,0,1,1
9765,33,524,14,14,1,76,0,0,0,0,0
9766,30,934,12,15,1,74,0,0,0,0,0
9767,25,668,3,6,1,52,0,0,0,0,0
9768,41,750,14,12,0,78,0,0,0,0,0
9769,44,863,2,2,1,91,1,1,0,0,0
9770,40,828,4,3,1,77,0,0,0,0,0
9771,28,539,2,5,0,77,0,0,0,0,0
9772,39,734,3,3,1,87,0,1,0,1,0
9773,34,583,12,10,1,90,1,0,0,0,0
9774,30,830,2,5,1,66,0,0,0,0,0
9775,31,909,14,10,1,96,1,0,0,0,1
9776,25,862,1,3,1,68,1,1,1,0,0
9777,35,636,14,14,1,94,0,0,0,1,1
9778,35,597,12,11,0,79,0,0,0,0,0
9779,36,829,12,10,1,71,0,0,0,0,0
9780,30,752,13,13,0,82,0,0,0,1,1
9781,38,511,2,3,1,97,1,0,0,1,0
9782,32,765,3,6,1,71,1,0,0,0,0
9783,25,743,2,6,0,79,1,0,0,0,0
9784,28,754,7,12,1,72,1,0,0,0,0
9785,36,709,3,4,1,83,1,1,1,0,0
9786,33,776,12,15,1,94,0,0,1,0,1
9787,23,610,3,2,1,72,0,0,0,0,0
9788,37,650,3,4,1,62,0,0,0,0,0
9789,39,821,2,5,1,72,0,0,0,0,0
9790,43,663,2,2,1,62,0,1,0,0,0
9791,38,908,4,2,0,62,0,0,0,0,0
9792,25,648,9,9,1,68,0,0,0,0,0
9793,29,890,9,7,1,76,0,0,0,0,0
9794,23,663,3,6,0,84,0,0,0,1,0
9795,41,695,14,15,1,85,0,0,0,1,1
9796,30,609,11,15,1,84,0,0,1,0,0
9797,34,708,11,15,1,94,1,0,0,1,1
9798,22,642,2,4,1,79,1,1,0,0,0
9799,22,841,3,4,1,89,0,0,0,1,0
9800,30,653,2,6,1,83,0,0,0,1,0
9801,28,757,2,2,1,75,1,0,1,0,0
9802,26,752,1,4,1,75,0,0,0,0,0
9803,27,737,1,6,1,72,0,0,0,0,0
9804,38,564,2,2,1,69,1,0,0,0,0
9805,30,737,13,10,0,66,0,0,0,0,0
9806,28,704,9,9,0,67,0,1,0,0,0
9807,43,471,13,14,1,47,0,0,1,0,0
9808,41,821,12,10,0,62,0,0,0,0,0
9809,34,708,12,12,0,67,0,1,1,0,0
9810,39,498,4,2,1,85,0,0,0,1,0
9811,28,550,10,13,1,82,0,0,0,1,0
9812,34,718,12,15,0,79,0,0,0,0,0
9813,45,646,4,4,0,67,0,0,0,0,0
9814,25,626,9,9,1,58,1,0,0,0,0
9815,22,807,1,3,1,74,0,1,0,0,0
9816,34,585,4,6,1,68,0,0,1,0,0
9817,30,784,14,13,1,81,0,0,0,1,1
9818,25,683,3,6,0,80,0,0,0,0,0
9819,34,758,14,13,0,75,1,0,0,0,0
9820,37,603,2,5,1,59,0,0,0,0,0
9821,35,864,3,5,0,86,0,1,0,0,0
9822,23,824,1,3,1,88,0,0,1,1,0
9823,31,532,4,5,1,80,0,0,0,0,0
9824,40,796,3,4,1,77,0,0,0,0,0
9825,23,731,1,5,1,66,0,1,0,0,0
9826,39,680,14,12,0,52,1,1,0,0,0
9827,37,558,3,6,1,87,0,1,0,0,0
9828,31,627,2,2,1,72,0,1,0,0,0
9829,44,699,3,4,1,74,0,0,0,0,0
9830,38,749,2,3,1,87,0,0,0,0,0
9831,29,588,8,9,1,82,0,0,0,1,0
9832,35,630,3,4,1,66,0,1,0,0,0
9833,34,711,3,4,1,67,1,0,0,0,0
9834,37,657,4,4,1,75,0,0,0,0,0
9835,37,651,4,5,1,66,0,0,0,0,0
9836,35,759,2,4,1,60,1,0,0,0,0
9837,43,749,4,6,1,92,0,0,1,0,0
9838,23,733,1,4,1,75,0,1,0,0,0
9839,36,698,14,14,1,77,0,1,0,0,0
9840,38,698,2,2,0,74,0,0,0,0,0
9841,40,571,13,14,0,70,0,0,1,0,0
9842,24,626,3,4,1,100,0,0,0,0,0
9843,39,750,3,4,0,71,0,0,1,0,0
9844,28,530,10,10,1,92,0,0,1,1,1
9845,26,724,1,3,1,78,0,0,0,0,0
9846,41,674,13,11,1,74,0,0,0,0,0
9847,44,675,4,3,1,68,0,0,1,0,0
9848,45,727,3,4,1,58,0,0,0,0,0
9849,28,620,9,9,1,79,0,1,0,0,0
9850,34,834,3,5,1,68,0,0,0,0,0
9851,32,909,12,10,0,73,1,1,0,0,0
9852,34,673,2,2,1,66,1,0,1,0,0
9853,38,703,2,3,1,83,0,0,0,1,0
9854,42,683,12,14,1,87,0,0,0,0,1
9855,24,740,3,2,1,78,0,0,0,0,0
9856,36,572,4,6,1,76,0,0,1,0,0
9857,44,654,14,10,1,79,0,1,0,0,0
9858,25,702,6,10,1,81,0,0,0,1,0
9859,25,715,2,6,1,84,0,1,0,1,0
9860,25,695,7,7,1,64,0,0,1,0,0
9861,32,680,13,10,1,76,0,0,0,0,0
9862,28,706,2,6,1,95,0,0,0,0,0
9863,38,874,14,12,1,74,0,0,1,0,1
9864,23,683,2,5,1,72,0,0,1,0,0
9865,22,746,2,4,1,87,0,0,1,1,0
9866,30,839,4,4,1,82,0,0,0,1,0
9867,42,814,3,2,1,66,0,0,0,0,0
9868,30,731,2,4,1,88,0,0,0,1,0
9869,44,742,11,11,1,90,0,0,0,1,1
9870,37,697,14,12,1,76,0,0,1,0,0
9871,40,604,3,6,1,66,0,0,0,0,0
9872,44,560,3,3,1,80,0,0,0,0,0
9873,34,598,11,11,0,66,0,0,1,0,0
9874,23,760,1,5,0,94,1,0,0,1,0
9875,28,617,2,4,1,90,1,0,0,1,0
9876,27,774,8,8,0,88,0,0,0,0,0
9877,36,591,12,10,0,81,0,1,0,0,0
9878,40,684,4,6,1,81,0,1,0,1,0
9879,23,604,5,5,1,84,1,0,1,0,0
9880,25,941,1,3,1,73,0,0,0,0,0
9881,37,712,2,4,1,67,0,0,1,0,0
9882,26,577,10,10,1,71,0,0,0,0,0
9883,35,758,14,15,0,76,0,1,0,0,0
9884,40,819,4,2,1,77,0,0,1,0,0
9885,37,668,13,15,1,69,1,0,1,0,0
9886,39,620,3,6,1,66,0,0,0,0,0
9887,36,598,13,10,1,80,0,1,1,0,0
9888,34,545,2,4,0,64,0,1,0,0,0
9889,44,686,11,10,1,88,1,0,0,1,1
9890,42,637,2,2,1,80,0,0,1,0,0
9891,44,754,14,15,1,56,0,0,0,0,0
9892,29,712,2,6,1,73,0,0,1,0,0
9893,26,596,3,6,0,63,0,0,0,0,0
9894,42,663,2,3,1,64,1,0,0,0,0
9895,23,754,5,2,1,72,1,0,1,0,0
9896,32,765,3,5,1,96,0,0,0,1,0
9897,31,713,2,2,1,72,0,0,0,0,0
9898,28,651,2,3,1,64,0,1,0,0,0
9899,27,781,10,12,1,88,1,0,1,0,1
9900,26,574,1,5,1,86,0,1,1,1,0
9901,34,765,12,12,1,72,0,0,0,0,0
9902,23,569,3,4,0,68,0,0,0,0,0
9903,36,892,12,10,0,88,0,0,0,0,0
9904,31,678,14,15,1,70,0,0,0,0,0
9905,26,759,8,9,1,73,1,0,0,0,0
9906,22,700,2,6,1,58,0,0,0,0,0
9907,28,685,7,8,1,85,0,0,0,0,0
9908,40,569,4,3,1,67,0,0,0,0,0
9909,41,675,11,14,1,71,0,0,1,0,0
9910,34,899,14,11,0,72,0,0,0,0,0
9911,29,608,10,11,1,62,0,0,1,0,0
9912,44,826,14,10,1,90,0,0,0,0,0
9913,41,541,12,14,1,87,0,0,1,1,1
9914,35,699,14,15,1,83,0,0,1,0,0
9915,29,678,6,8,1,59,0,0,1,0,0
9916,42,874,2,5,1,76,0,1,0,0,0
9917,33,824,2,2,1,79,0,0,1,0,0
9918,22,721,2,5,1,72,1,0,0,0,0
9919,27,632,6,10,1,75,0,0,0,0,0
9920,44,811,4,2,1,69,1,0,1,0,0
9921,34,661,4,3,1,83,0,0,0,1,0
9922,30,784,11,15,1,62,0,1,0,0,0
9923,30,644,3,3,1,66,1,1,1,0,0
9924,37,543,2,5,0,86,0,0,0,0,0
9925,35,950,4,2,1,75,0,0,0,0,0
9926,44,822,14,11,1,69,0,0,0,0,0
9927,44,653,14,14,1,66,1,0,0,0,0
9928,26,760,2,5,1,83,0,1,0,1,0
9929,44,682,13,15,1,77,0,0,0,0,0
9930,39,531,3,2,1,76,0,0,0,0,0
9931,44,797,3,6,0,87,0,0,0,1,0
9932,23,728,1,4,1,83,0,0,0,0,0
9933,37,692,2,3,0,77,0,0,1,0,0
9934,43,525,11,12,0,62,0,0,0,0,0
9935,25,677,1,6,0,59,0,0,0,0,0
9936,36,791,3,3,1,83,0,0,0,1,0
9937,24,667,1,5,1,81,1,0,0,1,0
9938,27,722,9,10,1,83,0,0,0,1,0
9939,35,851,13,13,1,84,0,0,0,0,0
9940,44,628,2,4,0,63,0,0,0,0,0
9941,33,568,3,5,1,89,0,0,0,1,0
9942,44,730,3,5,1,69,0,0,1,0,0
9943,37,618,12,14,1,66,0,0,0,0,0
9944,37,833,13,13,1,59,0,0,0,0,0
9945,26,877,10,11,1,88,0,1,0,1,1
9946,36,585,2,4,1,77,1,0,0,0,0
9947,35,950,4,5,0,81,0,0,0,0,0
9948,33,637,3,6,1,84,1,0,0,0,0
9949,28,715,9,11,1,80,0,0,0,0,0
9950,42,556,11,14,1,90,0,1,0,1,1
9951,24,785,3,5,1,76,1,0,0,0,0
9952,38,575,4,5,0,60,0,0,0,0,0
9953,31,732,3,4,1,74,1,0,0,0,0
9954,39,650,2,4,1,81,0,0,0,0,0
9955,39,679,12,15,1,70,0,0,0,0,0
9956,27,638,1,3,1,64,0,1,1,0,0
9957,39,592,13,11,1,76,0,0,0,0,0
9958,25,705,3,2,1,66,0,0,0,0,0
9959,30,604,11,14,1,68,0,0,0,0,0
9960,45,746,2,4,1,87,0,1,0,1,0
9961,45,656,4,4,1,80,0,0,1,0,0
9962,27,718,3,2,1,75,0,0,0,0,0
9963,29,574,8,9,1,80,0,0,0,0,0
9964,37,703,3,6,0,69,0,0,0,0,0
9965,38,527,2,3,1,88,0,0,0,0,0
9966,34,645,4,3,1,74,1,0,0,0,0
9967,41,696,2,6,0,86,0,0,0,0,0
9968,32,733,3,4,1,67,0,0,0,0,0
9969,23,699,1,3,1,95,0,1,0,0,0
9970,36,703,11,15,1,63,0,0,0,0,0
9971,29,692,1,5,1,88,0,0,1,1,0
9972,32,635,13,14,1,75,0,1,1,0,1
9973,31,683,3,2,0,72,0,0,0,0,0
9974,41,671,3,5,1,74,0,0,0,0,0
9975,37,455,4,3,1,60,0,0,0,0,0
9976,45,637,14,14,1,67,0,0,1,0,0
9977,35,573,14,14,1,81,0,0,0,1,0
9978,41,552,12,15,1,78,1,0,0,0,0
9979,42,774,13,10,1,76,0,0,0,0,0
9980,43,672,2,3,1,62,0,0,0,0,0
9981,26,950,1,3,0,78,1,0,0,0,0
9982,44,627,11,15,1,80,0,0,0,0,0
9983,29,838,3,6,0,68,0,1,0,0,0
9984,34,829,13,15,0,78,0,0,0,0,0
9985,30,777,4,5,1,82,0,0,1,1,0
9986,44,692,3,4,1,77,1,0,0,0,0
9987,43,572,2,2,0,61,0,1,0,0,0
9988,33,807,4,6,1,81,1,1,0,1,0
9989,24,712,3,6,1,75,0,0,0,0,0
9990,27,709,10,15,1,72,0,1,0,0,0
9991,40,855,14,14,1,85,0,1,0,0,1
9992,28,500,1,2,1,78,0,0,0,0,0
9993,36,725,14,15,1,72,0,1,0,0,0
9994,45,758,2,3,1,84,0,0,0,1,0
9995,40,705,2,3,1,93,0,0,1,0,0
9996,35,784,14,14,1,79,1,0,0,0,0
9997,29,675,6,11,0,83,0,0,0,1,0
9998,42,658,12,14,1,82,1,0,1,0,1
9999,29,862,3,4,0,76,0,1,0,0,0
10000,41,740,12,11,1,74,0,0,1,0,0
